{"costs": 861309, "root_join": 24, "join_operands": {"0": [0, 5], "1": [0, 5, 23], "2": [0, 5, 9, 23], "3": [0, 5, 9, 11, 20, 23], "4": [11, 20], "5": [0, 5, 9, 11, 20, 23, 24], "6": [0, 5, 8, 9, 11, 20, 23, 24], "7": [0, 5, 8, 9, 11, 18, 20, 23, 24], "8": [0, 5, 8, 9, 11, 18, 19, 20, 23, 24], "9": [0, 2, 5, 8, 9, 11, 18, 19, 20, 23, 24], "10": [0, 2, 5, 8, 9, 11, 18, 19, 20, 23, 24, 27], "11": [0, 2, 5, 8, 9, 11, 17, 18, 19, 20, 23, 24, 27], "12": [0, 2, 5, 8, 9, 10, 11, 17, 18, 19, 20, 23, 24, 27], "13": [0, 2, 5, 8, 9, 10, 11, 17, 18, 19, 20, 23, 24, 25, 27], "14": [0, 2, 5, 8, 9, 10, 11, 17, 18, 19, 20, 23, 24, 25, 26, 27], "15": [0, 2, 5, 8, 9, 10, 11, 15, 17, 18, 19, 20, 23, 24, 25, 26, 27], "16": [0, 1, 2, 5, 8, 9, 10, 11, 15, 17, 18, 19, 20, 23, 24, 25, 26, 27], "17": [0, 1, 2, 3, 5, 8, 9, 10, 11, 15, 17, 18, 19, 20, 23, 24, 25, 26, 27], "18": [0, 1, 2, 3, 5, 6, 8, 9, 10, 11, 15, 17, 18, 19, 20, 23, 24, 25, 26, 27], "19": [0, 1, 2, 3, 5, 6, 8, 9, 10, 11, 13, 15, 17, 18, 19, 20, 23, 24, 25, 26, 27], "20": [0, 1, 2, 3, 5, 6, 8, 9, 10, 11, 13, 15, 17, 18, 19, 20, 23, 24, 25, 26, 27, 28], "21": [0, 1, 2, 3, 5, 6, 8, 9, 10, 11, 13, 15, 16, 17, 18, 19, 20, 23, 24, 25, 26, 27, 28], "22": [0, 1, 2, 3, 5, 6, 8, 9, 10, 11, 13, 14, 15, 16, 17, 18, 19, 20, 23, 24, 25, 26, 27, 28], "23": [0, 1, 2, 3, 5, 6, 7, 8, 9, 10, 11, 13, 14, 15, 16, 17, 18, 19, 20, 23, 24, 25, 26, 27, 28], "24": [0, 1, 2, 3, 4, 5, 6, 7, 8, 9, 10, 11, 12, 13, 14, 15, 16, 17, 18, 19, 20, 21, 22, 23, 24, 25, 26, 27, 28, 29], "25": [4, 12, 21, 22, 29], "26": [4, 21], "27": [4, 21, 29], "28": [4, 12, 21, 29]}, "join_predecessors": {"0": [], "1": [0], "2": [1], "3": [2, 4], "4": [], "5": [3], "6": [5], "7": [6], "8": [7], "9": [8], "10": [9], "11": [10], "12": [11], "13": [12], "14": [13], "15": [14], "16": [15], "17": [16], "18": [17], "19": [18], "20": [19], "21": [20], "22": [21], "23": [22], "24": [23, 25], "26": [], "27": [26], "28": [27], "25": [28]}, "intermediate_costs": [[[0, 5], 840.0], [[0, 5, 23], 47.820485829959516], [[0, 5, 9, 23], 0.11768983376820849], [[0, 5, 9, 11, 20, 23], 0.0007056453759578424], [[11, 20], 332.0], [[0, 5, 9, 11, 20, 23, 24], 1.4998352421126997e-07], [[0, 5, 8, 9, 11, 20, 23, 24], 9.966244487205805e-07], [[0, 5, 8, 9, 11, 18, 20, 23, 24], 1.2574233698811063e-09], [[0, 5, 8, 9, 11, 18, 19, 20, 23, 24], 8.300514822457631e-09], [[0, 2, 5, 8, 9, 11, 18, 19, 20, 23, 24], 2.2318124626284148e-07], [[0, 2, 5, 8, 9, 11, 18, 19, 20, 23, 24, 27], 1.4830228345249057e-06], [[0, 2, 5, 8, 9, 11, 17, 18, 19, 20, 23, 24, 27], 9.854574604423193e-06], [[0, 2, 5, 8, 9, 10, 11, 17, 18, 19, 20, 23, 24, 27], 6.54829168002339e-05], [[0, 2, 5, 8, 9, 10, 11, 17, 18, 19, 20, 23, 24, 25, 27], 0.00043512912497689464], [[0, 2, 5, 8, 9, 10, 11, 17, 18, 19, 20, 23, 24, 25, 26, 27], 0.1538664421270809], [[0, 2, 5, 8, 9, 10, 11, 15, 17, 18, 19, 20, 23, 24, 25, 26, 27], 89.39881986119575], [[0, 1, 2, 5, 8, 9, 10, 11, 15, 17, 18, 19, 20, 23, 24, 25, 26, 27], 0.6750388373174064], [[0, 1, 2, 3, 5, 8, 9, 10, 11, 15, 17, 18, 19, 20, 23, 24, 25, 26, 27], 4.459093365080773], [[0, 1, 2, 3, 5, 6, 8, 9, 10, 11, 15, 17, 18, 19, 20, 23, 24, 25, 26, 27], 29.630344984284257], [[0, 1, 2, 3, 5, 6, 8, 9, 10, 11, 13, 15, 17, 18, 19, 20, 23, 24, 25, 26, 27], 192.65722217436598], [[0, 1, 2, 3, 5, 6, 8, 9, 10, 11, 13, 15, 17, 18, 19, 20, 23, 24, 25, 26, 27, 28], 1280.1929575401462], [[0, 1, 2, 3, 5, 6, 8, 9, 10, 11, 13, 15, 16, 17, 18, 19, 20, 23, 24, 25, 26, 27, 28], 8506.787338299786], [[0, 1, 2, 3, 5, 6, 8, 9, 10, 11, 13, 14, 15, 16, 17, 18, 19, 20, 23, 24, 25, 26, 27, 28], 56526.97149506715], [[0, 1, 2, 3, 5, 6, 7, 8, 9, 10, 11, 13, 14, 15, 16, 17, 18, 19, 20, 23, 24, 25, 26, 27, 28], 375617.5342311464], [[4, 12, 21, 22, 29], 354542.0724940924], [[4, 21], 1243.0], [[4, 21, 29], 8117.2352633129085], [[4, 12, 21, 29], 53938.42679204425]]}