{"costs": 227, "join_operands": {"0": [0, 1, 2, 3], "1": [1, 2, 3], "2": [], "3": [1, 3]}, "join_predecessors": {"0": [1, 2], "1": [3], "2": [], "3": []}, "leaf_joins": [], "opt_time": 0.02511310577392578, "status": 2, "intermediate_costs": [[[1, 2, 3], 0.000127086485729698], [[1, 3], 226.99999999999997]]}