{"costs": 665005, "root_join": 0, "join_operands": {"0": [0, 1, 2, 3, 4, 5, 6, 7, 8, 9, 10, 11, 12, 13, 14, 15, 16, 17, 18, 19], "1": [0, 1, 2, 4, 5, 6, 7, 8, 9, 11, 12, 14, 15, 16, 17, 18, 19], "2": [3, 10, 13], "3": [0, 1, 2, 4, 5, 6, 7, 8, 9, 11, 12, 14, 16, 17, 18, 19], "4": [], "5": [], "6": [10, 13], "7": [0, 1, 2, 4, 5, 6, 8, 9, 11, 12, 14, 16, 17, 18, 19], "8": [], "9": [], "10": [], "11": [], "12": [], "13": [], "14": [], "15": [0, 1, 2, 4, 5, 6, 8, 9, 11, 12, 14, 16, 18, 19], "16": [], "17": [], "18": [], "19": [0, 1, 2, 4, 5, 6, 8, 9, 12, 16, 18, 19], "20": [1, 2, 4, 5, 6, 8, 9, 12, 16, 18, 19], "21": [1, 12], "22": [1, 12, 18], "23": [1, 12, 16, 18], "24": [1, 4, 12, 16, 18], "25": [1, 4, 9, 12, 16, 18], "26": [1, 4, 6, 9, 12, 16, 18], "27": [1, 4, 6, 9, 12, 16, 18, 19], "28": [1, 4, 6, 8, 9, 12, 16, 18, 19], "29": [1, 4, 5, 6, 8, 9, 12, 16, 18, 19], "30": [0, 1, 2, 4, 5, 6, 8, 9, 12, 14, 16, 18, 19]}, "join_predecessors": {"0": [1, 2], "1": [3], "2": [6], "3": [7], "4": [], "5": [], "6": [], "7": [15], "8": [], "9": [], "10": [], "11": [], "12": [], "13": [], "14": [], "15": [30], "16": [], "17": [], "18": [], "19": [20], "21": [], "22": [21], "23": [22], "24": [23], "25": [24], "26": [25], "27": [26], "28": [27], "29": [28], "20": [29], "30": [19]}, "intermediate_costs": [[[0, 1, 2, 4, 5, 6, 7, 8, 9, 11, 12, 14, 15, 16, 17, 18, 19], 381381.6782435484], [[3, 10, 13], 89549.94834601044], [[0, 1, 2, 4, 5, 6, 7, 8, 9, 11, 12, 14, 16, 17, 18, 19], 108565.43467631935], [[10, 13], 28324.0], [[0, 1, 2, 4, 5, 6, 8, 9, 11, 12, 14, 16, 17, 18, 19], 30904.61417548322], [[0, 1, 2, 4, 5, 6, 8, 9, 11, 12, 14, 16, 18, 19], 14662.371806657915], [[0, 1, 2, 4, 5, 6, 8, 9, 12, 16, 18, 19], 1188.1437308901588], [[1, 2, 4, 5, 6, 8, 9, 12, 16, 18, 19], 360.76920486226027], [[1, 12], 5616.0], [[1, 12, 18], 5.803616926503341], [[1, 12, 16, 18], 20.38764145642611], [[1, 4, 12, 16, 18], 71.62014880510195], [[1, 4, 9, 12, 16, 18], 0.2515953677807326], [[1, 4, 6, 9, 12, 16, 18], 0.8838343546810609], [[1, 4, 6, 9, 12, 16, 18, 19], 0.637599614294874], [[1, 4, 6, 8, 9, 12, 16, 18, 19], 59.4116791483048], [[1, 4, 5, 6, 8, 9, 12, 16, 18, 19], 119.26198364956537], [[0, 1, 2, 4, 5, 6, 8, 9, 12, 14, 16, 18, 19], 4173.845609770964]]}