{"costs": 37716, "join_operands": {"0": [0, 1, 2, 3, 4, 5, 6, 7], "1": [0, 1, 2, 3, 5, 6, 7], "2": [], "3": [0, 1, 2, 3, 6, 7], "4": [], "5": [], "6": [], "7": [0, 1, 2, 3, 6], "8": [0, 1, 2, 3], "9": [0, 1, 3], "10": [0, 1]}, "join_predecessors": {"0": [1, 2], "1": [3, 5], "2": [4, 6], "3": [7], "4": [], "5": [], "6": [], "7": [8], "8": [9], "9": [10], "10": []}, "leaf_joins": [], "opt_time": 0.40729498863220215, "status": 2, "intermediate_costs": [[[0, 1, 2, 3, 5, 6, 7], 0.00011334155700551394], [[0, 1, 2, 3, 6, 7], 620.7018191003116], [[0, 1, 2, 3, 6], 37091.0], [[0, 1, 2, 3], 3.0], [[0, 1, 3], 1.0], [[0, 1], 1.0]]}