{"costs": 4993, "join_operands": {"0": [0, 1, 2, 3, 4], "1": [0, 1, 2, 3], "2": [], "3": [1, 2, 3], "4": [1, 2]}, "join_predecessors": {"0": [1, 2], "1": [3], "2": [], "3": [4], "4": []}, "leaf_joins": [], "opt_time": 0.046949148178100586, "status": 2, "intermediate_costs": [[[0, 1, 2, 3], 1055.2140000000002], [[1, 2, 3], 1055.2140000000002], [[1, 2], 2883.1000000000004]]}