{"costs": 1650580561.4331675, "join_operands": {"0": [0, 1, 2, 3, 4, 5, 6, 7, 8, 9, 10, 11, 12, 13, 14, 15, 16, 17, 18, 19, 20, 21, 22, 23, 24, 25, 26, 27, 28, 29, 30, 31, 32, 33, 34, 35, 36, 37, 38, 39], "1": [1, 2, 4, 7, 8, 9, 10, 12, 13, 15, 16, 17, 18, 19, 24, 27, 28, 31, 33, 34, 35, 36, 39], "2": [0, 3, 5, 6, 11, 14, 20, 21, 22, 23, 25, 26, 29, 30, 32, 37, 38], "3": [1, 4, 7, 9, 12, 13, 15, 16, 17, 18, 19, 24, 27, 28, 31, 33, 34, 36, 39], "4": [0, 3, 5, 14, 20, 22, 23, 26, 29, 30, 32, 38], "5": [2, 8, 10, 35], "6": [6, 11, 21, 25, 37], "7": [1, 4, 7, 9, 12, 13, 15, 16, 17, 18, 19, 24, 27, 28, 31, 33, 36, 39], "8": [0, 3, 5, 14, 23, 29, 30, 32, 38], "9": [8, 35], "10": [], "11": [], "12": [20, 22, 26], "13": [2, 10], "14": [11, 21, 25, 37], "15": [1, 4, 7, 9, 12, 13, 16, 17, 18, 19, 24, 27, 28, 31, 33, 39], "16": [0, 14, 23, 29, 30, 32, 38], "17": [], "18": [], "19": [], "20": [], "21": [], "22": [25, 37], "23": [15, 36], "24": [3, 5], "25": [], "26": [], "27": [], "28": [20, 26], "29": [], "30": [11, 21]}, "join_predecessors": {"0": [1, 2], "1": [3, 5], "2": [4, 6], "3": [7, 11], "4": [8, 12], "5": [9, 13], "6": [10, 14], "7": [15, 23], "8": [16, 24], "9": [17, 25], "10": [18, 26], "11": [19, 27], "12": [20, 28], "13": [21, 29], "14": [22, 30], "15": [], "16": [], "17": [], "18": [], "19": [], "20": [], "21": [], "22": [], "23": [], "24": [], "25": [], "26": [], "27": [], "28": [], "29": [], "30": []}, "leaf_joins": [15, 16], "opt_time": 6.683362007141113, "status": 2, "intermediate_costs": [[[1, 2, 4, 7, 8, 9, 10, 12, 13, 15, 16, 17, 18, 19, 24, 27, 28, 31, 33, 34, 35, 36, 39], 729821771.2990383], [[0, 3, 5, 6, 11, 14, 20, 21, 22, 23, 25, 26, 29, 30, 32, 37, 38], 337650513.7939477], [[1, 4, 7, 9, 12, 13, 15, 16, 17, 18, 19, 24, 27, 28, 31, 33, 34, 36, 39], 177525513.2524559], [[0, 3, 5, 14, 20, 22, 23, 26, 29, 30, 32, 38], 168981000.31065285], [[2, 8, 10, 35], 62351322.955914564], [[6, 11, 21, 25, 37], 77928.11795992561], [[1, 4, 7, 9, 12, 13, 15, 16, 17, 18, 19, 24, 27, 28, 31, 33, 36, 39], 1123803.8088849802], [[0, 3, 5, 14, 23, 29, 30, 32, 38], 698168.1535764652], [[8, 35], 63432559.99999999], [[20, 22, 26], 34126909.0], [[2, 10], 667000.0], [[11, 21, 25, 37], 79622.80582716048], [[1, 4, 7, 9, 12, 13, 16, 17, 18, 19, 24, 27, 28, 31, 33, 39], 1126745.8332248037], [[0, 14, 23, 29, 30, 32, 38], 19687567.101684835], [[25, 37], 13774000.0], [[15, 36], 5219000.0], [[3, 5], 30214.0], [[20, 26], 34126909.0], [[11, 21], 80012.0]]}