{"costs": 9271187, "root_join": 28, "join_operands": {"0": [9, 18], "1": [9, 18, 23], "2": [9, 18, 23, 24], "3": [4, 9, 18, 23, 24], "4": [4, 9, 10, 18, 23, 24], "5": [3, 4, 9, 10, 18, 23, 24], "6": [3, 4, 9, 10, 18, 19, 23, 24], "7": [0, 3, 4, 9, 10, 18, 19, 23, 24], "8": [0, 3, 4, 9, 10, 18, 19, 21, 23, 24], "9": [0, 3, 4, 9, 10, 16, 18, 19, 21, 23, 24], "10": [0, 3, 4, 9, 10, 16, 18, 19, 21, 23, 24, 29], "11": [0, 3, 4, 9, 10, 15, 16, 18, 19, 21, 23, 24, 29], "12": [0, 3, 4, 9, 10, 14, 15, 16, 18, 19, 21, 23, 24, 29], "13": [0, 3, 4, 7, 9, 10, 14, 15, 16, 18, 19, 21, 23, 24, 29], "14": [0, 3, 4, 7, 9, 10, 11, 14, 15, 16, 18, 19, 21, 23, 24, 29], "15": [0, 3, 4, 7, 9, 10, 11, 12, 14, 15, 16, 18, 19, 21, 23, 24, 29], "16": [0, 3, 4, 7, 9, 10, 11, 12, 14, 15, 16, 18, 19, 20, 21, 23, 24, 29], "17": [0, 3, 4, 5, 7, 9, 10, 11, 12, 14, 15, 16, 18, 19, 20, 21, 23, 24, 29], "18": [0, 3, 4, 5, 7, 9, 10, 11, 12, 14, 15, 16, 18, 19, 20, 21, 23, 24, 25, 29], "19": [0, 3, 4, 5, 7, 9, 10, 11, 12, 14, 15, 16, 18, 19, 20, 21, 23, 24, 25, 26, 29], "20": [0, 1, 3, 4, 5, 7, 9, 10, 11, 12, 14, 15, 16, 18, 19, 20, 21, 23, 24, 25, 26, 29], "21": [0, 1, 3, 4, 5, 7, 9, 10, 11, 12, 14, 15, 16, 18, 19, 20, 21, 23, 24, 25, 26, 27, 29], "22": [0, 1, 3, 4, 5, 7, 9, 10, 11, 12, 14, 15, 16, 18, 19, 20, 21, 23, 24, 25, 26, 27, 28, 29], "23": [0, 1, 3, 4, 5, 7, 8, 9, 10, 11, 12, 14, 15, 16, 18, 19, 20, 21, 23, 24, 25, 26, 27, 28, 29], "24": [0, 1, 3, 4, 5, 7, 8, 9, 10, 11, 12, 13, 14, 15, 16, 18, 19, 20, 21, 23, 24, 25, 26, 27, 28, 29], "25": [0, 1, 3, 4, 5, 7, 8, 9, 10, 11, 12, 13, 14, 15, 16, 18, 19, 20, 21, 22, 23, 24, 25, 26, 27, 28, 29], "26": [0, 1, 2, 3, 4, 5, 7, 8, 9, 10, 11, 12, 13, 14, 15, 16, 18, 19, 20, 21, 22, 23, 24, 25, 26, 27, 28, 29], "27": [0, 1, 2, 3, 4, 5, 7, 8, 9, 10, 11, 12, 13, 14, 15, 16, 17, 18, 19, 20, 21, 22, 23, 24, 25, 26, 27, 28, 29], "28": [0, 1, 2, 3, 4, 5, 6, 7, 8, 9, 10, 11, 12, 13, 14, 15, 16, 17, 18, 19, 20, 21, 22, 23, 24, 25, 26, 27, 28, 29]}, "join_predecessors": {"0": [], "1": [0], "2": [1], "3": [2], "4": [3], "5": [4], "6": [5], "7": [6], "8": [7], "9": [8], "10": [9], "11": [10], "12": [11], "13": [12], "14": [13], "15": [14], "16": [15], "17": [16], "18": [17], "19": [18], "20": [19], "21": [20], "22": [21], "23": [22], "24": [23], "25": [24], "26": [25], "27": [26], "28": [27]}, "intermediate_costs": [[[9, 18], 680433.0000000001], [[9, 18, 23], 3594128.2585596335], [[9, 18, 23, 24], 3141.6872012762874], [[4, 9, 18, 23, 24], 1.5804254923885819], [[4, 9, 10, 18, 23, 24], 9.161117608085963], [[3, 4, 9, 10, 18, 23, 24], 0.029446449454562023], [[3, 4, 9, 10, 18, 19, 23, 24], 0.17748104493728084], [[0, 3, 4, 9, 10, 18, 19, 23, 24], 1.0721876490726185], [[0, 3, 4, 9, 10, 18, 19, 21, 23, 24], 6.5476366580662475], [[0, 3, 4, 9, 10, 16, 18, 19, 21, 23, 24], 40.46898817675612], [[0, 3, 4, 9, 10, 16, 18, 19, 21, 23, 24, 29], 0.2067199666326191], [[0, 3, 4, 9, 10, 15, 16, 18, 19, 21, 23, 24, 29], 1.2872875928702192], [[0, 3, 4, 9, 10, 14, 15, 16, 18, 19, 21, 23, 24, 29], 8.035898703481301], [[0, 3, 4, 7, 9, 10, 14, 15, 16, 18, 19, 21, 23, 24, 29], 50.16418717828934], [[0, 3, 4, 7, 9, 10, 11, 14, 15, 16, 18, 19, 21, 23, 24, 29], 294.72951334971907], [[0, 3, 4, 7, 9, 10, 11, 12, 14, 15, 16, 18, 19, 21, 23, 24, 29], 1839.8489870856213], [[0, 3, 4, 7, 9, 10, 11, 12, 14, 15, 16, 18, 19, 20, 21, 23, 24, 29], 11485.278367932258], [[0, 3, 4, 5, 7, 9, 10, 11, 12, 14, 15, 16, 18, 19, 20, 21, 23, 24, 29], 74092.23134605831], [[0, 3, 4, 5, 7, 9, 10, 11, 12, 14, 15, 16, 18, 19, 20, 21, 23, 24, 25, 29], 417397.5417354653], [[0, 3, 4, 5, 7, 9, 10, 11, 12, 14, 15, 16, 18, 19, 20, 21, 23, 24, 25, 26, 29], 2605608.9092266406], [[0, 1, 3, 4, 5, 7, 9, 10, 11, 12, 14, 15, 16, 18, 19, 20, 21, 23, 24, 25, 26, 29], 1651.1332245836184], [[0, 1, 3, 4, 5, 7, 9, 10, 11, 12, 14, 15, 16, 18, 19, 20, 21, 23, 24, 25, 26, 27, 29], 9325.578168069032], [[0, 1, 3, 4, 5, 7, 9, 10, 11, 12, 14, 15, 16, 18, 19, 20, 21, 23, 24, 25, 26, 27, 28, 29], 166.32861407635318], [[0, 1, 3, 4, 5, 7, 8, 9, 10, 11, 12, 14, 15, 16, 18, 19, 20, 21, 23, 24, 25, 26, 27, 28, 29], 1035.0932069633416], [[0, 1, 3, 4, 5, 7, 8, 9, 10, 11, 12, 13, 14, 15, 16, 18, 19, 20, 21, 23, 24, 25, 26, 27, 28, 29], 6461.578057374442], [[0, 1, 3, 4, 5, 7, 8, 9, 10, 11, 12, 13, 14, 15, 16, 18, 19, 20, 21, 22, 23, 24, 25, 26, 27, 28, 29], 40336.47414101692], [[0, 1, 2, 3, 4, 5, 7, 8, 9, 10, 11, 12, 13, 14, 15, 16, 18, 19, 20, 21, 22, 23, 24, 25, 26, 27, 28, 29], 251800.8991609379], [[0, 1, 2, 3, 4, 5, 7, 8, 9, 10, 11, 12, 13, 14, 15, 16, 17, 18, 19, 20, 21, 22, 23, 24, 25, 26, 27, 28, 29], 1571869.9814979571]]}