{"costs": 7722853, "root_join": 26, "join_operands": {"0": [0, 22, 36], "1": [22, 36], "2": [0, 11, 22, 36], "3": [0, 2, 3, 7, 8, 9, 10, 11, 12, 17, 18, 19, 20, 21, 22, 23, 25, 26, 28, 31, 33, 34, 35, 36, 37, 38, 39], "4": [2, 3, 7, 8, 9, 10, 12, 17, 18, 19, 20, 21, 23, 25, 26, 28, 31, 33, 34, 35, 37, 38, 39], "5": [20, 23, 35, 39], "6": [20, 35, 39], "7": [20, 35], "8": [2, 3, 7, 8, 9, 10, 12, 17, 18, 19, 20, 21, 23, 25, 26, 28, 31, 34, 35, 37, 38, 39], "9": [2, 3, 7, 8, 9, 10, 12, 17, 18, 19, 21, 25, 26, 28, 31, 34, 37, 38], "10": [2, 3, 7, 8, 9, 10, 12, 17, 18, 19, 21, 25, 26, 28, 31, 37, 38], "11": [2, 3, 7, 8, 9, 10, 12, 17, 18, 21, 25, 26, 28, 31, 37, 38], "12": [2, 3, 7, 9, 10, 12, 17, 18, 21, 25, 26, 28, 31, 37, 38], "13": [2, 3, 7, 12, 17, 18, 21, 25, 26, 31, 37, 38], "14": [2, 3, 7, 12, 18, 21, 25, 26, 31, 37, 38], "15": [7, 18, 31, 37], "16": [18, 31, 37], "17": [18, 31], "18": [3, 7, 18, 31, 37], "19": [3, 7, 18, 25, 31, 37], "20": [2, 3, 7, 18, 21, 25, 26, 31, 37], "21": [2, 21, 26], "22": [21, 26], "23": [2, 3, 7, 18, 21, 25, 26, 31, 37, 38], "24": [2, 3, 7, 10, 12, 17, 18, 21, 25, 26, 31, 37, 38], "25": [2, 3, 7, 10, 12, 17, 18, 21, 25, 26, 28, 31, 37, 38], "26": [0, 1, 2, 3, 4, 5, 6, 7, 8, 9, 10, 11, 12, 13, 14, 15, 16, 17, 18, 19, 20, 21, 22, 23, 24, 25, 26, 27, 28, 29, 30, 31, 32, 33, 34, 35, 36, 37, 38, 39], "27": [1, 4, 5, 6, 13, 14, 15, 16, 24, 27, 29, 30, 32], "28": [1, 4, 13, 15, 16, 24, 32], "29": [1, 4, 13, 15, 16, 24], "30": [4, 24], "31": [1, 4, 24], "32": [1, 4, 16, 24], "33": [1, 4, 15, 16, 24], "34": [1, 4, 13, 15, 16, 24, 27, 32], "35": [1, 4, 13, 15, 16, 24, 27, 29, 32], "36": [1, 4, 6, 13, 15, 16, 24, 27, 29, 30, 32], "37": [6, 30], "38": [5, 14]}, "join_predecessors": {"0": [1], "1": [], "2": [0], "3": [2, 4], "5": [6], "7": [], "6": [7], "8": [5, 9], "10": [11], "11": [12], "13": [14], "15": [16], "16": [17], "17": [], "18": [15], "19": [18], "20": [19, 21], "21": [22], "22": [], "23": [20], "14": [23], "24": [13], "25": [24], "12": [25], "9": [10], "4": [8], "26": [3, 27], "28": [29], "30": [], "31": [30], "32": [31], "33": [32], "29": [33], "34": [28], "35": [34], "36": [35, 37], "37": [], "27": [36, 38], "38": []}, "intermediate_costs": [[[0, 22, 36], 318403.87501562503], [[22, 36], 142751.0], [[0, 11, 22, 36], 710196.1055170045], [[0, 2, 3, 7, 8, 9, 10, 11, 12, 17, 18, 19, 20, 21, 22, 23, 25, 26, 28, 31, 33, 34, 35, 36, 37, 38, 39], 72831.58090881119], [[2, 3, 7, 8, 9, 10, 12, 17, 18, 19, 20, 21, 23, 25, 26, 28, 31, 33, 34, 35, 37, 38, 39], 42390.883917601655], [[20, 23, 35, 39], 545999.0450936251], [[20, 35, 39], 1648.3261445783132], [[20, 35], 739.0000000000001], [[2, 3, 7, 8, 9, 10, 12, 17, 18, 19, 20, 21, 23, 25, 26, 28, 31, 34, 35, 37, 38, 39], 19005.257738675187], [[2, 3, 7, 8, 9, 10, 12, 17, 18, 19, 21, 25, 26, 28, 31, 34, 37, 38], 1669.8047801774799], [[2, 3, 7, 8, 9, 10, 12, 17, 18, 19, 21, 25, 26, 28, 31, 37, 38], 137.87122397799106], [[2, 3, 7, 8, 9, 10, 12, 17, 18, 21, 25, 26, 28, 31, 37, 38], 446.5497487450331], [[2, 3, 7, 9, 10, 12, 17, 18, 21, 25, 26, 28, 31, 37, 38], 18.90659234868618], [[2, 3, 7, 12, 17, 18, 21, 25, 26, 31, 37, 38], 1.748878193167942], [[2, 3, 7, 12, 18, 21, 25, 26, 31, 37, 38], 0.7840787075387784], [[7, 18, 31, 37], 0.07176288224823739], [[18, 31, 37], 147.68180607054964], [[18, 31], 74.0], [[3, 7, 18, 31, 37], 0.154026034073067], [[3, 7, 18, 25, 31, 37], 0.3425457625540594], [[2, 3, 7, 18, 21, 25, 26, 31, 37], 0.0006082500195467395], [[2, 21, 26], 491.1891207729468], [[21, 26], 592.0], [[2, 3, 7, 18, 21, 25, 26, 31, 37, 38], 0.0013256252259203928], [[2, 3, 7, 10, 12, 17, 18, 21, 25, 26, 31, 37, 38], 3.900852428130432], [[2, 3, 7, 10, 12, 17, 18, 21, 25, 26, 28, 31, 37, 38], 8.597529329912966], [[1, 4, 5, 6, 13, 14, 15, 16, 24, 27, 29, 30, 32], 3887242.145036351], [[1, 4, 13, 15, 16, 24, 32], 32680.544513848745], [[1, 4, 13, 15, 16, 24], 5445.264362617299], [[4, 24], 220.00000000000003], [[1, 4, 24], 490.70592592592595], [[1, 4, 16, 24], 1094.5104806310014], [[1, 4, 15, 16, 24], 2441.2879736525997], [[1, 4, 13, 15, 16, 24, 27, 32], 70975.30872717607], [[1, 4, 13, 15, 16, 24, 27, 29, 32], 158309.58159963455], [[1, 4, 6, 13, 15, 16, 24, 27, 29, 30, 32], 787593.9757377761], [[6, 30], 62453.0], [[5, 14], 856348.0]]}