{"costs": 1889261.0029562775, "intermediate_costs": [[[23, 31], 254271.0], [[0, 1, 2, 3, 4, 5, 6, 7, 8, 9, 11, 12, 13, 14, 15, 16, 17, 19, 20, 21, 22, 24, 25, 26, 27, 29, 32, 33, 34, 35, 36, 37, 38, 40, 41, 42, 44, 45, 46, 47, 48, 49], 1401.975356756799], [[9, 19, 29], 9720.085448532947], [[19, 29], 2818.0], [[3, 9, 13, 19, 29, 37], 0.19188733821836385], [[3, 13], 883.0], [[3, 13, 37], 3.671690856313498], [[3, 9, 13, 19, 24, 29, 37], 0.5808510599928127], [[3, 9, 13, 19, 24, 29, 35, 37], 1.7582608475952781], [[3, 9, 11, 13, 19, 24, 29, 35, 37], 0.0055996785689719185], [[3, 8, 9, 11, 13, 19, 24, 29, 35, 37], 0.015739717872775776], [[3, 8, 9, 11, 13, 19, 21, 24, 29, 35, 37], 0.03743519244508867], [[3, 8, 9, 11, 13, 19, 21, 24, 29, 34, 35, 37], 31.58994578793588], [[3, 5, 8, 9, 11, 13, 19, 21, 24, 29, 34, 35, 37], 95.62411026268596], [[3, 5, 7, 8, 9, 11, 13, 19, 21, 24, 29, 34, 35, 37, 42], 0.22213036954024534], [[7, 42], 43.0], [[3, 5, 7, 8, 9, 11, 13, 19, 21, 24, 29, 32, 34, 35, 37, 42], 0.6723980819966294], [[3, 5, 7, 8, 9, 11, 13, 19, 21, 24, 29, 32, 34, 35, 37, 42, 49], 3.8609220494036487], [[3, 5, 7, 8, 9, 11, 13, 15, 19, 21, 24, 29, 32, 34, 35, 37, 42, 49], 741.538588716198], [[3, 5, 7, 8, 9, 11, 13, 15, 16, 19, 21, 24, 29, 32, 34, 35, 37, 42, 49], 740.8418679052385], [[3, 5, 7, 8, 9, 11, 13, 15, 16, 19, 21, 24, 29, 32, 34, 35, 37, 42, 45, 49], 2242.5598909490313], [[1, 3, 5, 7, 8, 9, 11, 13, 15, 16, 19, 21, 24, 29, 32, 34, 35, 37, 42, 45, 49], 7.802468742294356], [[1, 3, 5, 7, 8, 9, 11, 13, 15, 16, 19, 21, 24, 29, 32, 33, 34, 35, 37, 42, 45, 49], 23.618405235826888], [[1, 3, 5, 7, 8, 9, 11, 13, 15, 16, 17, 19, 21, 22, 24, 26, 27, 29, 32, 33, 34, 35, 36, 37, 38, 41, 42, 45, 46, 48, 49], 0.015420999100441526], [[17, 22, 26, 27, 36, 38, 41, 46, 48], 35.589947634465254], [[17, 22, 27, 36, 38, 41, 46, 48], 11.757332862412001], [[17, 22, 36, 38, 41, 46, 48], 4855.307697044895], [[17, 36, 38, 41, 46, 48], 1774.3111937858255], [[17, 36, 41, 46, 48], 2.705129960053303], [[17, 41, 46, 48], 30.464422349674397], [[17, 41, 48], 0.6721445086705201], [[41, 48], 248.0], [[0, 1, 3, 5, 7, 8, 9, 11, 13, 15, 16, 17, 19, 21, 22, 24, 26, 27, 29, 32, 33, 34, 35, 36, 37, 38, 41, 42, 45, 46, 48, 49], 0.02414483643895583], [[0, 1, 3, 5, 6, 7, 8, 9, 11, 13, 15, 16, 17, 19, 21, 22, 24, 26, 27, 29, 32, 33, 34, 35, 36, 37, 38, 41, 42, 45, 46, 48, 49], 0.06978672560885904], [[0, 1, 3, 5, 6, 7, 8, 9, 11, 13, 15, 16, 17, 19, 21, 22, 24, 26, 27, 29, 32, 33, 34, 35, 36, 37, 38, 41, 42, 44, 45, 46, 48, 49], 0.20670443827194823], [[0, 1, 2, 3, 5, 6, 7, 8, 9, 11, 13, 15, 16, 17, 19, 21, 22, 24, 26, 27, 29, 32, 33, 34, 35, 36, 37, 38, 41, 42, 44, 45, 46, 48, 49], 0.617397352151995], [[0, 1, 2, 3, 5, 6, 7, 8, 9, 11, 13, 15, 16, 17, 19, 20, 21, 22, 24, 26, 27, 29, 32, 33, 34, 35, 36, 37, 38, 41, 42, 44, 45, 46, 48, 49], 1.8476507360195462], [[0, 1, 2, 3, 4, 5, 6, 7, 8, 9, 11, 13, 15, 16, 17, 19, 20, 21, 22, 24, 26, 27, 29, 32, 33, 34, 35, 36, 37, 38, 41, 42, 44, 45, 46, 48, 49], 5.59291740777661], [[0, 1, 2, 3, 4, 5, 6, 7, 8, 9, 11, 13, 15, 16, 17, 19, 20, 21, 22, 24, 25, 26, 27, 29, 32, 33, 34, 35, 36, 37, 38, 41, 42, 44, 45, 46, 48, 49], 16.698081557915128], [[0, 1, 2, 3, 4, 5, 6, 7, 8, 9, 11, 13, 15, 16, 17, 19, 20, 21, 22, 24, 25, 26, 27, 29, 32, 33, 34, 35, 36, 37, 38, 41, 42, 44, 45, 46, 47, 48, 49], 50.545783150834126], [[0, 1, 2, 3, 4, 5, 6, 7, 8, 9, 11, 13, 15, 16, 17, 19, 20, 21, 22, 24, 25, 26, 27, 29, 32, 33, 34, 35, 36, 37, 38, 40, 41, 42, 44, 45, 46, 47, 48, 49], 153.0042130688541], [[0, 1, 2, 3, 4, 5, 6, 7, 8, 9, 11, 12, 13, 15, 16, 17, 19, 20, 21, 22, 24, 25, 26, 27, 29, 32, 33, 34, 35, 36, 37, 38, 40, 41, 42, 44, 45, 46, 47, 48, 49], 463.1502014128458], [[0, 1, 2, 3, 4, 5, 6, 7, 8, 9, 11, 12, 13, 14, 15, 16, 17, 19, 20, 21, 22, 24, 25, 26, 27, 29, 32, 33, 34, 35, 36, 37, 38, 39, 40, 41, 42, 44, 45, 46, 47, 48, 49], 4243.839068292381], [[0, 1, 2, 3, 4, 5, 6, 7, 8, 9, 11, 12, 13, 14, 15, 16, 17, 19, 20, 21, 22, 24, 25, 26, 27, 28, 29, 32, 33, 34, 35, 36, 37, 38, 39, 40, 41, 42, 44, 45, 46, 47, 48, 49], 12846.281468528134], [[0, 1, 2, 3, 4, 5, 6, 7, 8, 9, 11, 12, 13, 14, 15, 16, 17, 19, 20, 21, 22, 24, 25, 26, 27, 28, 29, 32, 33, 34, 35, 36, 37, 38, 39, 40, 41, 42, 43, 44, 45, 46, 47, 48, 49], 38886.24091700251], [[0, 1, 2, 3, 4, 5, 6, 7, 8, 9, 10, 11, 12, 13, 14, 15, 16, 17, 19, 20, 21, 22, 24, 25, 26, 27, 28, 29, 32, 33, 34, 35, 36, 37, 38, 39, 40, 41, 42, 43, 44, 45, 46, 47, 48, 49], 117710.30678097188], [[0, 1, 2, 3, 4, 5, 6, 7, 8, 9, 10, 11, 12, 13, 14, 15, 16, 17, 19, 20, 21, 22, 24, 25, 26, 27, 28, 29, 30, 32, 33, 34, 35, 36, 37, 38, 39, 40, 41, 42, 43, 44, 45, 46, 47, 48, 49], 356314.11076383485], [[0, 1, 2, 3, 4, 5, 6, 7, 8, 9, 10, 11, 12, 13, 14, 15, 16, 17, 18, 19, 20, 21, 22, 24, 25, 26, 27, 28, 29, 30, 32, 33, 34, 35, 36, 37, 38, 39, 40, 41, 42, 43, 44, 45, 46, 47, 48, 49], 1078577.9907897352]]}