{"costs": 7250373, "root_join": 0, "join_operands": {"0": [0, 1, 2, 3, 4, 5, 6, 7, 8, 9, 10, 11, 12, 13, 14, 15, 16, 17, 18, 19, 20, 21, 22, 23, 24, 25, 26, 27, 28, 29], "1": [0, 1, 2, 3, 5, 6, 7, 8, 9, 10, 11, 12, 13, 14, 15, 16, 17, 18, 19, 21, 22, 23, 24, 25, 26, 27, 28, 29], "2": [4, 20], "3": [0, 1, 2, 3, 5, 6, 7, 9, 10, 11, 12, 13, 14, 15, 16, 17, 18, 19, 21, 22, 23, 24, 25, 26, 27, 28, 29], "4": [], "5": [], "6": [], "7": [0, 1, 2, 3, 5, 6, 7, 9, 10, 11, 14, 15, 16, 17, 19, 21, 22, 23, 24, 25, 27, 29], "8": [0, 1, 2, 3, 5, 7, 9, 10, 11, 14, 15, 16, 17, 19, 21, 22, 23, 24, 25, 27, 29], "9": [0, 1, 2, 3, 5, 7, 9, 10, 11, 14, 15, 16, 17, 19, 21, 22, 23, 24, 25, 29], "10": [2, 3, 9, 15, 24], "11": [3, 9, 15, 24], "12": [3, 15, 24], "13": [3, 15], "14": [2, 3, 9, 15, 16, 24], "15": [2, 3, 9, 10, 15, 16, 22, 24], "16": [10, 22], "17": [1, 2, 3, 9, 10, 15, 16, 22, 24], "18": [1, 2, 3, 9, 10, 15, 16, 22, 23, 24], "19": [1, 2, 3, 9, 10, 15, 16, 22, 23, 24, 29], "20": [1, 2, 3, 9, 10, 15, 16, 21, 22, 23, 24, 29], "21": [1, 2, 3, 9, 10, 11, 15, 16, 21, 22, 23, 24, 29], "22": [1, 2, 3, 9, 10, 11, 15, 16, 19, 21, 22, 23, 24, 29], "23": [1, 2, 3, 9, 10, 11, 15, 16, 17, 19, 21, 22, 23, 24, 29], "24": [0, 1, 2, 3, 9, 10, 11, 15, 16, 17, 19, 21, 22, 23, 24, 29], "25": [0, 1, 2, 3, 9, 10, 11, 15, 16, 17, 19, 21, 22, 23, 24, 25, 29], "26": [0, 1, 2, 3, 7, 9, 10, 11, 15, 16, 17, 19, 21, 22, 23, 24, 25, 29], "27": [0, 1, 2, 3, 7, 9, 10, 11, 14, 15, 16, 17, 19, 21, 22, 23, 24, 25, 29], "28": [0, 1, 2, 3, 5, 6, 7, 9, 10, 11, 13, 14, 15, 16, 17, 19, 21, 22, 23, 24, 25, 27, 29], "29": [0, 1, 2, 3, 5, 6, 7, 9, 10, 11, 13, 14, 15, 16, 17, 19, 21, 22, 23, 24, 25, 27, 28, 29], "30": [0, 1, 2, 3, 5, 6, 7, 9, 10, 11, 12, 13, 14, 15, 16, 17, 19, 21, 22, 23, 24, 25, 27, 28, 29], "31": [0, 1, 2, 3, 5, 6, 7, 9, 10, 11, 12, 13, 14, 15, 16, 17, 19, 21, 22, 23, 24, 25, 26, 27, 28, 29]}, "join_predecessors": {"0": [1, 2], "1": [3], "2": [], "3": [31], "4": [], "5": [], "6": [], "7": [8], "8": [9], "10": [11], "11": [12], "12": [13], "13": [], "14": [10], "15": [14, 16], "16": [], "17": [15], "18": [17], "19": [18], "20": [19], "21": [20], "22": [21], "23": [22], "24": [23], "25": [24], "26": [25], "27": [26], "9": [27], "28": [7], "29": [28], "30": [29], "31": [30]}, "intermediate_costs": [[[0, 1, 2, 3, 5, 6, 7, 8, 9, 10, 11, 12, 13, 14, 15, 16, 17, 18, 19, 21, 22, 23, 24, 25, 26, 27, 28, 29], 3639101.788093305], [[4, 20], 126306.00000000001], [[0, 1, 2, 3, 5, 6, 7, 9, 10, 11, 12, 13, 14, 15, 16, 17, 18, 19, 21, 22, 23, 24, 25, 26, 27, 28, 29], 1901574.9371607944], [[0, 1, 2, 3, 5, 6, 7, 9, 10, 11, 14, 15, 16, 17, 19, 21, 22, 23, 24, 25, 27, 29], 89.82301319778504], [[0, 1, 2, 3, 5, 7, 9, 10, 11, 14, 15, 16, 17, 19, 21, 22, 23, 24, 25, 27, 29], 46.936086135768164], [[0, 1, 2, 3, 5, 7, 9, 10, 11, 14, 15, 16, 17, 19, 21, 22, 23, 24, 25, 29], 24.525965578326467], [[2, 3, 9, 15, 24], 4429.353307808016], [[3, 9, 15, 24], 235.3430215391922], [[3, 15, 24], 15599.105174067494], [[3, 15], 1489.0], [[2, 3, 9, 15, 16, 24], 8476.588117074758], [[2, 3, 9, 10, 15, 16, 22, 24], 23.244845408681805], [[10, 22], 14810.0], [[1, 2, 3, 9, 10, 15, 16, 22, 24], 44.48436696178588], [[1, 2, 3, 9, 10, 15, 16, 22, 23, 24], 0.09784798725262536], [[1, 2, 3, 9, 10, 15, 16, 22, 23, 24, 29], 0.18725466865855997], [[1, 2, 3, 9, 10, 15, 16, 21, 22, 23, 24, 29], 0.2443329135002891], [[1, 2, 3, 9, 10, 11, 15, 16, 21, 22, 23, 24, 29], 0.3789918338093174], [[1, 2, 3, 9, 10, 11, 15, 16, 19, 21, 22, 23, 24, 29], 0.6044066361180174], [[1, 2, 3, 9, 10, 11, 15, 16, 17, 19, 21, 22, 23, 24, 29], 1.0432721572080943], [[0, 1, 2, 3, 9, 10, 11, 15, 16, 17, 19, 21, 22, 23, 24, 29], 1.853931520394843], [[0, 1, 2, 3, 9, 10, 11, 15, 16, 17, 19, 21, 22, 23, 24, 25, 29], 3.499323388745811], [[0, 1, 2, 3, 7, 9, 10, 11, 15, 16, 17, 19, 21, 22, 23, 24, 25, 29], 6.696758155459046], [[0, 1, 2, 3, 7, 9, 10, 11, 14, 15, 16, 17, 19, 21, 22, 23, 24, 25, 29], 12.815789461908384], [[0, 1, 2, 3, 5, 6, 7, 9, 10, 11, 13, 14, 15, 16, 17, 19, 21, 22, 23, 24, 25, 27, 29], 171.8970296619495], [[0, 1, 2, 3, 5, 6, 7, 9, 10, 11, 13, 14, 15, 16, 17, 19, 21, 22, 23, 24, 25, 27, 28, 29], 328.9645688186486], [[0, 1, 2, 3, 5, 6, 7, 9, 10, 11, 12, 13, 14, 15, 16, 17, 19, 21, 22, 23, 24, 25, 27, 28, 29], 543945.4089298719], [[0, 1, 2, 3, 5, 6, 7, 9, 10, 11, 12, 13, 14, 15, 16, 17, 19, 21, 22, 23, 24, 25, 26, 27, 28, 29], 993648.2825155223]]}