{"costs": 3, "join_operands": {"0": [0, 1, 2, 3, 4, 5, 6, 7, 8, 9, 10, 11], "1": [0, 1, 2, 3, 4, 5, 9, 10, 11], "2": [6, 7, 8], "3": [1, 2, 3, 4, 5, 9, 10, 11], "4": [6, 7], "5": [], "6": [], "7": [1, 3, 4, 5, 9, 10, 11], "8": [], "9": [], "10": [], "11": [3, 4, 5, 9, 10, 11], "12": [3, 4, 9, 10, 11], "13": [3, 9, 10, 11], "14": [3, 9, 10], "15": [3, 9], "16": [], "17": []}, "join_predecessors": {"0": [1, 2], "1": [3, 5], "2": [4, 6], "3": [7], "4": [8], "5": [9], "6": [10], "7": [11], "8": [], "9": [], "10": [], "11": [12], "12": [13], "13": [14], "14": [15], "15": [16], "16": [17], "17": []}, "leaf_joins": [], "opt_time": 0.29784393310546875, "status": 2, "intermediate_costs": [[[0, 1, 2, 3, 4, 5, 9, 10, 11], 0.039954084301000024], [[6, 7, 8], 0.034106412005457026], [[1, 2, 3, 4, 5, 9, 10, 11], 0.3871519796608529], [[6, 7], 1.0], [[1, 3, 4, 5, 9, 10, 11], 0.15005890684529183], [[3, 4, 5, 9, 10, 11], 0.0011632473398859831], [[3, 4, 9, 10, 11], 0.034106412005457026], [[3, 9, 10, 11], 0.034106412005457026], [[3, 9, 10], 1.0], [[3, 9], 1.0]]}