{"costs": 323568.01461198356, "int_costs": [[[0, 1, 2, 3, 4, 5, 6, 7, 8, 10, 11, 12, 13, 14, 15, 16, 17, 18, 19, 20, 21, 22, 23, 24, 25, 26, 27, 28, 29, 30, 31, 32, 33, 34, 35, 36, 37, 38, 39, 40, 41, 42, 43, 44, 45, 46, 47, 48, 49], 194869.33037721677], [[0, 1, 2, 3, 4, 5, 6, 7, 8, 10, 11, 12, 13, 14, 15, 16, 17, 18, 19, 20, 21, 22, 23, 24, 25, 26, 27, 28, 29, 30, 31, 32, 33, 34, 35, 36, 37, 38, 39, 40, 41, 42, 44, 45, 46, 47, 48, 49], 87020.08512927871], [[0, 1, 2, 3, 4, 5, 6, 7, 8, 10, 11, 12, 13, 14, 15, 16, 17, 18, 19, 20, 21, 22, 23, 24, 25, 26, 27, 28, 29, 30, 31, 32, 34, 35, 36, 37, 38, 39, 40, 41, 42, 44, 45, 46, 47, 48, 49], 38859.34847340275], [[0, 1, 2, 3, 5, 6, 7, 8, 10, 11, 12, 13, 14, 15, 16, 17, 18, 19, 20, 21, 22, 23, 24, 25, 26, 27, 28, 29, 30, 31, 32, 34, 35, 36, 37, 38, 39, 40, 41, 42, 44, 45, 46, 47, 48, 49], 28.090838064665494], [[0, 1, 2, 3, 5, 6, 7, 8, 10, 11, 12, 13, 14, 15, 16, 17, 18, 19, 20, 21, 22, 23, 24, 25, 26, 27, 28, 29, 30, 31, 32, 34, 35, 36, 37, 38, 39, 40, 41, 42, 44, 45, 46, 47, 48], 13.083668880600325], [[0, 1, 2, 3, 5, 6, 7, 8, 10, 11, 12, 13, 14, 15, 16, 17, 18, 19, 20, 21, 22, 23, 24, 25, 26, 27, 28, 29, 30, 31, 32, 34, 36, 37, 38, 39, 40, 41, 42, 44, 45, 46, 47, 48], 5.854025596349474], [[0, 1, 2, 3, 5, 7, 8, 10, 11, 13, 14, 16, 18, 19, 20, 21, 22, 23, 24, 25, 26, 27, 28, 29, 30, 31, 32, 34, 38, 40, 41, 42, 44, 45, 47, 48], 0.00925690574352735], [[21, 40], 401.0], [[19, 21, 40], 870.494218606852], [[13, 19, 21, 24, 40], 3.107537660331657], [[13, 24], 847.0], [[13, 19, 21, 24, 40, 44], 617.5067499696356], [[13, 19, 21, 24, 40, 41, 44], 8.585526399755324], [[5, 13, 19, 21, 24, 40, 41, 44], 19.225925252213063], [[5, 13, 19, 20, 21, 24, 40, 41, 44], 0.06239670404279277], [[5, 13, 19, 20, 21, 24, 25, 40, 41, 44], 0.1380246804755985], [[5, 13, 18, 19, 20, 21, 24, 25, 40, 41, 44], 0.3090869990617989], [[5, 13, 18, 19, 20, 21, 24, 25, 27, 40, 41, 44], 9.594402429578698e-05], [[5, 13, 18, 19, 20, 21, 24, 25, 27, 40, 41, 44, 45], 0.00021441617351585545], [[5, 13, 18, 19, 20, 21, 24, 25, 27, 40, 41, 44, 45, 48], 0.00047375301323789064], [[5, 10, 13, 18, 19, 20, 21, 24, 25, 27, 40, 41, 44, 45, 48], 0.01842267732325642], [[5, 7, 10, 13, 18, 19, 20, 21, 24, 25, 27, 40, 41, 44, 45, 48], 0.02991114197809774], [[5, 7, 10, 13, 18, 19, 20, 21, 24, 25, 27, 30, 40, 41, 44, 45, 48], 0.0024787444198173863], [[5, 7, 10, 13, 18, 19, 20, 21, 24, 25, 27, 30, 40, 41, 42, 44, 45, 48], 0.005550801310094854], [[5, 7, 10, 13, 18, 19, 20, 21, 24, 25, 27, 30, 38, 40, 41, 42, 44, 45, 48], 0.011897515463422388], [[0, 5, 7, 10, 13, 18, 19, 20, 21, 24, 25, 27, 30, 38, 40, 41, 42, 44, 45, 48], 3.806003179056435e-05], [[0, 5, 7, 10, 13, 18, 19, 20, 21, 22, 24, 25, 27, 30, 38, 40, 41, 42, 44, 45, 48], 8.523010903768021e-05], [[0, 5, 7, 10, 13, 16, 18, 19, 20, 21, 22, 24, 25, 27, 30, 38, 40, 41, 42, 44, 45, 48], 4.771440215135808e-07], [[0, 3, 5, 7, 10, 13, 16, 18, 19, 20, 21, 22, 24, 25, 27, 30, 38, 40, 41, 42, 44, 45, 48], 1.0350999475488763e-06], [[0, 3, 5, 7, 10, 13, 16, 18, 19, 20, 21, 22, 24, 25, 27, 30, 32, 38, 40, 41, 42, 44, 45, 48], 1.3635069370031918e-06], [[0, 3, 5, 7, 10, 13, 16, 18, 19, 20, 21, 22, 24, 25, 27, 28, 30, 32, 38, 40, 41, 42, 44, 45, 48], 3.0533576196847333e-06], [[0, 3, 5, 7, 10, 11, 13, 16, 18, 19, 20, 21, 22, 24, 25, 27, 28, 30, 32, 38, 40, 41, 42, 44, 45, 48], 4.558378095441836e-06], [[0, 3, 5, 7, 10, 11, 13, 14, 16, 18, 19, 20, 21, 22, 24, 25, 27, 28, 30, 32, 38, 40, 41, 42, 44, 45, 48], 8.035967971413212e-06], [[0, 3, 5, 7, 10, 11, 13, 14, 16, 18, 19, 20, 21, 22, 24, 25, 26, 27, 28, 30, 32, 38, 40, 41, 42, 44, 45, 48], 1.6834430483553652e-05], [[0, 3, 5, 7, 10, 11, 13, 14, 16, 18, 19, 20, 21, 22, 23, 24, 25, 26, 27, 28, 30, 32, 38, 40, 41, 42, 44, 45, 48], 3.7152003424935987e-05], [[0, 3, 5, 7, 10, 11, 13, 14, 16, 18, 19, 20, 21, 22, 23, 24, 25, 26, 27, 28, 30, 32, 38, 40, 41, 42, 44, 45, 47, 48], 7.850958434706107e-05], [[0, 3, 5, 7, 8, 10, 11, 13, 14, 16, 18, 19, 20, 21, 22, 23, 24, 25, 26, 27, 28, 30, 32, 38, 40, 41, 42, 44, 45, 47, 48], 0.00016995068988600014], [[0, 3, 5, 7, 8, 10, 11, 13, 14, 16, 18, 19, 20, 21, 22, 23, 24, 25, 26, 27, 28, 30, 32, 34, 38, 40, 41, 42, 44, 45, 47, 48], 0.000374442437391919], [[0, 3, 5, 7, 8, 10, 11, 13, 14, 16, 18, 19, 20, 21, 22, 23, 24, 25, 26, 27, 28, 30, 31, 32, 34, 38, 40, 41, 42, 44, 45, 47, 48], 0.0008311560546489439], [[0, 2, 3, 5, 7, 8, 10, 11, 13, 14, 16, 18, 19, 20, 21, 22, 23, 24, 25, 26, 27, 28, 30, 31, 32, 34, 38, 40, 41, 42, 44, 45, 47, 48], 0.001848057126185241], [[0, 2, 3, 5, 7, 8, 10, 11, 13, 14, 16, 18, 19, 20, 21, 22, 23, 24, 25, 26, 27, 28, 29, 30, 31, 32, 34, 38, 40, 41, 42, 44, 45, 47, 48], 0.004133751859321412], [[0, 1, 2, 3, 5, 6, 7, 8, 10, 11, 13, 14, 16, 18, 19, 20, 21, 22, 23, 24, 25, 26, 27, 28, 29, 30, 31, 32, 34, 38, 40, 41, 42, 44, 45, 47, 48], 0.020729534951563103], [[0, 1, 2, 3, 5, 6, 7, 8, 10, 11, 13, 14, 15, 16, 18, 19, 20, 21, 22, 23, 24, 25, 26, 27, 28, 29, 30, 31, 32, 34, 38, 40, 41, 42, 44, 45, 47, 48], 0.04642063902957642], [[0, 1, 2, 3, 5, 6, 7, 8, 10, 11, 13, 14, 15, 16, 18, 19, 20, 21, 22, 23, 24, 25, 26, 27, 28, 29, 30, 31, 32, 34, 36, 38, 40, 41, 42, 44, 45, 47, 48], 0.10395253939556158], [[0, 1, 2, 3, 5, 6, 7, 8, 10, 11, 12, 13, 14, 15, 16, 18, 19, 20, 21, 22, 23, 24, 25, 26, 27, 28, 29, 30, 31, 32, 34, 36, 38, 40, 41, 42, 44, 45, 47, 48], 0.23278706094731783], [[0, 1, 2, 3, 5, 6, 7, 8, 10, 11, 12, 13, 14, 15, 16, 18, 19, 20, 21, 22, 23, 24, 25, 26, 27, 28, 29, 30, 31, 32, 34, 36, 38, 39, 40, 41, 42, 44, 45, 47, 48], 0.5212939966769626], [[0, 1, 2, 3, 5, 6, 7, 8, 10, 11, 12, 13, 14, 15, 16, 18, 19, 20, 21, 22, 23, 24, 25, 26, 27, 28, 29, 30, 31, 32, 34, 36, 37, 38, 39, 40, 41, 42, 44, 45, 47, 48], 1.1673650490727225], [[0, 1, 2, 3, 5, 6, 7, 8, 10, 11, 12, 13, 14, 15, 16, 18, 19, 20, 21, 22, 23, 24, 25, 26, 27, 28, 29, 30, 31, 32, 34, 36, 37, 38, 39, 40, 41, 42, 44, 45, 46, 47, 48], 2.614150884028809]]}