{"costs": 3.108770357291171e+47, "join_operands": {"0": [0, 1, 2, 3, 4, 5, 6, 7, 8, 9, 10, 11, 12, 13, 14, 15, 16, 17, 18, 19, 20, 21, 22, 23, 24, 25, 26, 27, 28, 29, 30, 31, 32, 33, 34, 35, 36, 37, 38, 39, 40, 41, 42, 43, 44, 45, 46, 47, 48, 49], "1": [0, 3, 12, 13, 14, 18, 20, 22, 25, 26, 28, 32, 34, 35, 36, 38, 45, 46, 48], "2": [1, 2, 4, 5, 6, 7, 8, 9, 10, 11, 15, 16, 17, 19, 21, 23, 24, 27, 29, 30, 31, 33, 37, 39, 40, 41, 42, 43, 44, 47, 49], "3": [3, 12, 13, 14, 18, 22, 25, 26, 32, 36, 38, 45, 46], "4": [1, 5, 7, 9, 15, 16, 17, 21, 23, 24, 30, 31, 33, 37, 39, 40, 41, 42, 43, 49], "5": [0, 20, 28, 34, 35, 48], "6": [2, 4, 6, 8, 10, 11, 19, 27, 29, 44, 47], "7": [3, 13, 14, 18, 22, 26, 32, 38, 45, 46], "8": [1, 7, 9, 15, 16, 17, 21, 24, 31, 33, 37, 39, 41, 42, 43, 49], "9": [20, 28, 34, 48], "10": [2, 8, 11, 19, 29, 47], "11": [12, 25, 36], "12": [5, 23, 30, 40], "13": [0, 35], "14": [4, 6, 10, 27, 44], "15": [3, 13, 14, 18, 22, 32, 38, 45, 46], "16": [1, 9, 16, 17, 21, 24, 31, 33, 37, 39, 42, 43, 49], "17": [20, 48], "18": [8, 11, 19], "19": [], "20": [23, 40], "21": [], "22": [4, 6, 10], "23": [], "24": [7, 15, 41], "25": [28, 34], "26": [2, 29, 47], "27": [12, 25], "28": [5, 30], "29": [], "30": [27, 44], "31": [3, 13, 14, 18, 22, 32, 38, 46], "32": [16, 17, 21, 24, 31, 33, 37, 39, 42, 43, 49], "33": [], "34": [8, 11], "35": [], "36": [], "37": [], "38": [4, 10], "39": [], "40": [15, 41], "41": [], "42": [2, 47], "43": [], "44": [], "45": [], "46": [], "47": [], "48": [1, 9]}, "join_predecessors": {"0": [1, 2], "1": [3, 5], "2": [4, 6], "3": [7, 11], "4": [8, 12], "5": [9, 13], "6": [10, 14], "7": [15, 23], "8": [16, 24], "9": [17, 25], "10": [18, 26], "11": [19, 27], "12": [20, 28], "13": [21, 29], "14": [22, 30], "15": [31, 47], "16": [32, 48], "17": [33], "18": [34], "19": [35], "20": [36], "21": [37], "22": [38], "23": [39], "24": [40], "25": [41], "26": [42], "27": [43], "28": [44], "29": [45], "30": [46], "31": [], "32": [], "33": [], "34": [], "35": [], "36": [], "37": [], "38": [], "39": [], "40": [], "41": [], "42": [], "43": [], "44": [], "45": [], "46": [], "47": [], "48": []}, "leaf_joins": [31, 32], "opt_time": 10.00492000579834, "status": 9, "intermediate_costs": [[[0, 3, 12, 13, 14, 18, 20, 22, 25, 26, 28, 32, 34, 35, 36, 38, 45, 46, 48], 3.48385991038232e+26], [[1, 2, 4, 5, 6, 7, 8, 9, 10, 11, 15, 16, 17, 19, 21, 23, 24, 27, 29, 30, 31, 33, 37, 39, 40, 41, 42, 43, 44, 47, 49], 57910.18632930358], [[3, 12, 13, 14, 18, 22, 25, 26, 32, 36, 38, 45, 46], 2.6092668240723195e+47], [[1, 5, 7, 9, 15, 16, 17, 21, 23, 24, 30, 31, 33, 37, 39, 40, 41, 42, 43, 49], 88497.11732937276], [[0, 20, 28, 34, 35, 48], 5961770894987.464], [[2, 4, 6, 8, 10, 11, 19, 27, 29, 44, 47], 361617054990.7453], [[3, 13, 14, 18, 22, 26, 32, 38, 45, 46], 4.995034813975638e+46], [[1, 7, 9, 15, 16, 17, 21, 24, 31, 33, 37, 39, 41, 42, 43, 49], 212.95233333549803], [[20, 28, 34, 48], 443721.23465067474], [[2, 8, 11, 19, 29, 47], 19715.97408005778], [[12, 25, 36], 123823.0415652174], [[5, 23, 30, 40], 16702784000000.0], [[0, 35], 33263780000000.0], [[4, 6, 10, 27, 44], 1.63027360218366e+18], [[3, 13, 14, 18, 22, 32, 38, 45, 46], 5.182108946960927e+39], [[1, 9, 16, 17, 21, 24, 31, 33, 37, 39, 42, 43, 49], 17.047587249473484], [[20, 48], 112020428.0], [[8, 11, 19], 1104108572468000.0], [[23, 40], 10304000000.0], [[4, 6, 10], 17657.374285714286], [[7, 15, 41], 358278193000.0], [[28, 34], 88170.0], [[2, 29, 47], 391.4904782608695], [[12, 25], 53366.0], [[5, 30], 1621.0], [[27, 44], 92328201000000.0], [[3, 13, 14, 18, 22, 32, 38, 46], 1.9854823551574434e+34], [[16, 17, 21, 24, 31, 33, 37, 39, 42, 43, 49], 3251.868905930479], [[8, 11], 119634692.0], [[4, 10], 7610.0], [[15, 41], 62647.00000000001], [[2, 47], 23556.0], [[1, 9], 3012.0]]}