{"costs": 1977090, "root_join": 17, "join_operands": {"0": [0, 1, 2, 3, 4, 5, 8, 9, 10, 11, 15, 16, 17, 18, 19], "1": [1, 2, 3, 4, 5, 8, 9, 10, 11, 15, 16, 17, 18, 19], "2": [1, 2, 3, 5, 8, 9, 11, 16, 17, 18, 19], "3": [1, 2, 3, 5, 8, 9, 11, 16, 18, 19], "4": [1, 2, 3, 5, 9, 11, 16, 18, 19], "5": [1, 2, 3, 5, 9, 11, 16, 19], "6": [1, 2, 3, 5, 9, 16, 19], "7": [1, 2, 5, 9, 16], "8": [2, 5, 9, 16], "9": [2, 9], "10": [2, 5, 9], "11": [3, 19], "12": [1, 2, 3, 5, 8, 9, 10, 11, 16, 17, 18, 19], "13": [1, 2, 3, 4, 5, 8, 9, 10, 11, 16, 17, 18, 19], "14": [0, 1, 2, 3, 4, 5, 8, 9, 10, 11, 12, 15, 16, 17, 18, 19], "15": [0, 1, 2, 3, 4, 5, 6, 8, 9, 10, 11, 12, 15, 16, 17, 18, 19], "16": [0, 1, 2, 3, 4, 5, 6, 8, 9, 10, 11, 12, 14, 15, 16, 17, 18, 19], "17": [0, 1, 2, 3, 4, 5, 6, 7, 8, 9, 10, 11, 12, 13, 14, 15, 16, 17, 18, 19], "18": [7, 13]}, "join_predecessors": {"0": [1], "2": [3], "3": [4], "5": [6], "7": [8], "9": [], "10": [9], "8": [10], "6": [7, 11], "11": [], "4": [5], "12": [2], "13": [12], "1": [13], "14": [0], "15": [14], "16": [15], "17": [16, 18], "18": []}, "intermediate_costs": [[[0, 1, 2, 3, 4, 5, 8, 9, 10, 11, 15, 16, 17, 18, 19], 33199.314969829466], [[1, 2, 3, 4, 5, 8, 9, 10, 11, 15, 16, 17, 18, 19], 821.6928147966404], [[1, 2, 3, 5, 8, 9, 11, 16, 17, 18, 19], 15.023310984931603], [[1, 2, 3, 5, 8, 9, 11, 16, 18, 19], 3.9142791076994055], [[1, 2, 3, 5, 9, 11, 16, 18, 19], 1.032763654698177], [[1, 2, 3, 5, 9, 11, 16, 19], 0.31992015222633935], [[1, 2, 3, 5, 9, 16, 19], 0.08524865921036308], [[1, 2, 5, 9, 16], 9.891145469325885], [[2, 5, 9, 16], 1.6412820475237773], [[2, 9], 1168.0], [[2, 5, 9], 0.427631156930126], [[3, 19], 634.0], [[1, 2, 3, 5, 8, 9, 10, 11, 16, 17, 18, 19], 57.660648804019594], [[1, 2, 3, 4, 5, 8, 9, 10, 11, 16, 17, 18, 19], 214.08961182149363], [[0, 1, 2, 3, 4, 5, 8, 9, 10, 11, 12, 15, 16, 17, 18, 19], 222829.71076268522], [[0, 1, 2, 3, 4, 5, 6, 8, 9, 10, 11, 12, 15, 16, 17, 18, 19], 233246.5803146227], [[0, 1, 2, 3, 4, 5, 6, 8, 9, 10, 11, 12, 14, 15, 16, 17, 18, 19], 895218.7348346104], [[7, 13], 589668.0]]}