{"costs": 3840584, "root_join": 18, "join_operands": {"0": [2, 9], "1": [2, 5, 9], "2": [2, 5, 9, 16], "3": [1, 2, 5, 9, 16], "4": [1, 2, 5, 9, 16, 19], "5": [1, 2, 3, 5, 9, 16, 19], "6": [1, 2, 3, 5, 9, 11, 16, 19], "7": [1, 2, 3, 5, 9, 11, 16, 18, 19], "8": [1, 2, 3, 5, 8, 9, 11, 16, 18, 19], "9": [1, 2, 3, 5, 8, 9, 11, 16, 17, 18, 19], "10": [1, 2, 3, 5, 8, 9, 10, 11, 16, 17, 18, 19], "11": [1, 2, 3, 4, 5, 8, 9, 10, 11, 16, 17, 18, 19], "12": [1, 2, 3, 4, 5, 8, 9, 10, 11, 15, 16, 17, 18, 19], "13": [0, 1, 2, 3, 4, 5, 8, 9, 10, 11, 15, 16, 17, 18, 19], "14": [0, 1, 2, 3, 4, 5, 8, 9, 10, 11, 12, 15, 16, 17, 18, 19], "15": [0, 1, 2, 3, 4, 5, 6, 8, 9, 10, 11, 12, 15, 16, 17, 18, 19], "16": [0, 1, 2, 3, 4, 5, 6, 7, 8, 9, 10, 11, 12, 15, 16, 17, 18, 19], "17": [0, 1, 2, 3, 4, 5, 6, 7, 8, 9, 10, 11, 12, 13, 15, 16, 17, 18, 19], "18": [0, 1, 2, 3, 4, 5, 6, 7, 8, 9, 10, 11, 12, 13, 14, 15, 16, 17, 18, 19]}, "join_predecessors": {"0": [], "1": [0], "2": [1], "3": [2], "4": [3], "5": [4], "6": [5], "7": [6], "8": [7], "9": [8], "10": [9], "11": [10], "12": [11], "13": [12], "14": [13], "15": [14], "16": [15], "17": [16], "18": [17]}, "intermediate_costs": [[[2, 9], 1168.0], [[2, 5, 9], 0.427631156930126], [[2, 5, 9, 16], 1.6412820475237773], [[1, 2, 5, 9, 16], 9.891145469325885], [[1, 2, 5, 9, 16, 19], 32.53970903613228], [[1, 2, 3, 5, 9, 16, 19], 0.08524865921036308], [[1, 2, 3, 5, 9, 11, 16, 19], 0.31992015222633935], [[1, 2, 3, 5, 9, 11, 16, 18, 19], 1.032763654698177], [[1, 2, 3, 5, 8, 9, 11, 16, 18, 19], 3.9142791076994055], [[1, 2, 3, 5, 8, 9, 11, 16, 17, 18, 19], 15.023310984931603], [[1, 2, 3, 5, 8, 9, 10, 11, 16, 17, 18, 19], 57.660648804019594], [[1, 2, 3, 4, 5, 8, 9, 10, 11, 16, 17, 18, 19], 214.08961182149363], [[1, 2, 3, 4, 5, 8, 9, 10, 11, 15, 16, 17, 18, 19], 821.6928147966404], [[0, 1, 2, 3, 4, 5, 8, 9, 10, 11, 15, 16, 17, 18, 19], 33199.314969829466], [[0, 1, 2, 3, 4, 5, 8, 9, 10, 11, 12, 15, 16, 17, 18, 19], 222829.71076268522], [[0, 1, 2, 3, 4, 5, 6, 8, 9, 10, 11, 12, 15, 16, 17, 18, 19], 233246.5803146227], [[0, 1, 2, 3, 4, 5, 6, 7, 8, 9, 10, 11, 12, 15, 16, 17, 18, 19], 746015.5223860701], [[0, 1, 2, 3, 4, 5, 6, 7, 8, 9, 10, 11, 12, 13, 15, 16, 17, 18, 19], 2602967.343516859]]}