{"costs": 1007324.2256085024, "join_operands": {"0": [0, 1, 2, 3, 4, 5, 6, 7, 8, 9, 10, 11, 12, 13, 14, 15, 16, 17, 18, 19], "1": [0, 2, 4, 5, 7, 8, 10, 11, 12, 14, 15, 17, 19], "2": [1, 3, 6, 9, 13, 16, 18], "3": [0, 2, 4, 5, 8, 10, 11, 12, 14, 15, 17, 19], "4": [1, 6, 9, 13, 16, 18], "5": [], "6": [], "7": [0, 2, 4, 5, 8, 10, 11, 12, 15, 17, 19], "8": [1, 9, 13, 16, 18], "9": [], "10": [], "11": [], "12": [], "13": [], "14": [], "15": [0, 2, 4, 8, 10, 11, 12, 15, 17, 19], "16": [1, 9, 13, 18], "17": [], "18": []}, "join_predecessors": {"0": [1, 2], "1": [3, 5], "2": [4, 6], "3": [7, 11], "4": [8, 12], "5": [9, 13], "6": [10, 14], "7": [15], "8": [16], "9": [17], "10": [18], "11": [], "12": [], "13": [], "14": [], "15": [], "16": [], "17": [], "18": []}, "leaf_joins": [15, 16], "opt_time": 2.119694948196411, "status": 2, "intermediate_costs": [[[0, 2, 4, 5, 7, 8, 10, 11, 12, 14, 15, 17, 19], 302575.677841259], [[1, 3, 6, 9, 13, 16, 18], 533590.379951845], [[0, 2, 4, 5, 8, 10, 11, 12, 14, 15, 17, 19], 51994.88976777153], [[1, 6, 9, 13, 16, 18], 91692.66956614747], [[0, 2, 4, 5, 8, 10, 11, 12, 15, 17, 19], 8934.852362240195], [[1, 9, 13, 16, 18], 15756.55403663426], [[0, 2, 4, 8, 10, 11, 12, 15, 17, 19], 51.81744346666], [[1, 9, 13, 18], 2727.384639138126]]}