{"costs": 257, "join_operands": {"0": [0, 1, 2, 3, 4], "1": [0, 1, 2, 3], "2": [], "3": [0, 1, 3], "4": [0, 1]}, "join_predecessors": {"0": [1, 2], "1": [3], "2": [], "3": [4], "4": []}, "leaf_joins": [], "opt_time": 0.03819108009338379, "status": 2, "intermediate_costs": [[[0, 1, 2, 3], 6.699374351578702], [[0, 1, 3], 250.00000000000003], [[0, 1], 1.0]]}