{"costs": 21366233, "root_join": 28, "join_operands": {"0": [5, 14], "1": [5, 14, 27], "2": [5, 8, 14, 27], "3": [5, 8, 14, 20, 27], "4": [5, 8, 14, 20, 27, 29], "5": [5, 8, 9, 14, 20, 27, 29], "6": [5, 8, 9, 14, 18, 20, 27, 29], "7": [5, 8, 9, 14, 18, 20, 25, 27, 29], "8": [5, 8, 9, 12, 14, 18, 20, 25, 27, 29], "9": [5, 8, 9, 12, 14, 17, 18, 20, 25, 27, 29], "10": [5, 8, 9, 12, 14, 17, 18, 20, 24, 25, 27, 29], "11": [5, 8, 9, 12, 13, 14, 17, 18, 20, 24, 25, 27, 29], "12": [5, 8, 9, 12, 13, 14, 17, 18, 20, 22, 24, 25, 27, 29], "13": [5, 6, 8, 9, 12, 13, 14, 17, 18, 20, 22, 24, 25, 27, 29], "14": [5, 6, 8, 9, 12, 13, 14, 17, 18, 19, 20, 22, 24, 25, 27, 29], "15": [5, 6, 8, 9, 12, 13, 14, 17, 18, 19, 20, 22, 24, 25, 26, 27, 29], "16": [2, 5, 6, 8, 9, 12, 13, 14, 17, 18, 19, 20, 22, 24, 25, 26, 27, 29], "17": [2, 5, 6, 7, 8, 9, 12, 13, 14, 17, 18, 19, 20, 22, 24, 25, 26, 27, 29], "18": [2, 5, 6, 7, 8, 9, 12, 13, 14, 16, 17, 18, 19, 20, 22, 24, 25, 26, 27, 29], "19": [2, 5, 6, 7, 8, 9, 10, 12, 13, 14, 16, 17, 18, 19, 20, 22, 24, 25, 26, 27, 29], "20": [2, 3, 5, 6, 7, 8, 9, 10, 12, 13, 14, 16, 17, 18, 19, 20, 22, 24, 25, 26, 27, 29], "21": [2, 3, 5, 6, 7, 8, 9, 10, 12, 13, 14, 15, 16, 17, 18, 19, 20, 22, 24, 25, 26, 27, 29], "22": [2, 3, 4, 5, 6, 7, 8, 9, 10, 12, 13, 14, 15, 16, 17, 18, 19, 20, 22, 24, 25, 26, 27, 29], "23": [2, 3, 4, 5, 6, 7, 8, 9, 10, 11, 12, 13, 14, 15, 16, 17, 18, 19, 20, 22, 24, 25, 26, 27, 29], "24": [1, 2, 3, 4, 5, 6, 7, 8, 9, 10, 11, 12, 13, 14, 15, 16, 17, 18, 19, 20, 22, 24, 25, 26, 27, 29], "25": [0, 1, 2, 3, 4, 5, 6, 7, 8, 9, 10, 11, 12, 13, 14, 15, 16, 17, 18, 19, 20, 22, 24, 25, 26, 27, 29], "26": [0, 1, 2, 3, 4, 5, 6, 7, 8, 9, 10, 11, 12, 13, 14, 15, 16, 17, 18, 19, 20, 21, 22, 24, 25, 26, 27, 29], "27": [0, 1, 2, 3, 4, 5, 6, 7, 8, 9, 10, 11, 12, 13, 14, 15, 16, 17, 18, 19, 20, 21, 22, 24, 25, 26, 27, 28, 29], "28": [0, 1, 2, 3, 4, 5, 6, 7, 8, 9, 10, 11, 12, 13, 14, 15, 16, 17, 18, 19, 20, 21, 22, 23, 24, 25, 26, 27, 28, 29]}, "join_predecessors": {"0": [], "1": [0], "2": [1], "3": [2], "4": [3], "5": [4], "6": [5], "7": [6], "8": [7], "9": [8], "10": [9], "11": [10], "12": [11], "13": [12], "14": [13], "15": [14], "16": [15], "17": [16], "18": [17], "19": [18], "20": [19], "21": [20], "22": [21], "23": [22], "24": [23], "25": [24], "26": [25], "27": [26], "28": [27]}, "intermediate_costs": [[[5, 14], 197.0], [[5, 14, 27], 659.4943131313131], [[5, 8, 14, 27], 711.4826923076773], [[5, 8, 14, 20, 27], 103484.61880035976], [[5, 8, 14, 20, 27, 29], 1068923.9948961535], [[5, 8, 9, 14, 20, 27, 29], 1064483.6040435624], [[5, 8, 9, 14, 18, 20, 27, 29], 4416.91904253212], [[5, 8, 9, 14, 18, 20, 25, 27, 29], 4438.740392197297], [[5, 8, 9, 12, 14, 18, 20, 25, 27, 29], 4782.440108759394], [[5, 8, 9, 12, 14, 17, 18, 20, 25, 27, 29], 5159.443071198784], [[5, 8, 9, 12, 14, 17, 18, 20, 24, 25, 27, 29], 5566.165430108556], [[5, 8, 9, 12, 13, 14, 17, 18, 20, 24, 25, 27, 29], 6004.949985452003], [[5, 8, 9, 12, 13, 14, 17, 18, 20, 22, 24, 25, 27, 29], 6478.333752369668], [[5, 6, 8, 9, 12, 13, 14, 17, 18, 20, 22, 24, 25, 27, 29], 6989.040362443015], [[5, 6, 8, 9, 12, 13, 14, 17, 18, 19, 20, 22, 24, 25, 27, 29], 13255.82029555938], [[5, 6, 8, 9, 12, 13, 14, 17, 18, 19, 20, 22, 24, 25, 26, 27, 29], 19126.993362704958], [[2, 5, 6, 8, 9, 12, 13, 14, 17, 18, 19, 20, 22, 24, 25, 26, 27, 29], 18571.33799620197], [[2, 5, 6, 7, 8, 9, 12, 13, 14, 17, 18, 19, 20, 22, 24, 25, 26, 27, 29], 20035.367982621206], [[2, 5, 6, 7, 8, 9, 12, 13, 14, 16, 17, 18, 19, 20, 22, 24, 25, 26, 27, 29], 20917.412841368307], [[2, 5, 6, 7, 8, 9, 10, 12, 13, 14, 16, 17, 18, 19, 20, 22, 24, 25, 26, 27, 29], 22565.70497326813], [[2, 3, 5, 6, 7, 8, 9, 10, 12, 13, 14, 16, 17, 18, 19, 20, 22, 24, 25, 26, 27, 29], 38197.03369366463], [[2, 3, 5, 6, 7, 8, 9, 10, 12, 13, 14, 15, 16, 17, 18, 19, 20, 22, 24, 25, 26, 27, 29], 40808.078680893144], [[2, 3, 4, 5, 6, 7, 8, 9, 10, 12, 13, 14, 15, 16, 17, 18, 19, 20, 22, 24, 25, 26, 27, 29], 165284.96108122153], [[2, 3, 4, 5, 6, 7, 8, 9, 10, 11, 12, 13, 14, 15, 16, 17, 18, 19, 20, 22, 24, 25, 26, 27, 29], 178314.66805991405], [[1, 2, 3, 4, 5, 6, 7, 8, 9, 10, 11, 12, 13, 14, 15, 16, 17, 18, 19, 20, 22, 24, 25, 26, 27, 29], 212621.07700086164], [[0, 1, 2, 3, 4, 5, 6, 7, 8, 9, 10, 11, 12, 13, 14, 15, 16, 17, 18, 19, 20, 22, 24, 25, 26, 27, 29], 229381.0177688978], [[0, 1, 2, 3, 4, 5, 6, 7, 8, 9, 10, 11, 12, 13, 14, 15, 16, 17, 18, 19, 20, 21, 22, 24, 25, 26, 27, 29], 8775145.601238914], [[0, 1, 2, 3, 4, 5, 6, 7, 8, 9, 10, 11, 12, 13, 14, 15, 16, 17, 18, 19, 20, 21, 22, 24, 25, 26, 27, 28, 29], 9329712.020853825]]}