{"costs": 6668650, "root_join": 18, "join_operands": {"0": [0, 2, 6, 8, 18], "1": [2, 6, 8, 18], "2": [6, 8, 18], "3": [6, 18], "4": [0, 1, 2, 3, 4, 5, 6, 7, 8, 9, 12, 13, 14, 15, 17, 18, 19], "5": [1, 3, 4, 5, 7, 9, 12, 13, 14, 15, 17, 19], "6": [1, 3, 4, 7, 9, 12, 13, 14, 15, 17, 19], "7": [1, 7, 9, 12, 15, 17, 19], "8": [1, 7, 9, 12, 15, 19], "9": [1, 7, 12, 15], "10": [7, 12, 15], "11": [12, 15], "12": [1, 7, 12, 15, 19], "13": [1, 7, 9, 12, 13, 15, 17, 19], "14": [1, 4, 7, 9, 12, 13, 15, 17, 19], "15": [1, 4, 7, 9, 12, 13, 14, 15, 17, 19], "16": [0, 1, 2, 3, 4, 5, 6, 7, 8, 9, 12, 13, 14, 15, 16, 17, 18, 19], "17": [0, 1, 2, 3, 4, 5, 6, 7, 8, 9, 10, 12, 13, 14, 15, 16, 17, 18, 19], "18": [0, 1, 2, 3, 4, 5, 6, 7, 8, 9, 10, 11, 12, 13, 14, 15, 16, 17, 18, 19]}, "join_predecessors": {"0": [1], "1": [2], "2": [3], "3": [], "4": [0, 5], "5": [6], "7": [8], "9": [10], "10": [11], "11": [], "12": [9], "8": [12], "13": [7], "14": [13], "15": [14], "6": [15], "16": [4], "17": [16], "18": [17]}, "intermediate_costs": [[[0, 2, 6, 8, 18], 229158.18443833187], [[2, 6, 8, 18], 79008.96083765969], [[6, 8, 18], 27240.634558795744], [[6, 18], 9392.0], [[0, 1, 2, 3, 4, 5, 6, 7, 8, 9, 12, 13, 14, 15, 17, 18, 19], 409544.1368709896], [[1, 3, 4, 5, 7, 9, 12, 13, 14, 15, 17, 19], 1197233.8951875775], [[1, 3, 4, 7, 9, 12, 13, 14, 15, 17, 19], 49659.00819292423], [[1, 7, 9, 12, 15, 17, 19], 902.2231888915893], [[1, 7, 9, 12, 15, 19], 30.31483246389702], [[1, 7, 12, 15], 3.632901666038258], [[7, 12, 15], 519.2348664169788], [[12, 15], 647.0], [[1, 7, 12, 15, 19], 10.45191904791801], [[1, 7, 9, 12, 13, 15, 17, 19], 2616.815620598703], [[1, 4, 7, 9, 12, 13, 15, 17, 19], 7589.8048566266125], [[1, 4, 7, 9, 12, 13, 14, 15, 17, 19], 22013.53296019409], [[0, 1, 2, 3, 4, 5, 6, 7, 8, 9, 12, 13, 14, 15, 16, 17, 18, 19], 1187845.2073437243], [[0, 1, 2, 3, 4, 5, 6, 7, 8, 9, 10, 12, 13, 14, 15, 16, 17, 18, 19], 3445235.550878186]]}