{"costs": 2628543580, "root_join": 18, "join_operands": {"0": [10, 13], "1": [3, 10, 13], "2": [0, 3, 10, 13], "3": [0, 3, 10, 13, 16], "4": [0, 3, 4, 10, 13, 16], "5": [0, 3, 4, 9, 10, 13, 16], "6": [0, 3, 4, 6, 9, 10, 13, 16], "7": [0, 3, 4, 6, 9, 10, 13, 16, 19], "8": [0, 3, 4, 6, 9, 10, 13, 14, 16, 19], "9": [0, 3, 4, 6, 9, 10, 12, 13, 14, 16, 19], "10": [0, 1, 3, 4, 6, 9, 10, 12, 13, 14, 16, 19], "11": [0, 1, 3, 4, 6, 9, 10, 12, 13, 14, 16, 18, 19], "12": [0, 1, 2, 3, 4, 6, 9, 10, 12, 13, 14, 16, 18, 19], "13": [0, 1, 2, 3, 4, 6, 9, 10, 12, 13, 14, 16, 17, 18, 19], "14": [0, 1, 2, 3, 4, 6, 9, 10, 11, 12, 13, 14, 16, 17, 18, 19], "15": [0, 1, 2, 3, 4, 6, 9, 10, 11, 12, 13, 14, 15, 16, 17, 18, 19], "16": [0, 1, 2, 3, 4, 6, 8, 9, 10, 11, 12, 13, 14, 15, 16, 17, 18, 19], "17": [0, 1, 2, 3, 4, 5, 6, 8, 9, 10, 11, 12, 13, 14, 15, 16, 17, 18, 19], "18": [0, 1, 2, 3, 4, 5, 6, 7, 8, 9, 10, 11, 12, 13, 14, 15, 16, 17, 18, 19]}, "join_predecessors": {"0": [], "1": [0], "2": [1], "3": [2], "4": [3], "5": [4], "6": [5], "7": [6], "8": [7], "9": [8], "10": [9], "11": [10], "12": [11], "13": [12], "14": [13], "15": [14], "16": [15], "17": [16], "18": [17]}, "intermediate_costs": [[[10, 13], 28324.0], [[3, 10, 13], 89549.94834601044], [[0, 3, 10, 13], 24904392.315673586], [[0, 3, 10, 13, 16], 472430528.68022084], [[0, 3, 4, 10, 13, 16], 1659610545.7546957], [[0, 3, 4, 9, 10, 13, 16], 5830067.831445085], [[0, 3, 4, 6, 9, 10, 13, 16], 20480560.850559052], [[0, 3, 4, 6, 9, 10, 13, 16, 19], 14774711.60709903], [[0, 3, 4, 6, 9, 10, 13, 14, 16, 19], 51902277.11820784], [[0, 3, 4, 6, 9, 10, 12, 13, 14, 16, 19], 374020082.5882558], [[0, 1, 3, 4, 6, 9, 10, 12, 13, 14, 16, 19], 187126.66225529127], [[0, 1, 3, 4, 6, 9, 10, 12, 13, 14, 16, 18, 19], 193.3781097693879], [[0, 1, 2, 3, 4, 6, 9, 10, 12, 13, 14, 16, 18, 19], 584.9715455367842], [[0, 1, 2, 3, 4, 6, 9, 10, 12, 13, 14, 16, 17, 18, 19], 1232.973775105157], [[0, 1, 2, 3, 4, 6, 9, 10, 11, 12, 13, 14, 16, 17, 18, 19], 4331.334124129825], [[0, 1, 2, 3, 4, 6, 9, 10, 11, 12, 13, 14, 15, 16, 17, 18, 19], 15215.629930642172], [[0, 1, 2, 3, 4, 6, 8, 9, 10, 11, 12, 13, 14, 15, 16, 17, 18, 19], 1417795.9070417266], [[0, 1, 2, 3, 4, 5, 6, 8, 9, 10, 11, 12, 13, 14, 15, 16, 17, 18, 19], 2846059.136991346]]}