{"costs": 38722.0, "root_join": 0, "join_operands": {"0": [0, 1, 2, 3, 4, 5, 6, 7, 8, 9, 10, 11, 12, 13], "1": [1], "2": [0, 2, 3, 4, 5, 6, 7, 8, 9, 10, 11, 12, 13], "3": [2], "4": [0, 3, 4, 5, 6, 7, 8, 9, 10, 11, 12, 13], "5": [3], "6": [0, 4, 5, 6, 7, 8, 9, 10, 11, 12, 13], "7": [4], "8": [0, 5, 6, 7, 8, 9, 10, 11, 12, 13], "9": [5], "10": [0, 6, 7, 8, 9, 10, 11, 12, 13], "11": [6], "12": [0, 7, 8, 9, 10, 11, 12, 13], "13": [7], "14": [0, 8, 9, 10, 11, 12, 13], "15": [8], "16": [0, 9, 10, 11, 12, 13], "17": [9], "18": [0, 10, 11, 12, 13], "19": [11], "20": [0, 10, 12, 13], "21": [12], "22": [0, 10, 13], "23": [10], "24": [0, 13], "25": [0], "26": [13]}, "join_predecessors": {"0": [1, 2], "2": [3, 4], "4": [5, 6], "6": [7, 8], "8": [9, 10], "10": [11, 12], "12": [13, 14], "14": [15, 16], "16": [17, 18], "18": [19, 20], "20": [21, 22], "22": [23, 24], "24": [25, 26]}, "intermediate_costs": [[[0, 2, 3, 4, 5, 6, 7, 8, 9, 10, 11, 12, 13], 4.3436553783659614e-58], [[0, 3, 4, 5, 6, 7, 8, 9, 10, 11, 12, 13], 5.310397220138146e-58], [[0, 4, 5, 6, 7, 8, 9, 10, 11, 12, 13], 6.483765219529588e-58], [[0, 5, 6, 7, 8, 9, 10, 11, 12, 13], 6.483765219529588e-58], [[0, 6, 7, 8, 9, 10, 11, 12, 13], 7.559999882587553e-58], [[0, 7, 8, 9, 10, 11, 12, 13], 2.226291227559956e-57], [[0, 8, 9, 10, 11, 12, 13], 2.7153718349721796e-55], [[0, 9, 10, 11, 12, 13], 3.137305271918704e-55], [[0, 10, 11, 12, 13], 6.424736960498353e-32], [[0, 10, 12, 13], 6.86029278674577e-14], [[0, 10, 13], 0.01071228113715123], [[0, 13], 38722.0]]}