{"costs": 42880008, "root_join": 33, "join_operands": {"0": [0, 5], "1": [0, 5, 24, 32], "2": [24, 32], "3": [0, 2, 3, 4, 5, 6, 8, 10, 11, 12, 13, 14, 15, 16, 17, 18, 19, 20, 21, 22, 23, 24, 26, 27, 29, 30, 31, 32, 33, 34, 35, 37, 38, 39], "4": [2, 3, 4, 6, 8, 10, 11, 12, 13, 14, 15, 16, 17, 18, 19, 20, 21, 22, 23, 26, 27, 29, 30, 31, 33, 34, 35, 37, 38, 39], "5": [4, 33], "6": [2, 4, 6, 11, 12, 15, 21, 27, 29, 33, 35, 37, 38], "7": [2, 6, 11, 12, 15, 21, 27, 29, 35, 37, 38], "8": [2, 6, 11, 12, 15, 27, 29, 35, 37, 38], "9": [2, 6, 11, 12, 15, 27, 29, 35, 37], "10": [6, 11, 12, 15, 27, 29, 35, 37], "11": [6, 11, 12, 27, 29, 35, 37], "12": [6, 11, 27, 29], "13": [11, 27, 29], "14": [11, 27], "15": [6, 11, 12, 27, 29], "16": [6, 11, 12, 27, 29, 35], "17": [3, 8, 10, 13, 14, 16, 17, 18, 19, 20, 22, 23, 26, 30, 31, 34, 39], "18": [3, 8, 10, 17, 20, 22, 23, 30, 31, 34, 39], "19": [3, 8, 10, 17, 20, 22, 23, 30, 34, 39], "20": [8, 10, 17, 20, 22, 23, 30, 34, 39], "21": [8, 17, 20, 22, 23, 30, 34, 39], "22": [8, 17, 20, 22, 34, 39], "23": [8, 17, 22, 34, 39], "24": [8, 17, 34, 39], "25": [8, 17, 34], "26": [8, 34], "27": [8, 17, 20, 22, 30, 34, 39], "28": [3, 8, 10, 14, 17, 19, 20, 22, 23, 26, 30, 31, 34, 39], "29": [14, 19, 26], "30": [19, 26], "31": [3, 8, 10, 13, 14, 17, 19, 20, 22, 23, 26, 30, 31, 34, 39], "32": [3, 8, 10, 13, 14, 16, 17, 19, 20, 22, 23, 26, 30, 31, 34, 39], "33": [0, 1, 2, 3, 4, 5, 6, 7, 8, 9, 10, 11, 12, 13, 14, 15, 16, 17, 18, 19, 20, 21, 22, 23, 24, 25, 26, 27, 28, 29, 30, 31, 32, 33, 34, 35, 36, 37, 38, 39], "34": [1, 7, 9, 25, 28, 36], "35": [1, 7, 9, 28, 36], "36": [7, 9, 28, 36], "37": [7, 28, 36], "38": [28, 36]}, "join_predecessors": {"0": [], "1": [0, 2], "2": [], "3": [1, 4], "5": [], "6": [5, 7], "7": [8], "8": [9], "10": [11], "12": [13], "13": [14], "14": [], "15": [12], "16": [15], "11": [16], "9": [10], "4": [6, 17], "18": [19], "20": [21], "22": [23], "24": [25], "26": [], "25": [26], "23": [24], "27": [22], "21": [27], "19": [20], "28": [18, 29], "29": [30], "30": [], "31": [28], "32": [31], "17": [32], "33": [3, 34], "34": [35], "35": [36], "36": [37], "38": [], "37": [38]}, "intermediate_costs": [[[0, 5], 1372244.0], [[0, 5, 24, 32], 13357018.298963493], [[24, 32], 2969308.0], [[0, 2, 3, 4, 5, 6, 8, 10, 11, 12, 13, 14, 15, 16, 17, 18, 19, 20, 21, 22, 23, 24, 26, 27, 29, 30, 31, 32, 33, 34, 35, 37, 38, 39], 5583244.14624783], [[2, 3, 4, 6, 8, 10, 11, 12, 13, 14, 15, 16, 17, 18, 19, 20, 21, 22, 23, 26, 27, 29, 30, 31, 33, 34, 35, 37, 38, 39], 275916.67046756786], [[4, 33], 8572816.0], [[2, 4, 6, 11, 12, 15, 21, 27, 29, 33, 35, 37, 38], 5734260.14353347], [[2, 6, 11, 12, 15, 21, 27, 29, 35, 37, 38], 3103285.9426439404], [[2, 6, 11, 12, 15, 27, 29, 35, 37, 38], 53084.503393707186], [[2, 6, 11, 12, 15, 27, 29, 35, 37], 25028.830452755315], [[6, 11, 12, 15, 27, 29, 35, 37], 13112.057923234619], [[6, 11, 12, 27, 29, 35, 37], 434.4685621832445], [[6, 11, 27, 29], 0.05087351519536903], [[11, 27, 29], 0.07603030303030302], [[11, 27], 182.0], [[6, 11, 12, 27, 29], 8.184465481385555], [[6, 11, 12, 27, 29, 35], 14.513021437723811], [[3, 8, 10, 13, 14, 16, 17, 18, 19, 20, 22, 23, 26, 30, 31, 34, 39], 9351.628319498657], [[3, 8, 10, 17, 20, 22, 23, 30, 31, 34, 39], 105.57437124663849], [[3, 8, 10, 17, 20, 22, 23, 30, 34, 39], 955.8800545362162], [[8, 10, 17, 20, 22, 23, 30, 34, 39], 450.69101150662226], [[8, 17, 20, 22, 23, 30, 34, 39], 12.246684323887056], [[8, 17, 20, 22, 34, 39], 4900.413408534259], [[8, 17, 22, 34, 39], 2310.4986683246893], [[8, 17, 34, 39], 1089.37831388534], [[8, 17, 34], 513.6313718338399], [[8, 34], 244.0], [[8, 17, 20, 22, 30, 34, 39], 5.774245992021625], [[3, 8, 10, 14, 17, 19, 20, 22, 23, 26, 30, 31, 34, 39], 990.2613958812512], [[14, 19, 26], 659733.1227083333], [[19, 26], 50785.0], [[3, 8, 10, 13, 14, 17, 19, 20, 22, 23, 26, 30, 31, 34, 39], 2100.278075607834], [[3, 8, 10, 13, 14, 16, 17, 19, 20, 22, 23, 26, 30, 31, 34, 39], 4454.551878921329], [[1, 7, 9, 25, 28, 36], 827582.1713947669], [[1, 7, 9, 28, 36], 143882.64688717492], [[7, 9, 28, 36], 99497.60709251433], [[7, 28, 36], 7505.66965106898], [[28, 36], 3580.0]]}