{"costs": 221268, "join_operands": {"0": [0, 1, 2, 3, 4, 5], "1": [0, 1, 2, 3, 5], "2": [], "3": [0, 1, 2, 3], "4": [], "5": [0, 1, 3], "6": [0, 1]}, "join_predecessors": {"0": [1, 2], "1": [3], "2": [4], "3": [5], "4": [], "5": [6], "6": []}, "leaf_joins": [], "opt_time": 0.08628702163696289, "status": 2, "intermediate_costs": [[[0, 1, 2, 3, 5], 43232.36395399603], [[0, 1, 2, 3], 57611.600000000006], [[0, 1, 3], 120024.40000000001], [[0, 1], 400.0]]}