{"costs": 156594.0792754406, "int_costs": [[[0, 1, 2, 3, 4, 5, 6, 7, 8, 9, 10, 11, 12, 13, 14, 15, 16, 17, 18, 19, 20, 21, 22, 23, 24, 25, 26, 27, 28, 29, 30, 31, 32, 33, 34, 35, 36, 37, 38, 39, 40, 41, 42, 44, 45, 46, 47, 48, 49], 144042.3860573029], [[0, 1, 2, 3, 4, 5, 6, 7, 8, 9, 10, 11, 12, 13, 14, 15, 16, 17, 18, 19, 20, 21, 22, 23, 24, 25, 26, 27, 28, 29, 30, 31, 32, 33, 34, 36, 37, 38, 39, 40, 41, 42, 44, 45, 46, 47, 48, 49], 3909.2019791756816], [[0, 1, 2, 3, 4, 5, 6, 7, 8, 9, 10, 11, 12, 13, 14, 15, 16, 17, 18, 19, 20, 21, 22, 23, 24, 25, 26, 27, 28, 30, 31, 32, 33, 34, 36, 37, 38, 39, 40, 41, 42, 44, 45, 46, 47, 48, 49], 2858.8932581458143], [[0, 1, 2, 3, 4, 5, 6, 7, 8, 9, 10, 11, 12, 13, 14, 15, 16, 17, 18, 19, 20, 21, 22, 23, 24, 25, 26, 27, 28, 30, 31, 32, 33, 34, 36, 37, 38, 39, 40, 41, 42, 44, 45, 46, 47, 49], 1602.0165142252638], [[0, 1, 2, 3, 4, 5, 7, 8, 9, 10, 11, 12, 13, 14, 15, 16, 17, 18, 19, 20, 21, 22, 23, 24, 25, 26, 27, 28, 30, 31, 32, 33, 34, 36, 37, 38, 39, 40, 41, 42, 44, 45, 46, 47, 49], 897.7099461182986], [[0, 1, 2, 3, 4, 5, 7, 8, 9, 10, 11, 12, 13, 14, 15, 16, 17, 18, 19, 20, 21, 22, 23, 24, 25, 26, 27, 28, 30, 31, 32, 33, 34, 36, 37, 38, 39, 40, 42, 44, 45, 46, 47, 49], 503.6404371268132], [[0, 1, 3, 7, 8, 9, 14, 15, 16, 17, 19, 20, 21, 22, 23, 24, 25, 26, 30, 31, 32, 33, 37, 39, 40, 44, 46, 47], 0.04902073642252751], [[0, 1, 3, 7, 8, 9, 14, 15, 16, 17, 19, 20, 21, 22, 23, 24, 25, 26, 30, 31, 32, 33, 37, 40, 44, 46, 47], 0.02841660134208333], [[1, 7, 9, 16, 17, 19, 20, 21, 22, 23, 30, 31, 32, 33, 37, 40, 44], 0.00015287842607984996], [[17, 32, 33, 37, 44], 8.83791027821702], [[17, 32, 33, 44], 4.952433315445851], [[17, 33, 44], 4.518767850892544], [[17, 44], 1719.0], [[17, 19, 32, 33, 37, 44], 15.727962147189519], [[7, 17, 19, 32, 33, 37, 44], 28.067477756624786], [[7, 9, 17, 19, 32, 33, 37, 44], 49.38259175973189], [[7, 9, 17, 19, 31, 32, 33, 37, 44], 17.376916046398417], [[1, 7, 9, 17, 19, 20, 23, 31, 32, 33, 37, 44], 0.32011874779590815], [[1, 20, 23], 144.52268148148147], [[1, 23], 145.0], [[1, 7, 9, 17, 19, 20, 23, 30, 31, 32, 33, 37, 44], 0.5712701615507573], [[1, 7, 9, 17, 19, 20, 22, 23, 30, 31, 32, 33, 37, 44], 0.00024381796671146957], [[1, 7, 9, 16, 17, 19, 20, 22, 23, 30, 31, 32, 33, 37, 44], 0.0004351070663347721], [[1, 7, 9, 16, 17, 19, 20, 22, 23, 30, 31, 32, 33, 37, 40, 44], 0.000102800804879917], [[1, 3, 7, 9, 16, 17, 19, 20, 21, 22, 23, 30, 31, 32, 33, 37, 40, 44], 0.00023791280396381982], [[1, 3, 7, 9, 16, 17, 19, 20, 21, 22, 23, 26, 30, 31, 32, 33, 37, 40, 44], 0.0004245694755572857], [[1, 3, 7, 9, 15, 16, 17, 19, 20, 21, 22, 23, 26, 30, 31, 32, 33, 37, 40, 44], 0.0006345480728287554], [[0, 1, 3, 7, 9, 15, 16, 17, 19, 20, 21, 22, 23, 26, 30, 31, 32, 33, 37, 40, 44], 0.0010809163657220532], [[0, 1, 3, 7, 9, 15, 16, 17, 19, 20, 21, 22, 23, 24, 26, 30, 31, 32, 33, 37, 40, 44], 0.0017535986575319773], [[0, 1, 3, 7, 9, 15, 16, 17, 19, 20, 21, 22, 23, 24, 26, 30, 31, 32, 33, 37, 40, 44, 46], 0.0030327023573588166], [[0, 1, 3, 7, 9, 15, 16, 17, 19, 20, 21, 22, 23, 24, 25, 26, 30, 31, 32, 33, 37, 40, 44, 46], 0.005412036789393174], [[0, 1, 3, 7, 8, 9, 15, 16, 17, 19, 20, 21, 22, 23, 24, 25, 26, 30, 31, 32, 33, 37, 40, 44, 46], 0.009569640765816288], [[0, 1, 3, 7, 8, 9, 14, 15, 16, 17, 19, 20, 21, 22, 23, 24, 25, 26, 30, 31, 32, 33, 37, 40, 44, 46], 0.01611093355126803], [[0, 1, 3, 7, 8, 9, 14, 15, 16, 17, 19, 20, 21, 22, 23, 24, 25, 26, 28, 30, 31, 32, 33, 37, 39, 40, 44, 46, 47], 0.08748040448033566], [[0, 1, 3, 7, 8, 9, 14, 15, 16, 17, 19, 20, 21, 22, 23, 24, 25, 26, 28, 30, 31, 32, 33, 36, 37, 39, 40, 44, 46, 47], 0.15299167836624025], [[0, 1, 3, 7, 8, 9, 14, 15, 16, 17, 18, 19, 20, 21, 22, 23, 24, 25, 26, 28, 30, 31, 32, 33, 36, 37, 39, 40, 44, 46, 47], 0.27053311506297695], [[0, 1, 3, 7, 8, 9, 13, 14, 15, 16, 17, 18, 19, 20, 21, 22, 23, 24, 25, 26, 28, 30, 31, 32, 33, 36, 37, 39, 40, 44, 46, 47], 0.4827813734473858], [[0, 1, 3, 7, 8, 9, 12, 13, 14, 15, 16, 17, 18, 19, 20, 21, 22, 23, 24, 25, 26, 28, 30, 31, 32, 33, 36, 37, 39, 40, 44, 46, 47], 0.8615501821042737], [[0, 1, 3, 7, 8, 9, 12, 13, 14, 15, 16, 17, 18, 19, 20, 21, 22, 23, 24, 25, 26, 28, 30, 31, 32, 33, 34, 36, 37, 39, 40, 44, 46, 47], 1.5374862875183044], [[0, 1, 3, 7, 8, 9, 11, 12, 13, 14, 15, 16, 17, 18, 19, 20, 21, 22, 23, 24, 25, 26, 28, 30, 31, 32, 33, 34, 36, 37, 39, 40, 44, 46, 47], 2.743734768399805], [[0, 1, 3, 7, 8, 9, 11, 12, 13, 14, 15, 16, 17, 18, 19, 20, 21, 22, 23, 24, 25, 26, 28, 30, 31, 32, 33, 34, 36, 37, 38, 39, 40, 44, 46, 47], 4.89635649149245], [[0, 1, 3, 7, 8, 9, 11, 12, 13, 14, 15, 16, 17, 18, 19, 20, 21, 22, 23, 24, 25, 26, 28, 30, 31, 32, 33, 34, 36, 37, 38, 39, 40, 44, 45, 46, 47], 8.737837177239832], [[0, 1, 3, 7, 8, 9, 11, 12, 13, 14, 15, 16, 17, 18, 19, 20, 21, 22, 23, 24, 25, 26, 27, 28, 30, 31, 32, 33, 34, 36, 37, 38, 39, 40, 44, 45, 46, 47], 15.593186797635367], [[0, 1, 3, 7, 8, 9, 10, 11, 12, 13, 14, 15, 16, 17, 18, 19, 20, 21, 22, 23, 24, 25, 26, 27, 28, 30, 31, 32, 33, 34, 36, 37, 38, 39, 40, 44, 45, 46, 47], 27.82696441842313], [[0, 1, 3, 7, 8, 9, 10, 11, 12, 13, 14, 15, 16, 17, 18, 19, 20, 21, 22, 23, 24, 25, 26, 27, 28, 30, 31, 32, 33, 34, 36, 37, 38, 39, 40, 42, 44, 45, 46, 47], 49.65886439977824], [[0, 1, 3, 5, 7, 8, 9, 10, 11, 12, 13, 14, 15, 16, 17, 18, 19, 20, 21, 22, 23, 24, 25, 26, 27, 28, 30, 31, 32, 33, 34, 36, 37, 38, 39, 40, 42, 44, 45, 46, 47], 88.61918165626366], [[0, 1, 2, 3, 5, 7, 8, 9, 10, 11, 12, 13, 14, 15, 16, 17, 18, 19, 20, 21, 22, 23, 24, 25, 26, 27, 28, 30, 31, 32, 33, 34, 36, 37, 38, 39, 40, 42, 44, 45, 46, 47], 158.14617310734337], [[0, 1, 2, 3, 4, 5, 7, 8, 9, 10, 11, 12, 13, 14, 15, 16, 17, 18, 19, 20, 21, 22, 23, 24, 25, 26, 27, 28, 30, 31, 32, 33, 34, 36, 37, 38, 39, 40, 42, 44, 45, 46, 47], 282.2212031420861]]}