{"costs": 8723729, "root_join": 28, "join_operands": {"0": [0, 1, 2, 3, 5, 6, 7, 8, 9, 10, 11, 12, 13, 14, 16, 17, 18, 19, 20, 21, 23, 25, 26, 27, 28, 29], "1": [1, 2, 3, 5, 6, 7, 8, 9, 10, 11, 12, 13, 14, 16, 17, 18, 19, 20, 21, 23, 25, 26, 27, 28, 29], "2": [2, 3, 5, 6, 7, 8, 9, 10, 12, 13, 14, 16, 17, 18, 19, 20, 21, 23, 25, 26, 27, 29], "3": [2, 3, 5, 6, 7, 8, 9, 10, 12, 14, 16, 17, 18, 19, 20, 21, 23, 25, 26, 27, 29], "4": [2, 3, 8, 9, 10, 12, 16, 18, 19, 20, 21, 23, 25, 26, 27, 29], "5": [2, 3, 8, 9, 10, 12, 18, 19, 20, 21, 23, 25, 26, 27, 29], "6": [19, 23, 29], "7": [19, 29], "8": [2, 19, 23, 29], "9": [2, 3, 19, 23, 29], "10": [2, 3, 19, 23, 26, 29], "11": [2, 3, 18, 19, 23, 26, 29], "12": [2, 3, 18, 19, 20, 23, 26, 29], "13": [2, 3, 18, 19, 20, 23, 26, 27, 29], "14": [2, 3, 8, 18, 19, 20, 23, 26, 27, 29], "15": [2, 3, 8, 9, 18, 19, 20, 23, 26, 27, 29], "16": [2, 3, 8, 9, 12, 18, 19, 20, 23, 26, 27, 29], "17": [2, 3, 8, 9, 12, 18, 19, 20, 23, 25, 26, 27, 29], "18": [2, 3, 8, 9, 12, 18, 19, 20, 21, 23, 25, 26, 27, 29], "19": [5, 6, 7, 14, 17], "20": [5, 6, 7], "21": [6, 7], "22": [5, 6, 7, 14], "23": [1, 2, 3, 5, 6, 7, 8, 9, 10, 12, 13, 14, 16, 17, 18, 19, 20, 21, 23, 25, 26, 27, 29], "24": [1, 2, 3, 5, 6, 7, 8, 9, 10, 12, 13, 14, 16, 17, 18, 19, 20, 21, 23, 25, 26, 27, 28, 29], "25": [0, 1, 2, 3, 5, 6, 7, 8, 9, 10, 11, 12, 13, 14, 16, 17, 18, 19, 20, 21, 22, 23, 25, 26, 27, 28, 29], "26": [0, 1, 2, 3, 5, 6, 7, 8, 9, 10, 11, 12, 13, 14, 16, 17, 18, 19, 20, 21, 22, 23, 24, 25, 26, 27, 28, 29], "27": [0, 1, 2, 3, 5, 6, 7, 8, 9, 10, 11, 12, 13, 14, 15, 16, 17, 18, 19, 20, 21, 22, 23, 24, 25, 26, 27, 28, 29], "28": [0, 1, 2, 3, 4, 5, 6, 7, 8, 9, 10, 11, 12, 13, 14, 15, 16, 17, 18, 19, 20, 21, 22, 23, 24, 25, 26, 27, 28, 29]}, "join_predecessors": {"0": [1], "2": [3], "4": [5], "6": [7], "7": [], "8": [6], "9": [8], "10": [9], "11": [10], "12": [11], "13": [12], "14": [13], "15": [14], "16": [15], "17": [16], "18": [17], "5": [18], "3": [4, 19], "20": [21], "21": [], "22": [20], "19": [22], "23": [2], "24": [23], "1": [24], "25": [0], "26": [25], "27": [26], "28": [27]}, "intermediate_costs": [[[0, 1, 2, 3, 5, 6, 7, 8, 9, 10, 11, 12, 13, 14, 16, 17, 18, 19, 20, 21, 23, 25, 26, 27, 28, 29], 528569.0509495793], [[1, 2, 3, 5, 6, 7, 8, 9, 10, 11, 12, 13, 14, 16, 17, 18, 19, 20, 21, 23, 25, 26, 27, 28, 29], 1500.0316165447412], [[2, 3, 5, 6, 7, 8, 9, 10, 12, 13, 14, 16, 17, 18, 19, 20, 21, 23, 25, 26, 27, 29], 203.76118517864847], [[2, 3, 5, 6, 7, 8, 9, 10, 12, 14, 16, 17, 18, 19, 20, 21, 23, 25, 26, 27, 29], 98.83509916453912], [[2, 3, 8, 9, 10, 12, 16, 18, 19, 20, 21, 23, 25, 26, 27, 29], 22187.08107624603], [[2, 3, 8, 9, 10, 12, 18, 19, 20, 21, 23, 25, 26, 27, 29], 10.866794014222254], [[19, 23, 29], 0.008020452712001138], [[19, 29], 385.0], [[2, 19, 23, 29], 0.016077461606894237], [[2, 3, 19, 23, 29], 0.8952066902587179], [[2, 3, 19, 23, 26, 29], 1.8662733643054958], [[2, 3, 18, 19, 23, 26, 29], 3.8718994405644267], [[2, 3, 18, 19, 20, 23, 26, 29], 6.194717183378072], [[2, 3, 18, 19, 20, 23, 26, 27, 29], 12.914375869334577], [[2, 3, 8, 18, 19, 20, 23, 26, 27, 29], 26.92308203329388], [[2, 3, 8, 9, 18, 19, 20, 23, 26, 27, 29], 56.12763111637045], [[2, 3, 8, 9, 12, 18, 19, 20, 23, 26, 27, 29], 0.018484884340095556], [[2, 3, 8, 9, 12, 18, 19, 20, 23, 25, 26, 27, 29], 0.03729307861072049], [[2, 3, 8, 9, 12, 18, 19, 20, 21, 23, 25, 26, 27, 29], 0.13252223636623006], [[5, 6, 7, 14, 17], 87.83883843940538], [[5, 6, 7], 20.497630880579013], [[6, 7], 209.0], [[5, 6, 7, 14], 42.13419422572763], [[1, 2, 3, 5, 6, 7, 8, 9, 10, 12, 13, 14, 16, 17, 18, 19, 20, 21, 23, 25, 26, 27, 29], 424.78912986501956], [[1, 2, 3, 5, 6, 7, 8, 9, 10, 12, 13, 14, 16, 17, 18, 19, 20, 21, 23, 25, 26, 27, 28, 29], 885.5749713566539], [[0, 1, 2, 3, 5, 6, 7, 8, 9, 10, 11, 12, 13, 14, 16, 17, 18, 19, 20, 21, 22, 23, 25, 26, 27, 28, 29], 1101929.1389640574], [[0, 1, 2, 3, 5, 6, 7, 8, 9, 10, 11, 12, 13, 14, 16, 17, 18, 19, 20, 21, 22, 23, 24, 25, 26, 27, 28, 29], 2290976.4611585108], [[0, 1, 2, 3, 5, 6, 7, 8, 9, 10, 11, 12, 13, 14, 15, 16, 17, 18, 19, 20, 21, 22, 23, 24, 25, 26, 27, 28, 29], 4776090.6742689945]]}