{"costs": 56066447, "root_join": 28, "join_operands": {"0": [0, 1, 9, 18, 20, 23, 25], "1": [1, 9, 18, 20, 23, 25], "2": [1, 9, 18, 23, 25], "3": [9, 25], "4": [1, 9, 25], "5": [1, 9, 18, 25], "6": [0, 1, 3, 9, 18, 20, 23, 25], "7": [0, 1, 3, 7, 9, 18, 20, 23, 25], "8": [0, 1, 3, 7, 9, 18, 20, 23, 25, 28], "9": [0, 1, 2, 3, 7, 9, 18, 20, 23, 25, 28], "10": [0, 1, 2, 3, 7, 9, 14, 18, 20, 23, 25, 27, 28], "11": [14, 27], "12": [0, 1, 2, 3, 7, 8, 9, 14, 18, 20, 23, 25, 27, 28], "13": [0, 1, 2, 3, 7, 8, 9, 14, 18, 20, 22, 23, 25, 27, 28], "14": [0, 1, 2, 3, 4, 5, 7, 8, 9, 12, 14, 18, 20, 22, 23, 25, 27, 28], "15": [4, 5, 12], "16": [4, 12], "17": [0, 1, 2, 3, 4, 5, 7, 8, 9, 12, 14, 18, 20, 22, 23, 24, 25, 27, 28], "18": [0, 1, 2, 3, 4, 5, 7, 8, 9, 12, 13, 14, 16, 18, 19, 20, 22, 23, 24, 25, 27, 28], "19": [13, 16, 19], "20": [13, 19], "21": [0, 1, 2, 3, 4, 5, 7, 8, 9, 10, 12, 13, 14, 15, 16, 17, 18, 19, 20, 22, 23, 24, 25, 27, 28, 29], "22": [10, 15, 17, 29], "23": [10, 29], "24": [10, 17, 29], "25": [0, 1, 2, 3, 4, 5, 6, 7, 8, 9, 10, 11, 12, 13, 14, 15, 16, 17, 18, 19, 20, 22, 23, 24, 25, 26, 27, 28, 29], "26": [6, 11, 26], "27": [6, 26], "28": [0, 1, 2, 3, 4, 5, 6, 7, 8, 9, 10, 11, 12, 13, 14, 15, 16, 17, 18, 19, 20, 21, 22, 23, 24, 25, 26, 27, 28, 29]}, "join_predecessors": {"0": [1], "1": [2], "3": [], "4": [3], "5": [4], "2": [5], "6": [0], "7": [6], "8": [7], "9": [8], "10": [9, 11], "11": [], "12": [10], "13": [12], "14": [13, 15], "15": [16], "16": [], "17": [14], "18": [17, 19], "19": [20], "20": [], "21": [18, 22], "23": [], "24": [23], "22": [24], "25": [21, 26], "26": [27], "27": [], "28": [25]}, "intermediate_costs": [[[0, 1, 9, 18, 20, 23, 25], 686373.7879639793], [[1, 9, 18, 20, 23, 25], 5608.769003877653], [[1, 9, 18, 23, 25], 345037.5074102699], [[9, 25], 107677.0], [[1, 9, 25], 154501.56422117076], [[1, 9, 18, 25], 227644.1275755405], [[0, 1, 3, 9, 18, 20, 23, 25], 997009.86378668], [[0, 1, 3, 7, 9, 18, 20, 23, 25], 1523993.4611417116], [[0, 1, 3, 7, 9, 18, 20, 23, 25, 28], 2332500.0869649723], [[0, 1, 2, 3, 7, 9, 18, 20, 23, 25, 28], 441.20911607771365], [[0, 1, 2, 3, 7, 9, 14, 18, 20, 23, 25, 27, 28], 1033.5262493554162], [[14, 27], 688733.0], [[0, 1, 2, 3, 7, 8, 9, 14, 18, 20, 23, 25, 27, 28], 1581.8313137670943], [[0, 1, 2, 3, 7, 8, 9, 14, 18, 20, 22, 23, 25, 27, 28], 933.4062609072915], [[0, 1, 2, 3, 4, 5, 7, 8, 9, 12, 14, 18, 20, 22, 23, 25, 27, 28], 3204.0400428482426], [[4, 5, 12], 1987113.019402174], [[4, 12], 134815.0], [[0, 1, 2, 3, 4, 5, 7, 8, 9, 12, 14, 18, 20, 22, 23, 24, 25, 27, 28], 4894.97562113474], [[0, 1, 2, 3, 4, 5, 7, 8, 9, 12, 13, 14, 16, 18, 19, 20, 22, 23, 24, 25, 27, 28], 483407.92627452884], [[13, 16, 19], 13743719.32047819], [[13, 19], 8979779.0], [[0, 1, 2, 3, 4, 5, 7, 8, 9, 10, 12, 13, 14, 15, 16, 17, 18, 19, 20, 22, 23, 24, 25, 27, 28, 29], 2531208.088299828], [[10, 15, 17, 29], 6655690.065514746], [[10, 29], 2886154.0], [[10, 17, 29], 4417312.756075963], [[0, 1, 2, 3, 4, 5, 6, 7, 8, 9, 10, 11, 12, 13, 14, 15, 16, 17, 18, 19, 20, 22, 23, 24, 25, 26, 27, 28, 29], 6532575.914117727], [[6, 11, 26], 580907.7925714286], [[6, 26], 52596.0]]}