{"costs": 6188473, "root_join": 18, "join_operands": {"0": [0, 5, 6, 8, 10], "1": [5, 6, 8, 10], "2": [5, 8], "3": [5, 6, 8], "4": [0, 2, 3, 4, 5, 6, 7, 8, 9, 10, 11, 13, 15, 16, 17, 18, 19], "5": [2, 3, 4, 7, 9, 11, 13, 15, 16, 17, 18, 19], "6": [2, 3, 7, 9, 11, 13, 15, 16, 17, 18, 19], "7": [2, 3, 7, 9, 11, 13, 16, 17, 18, 19], "8": [3, 7, 9, 13, 16, 18], "9": [7, 9, 13, 16, 18], "10": [9, 16], "11": [7, 9, 16, 18], "12": [7, 18], "13": [3, 7, 9, 13, 16, 18, 19], "14": [2, 3, 7, 9, 13, 16, 18, 19], "15": [2, 3, 7, 9, 13, 16, 17, 18, 19], "16": [0, 2, 3, 4, 5, 6, 7, 8, 9, 10, 11, 12, 13, 15, 16, 17, 18, 19], "17": [0, 2, 3, 4, 5, 6, 7, 8, 9, 10, 11, 12, 13, 14, 15, 16, 17, 18, 19], "18": [0, 1, 2, 3, 4, 5, 6, 7, 8, 9, 10, 11, 12, 13, 14, 15, 16, 17, 18, 19]}, "join_predecessors": {"0": [1], "2": [], "3": [2], "1": [3], "4": [0, 5], "5": [6], "6": [7], "8": [9], "10": [], "11": [10, 12], "12": [], "9": [11], "13": [8], "14": [13], "15": [14], "7": [15], "16": [4], "17": [16], "18": [17]}, "intermediate_costs": [[[0, 5, 6, 8, 10], 1269095.730042697], [[5, 6, 8, 10], 50588.43761555133], [[5, 8], 6037.0], [[5, 6, 8], 17177.32957223476], [[0, 2, 3, 4, 5, 6, 7, 8, 9, 10, 11, 13, 15, 16, 17, 18, 19], 399235.6184371736], [[2, 3, 4, 7, 9, 11, 13, 15, 16, 17, 18, 19], 9590.339548219697], [[2, 3, 7, 9, 11, 13, 15, 16, 17, 18, 19], 11779.112888612848], [[2, 3, 7, 9, 11, 13, 16, 17, 18, 19], 2472.4265960486655], [[3, 7, 9, 13, 16, 18], 29.810447340617763], [[7, 9, 13, 16, 18], 9.924189351462335], [[9, 16], 2866.0], [[7, 9, 16, 18], 3.3333064156133205], [[7, 18], 2914.0], [[3, 7, 9, 13, 16, 18, 19], 89.96160664576065], [[2, 3, 7, 9, 13, 16, 18, 19], 271.4850587420187], [[2, 3, 7, 9, 13, 16, 17, 18, 19], 819.2843704499685], [[0, 2, 3, 4, 5, 6, 7, 8, 9, 10, 11, 12, 13, 15, 16, 17, 18, 19], 1102271.6055184754], [[0, 2, 3, 4, 5, 6, 7, 8, 9, 10, 11, 12, 13, 14, 15, 16, 17, 18, 19], 3313221.96579318]]}