{"costs": 5157284, "root_join": 18, "join_operands": {"0": [0, 5, 8], "1": [5, 8], "2": [0, 2, 3, 4, 5, 7, 8, 9, 11, 13, 15, 16, 17, 18, 19], "3": [2, 3, 4, 7, 9, 11, 13, 15, 16, 17, 18, 19], "4": [2, 3, 7, 9, 11, 13, 15, 16, 17, 18, 19], "5": [2, 3, 7, 9, 11, 13, 16, 17, 18, 19], "6": [3, 7, 9, 13, 16, 18], "7": [7, 9, 13, 16, 18], "8": [9, 16], "9": [7, 9, 16, 18], "10": [7, 18], "11": [3, 7, 9, 13, 16, 18, 19], "12": [2, 3, 7, 9, 13, 16, 18, 19], "13": [2, 3, 7, 9, 13, 16, 17, 18, 19], "14": [0, 2, 3, 4, 5, 7, 8, 9, 11, 12, 13, 15, 16, 17, 18, 19], "15": [0, 2, 3, 4, 5, 6, 7, 8, 9, 11, 12, 13, 15, 16, 17, 18, 19], "16": [0, 2, 3, 4, 5, 6, 7, 8, 9, 10, 11, 12, 13, 15, 16, 17, 18, 19], "17": [0, 2, 3, 4, 5, 6, 7, 8, 9, 10, 11, 12, 13, 14, 15, 16, 17, 18, 19], "18": [0, 1, 2, 3, 4, 5, 6, 7, 8, 9, 10, 11, 12, 13, 14, 15, 16, 17, 18, 19]}, "join_predecessors": {"0": [1], "1": [], "2": [0, 3], "3": [4], "4": [5], "6": [7], "8": [], "9": [8, 10], "10": [], "7": [9], "11": [6], "12": [11], "13": [12], "5": [13], "14": [2], "15": [14], "16": [15], "17": [16], "18": [17]}, "intermediate_costs": [[[0, 5, 8], 151448.26136936358], [[5, 8], 6037.0], [[0, 2, 3, 4, 5, 7, 8, 9, 11, 13, 15, 16, 17, 18, 19], 47643.00978855107], [[2, 3, 4, 7, 9, 11, 13, 15, 16, 17, 18, 19], 9590.339548219697], [[2, 3, 7, 9, 11, 13, 15, 16, 17, 18, 19], 11779.112888612848], [[2, 3, 7, 9, 11, 13, 16, 17, 18, 19], 2472.4265960486655], [[3, 7, 9, 13, 16, 18], 29.810447340617763], [[7, 9, 13, 16, 18], 9.924189351462335], [[9, 16], 2866.0], [[7, 9, 16, 18], 3.3333064156133205], [[7, 18], 2914.0], [[3, 7, 9, 13, 16, 18, 19], 89.96160664576065], [[2, 3, 7, 9, 13, 16, 18, 19], 271.4850587420187], [[2, 3, 7, 9, 13, 16, 17, 18, 19], 819.2843704499685], [[0, 2, 3, 4, 5, 7, 8, 9, 11, 12, 13, 15, 16, 17, 18, 19], 131540.20950568773], [[0, 2, 3, 4, 5, 6, 7, 8, 9, 11, 12, 13, 15, 16, 17, 18, 19], 374276.8810137496], [[0, 2, 3, 4, 5, 6, 7, 8, 9, 10, 11, 12, 13, 15, 16, 17, 18, 19], 1102271.6055184754], [[0, 2, 3, 4, 5, 6, 7, 8, 9, 10, 11, 12, 13, 14, 15, 16, 17, 18, 19], 3313221.96579318]]}