{"costs": 5779961, "root_join": 18, "join_operands": {"0": [0, 5, 8], "1": [5, 8], "2": [0, 1, 5, 8], "3": [0, 1, 3, 4, 5, 7, 8, 9, 11, 13, 15, 16, 17, 18, 19], "4": [3, 4, 7, 9, 11, 13, 15, 16, 17, 18, 19], "5": [3, 4, 7, 9, 13, 15, 16, 17, 18, 19], "6": [3, 7, 9, 13, 15, 16, 17, 18, 19], "7": [3, 7, 9, 13, 15, 16, 18, 19], "8": [3, 7, 9, 13, 16, 18, 19], "9": [3, 9, 16], "10": [9, 16], "11": [3, 9, 16, 19], "12": [7, 13, 18], "13": [7, 18], "14": [0, 1, 2, 3, 4, 5, 7, 8, 9, 11, 13, 15, 16, 17, 18, 19], "15": [0, 1, 2, 3, 4, 5, 7, 8, 9, 10, 11, 13, 15, 16, 17, 18, 19], "16": [0, 1, 2, 3, 4, 5, 7, 8, 9, 10, 11, 12, 13, 15, 16, 17, 18, 19], "17": [0, 1, 2, 3, 4, 5, 6, 7, 8, 9, 10, 11, 12, 13, 15, 16, 17, 18, 19], "18": [0, 1, 2, 3, 4, 5, 6, 7, 8, 9, 10, 11, 12, 13, 14, 15, 16, 17, 18, 19]}, "join_predecessors": {"0": [1], "1": [], "2": [0], "3": [2, 4], "5": [6], "7": [8], "9": [10], "10": [], "11": [9], "8": [11, 12], "13": [], "12": [13], "6": [7], "4": [5], "14": [3], "15": [14], "16": [15], "17": [16], "18": [17]}, "intermediate_costs": [[[0, 5, 8], 151448.26136936358], [[5, 8], 6037.0], [[0, 1, 5, 8], 457038.7605682185], [[0, 1, 3, 4, 5, 7, 8, 9, 11, 13, 15, 16, 17, 18, 19], 47643.01102362082], [[3, 4, 7, 9, 11, 13, 15, 16, 17, 18, 19], 3177.9367823555644], [[3, 4, 7, 9, 13, 15, 16, 17, 18, 19], 1053.0682448664006], [[3, 7, 9, 13, 15, 16, 17, 18, 19], 1293.4067321941052], [[3, 7, 9, 13, 15, 16, 18, 19], 428.5942895190166], [[3, 7, 9, 13, 16, 18, 19], 89.96160664576065], [[3, 9, 16], 8608.939133715881], [[9, 16], 2866.0], [[3, 9, 16, 19], 25979.952166950407], [[7, 13, 18], 8675.796390845813], [[7, 18], 2914.0], [[0, 1, 2, 3, 4, 5, 7, 8, 9, 11, 13, 15, 16, 17, 18, 19], 143776.50787547225], [[0, 1, 2, 3, 4, 5, 7, 8, 9, 10, 11, 13, 15, 16, 17, 18, 19], 423431.8768032977], [[0, 1, 2, 3, 4, 5, 7, 8, 9, 10, 11, 12, 13, 15, 16, 17, 18, 19], 1169076.3877700483], [[0, 1, 2, 3, 4, 5, 6, 7, 8, 9, 10, 11, 12, 13, 15, 16, 17, 18, 19], 3326422.131496413]]}