{"costs": 4448107, "root_join": 26, "join_operands": {"0": [0, 2, 5, 7, 8, 9, 11, 12, 14, 15, 21, 22, 23, 24, 26, 28, 29], "1": [2, 5, 7, 8, 9, 11, 12, 14, 15, 21, 22, 23, 24, 26, 28, 29], "2": [2, 9, 12], "3": [9, 12], "4": [2, 9, 12, 14, 21, 26, 28], "5": [14, 21, 26, 28], "6": [14, 26], "7": [14, 21, 26], "8": [2, 9, 11, 12, 14, 21, 26, 28], "9": [2, 9, 11, 12, 14, 15, 21, 26, 28], "10": [2, 5, 7, 8, 9, 11, 12, 14, 15, 21, 22, 26, 28, 29], "11": [5, 7, 8, 22, 29], "12": [7, 8, 22, 29], "13": [7, 22], "14": [7, 8, 22], "15": [2, 5, 7, 8, 9, 11, 12, 14, 15, 21, 22, 24, 26, 28, 29], "16": [0, 2, 5, 7, 8, 9, 10, 11, 12, 14, 15, 21, 22, 23, 24, 26, 28, 29], "17": [0, 2, 5, 7, 8, 9, 10, 11, 12, 14, 15, 19, 21, 22, 23, 24, 26, 28, 29], "18": [0, 2, 5, 7, 8, 9, 10, 11, 12, 14, 15, 19, 21, 22, 23, 24, 26, 27, 28, 29], "19": [0, 2, 3, 5, 7, 8, 9, 10, 11, 12, 14, 15, 19, 21, 22, 23, 24, 26, 27, 28, 29], "20": [0, 1, 2, 3, 5, 7, 8, 9, 10, 11, 12, 14, 15, 19, 21, 22, 23, 24, 26, 27, 28, 29], "21": [0, 1, 2, 3, 5, 7, 8, 9, 10, 11, 12, 14, 15, 17, 19, 21, 22, 23, 24, 26, 27, 28, 29], "22": [0, 1, 2, 3, 5, 7, 8, 9, 10, 11, 12, 14, 15, 16, 17, 19, 21, 22, 23, 24, 26, 27, 28, 29], "23": [0, 1, 2, 3, 4, 5, 7, 8, 9, 10, 11, 12, 14, 15, 16, 17, 19, 21, 22, 23, 24, 26, 27, 28, 29], "24": [0, 1, 2, 3, 4, 5, 6, 7, 8, 9, 10, 11, 12, 14, 15, 16, 17, 19, 21, 22, 23, 24, 26, 27, 28, 29], "25": [0, 1, 2, 3, 4, 5, 6, 7, 8, 9, 10, 11, 12, 13, 14, 15, 16, 17, 19, 21, 22, 23, 24, 26, 27, 28, 29], "26": [0, 1, 2, 3, 4, 5, 6, 7, 8, 9, 10, 11, 12, 13, 14, 15, 16, 17, 18, 19, 20, 21, 22, 23, 24, 25, 26, 27, 28, 29], "27": [18, 20, 25], "28": [18, 20]}, "join_predecessors": {"0": [1], "2": [3], "3": [], "4": [2, 5], "6": [], "7": [6], "5": [7], "8": [4], "9": [8], "10": [9, 11], "11": [12], "13": [], "14": [13], "12": [14], "15": [10], "1": [15], "16": [0], "17": [16], "18": [17], "19": [18], "20": [19], "21": [20], "22": [21], "23": [22], "24": [23], "25": [24], "26": [25, 27], "28": [], "27": [28]}, "intermediate_costs": [[[0, 2, 5, 7, 8, 9, 11, 12, 14, 15, 21, 22, 23, 24, 26, 28, 29], 20.382074377647783], [[2, 5, 7, 8, 9, 11, 12, 14, 15, 21, 22, 23, 24, 26, 28, 29], 9.82675749802125], [[2, 9, 12], 783.6038415300546], [[9, 12], 212.00000000000003], [[2, 9, 12, 14, 21, 26, 28], 33.55896406579774], [[14, 21, 26, 28], 684.691446262404], [[14, 26], 1888.0000000000002], [[14, 21, 26], 5179.76425960265], [[2, 9, 11, 12, 14, 21, 26, 28], 71.1688120783921], [[2, 9, 11, 12, 14, 15, 21, 26, 28], 151.35101504961742], [[2, 5, 7, 8, 9, 11, 12, 14, 15, 21, 22, 26, 28, 29], 3.2148454137899454], [[5, 7, 8, 22, 29], 4634.433442584861], [[7, 8, 22, 29], 479.05210522213764], [[7, 22], 222.0], [[7, 8, 22], 236.05818032786883], [[2, 5, 7, 8, 9, 11, 12, 14, 15, 21, 22, 24, 26, 28, 29], 4.785796330813285], [[0, 2, 5, 7, 8, 9, 10, 11, 12, 14, 15, 21, 22, 23, 24, 26, 28, 29], 43.11859831568434], [[0, 2, 5, 7, 8, 9, 10, 11, 12, 14, 15, 19, 21, 22, 23, 24, 26, 28, 29], 91.45100366356401], [[0, 2, 5, 7, 8, 9, 10, 11, 12, 14, 15, 19, 21, 22, 23, 24, 26, 27, 28, 29], 194.48420512095845], [[0, 2, 3, 5, 7, 8, 9, 10, 11, 12, 14, 15, 19, 21, 22, 23, 24, 26, 27, 28, 29], 413.59981485290876], [[0, 1, 2, 3, 5, 7, 8, 9, 10, 11, 12, 14, 15, 19, 21, 22, 23, 24, 26, 27, 28, 29], 70861.62071040452], [[0, 1, 2, 3, 5, 7, 8, 9, 10, 11, 12, 14, 15, 17, 19, 21, 22, 23, 24, 26, 27, 28, 29], 113719.65988956303], [[0, 1, 2, 3, 5, 7, 8, 9, 10, 11, 12, 14, 15, 16, 17, 19, 21, 22, 23, 24, 26, 27, 28, 29], 241841.9534176444], [[0, 1, 2, 3, 4, 5, 7, 8, 9, 10, 11, 12, 14, 15, 16, 17, 19, 21, 22, 23, 24, 26, 27, 28, 29], 512926.9525275863], [[0, 1, 2, 3, 4, 5, 6, 7, 8, 9, 10, 11, 12, 14, 15, 16, 17, 19, 21, 22, 23, 24, 26, 27, 28, 29], 1090816.2782081591], [[0, 1, 2, 3, 4, 5, 6, 7, 8, 9, 10, 11, 12, 13, 14, 15, 16, 17, 19, 21, 22, 23, 24, 26, 27, 28, 29], 2319784.809397213], [[18, 20, 25], 56317.95431385378], [[18, 20], 26482.0]]}