{"costs": 11646698, "root_join": 0, "join_operands": {"0": [0, 1, 2, 3, 4, 5, 6, 7, 8, 9, 10, 11, 12, 13, 14, 15, 16, 17, 18, 19], "1": [0, 1, 2, 3, 4, 5, 6, 7, 8, 9, 10, 11, 12, 14, 15, 16, 17, 18, 19], "2": [], "3": [0, 1, 2, 3, 4, 5, 6, 7, 8, 9, 10, 11, 12, 14, 16, 17, 18, 19], "4": [], "5": [], "6": [], "7": [0, 1, 2, 3, 4, 5, 6, 7, 8, 9, 10, 11, 12, 14, 16, 17, 18], "8": [], "9": [], "10": [], "11": [], "12": [], "13": [], "14": [], "15": [0, 1], "16": [0, 1, 11], "17": [0, 1, 8, 11], "18": [0, 1, 7, 8, 10, 11], "19": [7, 10], "20": [0, 1, 4, 7, 8, 10, 11], "21": [0, 1, 4, 6, 7, 8, 10, 11], "22": [0, 1, 4, 6, 7, 8, 10, 11, 18], "23": [0, 1, 3, 4, 6, 7, 8, 10, 11, 18], "24": [0, 1, 2, 3, 4, 6, 7, 8, 10, 11, 18], "25": [0, 1, 2, 3, 4, 6, 7, 8, 10, 11, 14, 18], "26": [0, 1, 2, 3, 4, 5, 6, 7, 8, 10, 11, 14, 18], "27": [0, 1, 2, 3, 4, 5, 6, 7, 8, 10, 11, 14, 17, 18], "28": [0, 1, 2, 3, 4, 5, 6, 7, 8, 10, 11, 12, 14, 17, 18], "29": [0, 1, 2, 3, 4, 5, 6, 7, 8, 10, 11, 12, 14, 16, 17, 18]}, "join_predecessors": {"0": [1], "1": [3], "2": [], "3": [7], "4": [], "5": [], "6": [], "7": [29], "8": [], "9": [], "10": [], "11": [], "12": [], "13": [], "14": [], "15": [], "16": [15], "17": [16], "18": [17, 19], "19": [], "20": [18], "21": [20], "22": [21], "23": [22], "24": [23], "25": [24], "26": [25], "27": [26], "28": [27], "29": [28]}, "intermediate_costs": [[[0, 1, 2, 3, 4, 5, 6, 7, 8, 9, 10, 11, 12, 14, 15, 16, 17, 18, 19], 863886.1017718086], [[0, 1, 2, 3, 4, 5, 6, 7, 8, 9, 10, 11, 12, 14, 16, 17, 18, 19], 838405.4895732324], [[0, 1, 2, 3, 4, 5, 6, 7, 8, 9, 10, 11, 12, 14, 16, 17, 18], 813673.11907241], [[0, 1], 74961.0], [[0, 1, 11], 67676.64550515465], [[0, 1, 8, 11], 67989.91162713213], [[0, 1, 7, 8, 10, 11], 686113.433047675], [[7, 10], 1028337.0], [[0, 1, 4, 7, 8, 10, 11], 685546.9425979442], [[0, 1, 4, 6, 7, 8, 10, 11], 706386.6040938476], [[0, 1, 4, 6, 7, 8, 10, 11, 18], 727859.7825319499], [[0, 1, 3, 4, 6, 7, 8, 10, 11, 18], 674987.1297351482], [[0, 1, 2, 3, 4, 6, 7, 8, 10, 11, 18], 687862.6106858174], [[0, 1, 2, 3, 4, 6, 7, 8, 10, 11, 14, 18], 701389.6563745147], [[0, 1, 2, 3, 4, 5, 6, 7, 8, 10, 11, 14, 18], 721820.6169962216], [[0, 1, 2, 3, 4, 5, 6, 7, 8, 10, 11, 14, 17, 18], 743762.9581204682], [[0, 1, 2, 3, 4, 5, 6, 7, 8, 10, 11, 12, 14, 17, 18], 766371.6400609817], [[0, 1, 2, 3, 4, 5, 6, 7, 8, 10, 11, 12, 14, 16, 17, 18], 789668.2808545044]]}