{"costs": 317761.57249133015, "intermediate_costs": [[[3, 4, 7, 9, 11, 12, 14, 17, 18, 19, 20, 22, 23, 24, 25, 26, 27, 28, 29, 30, 31, 32, 33, 34, 35, 36, 38, 39, 40, 41, 42, 44, 45, 46, 47, 49], 0.0077907069670413946], [[3, 7, 9, 11, 12, 14, 18, 20, 22, 23, 24, 25, 27, 28, 29, 31, 33, 35, 36, 41, 42, 45, 46, 47], 3.038992407257751e-07], [[33, 47], 73.0], [[11, 33, 47], 0.49772727272727274], [[11, 33, 35, 47], 0.0169998031496063], [[9, 11, 33, 35, 47], 0.0008231459643030546], [[3, 9, 11, 33, 35, 47], 0.001696168394931078], [[3, 9, 11, 31, 33, 35, 47], 0.003495112567973108], [[3, 9, 11, 31, 33, 35, 42, 47], 1.3874041692539621e-06], [[3, 9, 11, 25, 31, 33, 35, 42, 47], 2.3294538289391204e-06], [[3, 9, 11, 25, 31, 33, 35, 41, 42, 47], 1.7777886004578013e-08], [[3, 7, 9, 11, 25, 31, 33, 35, 41, 42, 47], 3.6632986242080173e-08], [[3, 7, 9, 11, 12, 25, 31, 33, 35, 41, 42, 47], 1.7195047988964356e-06], [[3, 7, 9, 11, 12, 14, 25, 31, 33, 35, 41, 42, 47], 9.516837040343937e-05], [[3, 7, 9, 11, 12, 14, 20, 25, 31, 33, 35, 41, 42, 47], 2.6556966526792003e-07], [[3, 7, 9, 11, 12, 14, 20, 24, 25, 31, 33, 35, 41, 42, 47], 5.26962643982081e-07], [[3, 7, 9, 11, 12, 14, 20, 24, 25, 27, 31, 33, 35, 41, 42, 47], 1.639439336833141e-09], [[3, 7, 9, 11, 12, 14, 18, 20, 24, 25, 27, 31, 33, 35, 41, 42, 47], 3.378217073091874e-09], [[3, 7, 9, 11, 12, 14, 18, 20, 24, 25, 27, 28, 31, 33, 35, 41, 42, 47], 6.961129737783414e-09], [[3, 7, 9, 11, 12, 14, 18, 20, 22, 24, 25, 27, 28, 31, 33, 35, 41, 42, 47], 2.6877172406923726e-07], [[3, 7, 9, 11, 12, 14, 18, 20, 22, 23, 24, 25, 27, 28, 31, 33, 35, 41, 42, 47], 3.2782693221033972e-06], [[3, 7, 9, 11, 12, 14, 18, 20, 22, 23, 24, 25, 27, 28, 31, 33, 35, 41, 42, 46, 47], 3.852086529830072e-08], [[3, 7, 9, 11, 12, 14, 18, 20, 22, 23, 24, 25, 27, 28, 31, 33, 35, 41, 42, 45, 46, 47], 7.572634115610693e-08], [[3, 7, 9, 11, 12, 14, 18, 20, 22, 23, 24, 25, 27, 28, 31, 33, 35, 36, 41, 42, 45, 46, 47], 1.514951349580135e-07], [[3, 4, 7, 9, 11, 12, 14, 18, 20, 22, 23, 24, 25, 27, 28, 29, 31, 33, 35, 36, 41, 42, 45, 46, 47], 6.128889392957234e-07], [[3, 4, 7, 9, 11, 12, 14, 18, 20, 22, 23, 24, 25, 26, 27, 28, 29, 31, 33, 35, 36, 41, 42, 45, 46, 47], 1.2490364251225707e-06], [[3, 4, 7, 9, 11, 12, 14, 18, 19, 20, 22, 23, 24, 25, 26, 27, 28, 29, 31, 33, 35, 36, 41, 42, 45, 46, 47], 1.3628573069806724e-05], [[3, 4, 7, 9, 11, 12, 14, 17, 18, 19, 20, 22, 23, 24, 25, 26, 27, 28, 29, 31, 33, 35, 36, 41, 42, 45, 46, 47], 2.5030445746366883e-05], [[3, 4, 7, 9, 11, 12, 14, 17, 18, 19, 20, 22, 23, 24, 25, 26, 27, 28, 29, 31, 33, 34, 35, 36, 41, 42, 45, 46, 47], 5.034364201253241e-05], [[3, 4, 7, 9, 11, 12, 14, 17, 18, 19, 20, 22, 23, 24, 25, 26, 27, 28, 29, 31, 33, 34, 35, 36, 41, 42, 44, 45, 46, 47], 0.00010373774724427779], [[3, 4, 7, 9, 11, 12, 14, 17, 18, 19, 20, 22, 23, 24, 25, 26, 27, 28, 29, 31, 32, 33, 34, 35, 36, 41, 42, 44, 45, 46, 47], 0.00021376126818812945], [[3, 4, 7, 9, 11, 12, 14, 17, 18, 19, 20, 22, 23, 24, 25, 26, 27, 28, 29, 31, 32, 33, 34, 35, 36, 39, 41, 42, 44, 45, 46, 47], 0.0004321632245533754], [[3, 4, 7, 9, 11, 12, 14, 17, 18, 19, 20, 22, 23, 24, 25, 26, 27, 28, 29, 31, 32, 33, 34, 35, 36, 38, 39, 41, 42, 44, 45, 46, 47], 0.0008904723241922299], [[3, 4, 7, 9, 11, 12, 14, 17, 18, 19, 20, 22, 23, 24, 25, 26, 27, 28, 29, 31, 32, 33, 34, 35, 36, 38, 39, 41, 42, 44, 45, 46, 47, 49], 0.0018348182239980898], [[3, 4, 7, 9, 11, 12, 14, 17, 18, 19, 20, 22, 23, 24, 25, 26, 27, 28, 29, 31, 32, 33, 34, 35, 36, 38, 39, 40, 41, 42, 44, 45, 46, 47, 49], 0.0037808090955053554], [[3, 4, 7, 9, 11, 12, 14, 16, 17, 18, 19, 20, 22, 23, 24, 25, 26, 27, 28, 29, 30, 31, 32, 33, 34, 35, 36, 38, 39, 40, 41, 42, 44, 45, 46, 47, 49], 0.0160534748360078], [[3, 4, 7, 9, 11, 12, 14, 16, 17, 18, 19, 20, 22, 23, 24, 25, 26, 27, 28, 29, 30, 31, 32, 33, 34, 35, 36, 37, 38, 39, 40, 41, 42, 44, 45, 46, 47, 49], 0.03307967576419911], [[3, 4, 7, 9, 11, 12, 14, 15, 16, 17, 18, 19, 20, 22, 23, 24, 25, 26, 27, 28, 29, 30, 31, 32, 33, 34, 35, 36, 37, 38, 39, 40, 41, 42, 44, 45, 46, 47, 49], 0.06816374381248914], [[2, 3, 4, 7, 9, 11, 12, 14, 15, 16, 17, 18, 19, 20, 22, 23, 24, 25, 26, 27, 28, 29, 30, 31, 32, 33, 34, 35, 36, 37, 38, 39, 40, 41, 42, 44, 45, 46, 47, 49], 0.14045772718740618], [[2, 3, 4, 7, 9, 11, 12, 14, 15, 16, 17, 18, 19, 20, 21, 22, 23, 24, 25, 26, 27, 28, 29, 30, 31, 32, 33, 34, 35, 36, 37, 38, 39, 40, 41, 42, 44, 45, 46, 47, 49], 0.28942619404320846], [[2, 3, 4, 5, 7, 9, 11, 12, 14, 15, 16, 17, 18, 19, 20, 21, 22, 23, 24, 25, 26, 27, 28, 29, 30, 31, 32, 33, 34, 35, 36, 37, 38, 39, 40, 41, 42, 44, 45, 46, 47, 49], 0.5963895682046685], [[2, 3, 4, 5, 6, 7, 9, 11, 12, 14, 15, 16, 17, 18, 19, 20, 21, 22, 23, 24, 25, 26, 27, 28, 29, 30, 31, 32, 33, 34, 35, 36, 37, 38, 39, 40, 41, 42, 44, 45, 46, 47, 49], 1.228916129228411], [[2, 3, 4, 5, 6, 7, 9, 11, 12, 14, 15, 16, 17, 18, 19, 20, 21, 22, 23, 24, 25, 26, 27, 28, 29, 30, 31, 32, 33, 34, 35, 36, 37, 38, 39, 40, 41, 42, 43, 44, 45, 46, 47, 49], 809.8980821586135], [[0, 2, 3, 4, 5, 6, 7, 9, 11, 12, 14, 15, 16, 17, 18, 19, 20, 21, 22, 23, 24, 25, 26, 27, 28, 29, 30, 31, 32, 33, 34, 35, 36, 37, 38, 39, 40, 41, 42, 43, 44, 45, 46, 47, 49], 1649.2364908036927], [[0, 2, 3, 4, 5, 6, 7, 9, 10, 11, 12, 14, 15, 16, 17, 18, 19, 20, 21, 22, 23, 24, 25, 26, 27, 28, 29, 30, 31, 32, 33, 34, 35, 36, 37, 38, 39, 40, 41, 42, 43, 44, 45, 46, 47, 49], 10023.556944465758], [[0, 1, 2, 3, 4, 5, 6, 7, 9, 10, 11, 12, 14, 15, 16, 17, 18, 19, 20, 21, 22, 23, 24, 25, 26, 27, 28, 29, 30, 31, 32, 33, 34, 35, 36, 37, 38, 39, 40, 41, 42, 43, 44, 45, 46, 47, 49], 20654.470602856334], [[0, 1, 2, 3, 4, 5, 6, 7, 9, 10, 11, 12, 14, 15, 16, 17, 18, 19, 20, 21, 22, 23, 24, 25, 26, 27, 28, 29, 30, 31, 32, 33, 34, 35, 36, 37, 38, 39, 40, 41, 42, 43, 44, 45, 46, 47, 48, 49], 42560.45615821002], [[0, 1, 2, 3, 4, 5, 6, 7, 8, 9, 10, 11, 12, 14, 15, 16, 17, 18, 19, 20, 21, 22, 23, 24, 25, 26, 27, 28, 29, 30, 31, 32, 33, 34, 35, 36, 37, 38, 39, 40, 41, 42, 43, 44, 45, 46, 47, 48, 49], 241988.04574190607]]}