{"costs": 2816878.760120116, "intermediate_costs": [[[0, 2, 7, 11, 12, 13, 15, 16, 19, 21, 23, 24, 25, 29, 31, 32, 34, 36, 38, 39, 40, 41, 42, 44], 3.192266655564685e-10], [[2, 34], 600.0], [[2, 31, 34], 3.8324074074074073], [[2, 29, 31, 34], 0.016307185326189133], [[2, 29, 31, 32, 34], 0.03499960692229776], [[2, 29, 31, 32, 34, 36], 0.0001956201446225673], [[2, 29, 31, 32, 34, 36, 40], 0.0006997559865126794], [[2, 12, 29, 31, 32, 34, 36, 40], 6.019587643012688e-07], [[0, 2, 12, 29, 31, 32, 34, 36, 40], 2.1532760154482165e-06], [[0, 2, 12, 23, 29, 31, 32, 34, 36, 40], 6.861062412332081e-06], [[0, 2, 12, 15, 23, 29, 31, 32, 34, 36, 40], 6.874462924856167e-09], [[0, 2, 12, 13, 15, 23, 29, 31, 32, 34, 36, 40], 3.3069135127120193e-07], [[0, 2, 12, 13, 15, 19, 23, 29, 31, 32, 34, 36, 40], 1.03844250747493e-06], [[0, 2, 12, 13, 15, 19, 23, 25, 29, 31, 32, 34, 36, 40], 2.835535150711138e-09], [[0, 2, 12, 13, 15, 16, 19, 23, 25, 29, 31, 32, 34, 36, 40], 1.014303915381692e-08], [[0, 2, 12, 13, 15, 16, 19, 23, 25, 29, 31, 32, 34, 36, 40, 42], 4.836692852256456e-11], [[0, 2, 12, 13, 15, 16, 19, 23, 25, 29, 31, 32, 34, 36, 40, 41, 42], 1.7301413090618882e-10], [[0, 2, 12, 13, 15, 16, 19, 23, 25, 29, 31, 32, 34, 36, 38, 40, 41, 42], 6.188916796775833e-10], [[0, 2, 12, 13, 15, 16, 19, 23, 25, 29, 31, 32, 34, 36, 38, 39, 40, 41, 42], 2.4193038387396434e-12], [[0, 2, 11, 12, 13, 15, 16, 19, 23, 25, 29, 31, 32, 34, 36, 38, 39, 40, 41, 42], 2.8847074010423532e-12], [[0, 2, 11, 12, 13, 15, 16, 19, 23, 25, 29, 31, 32, 34, 36, 38, 39, 40, 41, 42, 44], 7.988846116527152e-12], [[0, 2, 11, 12, 13, 15, 16, 19, 23, 24, 25, 29, 31, 32, 34, 36, 38, 39, 40, 41, 42, 44], 2.6486029868051127e-11], [[0, 2, 11, 12, 13, 15, 16, 19, 21, 23, 24, 25, 29, 31, 32, 34, 36, 38, 39, 40, 41, 42, 44], 9.095386796077921e-11], [[0, 2, 7, 11, 12, 13, 15, 16, 19, 21, 23, 24, 25, 29, 31, 32, 34, 36, 38, 39, 40, 41, 42, 44, 47], 1.1286327455094698e-09], [[0, 2, 7, 11, 12, 13, 15, 16, 19, 21, 23, 24, 25, 29, 31, 32, 34, 36, 38, 39, 40, 41, 42, 44, 45, 47], 3.997572583393218e-09], [[0, 2, 7, 11, 12, 13, 15, 16, 19, 21, 23, 24, 25, 29, 31, 32, 34, 36, 38, 39, 40, 41, 42, 43, 44, 45, 47], 1.4221634777472251e-08], [[0, 2, 7, 11, 12, 13, 15, 16, 19, 21, 23, 24, 25, 29, 31, 32, 34, 35, 36, 38, 39, 40, 41, 42, 43, 44, 45, 47], 5.0725412842247884e-08], [[0, 2, 7, 11, 12, 13, 15, 16, 19, 21, 23, 24, 25, 27, 29, 31, 32, 34, 35, 36, 38, 39, 40, 41, 42, 43, 44, 45, 47], 1.8125347698756283e-07], [[0, 2, 7, 9, 11, 12, 13, 15, 16, 19, 21, 23, 24, 25, 27, 29, 31, 32, 34, 35, 36, 38, 39, 40, 41, 42, 43, 44, 45, 47], 6.467499110798411e-07], [[0, 2, 7, 9, 11, 12, 13, 15, 16, 19, 21, 22, 23, 24, 25, 27, 29, 31, 32, 34, 35, 36, 38, 39, 40, 41, 42, 43, 44, 45, 47], 2.313497244836488e-06], [[0, 2, 6, 7, 9, 11, 12, 13, 15, 16, 19, 21, 22, 23, 24, 25, 27, 29, 31, 32, 34, 35, 36, 38, 39, 40, 41, 42, 43, 44, 45, 47], 8.275640104734833e-06], [[0, 2, 6, 7, 8, 9, 11, 12, 13, 15, 16, 19, 21, 22, 23, 24, 25, 27, 29, 31, 32, 34, 35, 36, 38, 39, 40, 41, 42, 43, 44, 45, 47], 2.9602907449078813e-05], [[0, 2, 5, 6, 7, 8, 9, 11, 12, 13, 15, 16, 19, 21, 22, 23, 24, 25, 27, 29, 31, 32, 34, 35, 36, 38, 39, 40, 41, 42, 43, 44, 45, 47], 0.00010589297242848204], [[0, 2, 4, 5, 6, 7, 8, 9, 11, 12, 13, 15, 16, 19, 21, 22, 23, 24, 25, 27, 29, 31, 32, 34, 35, 36, 38, 39, 40, 41, 42, 43, 44, 45, 47], 0.00037879139113364854], [[0, 2, 4, 5, 6, 7, 8, 9, 11, 12, 13, 15, 16, 17, 19, 21, 22, 23, 24, 25, 27, 29, 31, 32, 34, 35, 36, 38, 39, 40, 41, 42, 43, 44, 45, 47], 0.0013549805497609405], [[0, 2, 3, 4, 5, 6, 7, 8, 9, 11, 12, 13, 15, 16, 17, 19, 21, 22, 23, 24, 25, 27, 29, 31, 32, 34, 35, 36, 38, 39, 40, 41, 42, 43, 44, 45, 47], 0.004846923024770817], [[0, 2, 3, 4, 5, 6, 7, 8, 9, 10, 11, 12, 13, 15, 16, 17, 19, 21, 22, 23, 24, 25, 27, 29, 31, 32, 34, 35, 36, 38, 39, 40, 41, 42, 43, 44, 45, 47], 0.017338003445081313], [[0, 2, 3, 4, 5, 6, 7, 8, 9, 10, 11, 12, 13, 15, 16, 17, 19, 21, 22, 23, 24, 25, 27, 29, 31, 32, 33, 34, 35, 36, 38, 39, 40, 41, 42, 43, 44, 45, 47], 0.06202005164250889], [[0, 2, 3, 4, 5, 6, 7, 8, 9, 10, 11, 12, 13, 15, 16, 17, 19, 21, 22, 23, 24, 25, 27, 29, 30, 31, 32, 33, 34, 35, 36, 38, 39, 40, 41, 42, 43, 44, 45, 47], 0.22185292660272804], [[0, 2, 3, 4, 5, 6, 7, 8, 9, 10, 11, 12, 13, 15, 16, 17, 18, 19, 21, 22, 23, 24, 25, 27, 29, 30, 31, 32, 33, 34, 35, 36, 38, 39, 40, 41, 42, 43, 44, 45, 47], 0.793593696832239], [[0, 2, 3, 4, 5, 6, 7, 8, 9, 10, 11, 12, 13, 15, 16, 17, 18, 19, 21, 22, 23, 24, 25, 27, 29, 30, 31, 32, 33, 34, 35, 36, 38, 39, 40, 41, 42, 43, 44, 45, 46, 47], 2.8387769405948693], [[0, 2, 3, 4, 5, 6, 7, 8, 9, 10, 11, 12, 13, 15, 16, 17, 18, 19, 21, 22, 23, 24, 25, 27, 28, 29, 30, 31, 32, 33, 34, 35, 36, 38, 39, 40, 41, 42, 43, 44, 45, 46, 47], 10.154635278608545], [[0, 1, 2, 3, 4, 5, 6, 7, 8, 9, 10, 11, 12, 13, 15, 16, 17, 18, 19, 21, 22, 23, 24, 25, 27, 28, 29, 30, 31, 32, 33, 34, 35, 36, 38, 39, 40, 41, 42, 43, 44, 45, 46, 47], 36.32431190204977], [[0, 1, 2, 3, 4, 5, 6, 7, 8, 9, 10, 11, 12, 13, 14, 15, 16, 17, 18, 19, 21, 22, 23, 24, 25, 27, 28, 29, 30, 31, 32, 33, 34, 35, 36, 38, 39, 40, 41, 42, 43, 44, 45, 46, 47], 129.9362922698056], [[0, 1, 2, 3, 4, 5, 6, 7, 8, 9, 10, 11, 12, 13, 14, 15, 16, 17, 18, 19, 21, 22, 23, 24, 25, 27, 28, 29, 30, 31, 32, 33, 34, 35, 36, 38, 39, 40, 41, 42, 43, 44, 45, 46, 47, 49], 464.797243629868], [[0, 1, 2, 3, 4, 5, 6, 7, 8, 9, 10, 11, 12, 13, 14, 15, 16, 17, 18, 19, 21, 22, 23, 24, 25, 26, 27, 28, 29, 30, 31, 32, 33, 34, 35, 36, 38, 39, 40, 41, 42, 43, 44, 45, 46, 47, 49], 1662.6338492096686], [[0, 1, 2, 3, 4, 5, 6, 7, 8, 9, 10, 11, 12, 13, 14, 15, 16, 17, 18, 19, 21, 22, 23, 24, 25, 26, 27, 28, 29, 30, 31, 32, 33, 34, 35, 36, 38, 39, 40, 41, 42, 43, 44, 45, 46, 47, 48, 49], 5947.434857120222], [[0, 1, 2, 3, 4, 5, 6, 7, 8, 9, 10, 11, 12, 13, 14, 15, 16, 17, 18, 19, 20, 21, 22, 23, 24, 25, 26, 27, 28, 29, 30, 31, 32, 33, 34, 35, 36, 38, 39, 40, 41, 42, 43, 44, 45, 46, 47, 48, 49], 2808019.6540008266]]}