{"costs": 71430195.50026776, "int_costs": [[[0, 1, 2, 3, 4, 5, 6, 7, 8, 9, 11, 13, 14, 15, 16, 17, 18, 19, 20, 21, 22, 23, 24, 25, 27, 28, 29, 30, 31, 32, 33, 34, 35, 36, 37, 38, 39], 2463211.61886097], [[10, 12, 26], 62758930.78369673], [[0, 1, 2, 3, 4, 5, 6, 7, 8, 9, 11, 13, 14, 15, 16, 17, 18, 19, 20, 21, 22, 23, 24, 25, 27, 28, 29, 30, 31, 32, 33, 35, 36, 37, 38, 39], 3433569.6712192665], [[10, 12], 919999.0], [[0, 1, 2, 3, 4, 5, 6, 7, 8, 9, 11, 13, 14, 15, 16, 17, 18, 19, 20, 21, 22, 23, 24, 27, 28, 29, 30, 31, 32, 33, 35, 36, 37, 38, 39], 226389.2091725507], [[0, 1, 2, 3, 4, 6, 7, 8, 11, 13, 14, 15, 16, 17, 18, 19, 20, 21, 22, 23, 24, 27, 28, 29, 30, 31, 32, 33, 35, 36, 37, 38, 39], 227770.1318088897], [[5, 9], 427393.0], [[0, 1, 2, 3, 6, 7, 8, 11, 13, 14, 15, 16, 17, 18, 19, 20, 21, 22, 23, 24, 27, 28, 29, 30, 31, 32, 33, 35, 36, 37, 38, 39], 227770.13180888956], [[0, 1, 2, 3, 6, 7, 8, 11, 13, 15, 16, 17, 18, 19, 20, 21, 22, 23, 24, 27, 28, 29, 30, 31, 32, 33, 35, 36, 37, 38, 39], 227770.13180888968], [[0, 1, 2, 3, 6, 7, 8, 11, 13, 15, 16, 17, 18, 19, 20, 21, 22, 23, 24, 27, 28, 29, 30, 31, 32, 33, 35, 37, 38, 39], 248795.07258967278], [[0, 1, 2, 3, 6, 8, 11, 13, 15, 16, 17, 18, 19, 20, 21, 22, 23, 24, 27, 28, 29, 30, 31, 32, 33, 35, 37, 38, 39], 264256.5544379817], [[0, 1, 2, 3, 6, 8, 11, 13, 15, 16, 17, 18, 19, 20, 21, 22, 23, 24, 27, 28, 29, 30, 31, 32, 33, 35, 38, 39], 2956.805520055394], [[0, 1, 2, 3, 6, 8, 13, 15, 16, 17, 18, 19, 20, 21, 22, 23, 24, 27, 28, 29, 30, 31, 32, 33, 35, 38, 39], 613.9429147505097], [[0, 1, 3, 6, 8, 13, 15, 16, 17, 18, 19, 20, 21, 22, 23, 24, 27, 28, 29, 30, 31, 32, 33, 35, 38, 39], 635.8694566821468], [[0, 1, 3, 6, 8, 13, 15, 16, 17, 18, 19, 20, 21, 22, 23, 24, 27, 28, 29, 30, 32, 33, 35, 38, 39], 2.1161762074877077], [[0, 1, 3, 6, 8, 13, 15, 16, 17, 18, 19, 20, 21, 22, 23, 24, 27, 28, 29, 30, 33, 35, 38, 39], 0.338423776871816], [[1, 3, 22, 23, 24, 29, 35], 0.01661807425441061], [[22, 24, 29, 35], 0.018343834449704846], [[22, 35], 122.0], [[22, 24, 35], 0.015973175794347757], [[22, 23, 24, 29, 35], 0.018343834449704843], [[3, 22, 23, 24, 29, 35], 0.01667620033286066], [[1, 3, 18, 22, 23, 24, 29, 35], 0.015905871072078727], [[1, 3, 13, 18, 22, 23, 24, 29, 35], 0.01567863864042667], [[1, 3, 13, 18, 22, 23, 24, 29, 35, 38], 0.015678638640426675], [[1, 3, 6, 13, 18, 22, 23, 24, 29, 35, 38], 0.2944769082236029], [[1, 3, 6, 13, 18, 22, 23, 24, 28, 29, 35, 38], 0.292951120222774], [[1, 3, 6, 8, 13, 18, 22, 23, 24, 28, 29, 35, 38], 0.4022385430429595], [[1, 3, 6, 8, 13, 15, 18, 22, 23, 24, 28, 29, 35, 38], 7.489226307071559], [[1, 3, 6, 8, 13, 15, 18, 22, 23, 24, 28, 29, 35, 38, 39], 0.051108581067167896], [[1, 3, 6, 8, 13, 15, 18, 19, 22, 23, 24, 28, 29, 35, 38, 39], 0.017522940600393604], [[1, 3, 6, 8, 13, 15, 18, 19, 22, 23, 24, 28, 29, 30, 35, 38, 39], 0.017322569583963023], [[1, 3, 6, 8, 13, 15, 17, 18, 19, 22, 23, 24, 28, 29, 30, 35, 38, 39], 0.017322569583963016], [[1, 3, 6, 8, 13, 15, 16, 17, 18, 19, 22, 23, 24, 28, 29, 30, 35, 38, 39], 0.01714020346842803], [[1, 3, 6, 8, 13, 15, 16, 17, 18, 19, 22, 23, 24, 28, 29, 30, 33, 35, 38, 39], 0.017140203468428022], [[0, 1, 3, 6, 8, 13, 15, 16, 17, 18, 19, 22, 23, 24, 28, 29, 30, 33, 35, 38, 39], 0.01714020346842803], [[0, 1, 3, 6, 8, 13, 15, 16, 17, 18, 19, 21, 22, 23, 24, 28, 29, 30, 33, 35, 38, 39], 0.01714020346842802], [[0, 1, 3, 6, 8, 13, 15, 16, 17, 18, 19, 21, 22, 23, 24, 27, 28, 29, 30, 33, 35, 38, 39], 0.3384237768718159]]}