{"costs": 29178, "join_operands": {"0": [0, 1, 2, 3, 4, 5, 6, 7, 8, 9, 10], "1": [1, 2, 3, 4, 5, 6, 7, 8, 9, 10], "2": [], "3": [1, 2, 3, 4, 6, 7, 8, 9, 10], "4": [], "5": [], "6": [], "7": [1, 2, 3, 4, 6, 7, 9, 10], "8": [], "9": [], "10": [1, 2, 4, 6, 7, 9, 10], "11": [1, 2, 6, 7, 9, 10], "12": [2, 6, 7, 9, 10], "13": [6, 7, 9, 10], "14": [6, 9, 10], "15": [6, 10]}, "join_predecessors": {"0": [1, 2], "1": [3, 5], "2": [4, 6], "3": [7], "4": [8], "5": [9], "6": [], "7": [10], "8": [], "9": [], "10": [11], "11": [12], "12": [13], "13": [14], "14": [15], "15": []}, "leaf_joins": [], "opt_time": 0.9976279735565186, "status": 2, "intermediate_costs": [[[1, 2, 3, 4, 5, 6, 7, 8, 9, 10], 7.943494373053133e-35], [[1, 2, 3, 4, 6, 7, 8, 9, 10], 8.846213990310281e-35], [[1, 2, 3, 4, 6, 7, 9, 10], 5.204610461983508e-16], [[1, 2, 4, 6, 7, 9, 10], 5.204610461983508e-16], [[1, 2, 6, 7, 9, 10], 6.34798021279584e-14], [[2, 6, 7, 9, 10], 6.34798021279584e-14], [[6, 7, 9, 10], 7.216697494602109e-14], [[6, 9, 10], 0.20418197151073303], [[6, 10], 29178.0]]}