{"costs": 14143, "root_join": 18, "join_operands": {"0": [14, 15], "1": [5, 14, 15], "2": [5, 11, 14, 15], "3": [3, 5, 11, 14, 15], "4": [3, 5, 9, 11, 14, 15], "5": [1, 3, 5, 9, 11, 14, 15], "6": [1, 3, 5, 9, 10, 11, 14, 15], "7": [1, 3, 5, 9, 10, 11, 14, 15, 19], "8": [0, 1, 3, 5, 9, 10, 11, 14, 15, 19], "9": [0, 1, 3, 5, 9, 10, 11, 13, 14, 15, 19], "10": [0, 1, 3, 5, 7, 9, 10, 11, 13, 14, 15, 19], "11": [0, 1, 3, 5, 7, 8, 9, 10, 11, 13, 14, 15, 19], "12": [0, 1, 3, 5, 6, 7, 8, 9, 10, 11, 13, 14, 15, 19], "13": [0, 1, 3, 5, 6, 7, 8, 9, 10, 11, 12, 13, 14, 15, 19], "14": [0, 1, 3, 4, 5, 6, 7, 8, 9, 10, 11, 12, 13, 14, 15, 19], "15": [0, 1, 3, 4, 5, 6, 7, 8, 9, 10, 11, 12, 13, 14, 15, 17, 19], "16": [0, 1, 3, 4, 5, 6, 7, 8, 9, 10, 11, 12, 13, 14, 15, 17, 18, 19], "17": [0, 1, 2, 3, 4, 5, 6, 7, 8, 9, 10, 11, 12, 13, 14, 15, 17, 18, 19], "18": [0, 1, 2, 3, 4, 5, 6, 7, 8, 9, 10, 11, 12, 13, 14, 15, 16, 17, 18, 19]}, "join_predecessors": {"0": [], "1": [0], "2": [1], "3": [2], "4": [3], "5": [4], "6": [5], "7": [6], "8": [7], "9": [8], "10": [9], "11": [10], "12": [11], "13": [12], "14": [13], "15": [14], "16": [15], "17": [16], "18": [17]}, "intermediate_costs": [[[14, 15], 405.0], [[5, 14, 15], 0.047642116182572615], [[5, 11, 14, 15], 0.00020396466230382566], [[3, 5, 11, 14, 15], 1.5586367508741195e-06], [[3, 5, 9, 11, 14, 15], 4.7488257732545575e-06], [[1, 3, 5, 9, 11, 14, 15], 1.464094460699168e-05], [[1, 3, 5, 9, 10, 11, 14, 15], 9.7196773960356e-05], [[1, 3, 5, 9, 10, 11, 14, 15, 19], 0.00037660486159348856], [[0, 1, 3, 5, 9, 10, 11, 14, 15, 19], 0.001703784745110896], [[0, 1, 3, 5, 9, 10, 11, 13, 14, 15, 19], 0.007841164928940252], [[0, 1, 3, 5, 7, 9, 10, 11, 13, 14, 15, 19], 0.03620422613249756], [[0, 1, 3, 5, 7, 8, 9, 10, 11, 13, 14, 15, 19], 0.16743004043928286], [[0, 1, 3, 5, 6, 7, 8, 9, 10, 11, 13, 14, 15, 19], 0.7742968590013792], [[0, 1, 3, 5, 6, 7, 8, 9, 10, 11, 12, 13, 14, 15, 19], 3.580812772210273], [[0, 1, 3, 4, 5, 6, 7, 8, 9, 10, 11, 12, 13, 14, 15, 19], 16.55982467757755], [[0, 1, 3, 4, 5, 6, 7, 8, 9, 10, 11, 12, 13, 14, 15, 17, 19], 76.58255564876663], [[0, 1, 3, 4, 5, 6, 7, 8, 9, 10, 11, 12, 13, 14, 15, 17, 18, 19], 354.1636433520203], [[0, 1, 2, 3, 4, 5, 6, 7, 8, 9, 10, 11, 12, 13, 14, 15, 17, 18, 19], 13286.949467053579]]}