{"costs": 14143, "root_join": 0, "join_operands": {"0": [0, 1, 2, 3, 4, 5, 6, 7, 8, 9, 10, 11, 12, 13, 14, 15, 16, 17, 18, 19], "1": [0, 1, 2, 3, 4, 5, 6, 7, 8, 9, 10, 11, 12, 13, 14, 15, 17, 18, 19], "2": [], "3": [0, 1, 3, 4, 5, 6, 7, 8, 9, 10, 11, 12, 13, 14, 15, 17, 18, 19], "4": [], "5": [], "6": [], "7": [0, 1, 3, 5, 6, 7, 8, 9, 10, 11, 12, 13, 14, 15, 17, 18, 19], "8": [], "9": [], "10": [], "11": [], "12": [], "13": [], "14": [], "15": [0, 1, 3, 5, 6, 7, 8, 9, 10, 11, 12, 13, 14, 15, 17, 19], "16": [], "17": [], "18": [], "19": [0, 1, 3, 5, 9, 10, 11, 14, 15, 19], "20": [1, 3, 5, 9, 10, 11, 14, 15, 19], "21": [1, 3, 5, 9, 11, 14, 15], "22": [3, 5, 9, 11, 14, 15], "23": [3, 5, 11, 14, 15], "24": [5, 11, 14, 15], "25": [5, 14, 15], "26": [14, 15], "27": [1, 3, 5, 9, 10, 11, 14, 15], "28": [0, 1, 3, 5, 9, 10, 11, 13, 14, 15, 19], "29": [0, 1, 3, 5, 7, 9, 10, 11, 13, 14, 15, 19], "30": [0, 1, 3, 5, 7, 8, 9, 10, 11, 13, 14, 15, 19], "31": [0, 1, 3, 5, 6, 7, 8, 9, 10, 11, 13, 14, 15, 19], "32": [0, 1, 3, 5, 6, 7, 8, 9, 10, 11, 12, 13, 14, 15, 19]}, "join_predecessors": {"0": [1], "1": [3], "2": [], "3": [7], "4": [], "5": [], "6": [], "7": [15], "8": [], "9": [], "10": [], "11": [], "12": [], "13": [], "14": [], "15": [32], "16": [], "17": [], "18": [], "19": [20], "21": [22], "23": [24], "25": [26], "26": [], "24": [25], "22": [23], "27": [21], "20": [27], "28": [19], "29": [28], "30": [29], "31": [30], "32": [31]}, "intermediate_costs": [[[0, 1, 2, 3, 4, 5, 6, 7, 8, 9, 10, 11, 12, 13, 14, 15, 17, 18, 19], 13286.949467053579], [[0, 1, 3, 4, 5, 6, 7, 8, 9, 10, 11, 12, 13, 14, 15, 17, 18, 19], 354.1636433520203], [[0, 1, 3, 5, 6, 7, 8, 9, 10, 11, 12, 13, 14, 15, 17, 18, 19], 76.58255580957973], [[0, 1, 3, 5, 6, 7, 8, 9, 10, 11, 12, 13, 14, 15, 17, 19], 16.55982468020446], [[0, 1, 3, 5, 9, 10, 11, 14, 15, 19], 0.001703784745110896], [[1, 3, 5, 9, 10, 11, 14, 15, 19], 0.00037660486159348856], [[1, 3, 5, 9, 11, 14, 15], 1.464094460699168e-05], [[3, 5, 9, 11, 14, 15], 4.7488257732545575e-06], [[3, 5, 11, 14, 15], 1.5586367508741195e-06], [[5, 11, 14, 15], 0.00020396466230382566], [[5, 14, 15], 0.047642116182572615], [[14, 15], 405.0], [[1, 3, 5, 9, 10, 11, 14, 15], 9.7196773960356e-05], [[0, 1, 3, 5, 9, 10, 11, 13, 14, 15, 19], 0.007841164928940252], [[0, 1, 3, 5, 7, 9, 10, 11, 13, 14, 15, 19], 0.03620422613249756], [[0, 1, 3, 5, 7, 8, 9, 10, 11, 13, 14, 15, 19], 0.16743004043928286], [[0, 1, 3, 5, 6, 7, 8, 9, 10, 11, 13, 14, 15, 19], 0.7742968590013792], [[0, 1, 3, 5, 6, 7, 8, 9, 10, 11, 12, 13, 14, 15, 19], 3.580812772210273]], "time_in_s": 10}