{"costs": 115724310, "root_join": 21, "join_operands": {"0": [0, 12, 13, 14, 15, 20, 21, 22, 29, 30, 33, 34, 37], "1": [12, 13, 14, 15, 20, 21, 22, 29, 30, 33, 34, 37], "2": [21, 22], "3": [21, 22, 29], "4": [13, 14, 15, 20, 21, 22, 29, 30, 33, 34, 37], "5": [13, 14, 15, 20, 30, 33, 34, 37], "6": [14, 15, 20, 30, 33, 34, 37], "7": [14, 15, 20, 30, 33, 37], "8": [14, 15, 30, 33, 37], "9": [14, 15, 33, 37], "10": [14, 15, 33], "11": [14, 15], "12": [0, 1, 12, 13, 14, 15, 18, 20, 21, 22, 25, 28, 29, 30, 33, 34, 37], "13": [1, 18, 25, 28], "14": [1, 18], "15": [1, 18, 28], "16": [0, 1, 5, 9, 12, 13, 14, 15, 18, 20, 21, 22, 23, 25, 27, 28, 29, 30, 33, 34, 37], "17": [5, 9, 23, 27], "18": [23, 27], "19": [5, 9], "20": [0, 1, 5, 9, 12, 13, 14, 15, 17, 18, 20, 21, 22, 23, 25, 27, 28, 29, 30, 33, 34, 37], "21": [0, 1, 2, 3, 4, 5, 6, 7, 8, 9, 10, 11, 12, 13, 14, 15, 16, 17, 18, 19, 20, 21, 22, 23, 24, 25, 26, 27, 28, 29, 30, 31, 32, 33, 34, 35, 36, 37, 38, 39], "22": [2, 3, 4, 6, 7, 8, 10, 11, 16, 19, 24, 26, 31, 32, 35, 36, 38, 39], "23": [2, 3, 4, 6, 8, 10, 16, 24, 31, 32, 35, 36, 39], "24": [2, 3, 4, 6, 10, 16, 24, 31, 32, 35, 36, 39], "25": [4, 6, 39], "26": [4, 39], "27": [4, 6, 36, 39], "28": [2, 4, 6, 10, 16, 31, 32, 35, 36, 39], "29": [2, 10, 16, 31, 32, 35], "30": [2, 10, 16, 32, 35], "31": [2, 32], "32": [2, 16, 32], "33": [2, 10, 16, 32], "34": [2, 4, 6, 10, 16, 24, 31, 32, 35, 36, 39], "35": [2, 3, 4, 6, 8, 10, 16, 24, 31, 32, 35, 36, 38, 39], "36": [2, 3, 4, 6, 7, 8, 10, 16, 24, 31, 32, 35, 36, 38, 39], "37": [2, 3, 4, 6, 7, 8, 10, 16, 19, 24, 31, 32, 35, 36, 38, 39], "38": [11, 26]}, "join_predecessors": {"0": [1], "2": [], "3": [2], "4": [3, 5], "5": [6], "7": [8], "8": [9], "10": [11], "11": [], "9": [10], "6": [7], "1": [4], "12": [0, 13], "14": [], "15": [14], "13": [15], "16": [12, 17], "18": [], "17": [18, 19], "19": [], "20": [16], "21": [20, 22], "23": [24], "25": [26], "26": [], "27": [25], "28": [27, 29], "29": [30], "31": [], "32": [31], "33": [32], "30": [33], "34": [28], "24": [34], "35": [23], "36": [35], "37": [36], "22": [37, 38], "38": []}, "intermediate_costs": [[[0, 12, 13, 14, 15, 20, 21, 22, 29, 30, 33, 34, 37], 1403.5793739306498], [[12, 13, 14, 15, 20, 21, 22, 29, 30, 33, 34, 37], 450.7837712064423], [[21, 22], 946547.0], [[21, 22, 29], 86322228.07715133], [[13, 14, 15, 20, 21, 22, 29, 30, 33, 34, 37], 144.77693631873638], [[13, 14, 15, 20, 30, 33, 34, 37], 5.274476346393046], [[14, 15, 20, 30, 33, 34, 37], 0.0033610882726343846], [[14, 15, 20, 30, 33, 37], 0.0010794710989113963], [[14, 15, 30, 33, 37], 0.009666559941045441], [[14, 15, 33, 37], 0.0031045813843129278], [[14, 15, 33], 0.4383838383838383], [[14, 15], 124.0], [[0, 1, 12, 13, 14, 15, 18, 20, 21, 22, 25, 28, 29, 30, 33, 34, 37], 114997.75779745709], [[1, 18, 25, 28], 685255.0990408525], [[1, 18], 70683.0], [[1, 18, 28], 220081.41612], [[0, 1, 5, 9, 12, 13, 14, 15, 18, 20, 21, 22, 23, 25, 27, 28, 29, 30, 33, 34, 37], 4293518.248603501], [[5, 9, 23, 27], 6906810.387518275], [[23, 27], 859826.0], [[5, 9], 681887.0], [[0, 1, 5, 9, 12, 13, 14, 15, 17, 18, 20, 21, 22, 23, 25, 27, 28, 29, 30, 33, 34, 37], 13308119.140327016], [[2, 3, 4, 6, 7, 8, 10, 11, 16, 19, 24, 26, 31, 32, 35, 36, 38, 39], 181044.89364353157], [[2, 3, 4, 6, 8, 10, 16, 24, 31, 32, 35, 36, 39], 1340.418879391898], [[2, 3, 4, 6, 10, 16, 24, 31, 32, 35, 36, 39], 431.0686920942891], [[4, 6, 39], 69956.02512676056], [[4, 39], 4278.0], [[4, 6, 36, 39], 217818.1185401767], [[2, 4, 6, 10, 16, 31, 32, 35, 36, 39], 44.46401828627858], [[2, 10, 16, 31, 32, 35], 486651.3223842121], [[2, 10, 16, 32, 35], 156296.410900773], [[2, 32], 5473.0], [[2, 16, 32], 16155.726283502157], [[2, 10, 16, 32], 50303.174226179384], [[2, 4, 6, 10, 16, 24, 31, 32, 35, 36, 39], 138.4450980106352], [[2, 3, 4, 6, 8, 10, 16, 24, 31, 32, 35, 36, 38, 39], 4173.586704028989], [[2, 3, 4, 6, 7, 8, 10, 16, 24, 31, 32, 35, 36, 38, 39], 12995.060357123173], [[2, 3, 4, 6, 7, 8, 10, 16, 19, 24, 31, 32, 35, 36, 38, 39], 40461.98667273851], [[11, 26], 64667.0]]}