{"costs": 2334465, "root_join": 27, "join_operands": {"0": [0, 1, 5, 6, 11, 15, 16, 19, 23, 27, 29], "1": [1, 5, 6, 11, 15, 16, 19, 23, 27, 29], "2": [1, 6, 11, 15, 29], "3": [6, 11, 15, 29], "4": [11, 15, 29], "5": [11, 29], "6": [1, 6, 11, 15, 27, 29], "7": [1, 5, 6, 11, 15, 27, 29], "8": [1, 5, 6, 11, 15, 16, 27, 29], "9": [1, 5, 6, 11, 15, 16, 23, 27, 29], "10": [0, 1, 5, 6, 11, 15, 16, 19, 23, 26, 27, 29], "11": [0, 1, 5, 6, 11, 15, 16, 19, 23, 24, 26, 27, 29], "12": [0, 1, 2, 5, 6, 11, 15, 16, 19, 23, 24, 26, 27, 29], "13": [0, 1, 2, 5, 6, 11, 15, 16, 19, 23, 24, 25, 26, 27, 29], "14": [0, 1, 2, 5, 6, 10, 11, 15, 16, 19, 23, 24, 25, 26, 27, 29], "15": [0, 1, 2, 5, 6, 7, 10, 11, 15, 16, 19, 23, 24, 25, 26, 27, 29], "16": [0, 1, 2, 5, 6, 7, 10, 11, 14, 15, 16, 19, 23, 24, 25, 26, 27, 29], "17": [0, 1, 2, 5, 6, 7, 10, 11, 14, 15, 16, 19, 21, 23, 24, 25, 26, 27, 29], "18": [0, 1, 2, 5, 6, 7, 10, 11, 14, 15, 16, 19, 21, 23, 24, 25, 26, 27, 28, 29], "19": [0, 1, 2, 5, 6, 7, 10, 11, 13, 14, 15, 16, 19, 21, 23, 24, 25, 26, 27, 28, 29], "20": [0, 1, 2, 5, 6, 7, 10, 11, 13, 14, 15, 16, 19, 21, 22, 23, 24, 25, 26, 27, 28, 29], "21": [0, 1, 2, 5, 6, 7, 10, 11, 13, 14, 15, 16, 17, 19, 21, 22, 23, 24, 25, 26, 27, 28, 29], "22": [0, 1, 2, 5, 6, 7, 10, 11, 13, 14, 15, 16, 17, 19, 20, 21, 22, 23, 24, 25, 26, 27, 28, 29], "23": [0, 1, 2, 3, 5, 6, 7, 10, 11, 13, 14, 15, 16, 17, 19, 20, 21, 22, 23, 24, 25, 26, 27, 28, 29], "24": [0, 1, 2, 3, 5, 6, 7, 10, 11, 12, 13, 14, 15, 16, 17, 19, 20, 21, 22, 23, 24, 25, 26, 27, 28, 29], "25": [0, 1, 2, 3, 5, 6, 7, 8, 10, 11, 12, 13, 14, 15, 16, 17, 19, 20, 21, 22, 23, 24, 25, 26, 27, 28, 29], "26": [0, 1, 2, 3, 5, 6, 7, 8, 10, 11, 12, 13, 14, 15, 16, 17, 18, 19, 20, 21, 22, 23, 24, 25, 26, 27, 28, 29], "27": [0, 1, 2, 3, 4, 5, 6, 7, 8, 9, 10, 11, 12, 13, 14, 15, 16, 17, 18, 19, 20, 21, 22, 23, 24, 25, 26, 27, 28, 29], "28": [4, 9]}, "join_predecessors": {"0": [1], "2": [3], "3": [4], "5": [], "4": [5], "6": [2], "7": [6], "8": [7], "9": [8], "1": [9], "10": [0], "11": [10], "12": [11], "13": [12], "14": [13], "15": [14], "16": [15], "17": [16], "18": [17], "19": [18], "20": [19], "21": [20], "22": [21], "23": [22], "24": [23], "25": [24], "26": [25], "27": [26, 28], "28": []}, "intermediate_costs": [[[0, 1, 5, 6, 11, 15, 16, 19, 23, 27, 29], 0.002163874464552218], [[1, 5, 6, 11, 15, 16, 19, 23, 27, 29], 0.0007843453698547667], [[1, 6, 11, 15, 29], 0.019190554920972106], [[6, 11, 15, 29], 19.130214040816327], [[11, 15, 29], 39.369523809523805], [[11, 29], 275.0], [[1, 6, 11, 15, 27, 29], 0.050825715920724386], [[1, 5, 6, 11, 15, 27, 29], 0.00016111419752647924], [[1, 5, 6, 11, 15, 16, 27, 29], 0.0004444862926656379], [[1, 5, 6, 11, 15, 16, 23, 27, 29], 2.3581931478315673e-06], [[0, 1, 5, 6, 11, 15, 16, 19, 23, 26, 27, 29], 0.05928583257980166], [[0, 1, 5, 6, 11, 15, 16, 19, 23, 24, 26, 27, 29], 0.0003028106240447508], [[0, 1, 2, 5, 6, 11, 15, 16, 19, 23, 24, 26, 27, 29], 0.0007558404927378375], [[0, 1, 2, 5, 6, 11, 15, 16, 19, 23, 24, 25, 26, 27, 29], 0.0018956653314300077], [[0, 1, 2, 5, 6, 10, 11, 15, 16, 19, 23, 24, 25, 26, 27, 29], 0.0051660371649523], [[0, 1, 2, 5, 6, 7, 10, 11, 15, 16, 19, 23, 24, 25, 26, 27, 29], 0.014252020280360697], [[0, 1, 2, 5, 6, 7, 10, 11, 14, 15, 16, 19, 23, 24, 25, 26, 27, 29], 0.039077659215304025], [[0, 1, 2, 5, 6, 7, 10, 11, 14, 15, 16, 19, 21, 23, 24, 25, 26, 27, 29], 0.10780712059602064], [[0, 1, 2, 5, 6, 7, 10, 11, 14, 15, 16, 19, 21, 23, 24, 25, 26, 27, 28, 29], 0.29742137114652184], [[0, 1, 2, 5, 6, 7, 10, 11, 13, 14, 15, 16, 19, 21, 23, 24, 25, 26, 27, 28, 29], 0.8205345852466247], [[0, 1, 2, 5, 6, 7, 10, 11, 13, 14, 15, 16, 19, 21, 22, 23, 24, 25, 26, 27, 28, 29], 2.2637143758776292], [[0, 1, 2, 5, 6, 7, 10, 11, 13, 14, 15, 16, 17, 19, 21, 22, 23, 24, 25, 26, 27, 28, 29], 6.245200252038704], [[0, 1, 2, 5, 6, 7, 10, 11, 13, 14, 15, 16, 17, 19, 20, 21, 22, 23, 24, 25, 26, 27, 28, 29], 22928.427437503844], [[0, 1, 2, 3, 5, 6, 7, 10, 11, 13, 14, 15, 16, 17, 19, 20, 21, 22, 23, 24, 25, 26, 27, 28, 29], 63255.60411804999], [[0, 1, 2, 3, 5, 6, 7, 10, 11, 12, 13, 14, 15, 16, 17, 19, 20, 21, 22, 23, 24, 25, 26, 27, 28, 29], 173686.88941379526], [[0, 1, 2, 3, 5, 6, 7, 8, 10, 11, 12, 13, 14, 15, 16, 17, 19, 20, 21, 22, 23, 24, 25, 26, 27, 28, 29], 479172.37879488204], [[0, 1, 2, 3, 5, 6, 7, 8, 10, 11, 12, 13, 14, 15, 16, 17, 18, 19, 20, 21, 22, 23, 24, 25, 26, 27, 28, 29], 1321954.520429734], [[4, 9], 273124.0]]}