{"costs": 38419, "join_operands": {"0": [0, 1, 2, 3, 4, 5, 6, 7, 8, 9, 10, 11, 12], "1": [0, 1, 2, 3, 5, 6, 7, 8], "2": [4, 9, 10, 11, 12], "3": [0, 5, 6, 7, 8], "4": [10, 11], "5": [1, 2, 3], "6": [4, 9, 12], "7": [5, 6, 7, 8], "8": [], "9": [2, 3], "10": [9, 12], "11": [], "12": [5, 6, 8], "13": [5, 8], "14": [], "15": [], "16": [], "17": [], "18": [], "19": []}, "join_predecessors": {"0": [1, 2], "1": [3, 5], "2": [4, 6], "3": [7, 11], "4": [8], "5": [9], "6": [10], "7": [12], "8": [], "9": [], "10": [], "11": [], "12": [13], "13": [14], "14": [15], "15": [16], "16": [17], "17": [18], "18": [19], "19": []}, "leaf_joins": [], "opt_time": 0.6474909782409668, "status": 2, "intermediate_costs": [[[0, 1, 2, 3, 5, 6, 7, 8], 9902.545326905622], [[4, 9, 10, 11, 12], 17021.03060853864], [[0, 5, 6, 7, 8], 3298.649342740047], [[10, 11], 4684.07], [[1, 2, 3], 150.1], [[4, 9, 12], 3103.2756], [[5, 6, 7, 8], 65.97298685480094], [[2, 3], 150.1], [[9, 12], 12.0282], [[5, 6, 8], 19.36624707259953], [[5, 8], 12.0282]]}