{"costs": 39756605.53746434, "int_costs": [[[0, 1, 2, 3, 4, 5, 6, 7, 8, 9, 10, 11, 12, 13, 14, 15, 16, 17, 18, 19, 20, 21, 22, 23, 24, 25, 26, 27, 28, 29, 30, 31, 32, 33, 34, 35, 36, 37, 38, 40, 41, 42, 43, 44, 45, 46, 47, 48, 49], 33887577.09303459], [[0, 1, 2, 3, 4, 5, 6, 7, 8, 9, 10, 11, 12, 13, 14, 15, 16, 17, 18, 19, 20, 21, 22, 23, 24, 25, 26, 27, 28, 29, 30, 31, 32, 33, 34, 35, 36, 37, 38, 40, 41, 42, 43, 44, 45, 47, 48, 49], 511843.6123427099], [[0, 1, 2, 3, 4, 5, 6, 7, 8, 9, 10, 11, 12, 13, 14, 15, 16, 17, 18, 19, 20, 21, 22, 23, 24, 25, 26, 27, 28, 29, 30, 31, 32, 33, 34, 35, 36, 37, 40, 41, 42, 43, 44, 45, 47, 48, 49], 517936.99073446996], [[0, 1, 2, 3, 4, 5, 6, 7, 8, 9, 10, 11, 12, 13, 14, 15, 16, 17, 18, 19, 20, 21, 22, 23, 24, 25, 26, 27, 28, 29, 31, 32, 33, 34, 35, 36, 37, 40, 41, 42, 43, 44, 45, 47, 48, 49], 517936.99073446996], [[0, 1, 2, 3, 4, 5, 6, 7, 8, 9, 10, 11, 12, 13, 14, 15, 16, 17, 18, 19, 20, 21, 22, 23, 24, 25, 26, 27, 28, 29, 31, 32, 33, 34, 35, 36, 37, 40, 41, 42, 43, 44, 47, 48, 49], 517936.9907344699], [[0, 1, 3, 4, 5, 6, 7, 8, 9, 10, 11, 12, 13, 14, 15, 16, 17, 18, 19, 20, 21, 22, 23, 24, 25, 26, 27, 28, 29, 31, 32, 33, 34, 35, 36, 37, 40, 41, 42, 43, 44, 47, 48, 49], 517936.99073446996], [[0, 1, 3, 4, 5, 6, 7, 8, 9, 10, 11, 12, 13, 14, 15, 16, 17, 18, 19, 20, 21, 22, 23, 24, 25, 26, 27, 28, 29, 31, 33, 34, 35, 36, 37, 40, 41, 42, 43, 44, 47, 48, 49], 519155.99740345194], [[0, 1, 3, 4, 5, 6, 7, 8, 9, 10, 11, 12, 13, 14, 15, 16, 17, 18, 19, 20, 21, 22, 23, 24, 25, 26, 27, 29, 31, 33, 34, 35, 36, 37, 40, 41, 42, 43, 44, 47, 48, 49], 527987.7932172681], [[0, 1, 3, 4, 5, 6, 7, 8, 9, 11, 12, 13, 14, 15, 16, 17, 18, 19, 20, 21, 22, 23, 24, 25, 26, 27, 29, 31, 33, 34, 35, 36, 37, 40, 41, 42, 43, 44, 47, 48, 49], 527987.8014907343], [[0, 1, 3, 4, 5, 6, 7, 8, 9, 11, 12, 13, 14, 15, 16, 17, 18, 19, 20, 21, 22, 23, 24, 26, 27, 29, 31, 33, 34, 35, 36, 37, 40, 41, 42, 43, 44, 47, 48, 49], 527987.8014907343], [[0, 1, 3, 4, 5, 6, 8, 9, 11, 12, 13, 14, 15, 16, 17, 18, 19, 20, 21, 22, 23, 24, 26, 27, 29, 31, 33, 34, 35, 36, 37, 40, 41, 42, 43, 44, 47, 48, 49], 529730.3409681108], [[0, 1, 3, 4, 5, 6, 8, 9, 11, 12, 13, 14, 15, 17, 18, 19, 20, 21, 22, 23, 24, 26, 27, 29, 31, 33, 34, 35, 36, 37, 40, 41, 42, 43, 44, 47, 48, 49], 647448.1956438451], [[0, 1, 3, 4, 5, 6, 8, 9, 11, 12, 13, 14, 15, 17, 18, 19, 20, 21, 22, 23, 24, 26, 27, 29, 31, 33, 34, 36, 37, 40, 41, 42, 43, 44, 47, 48, 49], 344.94317582917927], [[17, 21, 41, 42, 49], 46.79999999999999], [[17, 21, 42, 49], 116.99999999999999], [[17, 42, 49], 117.0], [[42, 49], 117.0], [[5, 17, 21, 41, 42, 49], 2249.191285714285], [[5, 17, 20, 21, 41, 42, 49], 9.864824828090185], [[5, 17, 20, 21, 26, 41, 42, 49], 1.9729649656180372], [[5, 17, 20, 21, 26, 31, 41, 42, 49], 1.964423986007423], [[5, 17, 18, 20, 21, 26, 31, 41, 42, 49], 0.2891359979404865], [[5, 17, 18, 20, 21, 26, 31, 33, 41, 42, 49], 0.2611548930315706], [[0, 5, 17, 18, 20, 21, 26, 31, 33, 41, 42, 49], 0.2384457671761778], [[0, 5, 17, 18, 20, 21, 23, 26, 31, 33, 41, 42, 49], 0.22909454621996422], [[0, 5, 17, 18, 20, 21, 23, 26, 31, 33, 37, 41, 42, 49], 0.22909454621996422], [[0, 5, 14, 17, 18, 20, 21, 23, 26, 31, 33, 37, 41, 42, 49], 6.622037800788689], [[0, 5, 11, 14, 17, 18, 20, 21, 23, 26, 31, 33, 37, 41, 42, 49], 0.006969296884296909], [[0, 5, 8, 11, 14, 17, 18, 20, 21, 23, 26, 31, 33, 37, 41, 42, 49], 0.00696929688429691], [[0, 5, 8, 11, 14, 17, 18, 20, 21, 23, 26, 29, 31, 33, 37, 41, 42, 49], 0.00696929688429691], [[0, 4, 5, 8, 11, 14, 17, 18, 20, 21, 23, 26, 29, 31, 33, 37, 41, 42, 49], 0.00696929688429691], [[0, 4, 5, 6, 8, 11, 14, 17, 18, 20, 21, 23, 26, 29, 31, 33, 37, 41, 42, 49], 0.00696929688429691], [[0, 4, 5, 6, 8, 11, 14, 17, 18, 20, 21, 23, 26, 29, 31, 33, 37, 41, 42, 44, 49], 0.4216424614999631], [[0, 4, 5, 6, 8, 11, 12, 14, 17, 18, 20, 21, 23, 26, 29, 31, 33, 37, 41, 42, 44, 49], 4.092618888963383], [[0, 3, 4, 5, 6, 8, 11, 12, 14, 17, 18, 20, 21, 23, 26, 29, 31, 33, 37, 41, 42, 44, 49], 4.092618888963383], [[0, 3, 4, 5, 6, 8, 11, 12, 14, 17, 18, 20, 21, 23, 26, 29, 31, 33, 37, 41, 42, 43, 44, 49], 4.092618888963383], [[0, 3, 4, 5, 6, 8, 11, 12, 14, 17, 18, 20, 21, 23, 26, 29, 31, 33, 34, 37, 41, 42, 43, 44, 49], 877.3990238096211], [[0, 3, 4, 5, 6, 8, 9, 11, 12, 14, 17, 18, 19, 20, 21, 23, 26, 29, 31, 33, 34, 37, 41, 42, 43, 44, 49], 1.4617638105410777], [[9, 19], 858.0000000000001], [[0, 1, 3, 4, 5, 6, 8, 9, 11, 12, 14, 17, 18, 19, 20, 21, 23, 26, 29, 31, 33, 34, 37, 41, 42, 43, 44, 49], 5.951502300756985], [[0, 1, 3, 4, 5, 6, 8, 9, 11, 12, 14, 17, 18, 19, 20, 21, 23, 26, 29, 31, 33, 34, 36, 37, 41, 42, 43, 44, 49], 3.6199855578756717], [[0, 1, 3, 4, 5, 6, 8, 9, 11, 12, 14, 17, 18, 19, 20, 21, 23, 26, 29, 31, 33, 34, 36, 37, 40, 41, 42, 43, 44, 49], 3.5710667909109457], [[0, 1, 3, 4, 5, 6, 8, 9, 11, 12, 14, 17, 18, 19, 20, 21, 23, 24, 26, 29, 31, 33, 34, 36, 37, 40, 41, 42, 43, 44, 49], 3.530486486468776], [[0, 1, 3, 4, 5, 6, 8, 9, 11, 12, 14, 17, 18, 19, 20, 21, 22, 23, 24, 26, 29, 31, 33, 34, 36, 37, 40, 41, 42, 43, 44, 49], 3.5304864864687757], [[0, 1, 3, 4, 5, 6, 8, 9, 11, 12, 14, 15, 17, 18, 19, 20, 21, 22, 23, 24, 26, 29, 31, 33, 34, 36, 37, 40, 41, 42, 43, 44, 49], 3.5304864864687757], [[0, 1, 3, 4, 5, 6, 8, 9, 11, 12, 13, 14, 15, 17, 18, 19, 20, 21, 22, 23, 24, 26, 29, 31, 33, 34, 36, 37, 40, 41, 42, 43, 44, 49], 3.530486486468776], [[0, 1, 3, 4, 5, 6, 8, 9, 11, 12, 13, 14, 15, 17, 18, 19, 20, 21, 22, 23, 24, 26, 29, 31, 33, 34, 36, 37, 40, 41, 42, 43, 44, 47, 49], 3.530486486468776], [[0, 1, 3, 4, 5, 6, 8, 9, 11, 12, 13, 14, 15, 17, 18, 19, 20, 21, 22, 23, 24, 26, 29, 31, 33, 34, 36, 37, 40, 41, 42, 43, 44, 47, 48, 49], 344.9431758291793]]}