{"costs": 6.304470076326444e+29, "join_operands": {"0": [0, 1, 2, 3, 4, 5, 6, 7, 8, 9, 10, 11, 12, 13, 14, 15, 16, 17, 18, 19, 20, 21, 22, 23, 24, 25, 26, 27, 28, 29, 30, 31, 32, 33, 34, 35, 36, 37, 38, 39], "1": [4, 10, 13, 15, 19, 20, 21, 22, 25, 28, 30, 32, 39], "2": [0, 1, 2, 3, 5, 6, 7, 8, 9, 11, 12, 14, 16, 17, 18, 23, 24, 26, 27, 29, 31, 33, 34, 35, 36, 37, 38], "3": [10, 20, 21, 22, 39], "4": [1, 2, 6, 8, 9, 11, 12, 14, 16, 17, 18, 23, 24, 26, 29, 31, 34, 36, 37], "5": [4, 13, 15, 19, 25, 28, 30, 32], "6": [0, 3, 5, 7, 27, 33, 35, 38], "7": [], "8": [1, 2, 6, 8, 9, 11, 12, 14, 16, 17, 24, 29, 31, 37], "9": [15, 19, 32], "10": [3, 27, 33, 35], "11": [20, 21, 22, 39], "12": [18, 23, 26, 34, 36], "13": [4, 13, 25, 28, 30], "14": [0, 5, 7, 38], "15": [], "16": [1, 2, 6, 8, 9, 11, 12, 14, 16, 24, 29, 31, 37], "17": [15, 19], "18": [3, 27, 35], "19": [21, 22, 39], "20": [23, 26, 36], "21": [25, 28, 30], "22": [5, 7, 38], "23": [], "24": [], "25": [], "26": [], "27": [], "28": [18, 34], "29": [4, 13], "30": [], "31": [], "32": [1, 2, 6, 8, 9, 11, 14, 16, 24, 29, 31, 37], "33": [], "34": [3, 35], "35": [22, 39], "36": [26, 36], "37": [25, 30], "38": [5, 38]}, "join_predecessors": {"0": [1, 2], "1": [3, 5], "2": [4, 6], "3": [7, 11], "4": [8, 12], "5": [9, 13], "6": [10, 14], "7": [15, 23], "8": [16, 24], "9": [17, 25], "10": [18, 26], "11": [19, 27], "12": [20, 28], "13": [21, 29], "14": [22, 30], "15": [31], "16": [32], "17": [33], "18": [34], "19": [35], "20": [36], "21": [37], "22": [38], "23": [], "24": [], "25": [], "26": [], "27": [], "28": [], "29": [], "30": [], "31": [], "32": [], "33": [], "34": [], "35": [], "36": [], "37": [], "38": []}, "leaf_joins": [31, 32], "opt_time": 10.012219905853271, "status": 9, "intermediate_costs": [[[4, 10, 13, 15, 19, 20, 21, 22, 25, 28, 30, 32, 39], 4.802281824781467e+26], [[0, 1, 2, 3, 5, 6, 7, 8, 9, 11, 12, 14, 16, 17, 18, 23, 24, 26, 27, 29, 31, 33, 34, 35, 36, 37, 38], 9.289370439250946e+19], [[10, 20, 21, 22, 39], 44354.16388581371], [[1, 2, 6, 8, 9, 11, 12, 14, 16, 17, 18, 23, 24, 26, 29, 31, 34, 36, 37], 20397411328997.492], [[4, 13, 15, 19, 25, 28, 30, 32], 1.0827127385705121e+22], [[0, 3, 5, 7, 27, 33, 35, 38], 6.2995932690092405e+29], [[1, 2, 6, 8, 9, 11, 12, 14, 16, 17, 24, 29, 31, 37], 338234.0576043528], [[15, 19, 32], 85251093939000.0], [[3, 27, 33, 35], 7.44067817181e+24], [[20, 21, 22, 39], 24948.90532445366], [[18, 23, 26, 34, 36], 8.088895602483561e+17], [[4, 13, 25, 28, 30], 9.471593586692569e+20], [[0, 5, 7, 38], 84664.2352154954], [[1, 2, 6, 8, 9, 11, 12, 14, 16, 24, 29, 31, 37], 22996.04927352107], [[15, 19], 1692531.0], [[3, 27, 35], 3.077203545e+18], [[21, 22, 39], 14033.06052367688], [[23, 26, 36], 720516708000.0], [[25, 28, 30], 7671868113000.0], [[5, 7, 38], 47621.25124615385], [[18, 34], 28448915000000.0], [[4, 13], 3637441402000000.0], [[1, 2, 6, 8, 9, 11, 14, 16, 24, 29, 31, 37], 6321.975187468851], [[3, 35], 5260177000000.0], [[22, 39], 11276.0], [[26, 36], 1404516.0], [[25, 30], 94227.0], [[5, 38], 689241.0]]}