{"costs": 800273952, "root_join": 18, "join_operands": {"0": [7, 11], "1": [3, 7, 11], "2": [3, 4, 7, 11], "3": [3, 4, 7, 11, 18], "4": [3, 4, 7, 8, 11, 18], "5": [3, 4, 7, 8, 11, 16, 18], "6": [3, 4, 7, 8, 9, 11, 16, 18], "7": [3, 4, 7, 8, 9, 11, 16, 18, 19], "8": [3, 4, 7, 8, 9, 11, 15, 16, 18, 19], "9": [3, 4, 7, 8, 9, 11, 12, 15, 16, 18, 19], "10": [3, 4, 5, 7, 8, 9, 11, 12, 15, 16, 18, 19], "11": [3, 4, 5, 7, 8, 9, 11, 12, 15, 16, 17, 18, 19], "12": [3, 4, 5, 7, 8, 9, 11, 12, 13, 15, 16, 17, 18, 19], "13": [3, 4, 5, 6, 7, 8, 9, 11, 12, 13, 15, 16, 17, 18, 19], "14": [3, 4, 5, 6, 7, 8, 9, 11, 12, 13, 14, 15, 16, 17, 18, 19], "15": [2, 3, 4, 5, 6, 7, 8, 9, 11, 12, 13, 14, 15, 16, 17, 18, 19], "16": [1, 2, 3, 4, 5, 6, 7, 8, 9, 11, 12, 13, 14, 15, 16, 17, 18, 19], "17": [1, 2, 3, 4, 5, 6, 7, 8, 9, 10, 11, 12, 13, 14, 15, 16, 17, 18, 19], "18": [0, 1, 2, 3, 4, 5, 6, 7, 8, 9, 10, 11, 12, 13, 14, 15, 16, 17, 18, 19]}, "join_predecessors": {"0": [], "1": [0], "2": [1], "3": [2], "4": [3], "5": [4], "6": [5], "7": [6], "8": [7], "9": [8], "10": [9], "11": [10], "12": [11], "13": [12], "14": [13], "15": [14], "16": [15], "17": [16], "18": [17]}, "intermediate_costs": [[[7, 11], 262000.0], [[3, 7, 11], 233418.1684032667], [[3, 4, 7, 11], 233027.05933483524], [[3, 4, 7, 11, 18], 233027.05933483527], [[3, 4, 7, 8, 11, 18], 786699.3523144037], [[3, 4, 7, 8, 11, 16, 18], 3748939.330578829], [[3, 4, 7, 8, 9, 11, 16, 18], 3771154.266199338], [[3, 4, 7, 8, 9, 11, 16, 18, 19], 3763520.3003644855], [[3, 4, 7, 8, 9, 11, 15, 16, 18, 19], 65890674.671674825], [[3, 4, 7, 8, 9, 11, 12, 15, 16, 18, 19], 62014752.63216454], [[3, 4, 5, 7, 8, 9, 11, 12, 15, 16, 18, 19], 59947594.21109239], [[3, 4, 5, 7, 8, 9, 11, 12, 15, 16, 17, 18, 19], 59947594.21109238], [[3, 4, 5, 7, 8, 9, 11, 12, 13, 15, 16, 17, 18, 19], 59947594.21109239], [[3, 4, 5, 6, 7, 8, 9, 11, 12, 13, 15, 16, 17, 18, 19], 59947594.21109239], [[3, 4, 5, 6, 7, 8, 9, 11, 12, 13, 14, 15, 16, 17, 18, 19], 59335884.026380435], [[2, 3, 4, 5, 6, 7, 8, 9, 11, 12, 13, 14, 15, 16, 17, 18, 19], 81117388.98324086], [[1, 2, 3, 4, 5, 6, 7, 8, 9, 11, 12, 13, 14, 15, 16, 17, 18, 19], 140002604.68959346], [[1, 2, 3, 4, 5, 6, 7, 8, 9, 10, 11, 12, 13, 14, 15, 16, 17, 18, 19], 139090484.71569306]]}