{"costs": 0, "join_operands": {"0": [0, 1, 2, 3, 4], "1": [0, 1, 3, 4], "2": [], "3": [0, 3, 4], "4": [3, 4]}, "join_predecessors": {"0": [1, 2], "1": [3], "2": [], "3": [4], "4": []}, "leaf_joins": [], "opt_time": 0.03261399269104004, "status": 2, "intermediate_costs": [[[0, 1, 3, 4], 0.024999986262234163], [[0, 3, 4], 0.6744996293550778], [[3, 4], 0.049999999999999996]]}