{"costs": 1399709.5254821416, "int_costs": [[[0, 1, 2, 3, 4, 5, 6, 7, 8, 9, 10, 11, 12, 13, 15, 16, 17, 18, 19, 20, 21, 22, 23, 24, 25, 26, 27, 28, 29, 30, 31, 32, 33, 34, 35, 36, 37, 38, 39, 40, 41, 42, 43, 44, 45, 46, 47, 48, 49], 863093.4573441019], [[0, 1, 2, 3, 4, 5, 6, 7, 8, 9, 10, 11, 12, 13, 15, 16, 17, 18, 19, 20, 21, 22, 23, 24, 25, 26, 27, 28, 29, 31, 33, 34, 35, 36, 37, 38, 39, 40, 41, 42, 43, 44, 45, 46, 47, 48, 49], 217695.75069144412], [[30, 32], 81637.0], [[0, 1, 2, 3, 4, 5, 6, 7, 8, 9, 10, 11, 12, 13, 15, 16, 17, 19, 20, 21, 22, 23, 24, 25, 26, 27, 28, 29, 31, 33, 34, 35, 36, 37, 38, 39, 40, 41, 42, 43, 44, 45, 46, 47, 48, 49], 109331.49112328973], [[0, 1, 2, 3, 4, 5, 6, 7, 8, 9, 10, 11, 12, 13, 15, 16, 17, 19, 20, 21, 22, 23, 24, 25, 26, 27, 28, 29, 31, 34, 35, 36, 37, 38, 39, 40, 41, 42, 43, 44, 45, 46, 47, 48, 49], 54984.05013120854], [[0, 1, 2, 3, 4, 5, 6, 7, 8, 9, 10, 11, 12, 13, 15, 16, 17, 19, 20, 21, 22, 23, 24, 25, 26, 27, 28, 29, 31, 34, 35, 36, 37, 38, 39, 40, 41, 43, 44, 45, 46, 47, 48, 49], 27614.17709534154], [[0, 1, 2, 3, 4, 5, 6, 7, 8, 9, 10, 11, 12, 13, 15, 16, 17, 19, 20, 21, 22, 23, 24, 25, 26, 27, 28, 29, 31, 34, 35, 36, 37, 38, 39, 40, 41, 44, 45, 46, 47, 48, 49], 21691.655431674128], [[0, 1, 2, 3, 4, 5, 6, 7, 8, 9, 10, 11, 12, 13, 15, 16, 17, 19, 20, 21, 22, 23, 24, 25, 26, 28, 29, 31, 34, 35, 36, 37, 38, 39, 40, 41, 44, 45, 46, 47, 48, 49], 10894.01606592949], [[0, 1, 2, 3, 4, 5, 6, 7, 8, 9, 10, 11, 12, 13, 15, 16, 17, 19, 20, 21, 22, 23, 24, 25, 26, 28, 29, 31, 34, 35, 36, 37, 38, 39, 40, 41, 45, 46, 47, 48, 49], 5471.209690717029], [[0, 1, 2, 3, 4, 5, 6, 7, 9, 10, 11, 12, 13, 15, 16, 17, 19, 20, 21, 22, 23, 24, 25, 26, 28, 29, 31, 34, 35, 36, 37, 38, 39, 40, 41, 45, 46, 47, 48, 49], 2747.7594607428773], [[0, 1, 2, 3, 4, 5, 6, 9, 10, 11, 12, 13, 15, 16, 17, 19, 20, 21, 22, 23, 24, 25, 26, 28, 29, 31, 34, 35, 36, 37, 38, 39, 40, 41, 45, 46, 47, 48, 49], 1507.08768433123], [[0, 1, 2, 3, 4, 5, 6, 9, 10, 11, 13, 15, 16, 17, 19, 20, 21, 22, 23, 24, 25, 26, 28, 29, 31, 34, 35, 36, 37, 38, 39, 40, 41, 45, 46, 47, 48, 49], 851.503333961113], [[0, 1, 3, 4, 5, 6, 9, 10, 11, 13, 15, 16, 17, 19, 20, 21, 22, 23, 24, 25, 26, 28, 29, 31, 34, 35, 36, 37, 38, 39, 40, 41, 45, 46, 47, 48, 49], 470.40761693600393], [[0, 1, 3, 4, 5, 6, 9, 10, 11, 13, 15, 16, 17, 19, 20, 21, 22, 23, 24, 25, 26, 29, 31, 34, 35, 36, 37, 38, 39, 40, 41, 45, 46, 47, 48, 49], 236.2488583043824], [[0, 1, 3, 4, 5, 6, 9, 10, 11, 17, 19, 21, 22, 23, 26, 35, 37, 38, 39, 45, 48, 49], 0.0014127428815607962], [[0, 3, 4, 5, 6, 9, 10, 11, 17, 19, 21, 22, 23, 26, 35, 37, 38, 39, 45, 48, 49], 0.0007920135048628299], [[6, 17, 38], 0.09736288416075649], [[6, 38], 287.0], [[6, 17, 23, 38], 14.910374196650624], [[6, 17, 22, 23, 38], 29.688840380040794], [[3, 6, 9, 10, 11, 17, 21, 22, 23, 26, 35, 37, 38, 39, 49], 4.9956007594089475e-05], [[3, 9, 10, 11, 21, 26, 35, 37, 39, 49], 0.059166933851841685], [[9, 10, 11, 21, 26, 35, 37, 39, 49], 26.068360137169392], [[9, 10, 11, 21, 26, 37, 39, 49], 6.688423968814497], [[9, 10, 21, 26, 37, 39, 49], 0.525317652279779], [[9, 10, 21, 26, 37, 49], 0.03714238722010017], [[9, 21, 26], 30.55243288490284], [[21, 26], 832.0], [[9, 21, 26, 37], 60.834328904421625], [[9, 10, 21, 26, 37], 0.018653781724297176], [[0, 3, 6, 9, 10, 11, 17, 21, 22, 23, 26, 35, 37, 38, 39, 49], 9.884249658232932e-05], [[0, 3, 6, 9, 10, 11, 17, 19, 21, 22, 23, 26, 35, 37, 38, 39, 49], 0.005529146709675544], [[0, 3, 5, 6, 9, 10, 11, 17, 19, 21, 22, 23, 26, 35, 37, 38, 39, 49], 0.9916155850013644], [[0, 3, 5, 6, 9, 10, 11, 17, 19, 21, 22, 23, 26, 35, 37, 38, 39, 48, 49], 1.974458617943976], [[0, 3, 4, 5, 6, 9, 10, 11, 17, 19, 21, 22, 23, 26, 35, 37, 38, 39, 48, 49], 0.0004640606560645396], [[0, 1, 3, 4, 5, 6, 9, 10, 11, 17, 19, 21, 22, 23, 26, 34, 35, 37, 38, 39, 45, 48, 49], 0.00273236029370545], [[0, 1, 3, 4, 5, 6, 9, 10, 11, 17, 19, 20, 21, 22, 23, 26, 34, 35, 37, 38, 39, 45, 48, 49], 0.005295460462461025], [[0, 1, 3, 4, 5, 6, 9, 10, 11, 13, 17, 19, 20, 21, 22, 23, 26, 34, 35, 37, 38, 39, 45, 48, 49], 0.010484657504270658], [[0, 1, 3, 4, 5, 6, 9, 10, 11, 13, 17, 19, 20, 21, 22, 23, 24, 26, 34, 35, 37, 38, 39, 45, 48, 49], 0.020759931359668034], [[0, 1, 3, 4, 5, 6, 9, 10, 11, 13, 17, 19, 20, 21, 22, 23, 24, 26, 34, 35, 37, 38, 39, 45, 46, 48, 49], 0.04133603202280335], [[0, 1, 3, 4, 5, 6, 9, 10, 11, 13, 16, 17, 19, 20, 21, 22, 23, 24, 26, 34, 35, 37, 38, 39, 45, 46, 48, 49], 0.0823062608993447], [[0, 1, 3, 4, 5, 6, 9, 10, 11, 13, 15, 16, 17, 19, 20, 21, 22, 23, 24, 26, 34, 35, 37, 38, 39, 45, 46, 48, 49], 0.1638843764865828], [[0, 1, 3, 4, 5, 6, 9, 10, 11, 13, 15, 16, 17, 19, 20, 21, 22, 23, 24, 26, 34, 35, 36, 37, 38, 39, 45, 46, 48, 49], 0.32631889913829887], [[0, 1, 3, 4, 5, 6, 9, 10, 11, 13, 15, 16, 17, 19, 20, 21, 22, 23, 24, 26, 34, 35, 36, 37, 38, 39, 40, 45, 46, 48, 49], 0.6497509439893095], [[0, 1, 3, 4, 5, 6, 9, 10, 11, 13, 15, 16, 17, 19, 20, 21, 22, 23, 24, 26, 34, 35, 36, 37, 38, 39, 40, 41, 45, 46, 48, 49], 1.2937537186164452], [[0, 1, 3, 4, 5, 6, 9, 10, 11, 13, 15, 16, 17, 19, 20, 21, 22, 23, 24, 26, 29, 34, 35, 36, 37, 38, 39, 40, 41, 45, 46, 48, 49], 2.5760619591831757], [[0, 1, 3, 4, 5, 6, 9, 10, 11, 13, 15, 16, 17, 19, 20, 21, 22, 23, 24, 26, 29, 34, 35, 36, 37, 38, 39, 40, 41, 45, 46, 47, 48, 49], 66.38850994615215], [[0, 1, 3, 4, 5, 6, 9, 10, 11, 13, 15, 16, 17, 19, 20, 21, 22, 23, 24, 25, 26, 29, 34, 35, 36, 37, 38, 39, 40, 41, 45, 46, 47, 48, 49], 120.69493453709273]]}