{"costs": 2134345.204569361, "int_costs": [[[1, 2, 3, 4, 5, 6, 7, 8, 9, 10, 11, 13, 14, 15, 16, 17, 18, 19, 20, 21, 22, 23, 24, 25, 26, 27, 28, 29, 30, 31, 32, 33, 34, 35, 36, 37, 38, 39], 1600138.2314233414], [[0, 12], 76815.0], [[1, 2, 3, 4, 5, 6, 7, 8, 9, 10, 11, 13, 14, 15, 16, 17, 18, 19, 20, 21, 22, 23, 24, 25, 26, 27, 28, 30, 31, 32, 33, 35, 36, 37, 38, 39], 253800.1031120677], [[29, 34], 32642.0], [[1, 2, 3, 4, 5, 6, 7, 8, 9, 10, 11, 13, 14, 15, 16, 17, 18, 19, 20, 21, 22, 23, 24, 25, 26, 27, 28, 30, 31, 32, 33, 36, 37, 38, 39], 102585.83825276798], [[2, 3, 4, 5, 6, 7, 8, 9, 10, 11, 13, 14, 15, 16, 17, 18, 19, 20, 21, 22, 23, 24, 25, 26, 27, 28, 30, 31, 32, 33, 36, 37, 38, 39], 40855.33491431511], [[2, 3, 4, 5, 6, 7, 8, 9, 10, 11, 13, 14, 15, 16, 17, 18, 19, 20, 21, 22, 23, 24, 25, 26, 27, 28, 30, 32, 33, 36, 37, 38, 39], 16358.207509326978], [[2, 3, 4, 5, 6, 7, 8, 9, 10, 11, 13, 14, 15, 16, 17, 18, 20, 21, 22, 23, 24, 25, 26, 27, 28, 30, 32, 33, 36, 37, 38, 39], 6514.740013696658], [[2, 3, 4, 5, 6, 7, 8, 9, 10, 11, 13, 14, 15, 16, 17, 18, 20, 21, 22, 23, 24, 26, 27, 28, 30, 32, 33, 36, 37, 38, 39], 2604.723314016572], [[2, 3, 4, 5, 6, 7, 8, 9, 11, 13, 14, 15, 16, 17, 18, 20, 21, 22, 23, 24, 26, 27, 28, 30, 32, 33, 36, 37, 38, 39], 1037.3517482818863], [[2, 3, 4, 5, 6, 7, 8, 9, 13, 14, 15, 16, 17, 18, 20, 21, 22, 23, 24, 26, 27, 28, 30, 32, 33, 36, 37, 38, 39], 414.10732417372094], [[2, 3, 4, 5, 6, 7, 8, 9, 13, 14, 15, 16, 17, 18, 20, 22, 23, 24, 26, 27, 28, 30, 32, 33, 36, 37, 38, 39], 171.4303961149382], [[2, 3, 4, 5, 6, 7, 8, 9, 13, 14, 15, 16, 17, 18, 20, 22, 23, 24, 27, 28, 30, 32, 33, 36, 37, 38, 39], 68.27351686896137], [[2, 3, 4, 5, 6, 7, 8, 9, 13, 14, 15, 16, 17, 18, 20, 22, 23, 24, 27, 28, 30, 32, 33, 36, 37, 38], 27.190278311929283], [[2, 3, 4, 5, 6, 7, 8, 9, 13, 14, 15, 16, 17, 18, 20, 22, 23, 24, 28, 30, 32, 33, 36, 37, 38], 11.447453397713309], [[18, 33], 251.0], [[15, 18, 33], 0.20827115188583079], [[7, 15, 18, 33], 0.09993449003672518], [[7, 8, 15, 18, 33], 42.92618436711387], [[7, 8, 15, 18, 30, 33], 0.1495079915839843], [[7, 8, 15, 18, 28, 30, 33], 0.19536515742033508], [[7, 8, 15, 18, 28, 30, 32, 33], 0.0008580744169050011], [[7, 8, 15, 18, 22, 28, 30, 32, 33], 4.597098833256186e-06], [[3, 7, 8, 15, 18, 22, 28, 30, 32, 33], 2.275932751052e-06], [[3, 7, 8, 15, 18, 22, 23, 28, 30, 32, 33], 5.3785167906111025e-06], [[3, 7, 8, 13, 15, 18, 22, 23, 28, 30, 32, 33], 5.857678994325988e-06], [[3, 7, 8, 13, 15, 18, 22, 23, 24, 28, 30, 32, 33], 1.1556561919531865e-05], [[3, 7, 8, 13, 15, 16, 18, 22, 23, 24, 28, 30, 32, 33], 2.455356673546251e-05], [[3, 7, 8, 13, 15, 16, 18, 22, 23, 24, 28, 30, 32, 33, 37], 6.1029643947187465e-05], [[3, 7, 8, 13, 15, 16, 18, 20, 22, 23, 24, 28, 30, 32, 33, 37], 0.00015324107669110576], [[3, 7, 8, 9, 13, 15, 16, 18, 20, 22, 23, 24, 28, 30, 32, 33, 37], 0.0003847810075623762], [[3, 7, 8, 9, 13, 15, 16, 18, 20, 22, 23, 24, 28, 30, 32, 33, 37, 38], 0.0009661669224082669], [[3, 7, 8, 9, 13, 14, 15, 16, 18, 20, 22, 23, 24, 28, 30, 32, 33, 37, 38], 0.002425998691834351], [[3, 6, 7, 8, 9, 13, 14, 15, 16, 18, 20, 22, 23, 24, 28, 30, 32, 33, 37, 38], 0.006091569263161719], [[2, 3, 6, 7, 8, 9, 13, 14, 15, 16, 18, 20, 22, 23, 24, 28, 30, 32, 33, 37, 38], 0.015295645919361585], [[2, 3, 4, 6, 7, 8, 9, 13, 14, 15, 16, 18, 20, 22, 23, 24, 28, 30, 32, 33, 37, 38], 0.24510380339764978], [[2, 3, 4, 6, 7, 8, 9, 13, 14, 15, 16, 17, 18, 20, 22, 23, 24, 28, 30, 32, 33, 37, 38], 1.8156479726034245], [[2, 3, 4, 6, 7, 8, 9, 13, 14, 15, 16, 17, 18, 20, 22, 23, 24, 28, 30, 32, 33, 36, 37, 38], 4.559007019200758]]}