{"costs": 17531384, "root_join": 30, "join_operands": {"0": [0, 36], "1": [0, 15, 17, 21, 23, 26, 28, 29, 31, 34, 36], "2": [15, 17, 21, 23, 26, 28, 29, 31, 34], "3": [23, 28], "4": [15, 17, 21, 26, 29, 31, 34], "5": [26, 29], "6": [15, 17, 21, 26, 29, 31], "7": [15, 17, 21, 31], "8": [15, 17, 21], "9": [17, 21], "10": [0, 15, 17, 21, 23, 26, 28, 29, 31, 34, 36, 38], "11": [0, 2, 15, 17, 21, 23, 26, 28, 29, 31, 34, 36, 38], "12": [0, 2, 15, 17, 18, 21, 23, 26, 28, 29, 31, 34, 36, 38], "13": [0, 2, 11, 15, 17, 18, 21, 23, 26, 28, 29, 31, 34, 36, 38], "14": [0, 1, 2, 4, 5, 6, 7, 8, 11, 12, 13, 15, 16, 17, 18, 19, 20, 21, 23, 25, 26, 28, 29, 30, 31, 32, 34, 35, 36, 38, 39], "15": [1, 4, 5, 6, 7, 8, 12, 13, 16, 19, 20, 25, 30, 32, 35, 39], "16": [4, 12], "17": [4, 12, 32], "18": [4, 12, 32, 39], "19": [4, 5, 12, 32, 39], "20": [1, 6, 7, 8, 13, 16, 19, 20, 25, 30, 35], "21": [1, 6, 8, 13, 16, 19, 20, 25, 30, 35], "22": [1, 6, 8, 16, 19, 20, 25, 30, 35], "23": [1, 8, 16, 19, 20, 25, 35], "24": [1, 8, 16, 19, 20, 35], "25": [1, 20], "26": [1, 8, 16, 20, 35], "27": [8, 16, 35], "28": [8, 16], "29": [1, 6, 8, 16, 19, 20, 25, 35], "30": [0, 1, 2, 3, 4, 5, 6, 7, 8, 9, 10, 11, 12, 13, 14, 15, 16, 17, 18, 19, 20, 21, 22, 23, 24, 25, 26, 27, 28, 29, 30, 31, 32, 33, 34, 35, 36, 37, 38, 39], "31": [3, 9, 10, 14, 22, 24, 27, 33, 37], "32": [3, 14], "33": [3, 14, 24], "34": [3, 14, 24, 27], "35": [3, 10, 14, 22, 24, 27], "36": [10, 22], "37": [9, 33, 37], "38": [9, 37]}, "join_predecessors": {"0": [], "1": [0, 2], "3": [], "2": [3, 4], "5": [], "6": [5, 7], "7": [8], "8": [9], "9": [], "4": [6], "10": [1], "11": [10], "12": [11], "13": [12], "14": [13, 15], "16": [], "17": [16], "18": [17], "19": [18], "15": [19, 20], "21": [22], "23": [24], "25": [], "26": [25, 27], "27": [28], "28": [], "24": [26], "29": [23], "22": [29], "20": [21], "30": [14, 31], "32": [], "33": [32], "34": [33], "35": [34, 36], "36": [], "31": [35, 37], "38": [], "37": [38]}, "intermediate_costs": [[[0, 36], 4256315.0], [[0, 15, 17, 21, 23, 26, 28, 29, 31, 34, 36], 53960.96145414969], [[15, 17, 21, 23, 26, 28, 29, 31, 34], 2805.1261472130773], [[23, 28], 462800.0], [[15, 17, 21, 26, 29, 31, 34], 1994.9443450246588], [[26, 29], 484493.0], [[15, 17, 21, 26, 29, 31], 1379.3932122512824], [[15, 17, 21, 31], 629.9525764788785], [[15, 17, 21], 208.26003373945642], [[17, 21], 144.0], [[0, 15, 17, 21, 23, 26, 28, 29, 31, 34, 36, 38], 78041.040503064], [[0, 2, 15, 17, 21, 23, 26, 28, 29, 31, 34, 36, 38], 112866.88536004478], [[0, 2, 15, 17, 18, 21, 23, 26, 28, 29, 31, 34, 36, 38], 160467.1040382195], [[0, 2, 11, 15, 17, 18, 21, 23, 26, 28, 29, 31, 34, 36, 38], 232075.58681300314], [[0, 1, 2, 4, 5, 6, 7, 8, 11, 12, 13, 15, 16, 17, 18, 19, 20, 21, 23, 25, 26, 28, 29, 30, 31, 32, 34, 35, 36, 38, 39], 32117.04072107371], [[1, 4, 5, 6, 7, 8, 12, 13, 16, 19, 20, 25, 30, 32, 35, 39], 14640.513264387218], [[4, 12], 40495.0], [[4, 12, 32], 31788.981827666154], [[4, 12, 32, 39], 45510.42314602161], [[4, 5, 12, 32, 39], 65819.44947493376], [[1, 6, 7, 8, 13, 16, 19, 20, 25, 30, 35], 12457.881707672972], [[1, 6, 8, 13, 16, 19, 20, 25, 30, 35], 8613.917236398553], [[1, 6, 8, 16, 19, 20, 25, 30, 35], 5956.038223963955], [[1, 8, 16, 19, 20, 25, 35], 38.162901507847145], [[1, 8, 16, 19, 20, 35], 26.623084416753738], [[1, 20], 5782.0], [[1, 8, 16, 20, 35], 23.010438537427813], [[8, 16, 35], 3095.6784513274342], [[8, 16], 645.0], [[1, 6, 8, 16, 19, 20, 25, 35], 55.1930730922802], [[3, 9, 10, 14, 22, 24, 27, 33, 37], 5999623.955804684], [[3, 14], 582888.0], [[3, 14, 24], 843001.4101925925], [[3, 14, 24, 27], 1219190.269119796], [[3, 10, 14, 22, 24, 27], 2550091.6077187792], [[10, 22], 125822.99999999999], [[9, 33, 37], 56472.08533333333], [[9, 37], 39048.0]]}