{"costs": 82444.63220535549, "int_costs": [[[0, 1, 2, 3, 5, 6, 7, 8, 9, 10, 11, 12, 13, 14, 15, 16, 17, 18, 19, 20, 21, 22, 23, 24, 25, 26, 27, 28, 29, 30, 31, 32, 33, 34, 35, 36, 37, 38, 39], 36297.58463118663], [[0, 1, 2, 3, 5, 6, 7, 8, 9, 10, 11, 12, 13, 14, 15, 16, 17, 18, 19, 20, 21, 22, 23, 24, 25, 26, 27, 28, 29, 30, 31, 33, 34, 35, 36, 37, 38, 39], 19919.15060531938], [[0, 1, 2, 3, 5, 6, 7, 8, 10, 11, 12, 13, 14, 15, 16, 17, 18, 19, 20, 21, 22, 23, 24, 25, 26, 27, 28, 29, 30, 31, 33, 34, 35, 36, 37, 38, 39], 11174.014272702563], [[0, 1, 2, 3, 5, 6, 7, 8, 10, 11, 12, 13, 14, 15, 16, 17, 18, 19, 20, 21, 22, 23, 24, 25, 26, 27, 28, 29, 30, 31, 33, 34, 35, 36, 37, 38], 6132.002585332541], [[0, 1, 3, 5, 6, 7, 8, 10, 11, 12, 13, 14, 15, 16, 17, 18, 19, 20, 21, 22, 23, 24, 25, 26, 27, 28, 29, 30, 31, 33, 34, 35, 36, 37, 38], 3365.080201630716], [[0, 1, 3, 5, 6, 7, 8, 10, 11, 12, 13, 14, 15, 16, 17, 18, 19, 20, 21, 22, 23, 24, 25, 26, 27, 28, 29, 30, 33, 34, 35, 36, 37, 38], 1991.50326387273], [[0, 1, 3, 5, 6, 7, 10, 11, 12, 13, 14, 15, 16, 17, 18, 19, 20, 21, 22, 23, 24, 25, 26, 27, 28, 29, 30, 33, 34, 35, 36, 37, 38], 1092.8850066845118], [[0, 1, 3, 5, 6, 7, 10, 11, 12, 13, 14, 15, 16, 17, 18, 19, 20, 21, 22, 23, 24, 25, 27, 28, 29, 30, 33, 34, 35, 36, 37, 38], 599.7462733381518], [[0, 1, 3, 5, 6, 7, 10, 11, 12, 13, 14, 15, 16, 17, 18, 19, 20, 21, 22, 23, 24, 27, 28, 29, 30, 33, 34, 35, 36, 37, 38], 329.12482943134967], [[0, 3, 5, 6, 7, 10, 11, 12, 13, 14, 15, 16, 17, 18, 19, 20, 21, 22, 23, 24, 27, 28, 29, 30, 33, 34, 35, 36, 37, 38], 210.71746281898226], [[0, 3, 6, 7, 10, 11, 12, 13, 14, 15, 16, 17, 18, 19, 20, 21, 22, 23, 24, 27, 28, 29, 30, 33, 34, 35, 36, 37, 38], 133.89448880496116], [[0, 3, 6, 7, 10, 11, 12, 13, 14, 15, 16, 17, 18, 19, 20, 21, 22, 23, 27, 28, 29, 30, 33, 34, 35, 36, 37, 38], 0.8060809317569049], [[0, 6, 7, 10, 11, 12, 13, 14, 15, 16, 17, 18, 19, 20, 21, 22, 23, 27, 28, 29, 30, 33, 34, 35, 36, 37, 38], 117.67604843166494], [[6, 12, 18, 19, 35, 36, 38], 0.03832545446905639], [[12, 18, 19, 35, 36, 38], 143.86380273300296], [[12, 18, 19, 35, 36], 82.8313552858752], [[18, 35], 207.0], [[18, 35, 36], 377.2047894975102], [[12, 18, 35, 36], 0.5198353505262562], [[0, 6, 12, 18, 19, 35, 36, 38], 0.06983839024909375], [[0, 6, 12, 18, 19, 22, 35, 36, 38], 8.455899389945994], [[0, 6, 12, 18, 19, 22, 29, 35, 36, 38], 132.99044222891274], [[0, 6, 12, 18, 19, 22, 27, 29, 35, 36, 38], 0.0017038494535988097], [[0, 6, 12, 17, 18, 19, 22, 27, 29, 35, 36, 38], 0.0028225556993904887], [[0, 6, 12, 17, 18, 19, 22, 27, 29, 35, 36, 37, 38], 0.010993597853153283], [[0, 6, 12, 14, 17, 18, 19, 22, 27, 29, 35, 36, 37, 38], 0.033308977269927036], [[0, 6, 12, 14, 17, 18, 19, 22, 27, 29, 30, 35, 36, 37, 38], 0.025493773087852296], [[0, 6, 12, 13, 14, 17, 18, 19, 22, 27, 29, 30, 35, 36, 37, 38], 0.023227943421007265], [[0, 6, 12, 13, 14, 17, 18, 19, 22, 27, 29, 30, 33, 35, 36, 37, 38], 0.035272510098957814], [[0, 6, 12, 13, 14, 16, 17, 18, 19, 22, 27, 29, 30, 33, 35, 36, 37, 38], 0.06361923439441261], [[0, 6, 12, 13, 14, 16, 17, 18, 19, 22, 27, 28, 29, 30, 33, 35, 36, 37, 38], 0.11474685696674575], [[0, 6, 12, 13, 14, 16, 17, 18, 19, 20, 22, 27, 28, 29, 30, 33, 35, 36, 37, 38], 0.20909659081328139], [[0, 6, 12, 13, 14, 16, 17, 18, 19, 20, 22, 23, 27, 28, 29, 30, 33, 35, 36, 37, 38], 0.38102478593866296], [[0, 6, 12, 13, 14, 16, 17, 18, 19, 20, 22, 23, 27, 28, 29, 30, 33, 34, 35, 36, 37, 38], 0.6943201836096233], [[0, 6, 12, 13, 14, 15, 16, 17, 18, 19, 20, 22, 23, 27, 28, 29, 30, 33, 34, 35, 36, 37, 38], 1.265221890060087], [[0, 6, 12, 13, 14, 15, 16, 17, 18, 19, 20, 21, 22, 23, 27, 28, 29, 30, 33, 34, 35, 36, 37, 38], 2.3055450326254117], [[0, 6, 7, 12, 13, 14, 15, 16, 17, 18, 19, 20, 21, 22, 23, 27, 28, 29, 30, 33, 34, 35, 36, 37, 38], 57.728275333800305], [[0, 6, 7, 10, 12, 13, 14, 15, 16, 17, 18, 19, 20, 21, 22, 23, 27, 28, 29, 30, 33, 34, 35, 36, 37, 38], 64.57749342396016]]}