{"costs": 141736312, "root_join": 27, "join_operands": {"0": [0, 1, 3, 6, 9, 13, 18], "1": [1, 3, 6, 9, 13, 18], "2": [3, 18], "3": [3, 13, 18], "4": [1, 3, 13, 18], "5": [1, 3, 6, 13, 18], "6": [0, 1, 2, 3, 6, 9, 13, 18], "7": [0, 1, 2, 3, 5, 6, 8, 9, 10, 11, 13, 14, 15, 17, 18, 21, 22, 23, 25, 28, 29], "8": [5, 8, 10, 11, 14, 15, 17, 21, 22, 23, 25, 28, 29], "9": [14, 29], "10": [14, 22, 29], "11": [5, 10, 14, 22, 28, 29], "12": [5, 10, 28], "13": [5, 28], "14": [5, 10, 14, 17, 22, 28, 29], "15": [5, 10, 11, 14, 17, 22, 23, 28, 29], "16": [11, 23], "17": [5, 8, 10, 11, 14, 15, 17, 21, 22, 23, 28, 29], "18": [8, 15, 21], "19": [8, 21], "20": [0, 1, 2, 3, 5, 6, 7, 8, 9, 10, 11, 13, 14, 15, 17, 18, 21, 22, 23, 25, 28, 29], "21": [0, 1, 2, 3, 4, 5, 6, 7, 8, 9, 10, 11, 13, 14, 15, 16, 17, 18, 21, 22, 23, 24, 25, 28, 29], "22": [4, 16, 24], "23": [16, 24], "24": [0, 1, 2, 3, 4, 5, 6, 7, 8, 9, 10, 11, 12, 13, 14, 15, 16, 17, 18, 20, 21, 22, 23, 24, 25, 27, 28, 29], "25": [12, 20, 27], "26": [20, 27], "27": [0, 1, 2, 3, 4, 5, 6, 7, 8, 9, 10, 11, 12, 13, 14, 15, 16, 17, 18, 19, 20, 21, 22, 23, 24, 25, 26, 27, 28, 29], "28": [19, 26]}, "join_predecessors": {"0": [1], "2": [], "3": [2], "4": [3], "5": [4], "1": [5], "6": [0], "7": [6, 8], "9": [], "10": [9], "11": [10, 12], "13": [], "12": [13], "14": [11], "15": [14, 16], "16": [], "17": [15, 18], "18": [19], "19": [], "8": [17], "20": [7], "21": [20, 22], "23": [], "22": [23], "24": [21, 25], "26": [], "25": [26], "27": [24, 28], "28": []}, "intermediate_costs": [[[0, 1, 3, 6, 9, 13, 18], 140245.96040544822], [[1, 3, 6, 9, 13, 18], 140245.96040544822], [[3, 18], 141000.0], [[3, 13, 18], 140245.96040544822], [[1, 3, 13, 18], 140245.96040544822], [[1, 3, 6, 13, 18], 140245.96040544822], [[0, 1, 2, 3, 6, 9, 13, 18], 1778270.2056461126], [[0, 1, 2, 3, 5, 6, 8, 9, 10, 11, 13, 14, 15, 17, 18, 21, 22, 23, 25, 28, 29], 289.09592823480875], [[5, 8, 10, 11, 14, 15, 17, 21, 22, 23, 25, 28, 29], 75.108000763826], [[14, 29], 1771900.0000000002], [[14, 22, 29], 1771900.0000000002], [[5, 10, 14, 22, 28, 29], 1746148.5707446113], [[5, 10, 28], 383346.5737455013], [[5, 28], 384629.0], [[5, 10, 14, 17, 22, 28, 29], 1746148.5707446113], [[5, 10, 11, 14, 17, 22, 23, 28, 29], 1733261.556088292], [[11, 23], 271000.0], [[5, 8, 10, 11, 14, 15, 17, 21, 22, 23, 28, 29], 75.108000763826], [[8, 15, 21], 13.000000000000002], [[8, 21], 13.0], [[0, 1, 2, 3, 5, 6, 7, 8, 9, 10, 11, 13, 14, 15, 17, 18, 21, 22, 23, 25, 28, 29], 289.0959282348087], [[0, 1, 2, 3, 4, 5, 6, 7, 8, 9, 10, 11, 13, 14, 15, 16, 17, 18, 21, 22, 23, 24, 25, 28, 29], 77443.01725554057], [[4, 16, 24], 6697000.0], [[16, 24], 6697000.0], [[0, 1, 2, 3, 4, 5, 6, 7, 8, 9, 10, 11, 12, 13, 14, 15, 16, 17, 18, 20, 21, 22, 23, 24, 25, 27, 28, 29], 623463.2265220097], [[12, 20, 27], 53914908.99999999], [[20, 27], 53914909.0], [[19, 26], 7382000.0]]}