{"costs": 1.614830586849014e+26, "join_operands": {"0": [0, 1, 2, 3, 4, 5, 6, 7, 8, 9, 10, 11, 12, 13, 14, 15, 16, 17, 18, 19, 20, 21, 22, 23, 24, 25, 26, 27, 28, 29, 30, 31, 32, 33, 34, 35, 36, 37, 38, 39, 40, 41, 42, 43, 44, 45, 46, 47, 48, 49], "1": [3, 4, 6, 9, 11, 13, 15, 16, 19, 24, 25, 26, 29, 31, 34, 35, 37, 38, 40, 41, 42, 46, 47, 49], "2": [0, 1, 2, 5, 7, 8, 10, 12, 14, 17, 18, 20, 21, 22, 23, 27, 28, 30, 32, 33, 36, 39, 43, 44, 45, 48], "3": [4, 6, 11, 15, 16, 19, 24, 25, 26, 29, 31, 34, 35, 37, 41, 42, 46, 47, 49], "4": [0, 2, 5, 7, 14, 17, 22, 23, 27, 28, 32, 33, 36, 44, 45, 48], "5": [3, 9, 13, 38, 40], "6": [1, 8, 10, 12, 18, 20, 21, 30, 39, 43], "7": [4, 11, 15, 16, 19, 24, 25, 26, 29, 31, 34, 35, 37, 41, 42, 47, 49], "8": [0, 2, 5, 7, 14, 17, 27, 28, 32, 36, 45, 48], "9": [3, 13, 40], "10": [1, 12, 18, 20, 21, 30], "11": [6, 46], "12": [22, 23, 33, 44], "13": [9, 38], "14": [8, 10, 39, 43], "15": [4, 11, 15, 16, 19, 24, 25, 26, 29, 31, 34, 35, 37, 41, 42, 47], "16": [0, 2, 5, 7, 14, 27, 28, 32, 36, 48], "17": [3, 40], "18": [1, 20, 30], "19": [], "20": [33, 44], "21": [], "22": [10, 43], "23": [], "24": [17, 45], "25": [], "26": [12, 18, 21], "27": [], "28": [22, 23], "29": [], "30": [8, 39], "31": [4, 11, 15, 16, 24, 25, 26, 29, 31, 34, 35, 37, 41, 42, 47], "32": [0, 2, 7, 14, 27, 32, 36, 48], "33": [], "34": [20, 30], "35": [], "36": [], "37": [], "38": [], "39": [], "40": [], "41": [], "42": [12, 21], "43": [], "44": [], "45": [], "46": [], "47": [], "48": [5, 28]}, "join_predecessors": {"0": [1, 2], "1": [3, 5], "2": [4, 6], "3": [7, 11], "4": [8, 12], "5": [9, 13], "6": [10, 14], "7": [15, 23], "8": [16, 24], "9": [17, 25], "10": [18, 26], "11": [19, 27], "12": [20, 28], "13": [21, 29], "14": [22, 30], "15": [31, 47], "16": [32, 48], "17": [33], "18": [34], "19": [35], "20": [36], "21": [37], "22": [38], "23": [39], "24": [40], "25": [41], "26": [42], "27": [43], "28": [44], "29": [45], "30": [46], "31": [], "32": [], "33": [], "34": [], "35": [], "36": [], "37": [], "38": [], "39": [], "40": [], "41": [], "42": [], "43": [], "44": [], "45": [], "46": [], "47": [], "48": []}, "leaf_joins": [31, 32], "opt_time": 10.020904064178467, "status": 9, "intermediate_costs": [[[3, 4, 6, 9, 11, 13, 15, 16, 19, 24, 25, 26, 29, 31, 34, 35, 37, 38, 40, 41, 42, 46, 47, 49], 1656638604.4722211], [[0, 1, 2, 5, 7, 8, 10, 12, 14, 17, 18, 20, 21, 22, 23, 27, 28, 30, 32, 33, 36, 39, 43, 44, 45, 48], 122.38321929886139], [[4, 6, 11, 15, 16, 19, 24, 25, 26, 29, 31, 34, 35, 37, 41, 42, 46, 47, 49], 6.674527897537813e+21], [[0, 2, 5, 7, 14, 17, 22, 23, 27, 28, 32, 33, 36, 44, 45, 48], 137153.73957562112], [[3, 9, 13, 38, 40], 1732497.8882641937], [[1, 8, 10, 12, 18, 20, 21, 30, 39, 43], 731122393554.1965], [[4, 11, 15, 16, 19, 24, 25, 26, 29, 31, 34, 35, 37, 41, 42, 47, 49], 1.614217556341009e+26], [[0, 2, 5, 7, 14, 17, 27, 28, 32, 36, 45, 48], 1105928166453.3777], [[3, 13, 40], 307644.684661017], [[1, 12, 18, 20, 21, 30], 3181.195449122804], [[6, 46], 886566.0], [[22, 23, 33, 44], 4.79513314670917e+22], [[9, 38], 75043.0], [[8, 10, 39, 43], 67346132975472.01], [[4, 11, 15, 16, 19, 24, 25, 26, 29, 31, 34, 35, 37, 41, 42, 47], 8.680922593928524e+18], [[0, 2, 5, 7, 14, 27, 28, 32, 36, 48], 601517.0344553376], [[3, 40], 122987.0], [[1, 20, 30], 31829732857000.0], [[33, 44], 305579314000000.0], [[10, 43], 477776.00000000006], [[17, 45], 1838565.0], [[12, 18, 21], 609.7284394250513], [[22, 23], 156919429.0], [[8, 39], 140957547.0], [[4, 11, 15, 16, 24, 25, 26, 29, 31, 34, 35, 37, 41, 42, 47], 6.668510106665645e+21], [[0, 2, 7, 14, 27, 32, 36, 48], 4164881062.679036], [[20, 30], 403567.0], [[12, 21], 250.0], [[5, 28], 386890.0]]}