{"costs": 8370350.269125074, "join_operands": {"0": [0, 1, 2, 3, 4, 5, 6, 7, 8, 9, 10, 11, 12, 13, 14, 15, 16, 17, 18, 19, 20, 21, 22, 23, 24, 25, 26, 27, 28, 29, 30, 31, 32, 33, 34, 35, 36, 37, 38, 39], "1": [1, 3, 4, 5, 6, 7, 8, 9, 10, 12, 13, 14, 16, 19, 20, 22, 24, 25, 27, 30, 32, 33, 35, 37, 39], "2": [0, 2, 11, 15, 17, 18, 21, 23, 26, 28, 29, 31, 34, 36, 38], "3": [1, 3, 4, 5, 6, 8, 9, 10, 12, 13, 14, 16, 19, 20, 22, 24, 25, 27, 30, 32, 33, 35, 37, 39], "4": [0, 2, 11, 15, 17, 18, 21, 23, 26, 28, 29, 31, 34, 38], "5": [], "6": [], "7": [1, 3, 4, 5, 6, 8, 9, 10, 12, 13, 14, 16, 19, 20, 22, 24, 25, 27, 32, 33, 35, 37, 39], "8": [0, 11, 15, 17, 18, 21, 23, 26, 28, 29, 31, 34, 38], "9": [], "10": [], "11": [], "12": [], "13": [], "14": [], "15": [1, 3, 4, 5, 6, 8, 9, 10, 12, 13, 14, 16, 19, 20, 22, 24, 25, 32, 33, 35, 37, 39], "16": [0, 11, 15, 17, 18, 21, 23, 26, 28, 31, 34, 38], "17": [], "18": [], "19": [], "20": [], "21": [], "22": [], "23": [], "24": [], "25": [], "26": [], "27": [], "28": [], "29": [], "30": [], "31": [1, 3, 4, 5, 6, 8, 10, 12, 13, 14, 16, 19, 20, 22, 24, 25, 32, 33, 35, 37, 39], "32": [0, 15, 17, 18, 21, 23, 26, 28, 31, 34, 38], "33": [], "34": [], "35": [], "36": [], "37": [], "38": []}, "join_predecessors": {"0": [1, 2], "1": [3, 5], "2": [4, 6], "3": [7, 11], "4": [8, 12], "5": [9, 13], "6": [10, 14], "7": [15, 23], "8": [16, 24], "9": [17, 25], "10": [18, 26], "11": [19, 27], "12": [20, 28], "13": [21, 29], "14": [22, 30], "15": [31], "16": [32], "17": [33], "18": [34], "19": [35], "20": [36], "21": [37], "22": [38], "23": [], "24": [], "25": [], "26": [], "27": [], "28": [], "29": [], "30": [], "31": [], "32": [], "33": [], "34": [], "35": [], "36": [], "37": [], "38": []}, "leaf_joins": [31, 32], "opt_time": 30.021893978118896, "status": 9, "intermediate_costs": [[[1, 3, 4, 5, 6, 7, 8, 9, 10, 12, 13, 14, 16, 19, 20, 22, 24, 25, 27, 30, 32, 33, 35, 37, 39], 4536965.618946523], [[0, 2, 11, 15, 17, 18, 21, 23, 26, 28, 29, 31, 34, 36, 38], 232075.58681300314], [[1, 3, 4, 5, 6, 8, 9, 10, 12, 13, 14, 16, 19, 20, 22, 24, 25, 27, 30, 32, 33, 35, 37, 39], 3137053.8959220136], [[0, 2, 11, 15, 17, 18, 21, 23, 26, 28, 29, 31, 34, 38], 160467.08290872932], [[1, 3, 4, 5, 6, 8, 9, 10, 12, 13, 14, 16, 19, 20, 22, 24, 25, 27, 32, 33, 35, 37, 39], 29070.27095215867], [[0, 11, 15, 17, 18, 21, 23, 26, 28, 29, 31, 34, 38], 110953.87346554582], [[1, 3, 4, 5, 6, 8, 9, 10, 12, 13, 14, 16, 19, 20, 22, 24, 25, 32, 33, 35, 37, 39], 20100.455218563235], [[0, 11, 15, 17, 18, 21, 23, 26, 28, 31, 34, 38], 76718.44094952424], [[1, 3, 4, 5, 6, 8, 10, 12, 13, 14, 16, 19, 20, 22, 24, 25, 32, 33, 35, 37, 39], 13898.593805091357], [[0, 15, 17, 18, 21, 23, 26, 28, 31, 34, 38], 53046.45014392153]]}