{"costs": 15837677, "root_join": 35, "join_operands": {"0": [0, 2, 4, 8, 11, 37], "1": [2, 4, 8, 11, 37], "2": [8, 11], "3": [2, 8, 11], "4": [2, 8, 11, 37], "5": [0, 2, 4, 8, 11, 15, 37], "6": [0, 2, 4, 8, 11, 15, 23, 37], "7": [0, 2, 4, 8, 11, 15, 21, 23, 37], "8": [0, 2, 4, 8, 11, 15, 21, 23, 36, 37], "9": [0, 1, 2, 3, 4, 7, 8, 10, 11, 13, 14, 15, 17, 18, 20, 21, 22, 23, 24, 25, 26, 33, 34, 35, 36, 37, 39], "10": [1, 3, 7, 10, 13, 14, 17, 18, 20, 22, 24, 25, 26, 33, 34, 35, 39], "11": [1, 3, 7, 10, 13, 14, 17, 18, 20, 22, 24, 26, 33, 34, 35, 39], "12": [1, 3, 7, 10, 13, 14, 17, 18, 20, 22, 24, 33, 34, 35, 39], "13": [1, 3, 10, 13, 14, 17, 18, 20, 22, 24, 33, 34, 35, 39], "14": [3, 10, 13, 14, 18, 20, 22, 24, 34, 35, 39], "15": [3, 10, 13, 14, 18, 20, 22, 24, 35, 39], "16": [10, 22], "17": [10, 14, 22], "18": [10, 13, 14, 22], "19": [10, 13, 14, 22, 39], "20": [10, 13, 14, 18, 22, 39], "21": [10, 13, 14, 18, 20, 22, 39], "22": [10, 13, 14, 18, 20, 22, 35, 39], "23": [10, 13, 14, 18, 20, 22, 24, 35, 39], "24": [1, 3, 10, 13, 14, 18, 20, 22, 24, 34, 35, 39], "25": [1, 3, 10, 13, 14, 17, 18, 20, 22, 24, 34, 35, 39], "26": [0, 1, 2, 3, 4, 5, 7, 8, 9, 10, 11, 13, 14, 15, 16, 17, 18, 20, 21, 22, 23, 24, 25, 26, 28, 29, 30, 31, 32, 33, 34, 35, 36, 37, 38, 39], "27": [5, 9, 16, 28, 29, 30, 31, 32, 38], "28": [9, 16, 28, 29, 31, 32, 38], "29": [9, 16, 28, 29, 32, 38], "30": [9, 28, 29, 38], "31": [28, 29, 38], "32": [28, 38], "33": [9, 16, 28, 29, 38], "34": [9, 16, 28, 29, 30, 31, 32, 38], "35": [0, 1, 2, 3, 4, 5, 6, 7, 8, 9, 10, 11, 12, 13, 14, 15, 16, 17, 18, 19, 20, 21, 22, 23, 24, 25, 26, 27, 28, 29, 30, 31, 32, 33, 34, 35, 36, 37, 38, 39], "36": [6, 12, 19, 27], "37": [12, 27], "38": [6, 12, 27]}, "join_predecessors": {"0": [1], "2": [], "3": [2], "4": [3], "1": [4], "5": [0], "6": [5], "7": [6], "8": [7], "9": [8, 10], "11": [12], "12": [13], "14": [15], "16": [], "17": [16], "18": [17], "19": [18], "20": [19], "21": [20], "22": [21], "23": [22], "15": [23], "24": [14], "25": [24], "13": [25], "10": [11], "26": [9, 27], "28": [29], "30": [31], "32": [], "31": [32], "33": [30], "29": [33], "34": [28], "27": [34], "35": [26, 36], "37": [], "38": [37], "36": [38]}, "intermediate_costs": [[[0, 2, 4, 8, 11, 37], 13549.467987056023], [[2, 4, 8, 11, 37], 491.3766525360662], [[8, 11], 200.0], [[2, 8, 11], 265.90525349850884], [[2, 8, 11, 37], 361.47248002653146], [[0, 2, 4, 8, 11, 15, 37], 17788.397407370183], [[0, 2, 4, 8, 11, 15, 23, 37], 24027.583205794544], [[0, 2, 4, 8, 11, 15, 21, 23, 37], 32663.1764715312], [[0, 2, 4, 8, 11, 15, 21, 23, 36, 37], 285444.1590468621], [[0, 1, 2, 3, 4, 7, 8, 10, 11, 13, 14, 15, 17, 18, 20, 21, 22, 23, 24, 25, 26, 33, 34, 35, 36, 37, 39], 237156.97900266334], [[1, 3, 7, 10, 13, 14, 17, 18, 20, 22, 24, 25, 26, 33, 34, 35, 39], 1842696.234475796], [[1, 3, 7, 10, 13, 14, 17, 18, 20, 22, 24, 26, 33, 34, 35, 39], 1355518.444437565], [[1, 3, 7, 10, 13, 14, 17, 18, 20, 22, 24, 33, 34, 35, 39], 127304.85869602048], [[1, 3, 10, 13, 14, 17, 18, 20, 22, 24, 33, 34, 35, 39], 8914.04958455235], [[3, 10, 13, 14, 18, 20, 22, 24, 34, 35, 39], 3548.3824461284094], [[3, 10, 13, 14, 18, 20, 22, 24, 35, 39], 2610.2750568092724], [[10, 22], 15620.0], [[10, 14, 22], 1103.669161392405], [[10, 13, 14, 22], 65868.34218916355], [[10, 13, 14, 22, 39], 562.277647479587], [[10, 13, 14, 18, 22, 39], 764.3606399603914], [[10, 13, 14, 18, 20, 22, 39], 1039.0643967851809], [[10, 13, 14, 18, 20, 22, 35, 39], 1412.504891216776], [[10, 13, 14, 18, 20, 22, 24, 35, 39], 1920.1637486755242], [[1, 3, 10, 13, 14, 18, 20, 22, 24, 34, 35, 39], 4823.682883653878], [[1, 3, 10, 13, 14, 17, 18, 20, 22, 24, 34, 35, 39], 6557.325461130116], [[0, 1, 2, 3, 4, 5, 7, 8, 9, 10, 11, 13, 14, 15, 16, 17, 18, 20, 21, 22, 23, 24, 25, 26, 28, 29, 30, 31, 32, 33, 34, 35, 36, 37, 38, 39], 33993.82311736712], [[5, 9, 16, 28, 29, 30, 31, 32, 38], 83615.9176321663], [[9, 16, 28, 29, 31, 32, 38], 150824.20630059403], [[9, 16, 28, 29, 32, 38], 6359.395876242918], [[9, 28, 29, 38], 3545.555505795657], [[28, 29, 38], 137.29971437290206], [[28, 38], 101.00000000000001], [[9, 16, 28, 29, 38], 4678.079452797302], [[9, 16, 28, 29, 30, 31, 32, 38], 61509.27843752682], [[6, 12, 19, 27], 7697836.479501505], [[12, 27], 1617870.0], [[6, 12, 27], 2124993.919800828]]}