{"costs": 18275, "join_operands": {"0": [0, 1, 2, 3, 4, 5], "1": [0, 1, 2, 5], "2": [3, 4], "3": [0, 1, 2], "4": [], "5": [1, 2], "6": []}, "join_predecessors": {"0": [1, 2], "1": [3], "2": [4], "3": [5], "4": [], "5": [6], "6": []}, "leaf_joins": [], "opt_time": 0.22220110893249512, "status": 2, "intermediate_costs": [[[0, 1, 2, 5], 7081.087308], [[3, 4], 5163.29], [[0, 1, 2], 6010.8807944], [[1, 2], 20.5714]]}