{"costs": 78704.10553747478, "int_costs": [[[0, 1, 2, 3, 4, 5, 6, 7, 8, 9, 11, 12, 13, 14, 15, 16, 17, 18, 19, 20, 21, 22, 23, 24, 25, 26, 27, 28, 29, 30, 31, 32, 33, 34, 35, 36, 37, 38, 39, 40, 41, 42, 43, 44, 45, 46, 47, 48, 49], 58157.889586569676], [[0, 1, 2, 3, 4, 5, 6, 7, 8, 9, 11, 12, 13, 14, 15, 16, 17, 18, 19, 20, 21, 22, 23, 24, 25, 26, 27, 28, 29, 30, 31, 33, 34, 35, 36, 37, 38, 39, 40, 41, 42, 43, 44, 45, 46, 47, 48, 49], 2952.072815488048], [[0, 1, 2, 3, 4, 5, 6, 7, 8, 9, 11, 12, 13, 14, 15, 16, 18, 19, 20, 21, 22, 23, 24, 25, 26, 27, 28, 29, 30, 31, 33, 34, 35, 36, 37, 38, 39, 40, 41, 42, 43, 44, 45, 46, 47, 48, 49], 2905.7315254191285], [[0, 1, 2, 3, 4, 5, 6, 7, 8, 9, 11, 12, 13, 14, 15, 16, 18, 19, 20, 21, 22, 23, 24, 25, 26, 27, 29, 30, 31, 33, 34, 35, 36, 37, 38, 39, 40, 41, 42, 43, 44, 45, 46, 47, 48, 49], 2900.970058179686], [[0, 1, 2, 3, 4, 5, 6, 7, 8, 11, 12, 13, 14, 15, 16, 18, 19, 20, 21, 22, 23, 24, 25, 26, 27, 29, 30, 31, 33, 34, 35, 36, 37, 38, 39, 40, 41, 42, 43, 44, 45, 46, 47, 48, 49], 2866.079594884973], [[0, 1, 2, 4, 5, 6, 7, 8, 11, 12, 13, 14, 15, 16, 18, 19, 20, 21, 22, 23, 24, 25, 26, 27, 29, 30, 31, 33, 34, 35, 36, 37, 38, 39, 40, 41, 42, 43, 44, 45, 46, 47, 48, 49], 2821.0825603115327], [[0, 1, 2, 4, 5, 6, 8, 11, 13, 14, 15, 16, 18, 19, 20, 22, 25, 26, 27, 29, 30, 33, 34, 35, 36, 37, 38, 40, 41, 42, 43, 44, 45, 46, 48, 49], 0.6075438100127236], [[4, 5, 6, 13, 18, 22, 25, 27, 29, 30, 34, 35, 40, 41, 44, 45], 0.000809160916300327], [[4, 5, 6, 18, 22, 25, 27, 29, 30, 34, 35, 40, 41, 44, 45], 0.0007964578163804808], [[4, 5, 6, 18, 22, 25, 27, 29, 30, 34, 35, 40, 41, 45], 0.0007839533921538718], [[34, 35], 549.0], [[5, 34, 35], 0.9189944414316704], [[4, 5, 34, 35], 11.514806226763273], [[4, 5, 29, 34, 35], 0.0007018667568160836], [[4, 5, 29, 30, 34, 35], 0.025693798989180013], [[4, 5, 18, 29, 30, 34, 35], 0.002299029274507996], [[4, 5, 18, 29, 30, 34, 35, 41], 0.00232671341868853], [[4, 5, 18, 25, 29, 30, 34, 35, 41], 0.000736422592146229], [[4, 5, 6, 18, 25, 29, 30, 34, 35, 41], 0.0007481688946731818], [[4, 5, 6, 18, 25, 29, 30, 34, 35, 41, 45], 0.0007601025448141214], [[4, 5, 6, 18, 25, 27, 29, 30, 34, 35, 41, 45], 0.0007595395058920369], [[4, 5, 6, 18, 25, 27, 29, 30, 34, 35, 40, 41, 45], 0.0007716452528316248], [[4, 5, 6, 13, 18, 22, 25, 26, 27, 29, 30, 34, 35, 40, 41, 44, 45], 0.0008220674182300393], [[4, 5, 6, 13, 18, 22, 25, 26, 27, 29, 30, 34, 35, 40, 41, 44, 45, 48], 0.000835179812200125], [[4, 5, 6, 13, 16, 18, 22, 25, 26, 27, 29, 30, 34, 35, 40, 41, 44, 45, 48], 0.5856872885887086], [[4, 5, 6, 13, 16, 18, 22, 25, 26, 27, 29, 30, 34, 35, 36, 40, 41, 44, 45, 48], 0.021616466835669396], [[4, 5, 6, 13, 16, 18, 22, 25, 26, 27, 29, 30, 34, 35, 36, 37, 40, 41, 44, 45, 48], 0.02166042125522992], [[4, 5, 6, 8, 13, 16, 18, 22, 25, 26, 27, 29, 30, 34, 35, 36, 37, 40, 41, 44, 45, 48], 0.021219977521344687], [[4, 5, 6, 8, 13, 16, 18, 22, 25, 26, 27, 29, 30, 34, 35, 36, 37, 40, 41, 43, 44, 45, 48], 0.02155843938213919], [[4, 5, 6, 8, 13, 16, 18, 22, 25, 26, 27, 29, 30, 34, 35, 36, 37, 40, 41, 43, 44, 45, 46, 48], 0.021406106635938983], [[4, 5, 6, 8, 13, 16, 18, 22, 25, 26, 27, 29, 30, 34, 35, 36, 37, 38, 40, 41, 43, 44, 45, 46, 48], 0.021747498083373132], [[0, 4, 5, 6, 8, 13, 16, 18, 22, 25, 26, 27, 29, 30, 34, 35, 36, 37, 38, 40, 41, 43, 44, 45, 46, 48], 0.022094373977163285], [[0, 2, 4, 5, 6, 8, 13, 16, 18, 22, 25, 26, 27, 29, 30, 34, 35, 36, 37, 38, 40, 41, 43, 44, 45, 46, 48], 0.022446750915978555], [[0, 2, 4, 5, 6, 8, 13, 16, 18, 20, 22, 25, 26, 27, 29, 30, 34, 35, 36, 37, 38, 40, 41, 43, 44, 45, 46, 48], 0.48084665868165477], [[0, 1, 2, 4, 5, 6, 8, 13, 16, 18, 20, 22, 25, 26, 27, 29, 30, 34, 35, 36, 37, 38, 40, 41, 43, 44, 45, 46, 48], 0.47630346615436003], [[0, 1, 2, 4, 5, 6, 8, 13, 15, 16, 18, 20, 22, 25, 26, 27, 29, 30, 34, 35, 36, 37, 38, 40, 41, 43, 44, 45, 46, 48], 0.4839007196748528], [[0, 1, 2, 4, 5, 6, 8, 13, 15, 16, 18, 20, 22, 25, 26, 27, 29, 30, 34, 35, 36, 37, 38, 40, 41, 43, 44, 45, 46, 48, 49], 0.48531577297151773], [[0, 1, 2, 4, 5, 6, 8, 13, 14, 15, 16, 18, 20, 22, 25, 26, 27, 29, 30, 34, 35, 36, 37, 38, 40, 41, 43, 44, 45, 46, 48, 49], 0.4930563213168643], [[0, 1, 2, 4, 5, 6, 8, 13, 14, 15, 16, 18, 20, 22, 25, 26, 27, 29, 30, 33, 34, 35, 36, 37, 38, 40, 41, 43, 44, 45, 46, 48, 49], 0.5009196995424777], [[0, 1, 2, 4, 5, 6, 8, 13, 14, 15, 16, 18, 20, 22, 25, 26, 27, 29, 30, 33, 34, 35, 36, 37, 38, 40, 41, 42, 43, 44, 45, 46, 48, 49], 0.5089095930059025], [[0, 1, 2, 4, 5, 6, 8, 13, 14, 15, 16, 18, 19, 20, 22, 25, 26, 27, 29, 30, 33, 34, 35, 36, 37, 38, 40, 41, 42, 43, 44, 45, 46, 48, 49], 0.5170267528381342], [[0, 1, 2, 4, 5, 6, 8, 11, 12, 13, 14, 15, 16, 18, 19, 20, 22, 25, 26, 27, 29, 30, 33, 34, 35, 36, 37, 38, 40, 41, 42, 43, 44, 45, 46, 48, 49], 1.0047674405957823], [[0, 1, 2, 4, 5, 6, 8, 11, 12, 13, 14, 15, 16, 18, 19, 20, 22, 25, 26, 27, 29, 30, 33, 34, 35, 36, 37, 38, 39, 40, 41, 42, 43, 44, 45, 46, 48, 49], 0.9640831988479045], [[0, 1, 2, 4, 5, 6, 8, 11, 12, 13, 14, 15, 16, 18, 19, 20, 22, 24, 25, 26, 27, 29, 30, 33, 34, 35, 36, 37, 38, 39, 40, 41, 42, 43, 44, 45, 46, 48, 49], 7.079024418973781], [[0, 1, 2, 4, 5, 6, 8, 11, 12, 13, 14, 15, 16, 18, 19, 20, 22, 23, 24, 25, 26, 27, 29, 30, 33, 34, 35, 36, 37, 38, 39, 40, 41, 42, 43, 44, 45, 46, 48, 49], 7.171960905242877], [[0, 1, 2, 4, 5, 6, 8, 11, 12, 13, 14, 15, 16, 18, 19, 20, 22, 23, 24, 25, 26, 27, 29, 30, 31, 33, 34, 35, 36, 37, 38, 39, 40, 41, 42, 43, 44, 45, 46, 48, 49], 7.286356025459575], [[0, 1, 2, 4, 5, 6, 8, 11, 12, 13, 14, 15, 16, 18, 19, 20, 21, 22, 23, 24, 25, 26, 27, 29, 30, 31, 33, 34, 35, 36, 37, 38, 39, 40, 41, 42, 43, 44, 45, 46, 48, 49], 2733.1958033116607], [[0, 1, 2, 4, 5, 6, 7, 8, 11, 12, 13, 14, 15, 16, 18, 19, 20, 21, 22, 23, 24, 25, 26, 27, 29, 30, 31, 33, 34, 35, 36, 37, 38, 39, 40, 41, 42, 43, 44, 45, 46, 48, 49], 2776.7914964287825]]}