{"costs": 8722030, "root_join": 17, "join_operands": {"0": [0, 1, 8, 13, 16, 17], "1": [1, 8, 13, 16, 17], "2": [1, 13, 16, 17], "3": [13, 16, 17], "4": [16, 17], "5": [0, 1, 6, 8, 10, 11, 13, 14, 15, 16, 17], "6": [6, 10, 11, 14, 15], "7": [6, 10, 11, 15], "8": [10, 11, 15], "9": [11, 15], "10": [0, 1, 5, 6, 8, 10, 11, 13, 14, 15, 16, 17], "11": [0, 1, 3, 5, 6, 8, 10, 11, 13, 14, 15, 16, 17], "12": [0, 1, 3, 4, 5, 6, 8, 10, 11, 13, 14, 15, 16, 17], "13": [0, 1, 3, 4, 5, 6, 7, 8, 10, 11, 13, 14, 15, 16, 17], "14": [0, 1, 3, 4, 5, 6, 7, 8, 10, 11, 13, 14, 15, 16, 17, 19], "15": [0, 1, 3, 4, 5, 6, 7, 8, 10, 11, 13, 14, 15, 16, 17, 18, 19], "16": [0, 1, 3, 4, 5, 6, 7, 8, 10, 11, 12, 13, 14, 15, 16, 17, 18, 19], "17": [0, 1, 2, 3, 4, 5, 6, 7, 8, 9, 10, 11, 12, 13, 14, 15, 16, 17, 18, 19], "18": [2, 9]}, "join_predecessors": {"0": [1], "2": [3], "3": [4], "4": [], "1": [2], "5": [0, 6], "7": [8], "8": [9], "9": [], "6": [7], "10": [5], "11": [10], "12": [11], "13": [12], "14": [13], "15": [14], "16": [15], "17": [16, 18], "18": []}, "intermediate_costs": [[[0, 1, 8, 13, 16, 17], 860024.2967111254], [[1, 8, 13, 16, 17], 58217.64440140452], [[1, 13, 16, 17], 1999.1926861610116], [[13, 16, 17], 420.0054822873974], [[16, 17], 269.0], [[0, 1, 6, 8, 10, 11, 13, 14, 15, 16, 17], 52340.662502487845], [[6, 10, 11, 14, 15], 250501.8205665976], [[6, 10, 11, 15], 1362.4072921539196], [[10, 11, 15], 2151.09489753514], [[11, 15], 1324.0], [[0, 1, 5, 6, 8, 10, 11, 13, 14, 15, 16, 17], 90802.82608397648], [[0, 1, 3, 5, 6, 8, 10, 11, 13, 14, 15, 16, 17], 68918.78159733729], [[0, 1, 3, 4, 5, 6, 8, 10, 11, 13, 14, 15, 16, 17], 118105.1742870009], [[0, 1, 3, 4, 5, 6, 7, 8, 10, 11, 13, 14, 15, 16, 17], 204893.92994119792], [[0, 1, 3, 4, 5, 6, 7, 8, 10, 11, 13, 14, 15, 16, 17, 19], 1273211.2376126698], [[0, 1, 3, 4, 5, 6, 7, 8, 10, 11, 13, 14, 15, 16, 17, 18, 19], 1907618.4615291583], [[0, 1, 3, 4, 5, 6, 7, 8, 10, 11, 12, 13, 14, 15, 16, 17, 18, 19], 3309418.3416659916], [[2, 9], 520452.0]]}