{"costs": 1079882, "root_join": 28, "join_operands": {"0": [0, 1, 2, 3, 4, 5, 6, 7, 8, 9, 10, 11, 12, 14, 15, 16, 18, 19, 20, 21, 22, 23, 24, 25, 27, 28, 29], "1": [1, 2, 3, 4, 5, 6, 7, 8, 9, 10, 11, 12, 14, 15, 16, 18, 19, 20, 21, 22, 23, 24, 25, 27, 28, 29], "2": [1, 2, 5, 6, 9, 11, 14, 15, 16, 20, 21, 28], "3": [2, 5, 6, 9, 11, 14, 15, 16, 20, 21, 28], "4": [2, 5, 9, 11, 14, 15, 16, 20, 21, 28], "5": [2, 9, 14, 16, 28], "6": [9, 14, 16, 28], "7": [14, 16, 28], "8": [16, 28], "9": [2, 9, 14, 16, 21, 28], "10": [2, 5, 9, 14, 16, 21, 28], "11": [2, 5, 9, 14, 16, 20, 21, 28], "12": [2, 5, 9, 14, 15, 16, 20, 21, 28], "13": [1, 2, 5, 6, 9, 11, 14, 15, 16, 20, 21, 27, 28], "14": [1, 2, 5, 6, 9, 10, 11, 14, 15, 16, 20, 21, 27, 28], "15": [1, 2, 5, 6, 9, 10, 11, 14, 15, 16, 19, 20, 21, 27, 28], "16": [1, 2, 5, 6, 9, 10, 11, 14, 15, 16, 19, 20, 21, 25, 27, 28], "17": [1, 2, 5, 6, 7, 9, 10, 11, 14, 15, 16, 19, 20, 21, 25, 27, 28], "18": [1, 2, 5, 6, 7, 9, 10, 11, 14, 15, 16, 19, 20, 21, 25, 27, 28, 29], "19": [1, 2, 4, 5, 6, 7, 9, 10, 11, 14, 15, 16, 19, 20, 21, 25, 27, 28, 29], "20": [1, 2, 4, 5, 6, 7, 9, 10, 11, 12, 14, 15, 16, 19, 20, 21, 25, 27, 28, 29], "21": [1, 2, 3, 4, 5, 6, 7, 8, 9, 10, 11, 12, 14, 15, 16, 19, 20, 21, 22, 24, 25, 27, 28, 29], "22": [3, 8, 22, 24], "23": [8, 22], "24": [3, 8, 22], "25": [1, 2, 3, 4, 5, 6, 7, 8, 9, 10, 11, 12, 14, 15, 16, 18, 19, 20, 21, 22, 24, 25, 27, 28, 29], "26": [0, 1, 2, 3, 4, 5, 6, 7, 8, 9, 10, 11, 12, 13, 14, 15, 16, 18, 19, 20, 21, 22, 23, 24, 25, 27, 28, 29], "27": [0, 1, 2, 3, 4, 5, 6, 7, 8, 9, 10, 11, 12, 13, 14, 15, 16, 18, 19, 20, 21, 22, 23, 24, 25, 26, 27, 28, 29], "28": [0, 1, 2, 3, 4, 5, 6, 7, 8, 9, 10, 11, 12, 13, 14, 15, 16, 17, 18, 19, 20, 21, 22, 23, 24, 25, 26, 27, 28, 29]}, "join_predecessors": {"0": [1], "2": [3], "3": [4], "5": [6], "6": [7], "7": [8], "8": [], "9": [5], "10": [9], "11": [10], "12": [11], "4": [12], "13": [2], "14": [13], "15": [14], "16": [15], "17": [16], "18": [17], "19": [18], "20": [19], "21": [20, 22], "23": [], "24": [23], "22": [24], "25": [21], "1": [25], "26": [0], "27": [26], "28": [27]}, "intermediate_costs": [[[0, 1, 2, 3, 4, 5, 6, 7, 8, 9, 10, 11, 12, 14, 15, 16, 18, 19, 20, 21, 22, 23, 24, 25, 27, 28, 29], 9892.486720454488], [[1, 2, 3, 4, 5, 6, 7, 8, 9, 10, 11, 12, 14, 15, 16, 18, 19, 20, 21, 22, 23, 24, 25, 27, 28, 29], 8148.603304225868], [[1, 2, 5, 6, 9, 11, 14, 15, 16, 20, 21, 28], 0.4380634554969636], [[2, 5, 6, 9, 11, 14, 15, 16, 20, 21, 28], 2.8466246557995367], [[2, 5, 9, 11, 14, 15, 16, 20, 21, 28], 0.06670135258856041], [[2, 9, 14, 16, 28], 0.026498701260953234], [[9, 14, 16, 28], 0.5399377025616269], [[14, 16, 28], 865.7841237209302], [[16, 28], 454.0], [[2, 9, 14, 16, 21, 28], 0.030707458501079265], [[2, 5, 9, 14, 16, 21, 28], 0.037279197720405215], [[2, 5, 9, 14, 16, 20, 21, 28], 0.045257362423085236], [[2, 5, 9, 14, 15, 16, 20, 21, 28], 0.05494294365047936], [[1, 2, 5, 6, 9, 11, 14, 15, 16, 20, 21, 27, 28], 0.3115648891762849], [[1, 2, 5, 6, 9, 10, 11, 14, 15, 16, 20, 21, 27, 28], 4.273758353034539], [[1, 2, 5, 6, 9, 10, 11, 14, 15, 16, 19, 20, 21, 27, 28], 5.1883894335586], [[1, 2, 5, 6, 9, 10, 11, 14, 15, 16, 19, 20, 21, 25, 27, 28], 38.15398151300457], [[1, 2, 5, 6, 7, 9, 10, 11, 14, 15, 16, 19, 20, 21, 25, 27, 28], 46.31934659041691], [[1, 2, 5, 6, 7, 9, 10, 11, 14, 15, 16, 19, 20, 21, 25, 27, 28, 29], 322.81453126339136], [[1, 2, 4, 5, 6, 7, 9, 10, 11, 14, 15, 16, 19, 20, 21, 25, 27, 28, 29], 3316.5789449122603], [[1, 2, 4, 5, 6, 7, 9, 10, 11, 12, 14, 15, 16, 19, 20, 21, 25, 27, 28, 29], 437947.4729040715], [[1, 2, 3, 4, 5, 6, 7, 8, 9, 10, 11, 12, 14, 15, 16, 19, 20, 21, 22, 24, 25, 27, 28, 29], 5558.038541658074], [[3, 8, 22, 24], 899.0322307675949], [[8, 22], 610.0], [[3, 8, 22], 740.546866017427], [[1, 2, 3, 4, 5, 6, 7, 8, 9, 10, 11, 12, 14, 15, 16, 18, 19, 20, 21, 22, 24, 25, 27, 28, 29], 6712.1938255567275], [[0, 1, 2, 3, 4, 5, 6, 7, 8, 9, 10, 11, 12, 13, 14, 15, 16, 18, 19, 20, 21, 22, 23, 24, 25, 27, 28, 29], 272950.93670918583], [[0, 1, 2, 3, 4, 5, 6, 7, 8, 9, 10, 11, 12, 13, 14, 15, 16, 18, 19, 20, 21, 22, 23, 24, 25, 26, 27, 28, 29], 331365.5136823955]]}