{"costs": 1458822328, "root_join": 28, "join_operands": {"0": [16, 28], "1": [11, 16, 28], "2": [11, 14, 16, 28], "3": [9, 11, 14, 16, 28], "4": [2, 9, 11, 14, 16, 28], "5": [2, 9, 11, 14, 16, 21, 28], "6": [2, 5, 9, 11, 14, 16, 21, 28], "7": [2, 5, 9, 11, 14, 16, 20, 21, 28], "8": [2, 5, 9, 11, 14, 15, 16, 20, 21, 28], "9": [2, 5, 9, 11, 14, 15, 16, 20, 21, 28, 29], "10": [2, 5, 9, 10, 11, 14, 15, 16, 20, 21, 28, 29], "11": [2, 5, 9, 10, 11, 14, 15, 16, 19, 20, 21, 28, 29], "12": [2, 5, 9, 10, 11, 14, 15, 16, 19, 20, 21, 25, 28, 29], "13": [2, 5, 7, 9, 10, 11, 14, 15, 16, 19, 20, 21, 25, 28, 29], "14": [2, 4, 5, 7, 9, 10, 11, 14, 15, 16, 19, 20, 21, 25, 28, 29], "15": [2, 4, 5, 6, 7, 9, 10, 11, 14, 15, 16, 19, 20, 21, 25, 28, 29], "16": [1, 2, 4, 5, 6, 7, 9, 10, 11, 14, 15, 16, 19, 20, 21, 25, 28, 29], "17": [1, 2, 4, 5, 6, 7, 9, 10, 11, 14, 15, 16, 19, 20, 21, 25, 27, 28, 29], "18": [1, 2, 4, 5, 6, 7, 9, 10, 11, 14, 15, 16, 18, 19, 20, 21, 25, 27, 28, 29], "19": [1, 2, 4, 5, 6, 7, 9, 10, 11, 14, 15, 16, 18, 19, 20, 21, 23, 25, 27, 28, 29], "20": [0, 1, 2, 4, 5, 6, 7, 9, 10, 11, 14, 15, 16, 18, 19, 20, 21, 23, 25, 27, 28, 29], "21": [0, 1, 2, 4, 5, 6, 7, 9, 10, 11, 13, 14, 15, 16, 18, 19, 20, 21, 23, 25, 27, 28, 29], "22": [0, 1, 2, 4, 5, 6, 7, 9, 10, 11, 13, 14, 15, 16, 17, 18, 19, 20, 21, 23, 25, 27, 28, 29], "23": [0, 1, 2, 4, 5, 6, 7, 9, 10, 11, 12, 13, 14, 15, 16, 17, 18, 19, 20, 21, 23, 25, 27, 28, 29], "24": [0, 1, 2, 4, 5, 6, 7, 8, 9, 10, 11, 12, 13, 14, 15, 16, 17, 18, 19, 20, 21, 23, 25, 27, 28, 29], "25": [0, 1, 2, 4, 5, 6, 7, 8, 9, 10, 11, 12, 13, 14, 15, 16, 17, 18, 19, 20, 21, 22, 23, 25, 27, 28, 29], "26": [0, 1, 2, 3, 4, 5, 6, 7, 8, 9, 10, 11, 12, 13, 14, 15, 16, 17, 18, 19, 20, 21, 22, 23, 25, 27, 28, 29], "27": [0, 1, 2, 3, 4, 5, 6, 7, 8, 9, 10, 11, 12, 13, 14, 15, 16, 17, 18, 19, 20, 21, 22, 23, 24, 25, 27, 28, 29], "28": [0, 1, 2, 3, 4, 5, 6, 7, 8, 9, 10, 11, 12, 13, 14, 15, 16, 17, 18, 19, 20, 21, 22, 23, 24, 25, 26, 27, 28, 29]}, "join_predecessors": {"0": [], "1": [0], "2": [1], "3": [2], "4": [3], "5": [4], "6": [5], "7": [6], "8": [7], "9": [8], "10": [9], "11": [10], "12": [11], "13": [12], "14": [13], "15": [14], "16": [15], "17": [16], "18": [17], "19": [18], "20": [19], "21": [20], "22": [21], "23": [22], "24": [23], "25": [24], "26": [25], "27": [26], "28": [27]}, "intermediate_costs": [[[16, 28], 454.0], [[11, 16, 28], 551.1611148439482], [[11, 14, 16, 28], 1051.0716802736094], [[9, 11, 14, 16, 28], 0.6554904539430537], [[2, 9, 11, 14, 16, 28], 0.03216972186983198], [[2, 9, 11, 14, 16, 21, 28], 0.0372792005759452], [[2, 5, 9, 11, 14, 16, 21, 28], 0.04525736602657821], [[2, 5, 9, 11, 14, 16, 20, 21, 28], 0.054942947859040234], [[2, 5, 9, 11, 14, 15, 16, 20, 21, 28], 0.06670135258856041], [[2, 5, 9, 11, 14, 15, 16, 20, 21, 28, 29], 0.4648633336931647], [[2, 5, 9, 10, 11, 14, 15, 16, 20, 21, 28, 29], 6.376564319051218], [[2, 5, 9, 10, 11, 14, 15, 16, 19, 20, 21, 28, 29], 7.741218899725832], [[2, 5, 9, 10, 11, 14, 15, 16, 19, 20, 21, 25, 28, 29], 56.92678365233686], [[2, 5, 7, 9, 10, 11, 14, 15, 16, 19, 20, 21, 25, 28, 29], 69.10973161140544], [[2, 4, 5, 7, 9, 10, 11, 14, 15, 16, 19, 20, 21, 25, 28, 29], 710.0296255372373], [[2, 4, 5, 6, 7, 9, 10, 11, 14, 15, 16, 19, 20, 21, 25, 28, 29], 30302.051757029207], [[1, 2, 4, 5, 6, 7, 9, 10, 11, 14, 15, 16, 19, 20, 21, 25, 28, 29], 4663.144287143012], [[1, 2, 4, 5, 6, 7, 9, 10, 11, 14, 15, 16, 19, 20, 21, 25, 27, 28, 29], 3316.5789449122603], [[1, 2, 4, 5, 6, 7, 9, 10, 11, 14, 15, 16, 18, 19, 20, 21, 25, 27, 28, 29], 4005.2836174414983], [[1, 2, 4, 5, 6, 7, 9, 10, 11, 14, 15, 16, 18, 19, 20, 21, 23, 25, 27, 28, 29], 4862.414311573979], [[0, 1, 2, 4, 5, 6, 7, 9, 10, 11, 14, 15, 16, 18, 19, 20, 21, 23, 25, 27, 28, 29], 5903.020089546886], [[0, 1, 2, 4, 5, 6, 7, 9, 10, 11, 13, 14, 15, 16, 18, 19, 20, 21, 23, 25, 27, 28, 29], 162874.6045747474], [[0, 1, 2, 4, 5, 6, 7, 9, 10, 11, 13, 14, 15, 16, 17, 18, 19, 20, 21, 23, 25, 27, 28, 29], 4902061.868396304], [[0, 1, 2, 4, 5, 6, 7, 9, 10, 11, 12, 13, 14, 15, 16, 17, 18, 19, 20, 21, 23, 25, 27, 28, 29], 647307253.3300928], [[0, 1, 2, 4, 5, 6, 7, 8, 9, 10, 11, 12, 13, 14, 15, 16, 17, 18, 19, 20, 21, 23, 25, 27, 28, 29], 785838301.5501413], [[0, 1, 2, 4, 5, 6, 7, 8, 9, 10, 11, 12, 13, 14, 15, 16, 17, 18, 19, 20, 21, 22, 23, 25, 27, 28, 29], 5573969.348204491], [[0, 1, 2, 3, 4, 5, 6, 7, 8, 9, 10, 11, 12, 13, 14, 15, 16, 17, 18, 19, 20, 21, 22, 23, 25, 27, 28, 29], 6766861.528016452], [[0, 1, 2, 3, 4, 5, 6, 7, 8, 9, 10, 11, 12, 13, 14, 15, 16, 17, 18, 19, 20, 21, 22, 23, 24, 25, 27, 28, 29], 8215046.061223738]]}