{"costs": 21207439, "root_join": 27, "join_operands": {"0": [0, 1, 23, 27], "1": [1, 23, 27], "2": [23, 27], "3": [0, 1, 2, 3, 4, 5, 6, 7, 8, 9, 10, 11, 12, 14, 15, 16, 19, 20, 21, 22, 23, 24, 25, 26, 27, 28, 29], "4": [2, 3, 4, 5, 6, 7, 8, 9, 10, 11, 12, 14, 15, 16, 19, 20, 21, 22, 24, 25, 26, 28, 29], "5": [2, 3, 4, 5, 7, 8, 9, 10, 11, 12, 14, 15, 16, 19, 20, 21, 22, 24, 25, 26, 28, 29], "6": [2, 5, 9, 11, 14, 16, 20, 21, 28, 29], "7": [5, 9, 11, 14, 16, 20, 21, 28, 29], "8": [9, 14, 16, 28], "9": [14, 16, 28], "10": [16, 28], "11": [9, 14, 16, 21, 28], "12": [5, 9, 14, 16, 21, 28], "13": [5, 9, 14, 16, 21, 28, 29], "14": [5, 9, 11, 14, 16, 21, 28, 29], "15": [2, 5, 9, 10, 11, 14, 16, 19, 20, 21, 28, 29], "16": [10, 19], "17": [2, 5, 9, 10, 11, 14, 15, 16, 19, 20, 21, 28, 29], "18": [2, 3, 5, 8, 9, 10, 11, 12, 14, 15, 16, 19, 20, 21, 22, 24, 25, 26, 28, 29], "19": [3, 8, 12, 22, 24, 25, 26], "20": [3, 8, 12, 22, 24, 25], "21": [3, 8, 12, 22, 24], "22": [3, 8, 22, 24], "23": [8, 22], "24": [8, 22, 24], "25": [2, 3, 5, 7, 8, 9, 10, 11, 12, 14, 15, 16, 19, 20, 21, 22, 24, 25, 26, 28, 29], "26": [0, 1, 2, 3, 4, 5, 6, 7, 8, 9, 10, 11, 12, 14, 15, 16, 17, 19, 20, 21, 22, 23, 24, 25, 26, 27, 28, 29], "27": [0, 1, 2, 3, 4, 5, 6, 7, 8, 9, 10, 11, 12, 13, 14, 15, 16, 17, 18, 19, 20, 21, 22, 23, 24, 25, 26, 27, 28, 29], "28": [13, 18]}, "join_predecessors": {"0": [1], "1": [2], "2": [], "3": [0, 4], "4": [5], "6": [7], "8": [9], "9": [10], "10": [], "11": [8], "12": [11], "13": [12], "14": [13], "7": [14], "15": [6, 16], "16": [], "17": [15], "18": [17, 19], "20": [21], "21": [22], "23": [], "24": [23], "22": [24], "19": [20], "25": [18], "5": [25], "26": [3], "27": [26, 28], "28": []}, "intermediate_costs": [[[0, 1, 23, 27], 103773.7873880404], [[1, 23, 27], 85480.168], [[23, 27], 70412.0], [[0, 1, 2, 3, 4, 5, 6, 7, 8, 9, 10, 11, 12, 14, 15, 16, 19, 20, 21, 22, 23, 24, 25, 26, 27, 28, 29], 9944.552844633097], [[2, 3, 4, 5, 6, 7, 8, 9, 10, 11, 12, 14, 15, 16, 19, 20, 21, 22, 24, 25, 26, 28, 29], 61648.99047531019], [[2, 3, 4, 5, 7, 8, 9, 10, 11, 12, 14, 15, 16, 19, 20, 21, 22, 24, 25, 26, 28, 29], 1444.5427647248082], [[2, 5, 9, 11, 14, 16, 20, 21, 28, 29], 0.3829152020683844], [[5, 9, 11, 14, 16, 20, 21, 28, 29], 7.802282551310486], [[9, 14, 16, 28], 0.5399377025616269], [[14, 16, 28], 865.7841237209302], [[16, 28], 454.0], [[9, 14, 16, 21, 28], 0.625695366399357], [[5, 9, 14, 16, 21, 28], 0.7596011658184998], [[5, 9, 14, 16, 21, 28, 29], 5.293906592835155], [[5, 9, 11, 14, 16, 21, 28, 29], 6.426862245785796], [[2, 5, 9, 10, 11, 14, 16, 19, 20, 21, 28, 29], 6.3765631410298935], [[10, 19], 1330556.0], [[2, 5, 9, 10, 11, 14, 15, 16, 19, 20, 21, 28, 29], 7.741218899725832], [[2, 3, 5, 8, 9, 10, 11, 12, 14, 15, 16, 19, 20, 21, 22, 24, 25, 26, 28, 29], 115.81653847445695], [[3, 8, 12, 22, 24, 25, 26], 1503482.4812047898], [[3, 8, 12, 22, 24, 25], 1238441.9459051886], [[3, 8, 12, 22, 24], 1020123.9273159971], [[3, 8, 22, 24], 899.0322307675949], [[8, 22], 610.0], [[8, 22, 24], 740.546866017427], [[2, 3, 5, 7, 8, 9, 10, 11, 12, 14, 15, 16, 19, 20, 21, 22, 24, 25, 26, 28, 29], 140.60253147295393], [[0, 1, 2, 3, 4, 5, 6, 7, 8, 9, 10, 11, 12, 14, 15, 16, 17, 19, 20, 21, 22, 23, 24, 25, 26, 27, 28, 29], 299302.7269365114], [[13, 18], 15478967.0]]}