{"costs": 7795756, "root_join": 28, "join_operands": {"0": [0, 1, 2, 3, 5, 7, 9, 10, 11, 16, 17, 19, 21, 22, 23, 24, 25, 26, 27, 28], "1": [1, 2, 3, 5, 7, 9, 10, 11, 16, 17, 19, 21, 22, 23, 24, 25, 26, 27, 28], "2": [1, 27], "3": [1, 22, 27], "4": [1, 19, 22, 27], "5": [1, 19, 22, 23, 27], "6": [1, 2, 3, 10, 16, 17, 19, 22, 23, 27], "7": [2, 3, 10, 16, 17], "8": [2, 17], "9": [2, 3, 10, 17], "10": [3, 10], "11": [1, 2, 3, 10, 16, 17, 19, 22, 23, 24, 27], "12": [1, 2, 3, 7, 10, 16, 17, 19, 22, 23, 24, 27], "13": [1, 2, 3, 7, 10, 16, 17, 19, 22, 23, 24, 25, 27], "14": [1, 2, 3, 7, 9, 10, 16, 17, 19, 22, 23, 24, 25, 27], "15": [1, 2, 3, 5, 7, 9, 10, 16, 17, 19, 21, 22, 23, 24, 25, 26, 27, 28], "16": [5, 21, 26, 28], "17": [5, 26, 28], "18": [26, 28], "19": [0, 1, 2, 3, 5, 7, 9, 10, 11, 16, 17, 18, 19, 21, 22, 23, 24, 25, 26, 27, 28], "20": [0, 1, 2, 3, 5, 7, 8, 9, 10, 11, 16, 17, 18, 19, 21, 22, 23, 24, 25, 26, 27, 28], "21": [0, 1, 2, 3, 5, 6, 7, 8, 9, 10, 11, 16, 17, 18, 19, 21, 22, 23, 24, 25, 26, 27, 28], "22": [0, 1, 2, 3, 5, 6, 7, 8, 9, 10, 11, 15, 16, 17, 18, 19, 21, 22, 23, 24, 25, 26, 27, 28], "23": [0, 1, 2, 3, 5, 6, 7, 8, 9, 10, 11, 12, 15, 16, 17, 18, 19, 21, 22, 23, 24, 25, 26, 27, 28], "24": [0, 1, 2, 3, 5, 6, 7, 8, 9, 10, 11, 12, 15, 16, 17, 18, 19, 20, 21, 22, 23, 24, 25, 26, 27, 28], "25": [0, 1, 2, 3, 5, 6, 7, 8, 9, 10, 11, 12, 14, 15, 16, 17, 18, 19, 20, 21, 22, 23, 24, 25, 26, 27, 28], "26": [0, 1, 2, 3, 5, 6, 7, 8, 9, 10, 11, 12, 13, 14, 15, 16, 17, 18, 19, 20, 21, 22, 23, 24, 25, 26, 27, 28], "27": [0, 1, 2, 3, 5, 6, 7, 8, 9, 10, 11, 12, 13, 14, 15, 16, 17, 18, 19, 20, 21, 22, 23, 24, 25, 26, 27, 28, 29], "28": [0, 1, 2, 3, 4, 5, 6, 7, 8, 9, 10, 11, 12, 13, 14, 15, 16, 17, 18, 19, 20, 21, 22, 23, 24, 25, 26, 27, 28, 29]}, "join_predecessors": {"0": [1], "2": [], "3": [2], "4": [3], "5": [4], "6": [5, 7], "8": [], "9": [8, 10], "10": [], "7": [9], "11": [6], "12": [11], "13": [12], "14": [13], "15": [14, 16], "17": [18], "18": [], "16": [17], "1": [15], "19": [0], "20": [19], "21": [20], "22": [21], "23": [22], "24": [23], "25": [24], "26": [25], "27": [26], "28": [27]}, "intermediate_costs": [[[0, 1, 2, 3, 5, 7, 9, 10, 11, 16, 17, 19, 21, 22, 23, 24, 25, 26, 27, 28], 374.80394035940213], [[1, 2, 3, 5, 7, 9, 10, 11, 16, 17, 19, 21, 22, 23, 24, 25, 26, 27, 28], 254.8987350321989], [[1, 27], 921.0], [[1, 22, 27], 1352.8834447246743], [[1, 19, 22, 27], 2024.0663782131621], [[1, 19, 22, 23, 27], 2941.5748871984483], [[1, 2, 3, 10, 16, 17, 19, 22, 23, 27], 5.789087721715431], [[2, 3, 10, 16, 17], 98.53145127646137], [[2, 17], 59.0], [[2, 3, 10, 17], 65.77460951124385], [[3, 10], 7442.000000000001], [[1, 2, 3, 10, 16, 17, 19, 22, 23, 24, 27], 8.392401415186933], [[1, 2, 3, 7, 10, 16, 17, 19, 22, 23, 24, 27], 12.571817319950025], [[1, 2, 3, 7, 10, 16, 17, 19, 22, 23, 24, 25, 27], 18.832582345285136], [[1, 2, 3, 7, 9, 10, 16, 17, 19, 22, 23, 24, 25, 27], 18457.58796562582], [[1, 2, 3, 5, 7, 9, 10, 16, 17, 19, 21, 22, 23, 24, 25, 26, 27, 28], 170.15750572447104], [[5, 21, 26, 28], 140921.11824381113], [[5, 26, 28], 1065.0894386590585], [[26, 28], 1106.0], [[0, 1, 2, 3, 5, 7, 9, 10, 11, 16, 17, 18, 19, 21, 22, 23, 24, 25, 26, 27, 28], 561.4624469852755], [[0, 1, 2, 3, 5, 7, 8, 9, 10, 11, 16, 17, 18, 19, 21, 22, 23, 24, 25, 26, 27, 28], 841.0799498863523], [[0, 1, 2, 3, 5, 6, 7, 8, 9, 10, 11, 16, 17, 18, 19, 21, 22, 23, 24, 25, 26, 27, 28], 1259.9516523213094], [[0, 1, 2, 3, 5, 6, 7, 8, 9, 10, 11, 15, 16, 17, 18, 19, 21, 22, 23, 24, 25, 26, 27, 28], 9911.774074096887], [[0, 1, 2, 3, 5, 6, 7, 8, 9, 10, 11, 12, 15, 16, 17, 18, 19, 21, 22, 23, 24, 25, 26, 27, 28], 33858.098418709495], [[0, 1, 2, 3, 5, 6, 7, 8, 9, 10, 11, 12, 15, 16, 17, 18, 19, 20, 21, 22, 23, 24, 25, 26, 27, 28], 49183.01886571134], [[0, 1, 2, 3, 5, 6, 7, 8, 9, 10, 11, 12, 14, 15, 16, 17, 18, 19, 20, 21, 22, 23, 24, 25, 26, 27, 28], 745730.3625926194], [[0, 1, 2, 3, 5, 6, 7, 8, 9, 10, 11, 12, 13, 14, 15, 16, 17, 18, 19, 20, 21, 22, 23, 24, 25, 26, 27, 28], 2712996.92815184], [[0, 1, 2, 3, 5, 6, 7, 8, 9, 10, 11, 12, 13, 14, 15, 16, 17, 18, 19, 20, 21, 22, 23, 24, 25, 26, 27, 28, 29], 4064114.142685829]]}