{"costs": 32511346, "root_join": 27, "join_operands": {"0": [0, 29], "1": [0, 13, 29], "2": [0, 13, 27, 29], "3": [0, 13, 15, 27, 29], "4": [0, 11, 13, 15, 27, 29], "5": [0, 11, 12, 13, 15, 27, 29], "6": [0, 11, 12, 13, 15, 26, 27, 29], "7": [0, 11, 12, 13, 15, 24, 26, 27, 29], "8": [0, 10, 11, 12, 13, 15, 24, 26, 27, 29], "9": [0, 8, 10, 11, 12, 13, 15, 24, 26, 27, 29], "10": [0, 8, 10, 11, 12, 13, 15, 18, 24, 26, 27, 29], "11": [0, 6, 8, 10, 11, 12, 13, 15, 18, 24, 26, 27, 29], "12": [0, 4, 6, 8, 10, 11, 12, 13, 15, 18, 24, 26, 27, 29], "13": [0, 4, 6, 7, 8, 10, 11, 12, 13, 15, 18, 24, 26, 27, 29], "14": [0, 4, 6, 7, 8, 10, 11, 12, 13, 15, 17, 18, 24, 26, 27, 29], "15": [0, 4, 5, 6, 7, 8, 10, 11, 12, 13, 15, 17, 18, 24, 26, 27, 29], "16": [0, 4, 5, 6, 7, 8, 9, 10, 11, 12, 13, 15, 17, 18, 24, 26, 27, 29], "17": [0, 4, 5, 6, 7, 8, 9, 10, 11, 12, 13, 14, 15, 17, 18, 24, 26, 27, 29], "18": [0, 4, 5, 6, 7, 8, 9, 10, 11, 12, 13, 14, 15, 17, 18, 23, 24, 26, 27, 29], "19": [0, 4, 5, 6, 7, 8, 9, 10, 11, 12, 13, 14, 15, 17, 18, 23, 24, 25, 26, 27, 29], "20": [0, 3, 4, 5, 6, 7, 8, 9, 10, 11, 12, 13, 14, 15, 17, 18, 23, 24, 25, 26, 27, 29], "21": [0, 3, 4, 5, 6, 7, 8, 9, 10, 11, 12, 13, 14, 15, 16, 17, 18, 23, 24, 25, 26, 27, 29], "22": [0, 3, 4, 5, 6, 7, 8, 9, 10, 11, 12, 13, 14, 15, 16, 17, 18, 20, 23, 24, 25, 26, 27, 29], "23": [0, 3, 4, 5, 6, 7, 8, 9, 10, 11, 12, 13, 14, 15, 16, 17, 18, 19, 20, 23, 24, 25, 26, 27, 29], "24": [0, 3, 4, 5, 6, 7, 8, 9, 10, 11, 12, 13, 14, 15, 16, 17, 18, 19, 20, 23, 24, 25, 26, 27, 28, 29], "25": [0, 1, 3, 4, 5, 6, 7, 8, 9, 10, 11, 12, 13, 14, 15, 16, 17, 18, 19, 20, 23, 24, 25, 26, 27, 28, 29], "26": [0, 1, 2, 3, 4, 5, 6, 7, 8, 9, 10, 11, 12, 13, 14, 15, 16, 17, 18, 19, 20, 23, 24, 25, 26, 27, 28, 29], "27": [0, 1, 2, 3, 4, 5, 6, 7, 8, 9, 10, 11, 12, 13, 14, 15, 16, 17, 18, 19, 20, 21, 22, 23, 24, 25, 26, 27, 28, 29], "28": [21, 22]}, "join_predecessors": {"0": [], "1": [0], "2": [1], "3": [2], "4": [3], "5": [4], "6": [5], "7": [6], "8": [7], "9": [8], "10": [9], "11": [10], "12": [11], "13": [12], "14": [13], "15": [14], "16": [15], "17": [16], "18": [17], "19": [18], "20": [19], "21": [20], "22": [21], "23": [22], "24": [23], "25": [24], "26": [25], "27": [26, 28], "28": []}, "intermediate_costs": [[[0, 29], 113.0], [[0, 13, 29], 1657.4288316498316], [[0, 13, 27, 29], 1251.8691425591792], [[0, 13, 15, 27, 29], 1406.4016477030248], [[0, 11, 13, 15, 27, 29], 602.544029636011], [[0, 11, 12, 13, 15, 27, 29], 2864.949572378655], [[0, 11, 12, 13, 15, 26, 27, 29], 2921.2885807234416], [[0, 11, 12, 13, 15, 24, 26, 27, 29], 2106.176034487083], [[0, 10, 11, 12, 13, 15, 24, 26, 27, 29], 85773.20983560775], [[0, 8, 10, 11, 12, 13, 15, 24, 26, 27, 29], 6018.7206779010585], [[0, 8, 10, 11, 12, 13, 15, 18, 24, 26, 27, 29], 6575.441999162442], [[0, 6, 8, 10, 11, 12, 13, 15, 18, 24, 26, 27, 29], 7188.273193484381], [[0, 4, 6, 8, 10, 11, 12, 13, 15, 18, 24, 26, 27, 29], 8001.161181767561], [[0, 4, 6, 7, 8, 10, 11, 12, 13, 15, 18, 24, 26, 27, 29], 9046.243998683154], [[0, 4, 6, 7, 8, 10, 11, 12, 13, 15, 17, 18, 24, 26, 27, 29], 10228.049576481675], [[0, 4, 5, 6, 7, 8, 10, 11, 12, 13, 15, 17, 18, 24, 26, 27, 29], 11587.868767674914], [[0, 4, 5, 6, 7, 8, 9, 10, 11, 12, 13, 15, 17, 18, 24, 26, 27, 29], 13128.59939762744], [[0, 4, 5, 6, 7, 8, 9, 10, 11, 12, 13, 14, 15, 17, 18, 24, 26, 27, 29], 14874.140463251992], [[0, 4, 5, 6, 7, 8, 9, 10, 11, 12, 13, 14, 15, 17, 18, 23, 24, 26, 27, 29], 16851.815932780704], [[0, 4, 5, 6, 7, 8, 9, 10, 11, 12, 13, 14, 15, 17, 18, 23, 24, 25, 26, 27, 29], 19092.446596313763], [[0, 3, 4, 5, 6, 7, 8, 9, 10, 11, 12, 13, 14, 15, 17, 18, 23, 24, 25, 26, 27, 29], 21631.0199551893], [[0, 3, 4, 5, 6, 7, 8, 9, 10, 11, 12, 13, 14, 15, 16, 17, 18, 23, 24, 25, 26, 27, 29], 24507.127566989595], [[0, 3, 4, 5, 6, 7, 8, 9, 10, 11, 12, 13, 14, 15, 16, 17, 18, 20, 23, 24, 25, 26, 27, 29], 4846776.222793137], [[0, 3, 4, 5, 6, 7, 8, 9, 10, 11, 12, 13, 14, 15, 16, 17, 18, 19, 20, 23, 24, 25, 26, 27, 29], 5491214.266390865], [[0, 3, 4, 5, 6, 7, 8, 9, 10, 11, 12, 13, 14, 15, 16, 17, 18, 19, 20, 23, 24, 25, 26, 27, 28, 29], 6221337.596762481], [[0, 1, 3, 4, 5, 6, 7, 8, 9, 10, 11, 12, 13, 14, 15, 16, 17, 18, 19, 20, 23, 24, 25, 26, 27, 28, 29], 7048540.348679118], [[0, 1, 2, 3, 4, 5, 6, 7, 8, 9, 10, 11, 12, 13, 14, 15, 16, 17, 18, 19, 20, 23, 24, 25, 26, 27, 28, 29], 7985729.800744377], [[21, 22], 650320.0]]}