{"costs": 41292448, "root_join": 18, "join_operands": {"0": [8, 16], "1": [8, 12, 16], "2": [8, 12, 15, 16], "3": [6, 8, 12, 15, 16], "4": [6, 8, 12, 15, 16, 19], "5": [6, 8, 10, 12, 15, 16, 19], "6": [0, 6, 8, 10, 12, 15, 16, 19], "7": [0, 1, 6, 8, 10, 12, 15, 16, 19], "8": [0, 1, 5, 6, 8, 10, 12, 15, 16, 19], "9": [0, 1, 5, 6, 8, 10, 12, 15, 16, 18, 19], "10": [0, 1, 5, 6, 8, 10, 12, 13, 15, 16, 18, 19], "11": [0, 1, 4, 5, 6, 8, 10, 12, 13, 15, 16, 18, 19], "12": [0, 1, 4, 5, 6, 8, 9, 10, 12, 13, 15, 16, 18, 19], "13": [0, 1, 4, 5, 6, 7, 8, 9, 10, 12, 13, 15, 16, 18, 19], "14": [0, 1, 3, 4, 5, 6, 7, 8, 9, 10, 12, 13, 15, 16, 18, 19], "15": [0, 1, 2, 3, 4, 5, 6, 7, 8, 9, 10, 12, 13, 15, 16, 18, 19], "16": [0, 1, 2, 3, 4, 5, 6, 7, 8, 9, 10, 12, 13, 14, 15, 16, 18, 19], "17": [0, 1, 2, 3, 4, 5, 6, 7, 8, 9, 10, 11, 12, 13, 14, 15, 16, 18, 19], "18": [0, 1, 2, 3, 4, 5, 6, 7, 8, 9, 10, 11, 12, 13, 14, 15, 16, 17, 18, 19]}, "join_predecessors": {"0": [], "1": [0], "2": [1], "3": [2], "4": [3], "5": [4], "6": [5], "7": [6], "8": [7], "9": [8], "10": [9], "11": [10], "12": [11], "13": [12], "14": [13], "15": [14], "16": [15], "17": [16], "18": [17]}, "intermediate_costs": [[[8, 16], 144394.0], [[8, 12, 16], 258600.02773333335], [[8, 12, 15, 16], 463135.4096685512], [[6, 8, 12, 15, 16], 12307648.484334005], [[6, 8, 12, 15, 16, 19], 15124962.639879744], [[6, 8, 10, 12, 15, 16, 19], 1545.5070951464422], [[0, 6, 8, 10, 12, 15, 16, 19], 2730.502811663364], [[0, 1, 6, 8, 10, 12, 15, 16, 19], 4890.153661013025], [[0, 1, 5, 6, 8, 10, 12, 15, 16, 19], 69356.27051008341], [[0, 1, 5, 6, 8, 10, 12, 15, 16, 18, 19], 124212.75630292423], [[0, 1, 5, 6, 8, 10, 12, 13, 15, 16, 18, 19], 222456.98693221228], [[0, 1, 4, 5, 6, 8, 10, 12, 13, 15, 16, 18, 19], 216629.99113184254], [[0, 1, 4, 5, 6, 8, 9, 10, 12, 13, 15, 16, 18, 19], 316124.2853261826], [[0, 1, 4, 5, 6, 7, 8, 9, 10, 12, 13, 15, 16, 18, 19], 557130.7110805132], [[0, 1, 3, 4, 5, 6, 7, 8, 9, 10, 12, 13, 15, 16, 18, 19], 983004.3397322148], [[0, 1, 2, 3, 4, 5, 6, 7, 8, 9, 10, 12, 13, 15, 16, 18, 19], 1760497.5098048695], [[0, 1, 2, 3, 4, 5, 6, 7, 8, 9, 10, 12, 13, 14, 15, 16, 18, 19], 3152941.27768166], [[0, 1, 2, 3, 4, 5, 6, 7, 8, 9, 10, 11, 12, 13, 14, 15, 16, 18, 19], 5582187.649633857]]}