{"costs": 1055, "join_operands": {"0": [0, 1, 2, 3, 4, 5, 6, 7, 8, 9, 10, 11, 12, 13], "1": [1, 2, 3, 4, 5, 6, 7, 8, 9, 10, 11, 12, 13], "2": [], "3": [1, 5, 6, 7, 8, 9, 10, 11, 12, 13], "4": [], "5": [2, 3, 4], "6": [], "7": [5, 6, 7, 8, 9, 10, 11, 12, 13], "8": [], "9": [2, 4], "10": [], "11": [], "12": [], "13": [5, 6, 8, 9, 10, 11, 12, 13], "14": [5, 6, 8, 9, 10, 11, 13], "15": [5, 6, 8, 10, 11, 13], "16": [5, 8, 10, 11, 13], "17": [8, 10, 11, 13], "18": [8, 11, 13], "19": [11, 13], "20": [], "21": []}, "join_predecessors": {"0": [1, 2], "1": [3, 5], "2": [4, 6], "3": [7, 11], "4": [8, 12], "5": [9], "6": [10], "7": [13], "8": [], "9": [], "10": [], "11": [], "12": [], "13": [14], "14": [15], "15": [16], "16": [17], "17": [18], "18": [19], "19": [20], "20": [21], "21": []}, "leaf_joins": [], "opt_time": 5.123902082443237, "status": 2, "intermediate_costs": [[[1, 2, 3, 4, 5, 6, 7, 8, 9, 10, 11, 12, 13], 4.356469744411277e-39], [[1, 5, 6, 7, 8, 9, 10, 11, 12, 13], 9.592703631521988e-36], [[2, 3, 4], 1.0], [[5, 6, 7, 8, 9, 10, 11, 12, 13], 9.592703631521988e-36], [[2, 4], 1.0], [[5, 6, 8, 9, 10, 11, 12, 13], 4.342247584781467e-24], [[5, 6, 8, 9, 10, 11, 13], 1.0978547991078831e-17], [[5, 6, 8, 10, 11, 13], 5.2548827842411316e-18], [[5, 8, 10, 11, 13], 6.809102327381479e-17], [[8, 10, 11, 13], 2.006235386331608e-15], [[8, 11, 13], 0.003940370886201806], [[11, 13], 1053.0]]}