{"costs": 5685807.485265329, "intermediate_costs": [[[3, 43], 186621.0], [[2, 22], 2532.0], [[2, 22, 28], 26.581917142148352], [[2, 22, 28, 36], 34.85523649707797], [[2, 22, 28, 36, 49], 65.7043793791168], [[2, 6, 22, 28, 36, 49], 0.3984652684927084], [[2, 6, 22, 27, 28, 36, 49], 1.1154647075932114], [[2, 6, 22, 27, 28, 31, 36, 49], 0.0018385497349479498], [[2, 6, 22, 27, 28, 31, 36, 41, 49], 0.0034657853864374687], [[2, 6, 19, 22, 27, 28, 31, 36, 41, 49], 0.0005641508189906816], [[2, 6, 19, 22, 26, 27, 28, 31, 36, 41, 49], 0.003867129311402904], [[2, 4, 6, 19, 22, 26, 27, 28, 31, 36, 41, 49], 0.007289787353164493], [[2, 4, 6, 19, 22, 26, 27, 28, 30, 31, 36, 41, 49], 0.013521854880676074], [[2, 4, 6, 15, 19, 22, 26, 27, 28, 30, 31, 36, 41, 49], 0.025412255144806568], [[2, 4, 6, 15, 19, 22, 26, 27, 28, 30, 31, 36, 41, 46, 49], 4.842163229597813e-06], [[2, 4, 6, 13, 15, 19, 22, 26, 27, 28, 30, 31, 36, 41, 46, 49], 9.03369113718183e-06], [[2, 4, 6, 10, 13, 15, 19, 22, 26, 27, 28, 30, 31, 36, 41, 46, 49], 1.7029093381949514e-05], [[2, 4, 6, 10, 11, 13, 15, 19, 22, 26, 27, 28, 30, 31, 36, 41, 46, 49], 2.7162286934236687e-05], [[2, 4, 6, 10, 11, 13, 15, 19, 22, 26, 27, 28, 30, 31, 36, 40, 41, 46, 49], 5.120267095823982e-05], [[2, 4, 6, 10, 11, 13, 15, 19, 22, 26, 27, 28, 30, 31, 36, 38, 40, 41, 46, 49], 8.847699616704345e-05], [[2, 4, 6, 10, 11, 13, 15, 17, 19, 22, 26, 27, 28, 30, 31, 36, 38, 40, 41, 46, 49], 0.0001621519636156671], [[0, 2, 4, 6, 10, 11, 13, 15, 17, 19, 22, 26, 27, 28, 30, 31, 36, 38, 40, 41, 46, 49], 0.000305666979977558], [[0, 2, 4, 6, 10, 11, 13, 15, 17, 19, 22, 26, 27, 28, 29, 30, 31, 36, 38, 40, 41, 46, 49], 0.0005587414273279879], [[0, 2, 4, 6, 10, 11, 13, 15, 17, 19, 22, 26, 27, 28, 29, 30, 31, 36, 38, 40, 41, 45, 46, 49], 0.0010419370226710366], [[0, 2, 4, 6, 10, 11, 13, 15, 17, 19, 22, 26, 27, 28, 29, 30, 31, 36, 38, 40, 41, 44, 45, 46, 49], 0.0019641189459831294], [[0, 2, 4, 6, 10, 11, 13, 15, 17, 19, 22, 26, 27, 28, 29, 30, 31, 36, 38, 39, 40, 41, 44, 45, 46, 49], 0.0036931888724523296], [[0, 2, 4, 6, 10, 11, 13, 14, 15, 17, 19, 22, 26, 27, 28, 29, 30, 31, 36, 38, 39, 40, 41, 44, 45, 46, 49], 0.006911452261285551], [[0, 2, 4, 6, 10, 11, 13, 14, 15, 17, 19, 21, 22, 26, 27, 28, 29, 30, 31, 36, 38, 39, 40, 41, 44, 45, 46, 49], 0.012988519448327403], [[0, 2, 4, 6, 10, 11, 13, 14, 15, 17, 19, 21, 22, 23, 26, 27, 28, 29, 30, 31, 36, 38, 39, 40, 41, 44, 45, 46, 49], 0.024484200802295065], [[0, 2, 4, 6, 10, 11, 13, 14, 15, 17, 19, 21, 22, 23, 24, 26, 27, 28, 29, 30, 31, 36, 38, 39, 40, 41, 44, 45, 46, 49], 0.04615420240328391], [[0, 2, 4, 6, 10, 11, 13, 14, 15, 17, 19, 21, 22, 23, 24, 25, 26, 27, 28, 29, 30, 31, 36, 38, 39, 40, 41, 44, 45, 46, 49], 0.08700363858605896], [[0, 1, 2, 4, 6, 10, 11, 13, 14, 15, 17, 19, 21, 22, 23, 24, 25, 26, 27, 28, 29, 30, 31, 36, 38, 39, 40, 41, 44, 45, 46, 49], 0.16400736529412532], [[0, 1, 2, 4, 6, 10, 11, 13, 14, 15, 16, 17, 19, 21, 22, 23, 24, 25, 26, 27, 28, 29, 30, 31, 36, 38, 39, 40, 41, 44, 45, 46, 49], 0.30916426379241957], [[0, 1, 2, 4, 6, 10, 11, 13, 14, 15, 16, 17, 19, 21, 22, 23, 24, 25, 26, 27, 28, 29, 30, 31, 36, 37, 38, 39, 40, 41, 44, 45, 46, 49], 0.5827945833302458], [[0, 1, 2, 4, 6, 10, 11, 13, 14, 15, 16, 17, 19, 21, 22, 23, 24, 25, 26, 27, 28, 29, 30, 31, 36, 37, 38, 39, 40, 41, 42, 44, 45, 46, 49], 1.0986055244785924], [[0, 1, 2, 4, 6, 7, 10, 11, 13, 14, 15, 16, 17, 19, 21, 22, 23, 24, 25, 26, 27, 28, 29, 30, 31, 36, 37, 38, 39, 40, 41, 42, 44, 45, 46, 49], 2.0709426372324917], [[0, 1, 2, 4, 6, 7, 10, 11, 13, 14, 15, 16, 17, 19, 20, 21, 22, 23, 24, 25, 26, 27, 28, 29, 30, 31, 36, 37, 38, 39, 40, 41, 42, 44, 45, 46, 49], 3.903861341047865], [[0, 1, 2, 4, 6, 7, 10, 11, 13, 14, 15, 16, 17, 18, 19, 20, 21, 22, 23, 24, 25, 26, 27, 28, 29, 30, 31, 36, 37, 38, 39, 40, 41, 42, 44, 45, 46, 49], 7.359031838401248], [[0, 1, 2, 4, 6, 7, 10, 11, 13, 14, 15, 16, 17, 18, 19, 20, 21, 22, 23, 24, 25, 26, 27, 28, 29, 30, 31, 36, 37, 38, 39, 40, 41, 42, 44, 45, 46, 47, 49], 13.872252550624292], [[0, 1, 2, 4, 6, 7, 10, 11, 13, 14, 15, 16, 17, 18, 19, 20, 21, 22, 23, 24, 25, 26, 27, 28, 29, 30, 31, 35, 36, 37, 38, 39, 40, 41, 42, 44, 45, 46, 47, 49], 26.150096587747136], [[0, 1, 2, 4, 6, 7, 10, 11, 13, 14, 15, 16, 17, 18, 19, 20, 21, 22, 23, 24, 25, 26, 27, 28, 29, 30, 31, 32, 35, 36, 37, 38, 39, 40, 41, 42, 44, 45, 46, 47, 49], 49.29463012612333], [[0, 1, 2, 4, 6, 7, 10, 11, 12, 13, 14, 15, 16, 17, 18, 19, 20, 21, 22, 23, 24, 25, 26, 27, 28, 29, 30, 31, 32, 35, 36, 37, 38, 39, 40, 41, 42, 44, 45, 46, 47, 49], 2170.9265480944487], [[0, 1, 2, 4, 6, 7, 10, 11, 12, 13, 14, 15, 16, 17, 18, 19, 20, 21, 22, 23, 24, 25, 26, 27, 28, 29, 30, 31, 32, 35, 36, 37, 38, 39, 40, 41, 42, 44, 45, 46, 47, 48, 49], 185090.03228194866], [[0, 1, 2, 4, 6, 7, 8, 9, 10, 11, 12, 13, 14, 15, 16, 17, 18, 19, 20, 21, 22, 23, 24, 25, 26, 27, 28, 29, 30, 31, 32, 35, 36, 37, 38, 39, 40, 41, 42, 44, 45, 46, 47, 48, 49], 367091.3927960088], [[8, 9], 81057.0], [[0, 1, 2, 4, 6, 7, 8, 9, 10, 11, 12, 13, 14, 15, 16, 17, 18, 19, 20, 21, 22, 23, 24, 25, 26, 27, 28, 29, 30, 31, 32, 34, 35, 36, 37, 38, 39, 40, 41, 42, 44, 45, 46, 47, 48, 49], 691991.1125774828], [[0, 1, 2, 4, 5, 6, 7, 8, 9, 10, 11, 12, 13, 14, 15, 16, 17, 18, 19, 20, 21, 22, 23, 24, 25, 26, 27, 28, 29, 30, 31, 32, 34, 35, 36, 37, 38, 39, 40, 41, 42, 44, 45, 46, 47, 48, 49], 1304448.077197576], [[0, 1, 2, 4, 5, 6, 7, 8, 9, 10, 11, 12, 13, 14, 15, 16, 17, 18, 19, 20, 21, 22, 23, 24, 25, 26, 27, 28, 29, 30, 31, 32, 33, 34, 35, 36, 37, 38, 39, 40, 41, 42, 44, 45, 46, 47, 48, 49], 2864572.241589327]]}