{"costs": 17295.0, "root_join": 0, "join_operands": {"0": [0, 1, 2, 3, 4, 5, 6, 7, 8, 9, 10, 11, 12, 13], "1": [1], "2": [0, 2, 3, 4, 5, 6, 7, 8, 9, 10, 11, 12, 13], "3": [2], "4": [0, 3, 4, 5, 6, 7, 8, 9, 10, 11, 12, 13], "5": [3], "6": [0, 4, 5, 6, 7, 8, 9, 10, 11, 12, 13], "7": [4], "8": [0, 5, 6, 7, 8, 9, 10, 11, 12, 13], "9": [5], "10": [0, 6, 7, 8, 9, 10, 11, 12, 13], "11": [6], "12": [0, 7, 8, 9, 10, 11, 12, 13], "13": [7], "14": [0, 8, 9, 10, 11, 12, 13], "15": [8], "16": [0, 9, 10, 11, 12, 13], "17": [9], "18": [0, 10, 11, 12, 13], "19": [11], "20": [0, 10, 12, 13], "21": [12], "22": [0, 10, 13], "23": [13], "24": [0, 10], "25": [0], "26": [10]}, "join_predecessors": {"0": [1, 2], "2": [3, 4], "4": [5, 6], "6": [7, 8], "8": [9, 10], "10": [11, 12], "12": [13, 14], "14": [15, 16], "16": [17, 18], "18": [19, 20], "20": [21, 22], "22": [23, 24], "24": [25, 26]}, "intermediate_costs": [[[0, 2, 3, 4, 5, 6, 7, 8, 9, 10, 11, 12, 13], 4.797426597149379e-60], [[0, 3, 4, 5, 6, 7, 8, 9, 10, 11, 12, 13], 5.865161631423616e-60], [[0, 4, 5, 6, 7, 8, 9, 10, 11, 12, 13], 7.161108560491938e-60], [[0, 5, 6, 7, 8, 9, 10, 11, 12, 13], 7.161108560491938e-60], [[0, 6, 7, 8, 9, 10, 11, 12, 13], 1.6261249950129868e-59], [[0, 7, 8, 9, 10, 11, 12, 13], 2.571804353908228e-59], [[0, 8, 9, 10, 11, 12, 13], 3.136788674011499e-57], [[0, 9, 10, 11, 12, 13], 3.5571920834650426e-57], [[0, 10, 11, 12, 13], 6.773507147220468e-34], [[0, 10, 12, 13], 4.083390505202622e-15], [[0, 10, 13], 0.0010780570219346], [[0, 10], 17295.0]]}