{"costs": 9244, "root_join": 28, "join_operands": {"0": [0, 13, 25, 26], "1": [13, 25, 26], "2": [25, 26], "3": [0, 9, 13, 25, 26], "4": [0, 9, 13, 25, 26, 28], "5": [0, 9, 13, 23, 25, 26, 28], "6": [0, 9, 13, 23, 25, 26, 27, 28], "7": [0, 9, 10, 13, 23, 25, 26, 27, 28], "8": [0, 2, 3, 4, 5, 7, 9, 10, 11, 12, 13, 15, 16, 18, 22, 23, 24, 25, 26, 27, 28], "9": [2, 3, 4, 5, 7, 11, 12, 15, 16, 18, 22, 24], "10": [2, 4, 5, 7, 11, 12, 15, 16, 18, 22, 24], "11": [2, 4, 7, 11, 12, 15, 16, 18, 22, 24], "12": [2, 4, 7, 11, 12, 16, 18, 22, 24], "13": [12, 24], "14": [12, 16, 24], "15": [11, 12, 16, 24], "16": [4, 11, 12, 16, 24], "17": [4, 7, 11, 12, 16, 24], "18": [4, 7, 11, 12, 16, 22, 24], "19": [2, 4, 7, 11, 12, 16, 22, 24], "20": [0, 2, 3, 4, 5, 7, 9, 10, 11, 12, 13, 14, 15, 16, 18, 22, 23, 24, 25, 26, 27, 28], "21": [0, 2, 3, 4, 5, 7, 9, 10, 11, 12, 13, 14, 15, 16, 18, 19, 22, 23, 24, 25, 26, 27, 28], "22": [0, 1, 2, 3, 4, 5, 7, 9, 10, 11, 12, 13, 14, 15, 16, 18, 19, 22, 23, 24, 25, 26, 27, 28], "23": [0, 1, 2, 3, 4, 5, 6, 7, 9, 10, 11, 12, 13, 14, 15, 16, 18, 19, 22, 23, 24, 25, 26, 27, 28], "24": [0, 1, 2, 3, 4, 5, 6, 7, 9, 10, 11, 12, 13, 14, 15, 16, 18, 19, 21, 22, 23, 24, 25, 26, 27, 28], "25": [0, 1, 2, 3, 4, 5, 6, 7, 8, 9, 10, 11, 12, 13, 14, 15, 16, 18, 19, 21, 22, 23, 24, 25, 26, 27, 28], "26": [0, 1, 2, 3, 4, 5, 6, 7, 8, 9, 10, 11, 12, 13, 14, 15, 16, 17, 18, 19, 21, 22, 23, 24, 25, 26, 27, 28], "27": [0, 1, 2, 3, 4, 5, 6, 7, 8, 9, 10, 11, 12, 13, 14, 15, 16, 17, 18, 19, 20, 21, 22, 23, 24, 25, 26, 27, 28], "28": [0, 1, 2, 3, 4, 5, 6, 7, 8, 9, 10, 11, 12, 13, 14, 15, 16, 17, 18, 19, 20, 21, 22, 23, 24, 25, 26, 27, 28, 29]}, "join_predecessors": {"0": [1], "1": [2], "2": [], "3": [0], "4": [3], "5": [4], "6": [5], "7": [6], "8": [7, 9], "9": [10], "10": [11], "11": [12], "13": [], "14": [13], "15": [14], "16": [15], "17": [16], "18": [17], "19": [18], "12": [19], "20": [8], "21": [20], "22": [21], "23": [22], "24": [23], "25": [24], "26": [25], "27": [26], "28": [27]}, "intermediate_costs": [[[0, 13, 25, 26], 8.626285702020201], [[13, 25, 26], 738.4600808080808], [[25, 26], 316.0], [[0, 9, 13, 25, 26], 8.764674131917857], [[0, 9, 13, 25, 26, 28], 20.482158125672644], [[0, 9, 13, 23, 25, 26, 28], 44.44582025907968], [[0, 9, 13, 23, 25, 26, 27, 28], 102.76040315725194], [[0, 9, 10, 13, 23, 25, 26, 27, 28], 240.14061196800722], [[0, 2, 3, 4, 5, 7, 9, 10, 11, 12, 13, 15, 16, 18, 22, 23, 24, 25, 26, 27, 28], 0.09282453315990374], [[2, 3, 4, 5, 7, 11, 12, 15, 16, 18, 22, 24], 11.578578721999543], [[2, 4, 5, 7, 11, 12, 15, 16, 18, 22, 24], 5.634730226300287], [[2, 4, 7, 11, 12, 15, 16, 18, 22, 24], 2.467274204650087], [[2, 4, 7, 11, 12, 16, 18, 22, 24], 0.007814526214010478], [[12, 24], 395.0], [[12, 16, 24], 908.9464157613935], [[11, 12, 16, 24], 2098.206397377445], [[4, 11, 12, 16, 24], 1.1872068530195703], [[4, 7, 11, 12, 16, 24], 2.7743825272271128], [[4, 7, 11, 12, 16, 22, 24], 0.001430944452383167], [[2, 4, 7, 11, 12, 16, 22, 24], 0.0033439725653108643], [[0, 2, 3, 4, 5, 7, 9, 10, 11, 12, 13, 14, 15, 16, 18, 22, 23, 24, 25, 26, 27, 28], 0.2143080397647333], [[0, 2, 3, 4, 5, 7, 9, 10, 11, 12, 13, 14, 15, 16, 18, 19, 22, 23, 24, 25, 26, 27, 28], 0.5008160889326996], [[0, 1, 2, 3, 4, 5, 7, 9, 10, 11, 12, 13, 14, 15, 16, 18, 19, 22, 23, 24, 25, 26, 27, 28], 1.003162827554649], [[0, 1, 2, 3, 4, 5, 6, 7, 9, 10, 11, 12, 13, 14, 15, 16, 18, 19, 22, 23, 24, 25, 26, 27, 28], 2.3442901654621178], [[0, 1, 2, 3, 4, 5, 6, 7, 9, 10, 11, 12, 13, 14, 15, 16, 18, 19, 21, 22, 23, 24, 25, 26, 27, 28], 5.390793332866849], [[0, 1, 2, 3, 4, 5, 6, 7, 8, 9, 10, 11, 12, 13, 14, 15, 16, 18, 19, 21, 22, 23, 24, 25, 26, 27, 28], 12.59773945861251], [[0, 1, 2, 3, 4, 5, 6, 7, 8, 9, 10, 11, 12, 13, 14, 15, 16, 17, 18, 19, 21, 22, 23, 24, 25, 26, 27, 28], 29.43964505932605], [[0, 1, 2, 3, 4, 5, 6, 7, 8, 9, 10, 11, 12, 13, 14, 15, 16, 17, 18, 19, 20, 21, 22, 23, 24, 25, 26, 27, 28], 4287.33297862882]]}