{"costs": 463470.6192054497, "int_costs": [[[0, 1, 2, 3, 4, 5, 6, 7, 8, 9, 10, 11, 12, 13, 14, 15, 16, 17, 18, 19, 21, 22, 23, 24, 25, 26, 27, 28, 29, 30, 31, 32, 33, 34, 35, 36, 37, 38, 39], 273602.14834777615], [[0, 1, 2, 3, 4, 5, 6, 7, 8, 9, 10, 11, 12, 13, 14, 15, 16, 17, 18, 19, 22, 23, 24, 25, 26, 27, 28, 29, 30, 31, 32, 33, 34, 35, 36, 37, 38, 39], 111526.7941879634], [[1, 2, 3, 4, 5, 6, 7, 8, 9, 10, 11, 12, 13, 14, 15, 16, 17, 18, 19, 22, 23, 24, 25, 26, 27, 28, 29, 30, 31, 32, 33, 34, 35, 36, 37, 38, 39], 45461.00409922425], [[1, 2, 3, 4, 5, 6, 7, 8, 9, 10, 11, 12, 13, 14, 15, 16, 17, 19, 22, 23, 24, 25, 26, 27, 28, 29, 30, 31, 32, 33, 34, 35, 36, 37, 38, 39], 18530.99523248761], [[1, 2, 3, 4, 5, 6, 7, 8, 9, 10, 11, 12, 13, 14, 15, 16, 17, 19, 22, 23, 24, 25, 26, 27, 28, 29, 30, 31, 33, 34, 35, 36, 37, 38, 39], 7553.679467205015], [[1, 2, 3, 4, 5, 6, 7, 8, 9, 10, 11, 12, 13, 14, 15, 16, 17, 19, 22, 23, 24, 25, 26, 27, 28, 29, 30, 31, 33, 35, 36, 37, 38, 39], 3079.0612574589463], [[1, 3, 4, 5, 6, 7, 8, 9, 10, 11, 12, 13, 14, 15, 16, 17, 19, 22, 23, 24, 25, 26, 27, 28, 29, 30, 31, 33, 35, 36, 37, 38, 39], 1255.1001562623287], [[1, 3, 4, 5, 7, 8, 9, 10, 11, 12, 13, 14, 15, 16, 17, 19, 22, 23, 24, 25, 26, 27, 28, 29, 30, 31, 33, 35, 36, 37, 38, 39], 513.4626311926951], [[1, 3, 4, 5, 7, 8, 9, 10, 11, 12, 13, 14, 15, 16, 17, 19, 22, 23, 24, 25, 26, 27, 28, 29, 30, 31, 33, 35, 36, 37, 38], 209.299681177953], [[1, 3, 4, 5, 7, 8, 9, 10, 11, 12, 14, 15, 16, 17, 19, 22, 23, 24, 25, 26, 27, 28, 29, 30, 31, 33, 35, 36, 37, 38], 85.31556816484846], [[1, 3, 4, 5, 7, 8, 9, 10, 11, 12, 14, 15, 16, 17, 19, 22, 23, 24, 25, 26, 28, 29, 30, 31, 33, 35, 36, 37, 38], 34.77679597956645], [[1, 3, 4, 5, 7, 8, 9, 10, 11, 12, 14, 15, 16, 17, 19, 22, 23, 24, 25, 26, 28, 29, 30, 31, 33, 35, 36, 37], 14.175917086867045], [[1, 3, 4, 7, 8, 9, 10, 11, 12, 14, 15, 16, 17, 19, 22, 23, 24, 25, 26, 28, 29, 30, 31, 33, 35, 36, 37], 5.7784438089492545], [[1, 3, 7, 8, 10, 17, 22, 23, 25, 26, 28, 30, 31, 33], 1.284435481437087e-06], [[3, 7, 8, 10, 17, 22, 23, 25, 26, 28, 30, 31, 33], 0.00022551157307674046], [[3, 7, 8, 10, 17, 22, 23, 25, 28, 30, 31, 33], 9.192392353185583e-05], [[3, 7, 8, 10, 17, 22, 23, 25, 28, 30, 33], 0.022862662961586323], [[3, 7, 8, 10, 22, 23, 25, 28, 30, 33], 0.009319369572621403], [[3, 7, 8, 10, 23, 25, 28, 30, 33], 0.0037987984505569064], [[3, 7, 8, 10, 23, 28, 30, 33], 0.0005806153147280228], [[3, 7, 8, 10, 23, 28, 33], 3.383063152973951e-05], [[3, 7, 10, 23, 28, 33], 1.3790176827217235e-05], [[3, 7, 23, 28, 33], 0.009001119602702461], [[3, 23], 1594.0], [[3, 23, 33], 1.0075151059295475], [[3, 7, 23, 33], 0.0037149356663790612], [[1, 3, 7, 8, 10, 11, 17, 22, 23, 25, 26, 28, 30, 31, 33], 3.141259624567592e-06], [[1, 3, 7, 8, 10, 11, 17, 22, 23, 25, 26, 28, 30, 31, 33, 37], 7.706268098241035e-06], [[1, 3, 7, 8, 9, 10, 11, 17, 22, 23, 25, 26, 28, 30, 31, 33, 37], 1.890523707769343e-05], [[1, 3, 7, 8, 9, 10, 11, 17, 19, 22, 23, 25, 26, 28, 30, 31, 33, 37], 4.637909223756721e-05], [[1, 3, 7, 8, 9, 10, 11, 17, 19, 22, 23, 25, 26, 28, 30, 31, 33, 35, 37], 0.00011377910848132024], [[1, 3, 7, 8, 9, 10, 11, 17, 19, 22, 23, 25, 26, 28, 29, 30, 31, 33, 35, 37], 0.0006388920993103589], [[1, 3, 7, 8, 9, 10, 11, 12, 17, 19, 22, 23, 25, 26, 28, 29, 30, 31, 33, 35, 37], 0.025255235141556812], [[1, 3, 7, 8, 9, 10, 11, 12, 16, 17, 19, 22, 23, 25, 26, 28, 29, 30, 31, 33, 35, 37], 0.0753963824831376], [[1, 3, 7, 8, 9, 10, 11, 12, 16, 17, 19, 22, 23, 25, 26, 28, 29, 30, 31, 33, 35, 36, 37], 0.16184482438996492], [[1, 3, 7, 8, 9, 10, 11, 12, 14, 16, 17, 19, 22, 23, 25, 26, 28, 29, 30, 31, 33, 35, 36, 37], 0.391372358337871], [[1, 3, 7, 8, 9, 10, 11, 12, 14, 16, 17, 19, 22, 23, 24, 25, 26, 28, 29, 30, 31, 33, 35, 36, 37], 0.960130799140649], [[1, 3, 7, 8, 9, 10, 11, 12, 14, 15, 16, 17, 19, 22, 23, 24, 25, 26, 28, 29, 30, 31, 33, 35, 36, 37], 2.3554323103953783]]}