{"costs": 2367446, "root_join": 26, "join_operands": {"0": [0, 1, 4, 5, 7, 9, 10, 11, 13, 14, 24, 27], "1": [1, 4, 5, 7, 9, 10, 11, 13, 14, 24, 27], "2": [1, 4, 7, 10, 11, 13, 14, 24, 27], "3": [4, 7, 10, 11, 13, 14, 24, 27], "4": [4, 11, 13, 14], "5": [11, 13, 14], "6": [13, 14], "7": [4, 10, 11, 13, 14, 24, 27], "8": [10, 24, 27], "9": [24, 27], "10": [1, 4, 5, 7, 10, 11, 13, 14, 24, 27], "11": [0, 1, 4, 5, 6, 7, 9, 10, 11, 13, 14, 24, 27], "12": [0, 1, 4, 5, 6, 7, 9, 10, 11, 13, 14, 15, 24, 27], "13": [0, 1, 4, 5, 6, 7, 9, 10, 11, 13, 14, 15, 21, 24, 27], "14": [0, 1, 4, 5, 6, 7, 9, 10, 11, 13, 14, 15, 21, 24, 27, 28], "15": [0, 1, 4, 5, 6, 7, 9, 10, 11, 13, 14, 15, 21, 24, 27, 28, 29], "16": [0, 1, 4, 5, 6, 7, 9, 10, 11, 13, 14, 15, 16, 21, 24, 27, 28, 29], "17": [0, 1, 2, 4, 5, 6, 7, 9, 10, 11, 13, 14, 15, 16, 21, 24, 27, 28, 29], "18": [0, 1, 2, 4, 5, 6, 7, 8, 9, 10, 11, 13, 14, 15, 16, 21, 24, 27, 28, 29], "19": [0, 1, 2, 4, 5, 6, 7, 8, 9, 10, 11, 13, 14, 15, 16, 21, 24, 26, 27, 28, 29], "20": [0, 1, 2, 4, 5, 6, 7, 8, 9, 10, 11, 13, 14, 15, 16, 20, 21, 24, 26, 27, 28, 29], "21": [0, 1, 2, 4, 5, 6, 7, 8, 9, 10, 11, 13, 14, 15, 16, 17, 20, 21, 24, 26, 27, 28, 29], "22": [0, 1, 2, 4, 5, 6, 7, 8, 9, 10, 11, 13, 14, 15, 16, 17, 19, 20, 21, 24, 26, 27, 28, 29], "23": [0, 1, 2, 4, 5, 6, 7, 8, 9, 10, 11, 13, 14, 15, 16, 17, 19, 20, 21, 23, 24, 26, 27, 28, 29], "24": [0, 1, 2, 4, 5, 6, 7, 8, 9, 10, 11, 12, 13, 14, 15, 16, 17, 19, 20, 21, 23, 24, 26, 27, 28, 29], "25": [0, 1, 2, 4, 5, 6, 7, 8, 9, 10, 11, 12, 13, 14, 15, 16, 17, 19, 20, 21, 22, 23, 24, 26, 27, 28, 29], "26": [0, 1, 2, 3, 4, 5, 6, 7, 8, 9, 10, 11, 12, 13, 14, 15, 16, 17, 18, 19, 20, 21, 22, 23, 24, 25, 26, 27, 28, 29], "27": [3, 18, 25], "28": [18, 25]}, "join_predecessors": {"0": [1], "2": [3], "4": [5], "5": [6], "6": [], "7": [4, 8], "8": [9], "9": [], "3": [7], "10": [2], "1": [10], "11": [0], "12": [11], "13": [12], "14": [13], "15": [14], "16": [15], "17": [16], "18": [17], "19": [18], "20": [19], "21": [20], "22": [21], "23": [22], "24": [23], "25": [24], "26": [25, 27], "27": [28], "28": []}, "intermediate_costs": [[[0, 1, 4, 5, 7, 9, 10, 11, 13, 14, 24, 27], 2.2482501240059083], [[1, 4, 5, 7, 9, 10, 11, 13, 14, 24, 27], 2.452296866465328], [[1, 4, 7, 10, 11, 13, 14, 24, 27], 14.591032937836488], [[4, 7, 10, 11, 13, 14, 24, 27], 12.722965811741666], [[4, 11, 13, 14], 7108.707518276315], [[11, 13, 14], 6082.797490384615], [[13, 14], 447.0], [[4, 10, 11, 13, 14, 24, 27], 21.68385761794258], [[10, 24, 27], 2521.364892638037], [[24, 27], 2156.0], [[1, 4, 5, 7, 10, 11, 13, 14, 24, 27], 17.122530212826252], [[0, 1, 4, 5, 6, 7, 9, 10, 11, 13, 14, 24, 27], 2.638310711626106], [[0, 1, 4, 5, 6, 7, 9, 10, 11, 13, 14, 15, 24, 27], 2.981850745803602], [[0, 1, 4, 5, 6, 7, 9, 10, 11, 13, 14, 15, 21, 24, 27], 3.4991922711981314], [[0, 1, 4, 5, 6, 7, 9, 10, 11, 13, 14, 15, 21, 24, 27, 28], 4.106290889322468], [[0, 1, 4, 5, 6, 7, 9, 10, 11, 13, 14, 15, 21, 24, 27, 28, 29], 107.92633473882493], [[0, 1, 4, 5, 6, 7, 9, 10, 11, 13, 14, 15, 16, 21, 24, 27, 28, 29], 81.24794098455533], [[0, 1, 2, 4, 5, 6, 7, 9, 10, 11, 13, 14, 15, 16, 21, 24, 27, 28, 29], 93.5444299576107], [[0, 1, 2, 4, 5, 6, 7, 8, 9, 10, 11, 13, 14, 15, 16, 21, 24, 27, 28, 29], 108.18316292642369], [[0, 1, 2, 4, 5, 6, 7, 8, 9, 10, 11, 13, 14, 15, 16, 21, 24, 26, 27, 28, 29], 126.95260438794647], [[0, 1, 2, 4, 5, 6, 7, 8, 9, 10, 11, 13, 14, 15, 16, 20, 21, 24, 26, 27, 28, 29], 1472.2857851664467], [[0, 1, 2, 4, 5, 6, 7, 8, 9, 10, 11, 13, 14, 15, 16, 17, 20, 21, 24, 26, 27, 28, 29], 1971.6361261266616], [[0, 1, 2, 4, 5, 6, 7, 8, 9, 10, 11, 13, 14, 15, 16, 17, 19, 20, 21, 24, 26, 27, 28, 29], 2313.704830936822], [[0, 1, 2, 4, 5, 6, 7, 8, 9, 10, 11, 13, 14, 15, 16, 17, 19, 20, 21, 23, 24, 26, 27, 28, 29], 4670.661758749259], [[0, 1, 2, 4, 5, 6, 7, 8, 9, 10, 11, 12, 13, 14, 15, 16, 17, 19, 20, 21, 23, 24, 26, 27, 28, 29], 224947.48830554736], [[0, 1, 2, 4, 5, 6, 7, 8, 9, 10, 11, 12, 13, 14, 15, 16, 17, 19, 20, 21, 22, 23, 24, 26, 27, 28, 29], 263975.1641256455], [[3, 18, 25], 998393.2637586208], [[18, 25], 850785.0]]}