{"costs": 23168144, "root_join": 26, "join_operands": {"0": [0, 24, 27], "1": [24, 27], "2": [0, 10, 24, 27], "3": [0, 4, 10, 24, 27], "4": [0, 4, 10, 11, 24, 27], "5": [0, 4, 7, 10, 11, 24, 27], "6": [0, 1, 4, 7, 10, 11, 24, 27], "7": [0, 1, 4, 5, 7, 10, 11, 24, 27], "8": [0, 1, 4, 5, 7, 9, 10, 11, 24, 27], "9": [0, 1, 3, 4, 5, 7, 9, 10, 11, 18, 24, 25, 27], "10": [3, 18, 25], "11": [18, 25], "12": [0, 1, 2, 3, 4, 5, 6, 7, 8, 9, 10, 11, 12, 13, 14, 15, 16, 18, 21, 23, 24, 25, 26, 27, 28, 29], "13": [2, 6, 8, 12, 13, 14, 15, 16, 21, 23, 26, 28, 29], "14": [13, 14], "15": [13, 14, 28], "16": [6, 13, 14, 16, 28, 29], "17": [6, 16, 29], "18": [16, 29], "19": [6, 13, 14, 15, 16, 28, 29], "20": [6, 8, 13, 14, 15, 16, 28, 29], "21": [6, 8, 13, 14, 15, 16, 26, 28, 29], "22": [2, 6, 8, 13, 14, 15, 16, 26, 28, 29], "23": [2, 6, 8, 13, 14, 15, 16, 21, 26, 28, 29], "24": [2, 6, 8, 12, 13, 14, 15, 16, 21, 26, 28, 29], "25": [0, 1, 2, 3, 4, 5, 6, 7, 8, 9, 10, 11, 12, 13, 14, 15, 16, 18, 21, 22, 23, 24, 25, 26, 27, 28, 29], "26": [0, 1, 2, 3, 4, 5, 6, 7, 8, 9, 10, 11, 12, 13, 14, 15, 16, 17, 18, 19, 20, 21, 22, 23, 24, 25, 26, 27, 28, 29], "27": [17, 19, 20], "28": [17, 19]}, "join_predecessors": {"0": [1], "1": [], "2": [0], "3": [2], "4": [3], "5": [4], "6": [5], "7": [6], "8": [7], "9": [8, 10], "11": [], "10": [11], "12": [9, 13], "14": [], "15": [14], "16": [15, 17], "17": [18], "18": [], "19": [16], "20": [19], "21": [20], "22": [21], "23": [22], "24": [23], "13": [24], "25": [12], "26": [25, 27], "27": [28], "28": []}, "intermediate_costs": [[[0, 24, 27], 1976.6070469043154], [[24, 27], 2156.0], [[0, 10, 24, 27], 2311.5712498170155], [[0, 4, 10, 24, 27], 49263.4457523344], [[0, 4, 10, 11, 24, 27], 16942.19845218712], [[0, 4, 7, 10, 11, 24, 27], 9940.805528281813], [[0, 1, 4, 7, 10, 11, 24, 27], 11400.378106646136], [[0, 1, 4, 5, 7, 10, 11, 24, 27], 13378.307032842293], [[0, 1, 4, 5, 7, 9, 10, 11, 24, 27], 1916.0474537036885], [[0, 1, 3, 4, 5, 7, 9, 10, 11, 18, 24, 25, 27], 72414.915272982], [[3, 18, 25], 998393.2637586208], [[18, 25], 850785.0], [[0, 1, 2, 3, 4, 5, 6, 7, 8, 9, 10, 11, 12, 13, 14, 15, 16, 18, 21, 23, 24, 25, 26, 27, 28, 29], 466483.81022020936], [[2, 6, 8, 12, 13, 14, 15, 16, 21, 23, 26, 28, 29], 2454017.7899884526], [[13, 14], 447.0], [[13, 14, 28], 524.5530640414509], [[6, 13, 14, 16, 28, 29], 12179.610364662829], [[6, 16, 29], 5876504.885506163], [[16, 29], 5007687.0], [[6, 13, 14, 15, 16, 28, 29], 13765.543265782713], [[6, 8, 13, 14, 15, 16, 28, 29], 15919.707999372395], [[6, 8, 13, 14, 15, 16, 26, 28, 29], 18681.72770092221], [[2, 6, 8, 13, 14, 15, 16, 26, 28, 29], 21509.118227848685], [[2, 6, 8, 13, 14, 15, 16, 21, 26, 28, 29], 25240.881143731203], [[2, 6, 8, 12, 13, 14, 15, 16, 21, 26, 28, 29], 1215646.3279031462], [[0, 1, 2, 3, 4, 5, 6, 7, 8, 9, 10, 11, 12, 13, 14, 15, 16, 18, 21, 22, 23, 24, 25, 26, 27, 28, 29], 547417.2718815794], [[17, 19, 20], 4892095.822206185], [[17, 19], 569145.0]]}