{"costs": 1721699.1342026116, "join_operands": {"0": [0, 1, 2, 3, 4, 5, 6, 7, 8, 9, 10, 11, 12, 13, 14, 15, 16, 17, 18, 19], "1": [0, 1, 2, 3, 5, 6, 7, 8, 9, 10, 11, 12, 14, 15, 16, 17, 18, 19], "2": [4, 13], "3": [0, 1, 2, 5, 6, 7, 8, 9, 10, 11, 12, 15, 16, 17, 18, 19], "4": [], "5": [3, 14], "6": [], "7": [1, 2, 5, 6, 7, 8, 9, 10, 11, 12, 15, 16, 17, 18, 19], "8": [], "9": [], "10": [], "11": [], "12": [], "13": [], "14": [], "15": [1, 5, 6, 7, 8, 9, 10, 11, 12, 15, 16, 17, 18, 19], "16": [], "17": [], "18": []}, "join_predecessors": {"0": [1, 2], "1": [3, 5], "2": [4, 6], "3": [7, 11], "4": [8, 12], "5": [9, 13], "6": [10, 14], "7": [15], "8": [16], "9": [17], "10": [18], "11": [], "12": [], "13": [], "14": [], "15": [], "16": [], "17": [], "18": []}, "leaf_joins": [15, 16], "opt_time": 1.8061108589172363, "status": 2, "intermediate_costs": [[[0, 1, 2, 3, 5, 6, 7, 8, 9, 10, 11, 12, 14, 15, 16, 17, 18, 19], 1187849.5355862486], [[4, 13], 211729.0], [[0, 1, 2, 5, 6, 7, 8, 9, 10, 11, 12, 15, 16, 17, 18, 19], 181549.05831201788], [[3, 14], 56396.0], [[1, 2, 5, 6, 7, 8, 9, 10, 11, 12, 15, 16, 17, 18, 19], 62594.32746617999], [[1, 5, 6, 7, 8, 9, 10, 11, 12, 15, 16, 17, 18, 19], 21581.212838165295]]}