{"costs": 2389705, "root_join": 0, "join_operands": {"0": [0, 1, 2, 3, 4, 5, 6, 7, 8, 9, 10, 11, 12, 13, 14, 15, 16, 17, 18, 19], "1": [0, 1, 2, 3, 4, 5, 6, 7, 8, 9, 10, 11, 13, 14, 15, 16, 17, 18, 19], "2": [], "3": [0, 1, 2, 3, 4, 5, 6, 7, 8, 9, 10, 11, 13, 14, 16, 17, 18, 19], "4": [], "5": [], "6": [], "7": [0, 2, 3, 4, 5, 6, 7, 8, 9, 10, 11, 13, 14, 16, 17, 18, 19], "8": [], "9": [], "10": [], "11": [], "12": [], "13": [], "14": [], "15": [0, 2, 3, 4, 5, 6, 7, 8, 9, 10, 11, 14, 16, 17, 18, 19], "16": [], "17": [], "18": [], "19": [0, 2, 3, 4, 6, 8, 9, 10, 16, 17, 19], "20": [2, 3, 4, 6, 8, 9, 10, 16, 17, 19], "21": [2, 6], "22": [2, 6, 17], "23": [2, 4, 6, 17], "24": [2, 4, 6, 17, 19], "25": [2, 4, 6, 8, 17, 19], "26": [2, 4, 6, 8, 10, 17, 19], "27": [2, 4, 6, 8, 10, 16, 17, 19], "28": [2, 4, 6, 8, 9, 10, 16, 17, 19], "29": [0, 2, 3, 4, 6, 8, 9, 10, 14, 16, 17, 19], "30": [0, 2, 3, 4, 6, 8, 9, 10, 11, 14, 16, 17, 19], "31": [0, 2, 3, 4, 6, 7, 8, 9, 10, 11, 14, 16, 17, 19], "32": [0, 2, 3, 4, 6, 7, 8, 9, 10, 11, 14, 16, 17, 18, 19]}, "join_predecessors": {"0": [1], "1": [3], "2": [], "3": [7], "4": [], "5": [], "6": [], "7": [15], "8": [], "9": [], "10": [], "11": [], "12": [], "13": [], "14": [], "15": [32], "16": [], "17": [], "18": [], "19": [20], "21": [], "22": [21], "23": [22], "24": [23], "25": [24], "26": [25], "27": [26], "28": [27], "20": [28], "29": [19], "30": [29], "31": [30], "32": [31]}, "intermediate_costs": [[[0, 1, 2, 3, 4, 5, 6, 7, 8, 9, 10, 11, 13, 14, 15, 16, 17, 18, 19], 2069919.0266511294], [[0, 1, 2, 3, 4, 5, 6, 7, 8, 9, 10, 11, 13, 14, 16, 17, 18, 19], 86437.76676733316], [[0, 2, 3, 4, 5, 6, 7, 8, 9, 10, 11, 13, 14, 16, 17, 18, 19], 86437.76676733316], [[0, 2, 3, 4, 5, 6, 7, 8, 9, 10, 11, 14, 16, 17, 18, 19], 86437.76676733315], [[0, 2, 3, 4, 6, 8, 9, 10, 16, 17, 19], 1908.234658125388], [[2, 3, 4, 6, 8, 9, 10, 16, 17, 19], 1924.5443560580838], [[2, 6], 433.0], [[2, 6, 17], 431.44762124248496], [[2, 4, 6, 17], 323.5857159318637], [[2, 4, 6, 17, 19], 307.20151413079265], [[2, 4, 6, 8, 17, 19], 306.51877569558013], [[2, 4, 6, 8, 10, 17, 19], 306.51877569558013], [[2, 4, 6, 8, 10, 16, 17, 19], 306.51877569558013], [[2, 4, 6, 8, 9, 10, 16, 17, 19], 28083.74653553685], [[0, 2, 3, 4, 6, 8, 9, 10, 14, 16, 17, 19], 1908.2306152553494], [[0, 2, 3, 4, 6, 8, 9, 10, 11, 14, 16, 17, 19], 1908.2306152553497], [[0, 2, 3, 4, 6, 7, 8, 9, 10, 11, 14, 16, 17, 19], 14883.32554091356], [[0, 2, 3, 4, 6, 7, 8, 9, 10, 11, 14, 16, 17, 18, 19], 7441.662770456779]], "time_in_s": 10}