{"costs": 10094277, "root_join": 18, "join_operands": {"0": [0, 3], "1": [0, 3, 14], "2": [0, 1, 3, 14], "3": [0, 1, 3, 11, 14], "4": [0, 1, 2, 3, 6, 8, 9, 11, 14, 16, 17], "5": [2, 6, 8, 9, 16, 17], "6": [2, 6, 8, 16, 17], "7": [2, 6], "8": [2, 6, 17], "9": [2, 6, 8, 17], "10": [0, 1, 2, 3, 6, 8, 9, 11, 14, 16, 17, 19], "11": [0, 1, 2, 3, 5, 6, 8, 9, 11, 14, 16, 17, 19], "12": [0, 1, 2, 3, 5, 6, 8, 9, 10, 11, 14, 16, 17, 19], "13": [0, 1, 2, 3, 4, 5, 6, 8, 9, 10, 11, 14, 16, 17, 19], "14": [0, 1, 2, 3, 4, 5, 6, 8, 9, 10, 11, 14, 15, 16, 17, 19], "15": [0, 1, 2, 3, 4, 5, 6, 7, 8, 9, 10, 11, 14, 15, 16, 17, 18, 19], "16": [7, 18], "17": [0, 1, 2, 3, 4, 5, 6, 7, 8, 9, 10, 11, 13, 14, 15, 16, 17, 18, 19], "18": [0, 1, 2, 3, 4, 5, 6, 7, 8, 9, 10, 11, 12, 13, 14, 15, 16, 17, 18, 19]}, "join_predecessors": {"0": [], "1": [0], "2": [1], "3": [2], "4": [3, 5], "5": [6], "7": [], "8": [7], "9": [8], "6": [9], "10": [4], "11": [10], "12": [11], "13": [12], "14": [13], "15": [14, 16], "16": [], "17": [15], "18": [17]}, "intermediate_costs": [[[0, 3], 467999.99999999994], [[0, 3, 14], 467999.00847457617], [[0, 1, 3, 14], 467999.00847457617], [[0, 1, 3, 11, 14], 467999.0084745762], [[0, 1, 2, 3, 6, 8, 9, 11, 14, 16, 17], 2680.004888854419], [[2, 6, 8, 9, 16, 17], 39442.07655557166], [[2, 6, 8, 16, 17], 430.48875268144707], [[2, 6], 433.0], [[2, 6, 17], 431.44762124248496], [[2, 6, 8, 17], 430.48875268144707], [[0, 1, 2, 3, 6, 8, 9, 11, 14, 16, 17, 19], 2544.3074870071327], [[0, 1, 2, 3, 5, 6, 8, 9, 11, 14, 16, 17, 19], 29553.107138823336], [[0, 1, 2, 3, 5, 6, 8, 9, 10, 11, 14, 16, 17, 19], 29553.107138823332], [[0, 1, 2, 3, 4, 5, 6, 8, 9, 10, 11, 14, 16, 17, 19], 22164.8303541175], [[0, 1, 2, 3, 4, 5, 6, 8, 9, 10, 11, 14, 15, 16, 17, 19], 530779.6092878836], [[0, 1, 2, 3, 4, 5, 6, 7, 8, 9, 10, 11, 14, 15, 16, 17, 18, 19], 2069919.0266511294], [[7, 18], 3424000.0], [[0, 1, 2, 3, 4, 5, 6, 7, 8, 9, 10, 11, 13, 14, 15, 16, 17, 18, 19], 2069919.0266511294]]}