{"costs": 3123012, "root_join": 18, "join_operands": {"0": [0, 1, 2, 3, 4, 5, 6, 7, 8, 9, 10, 12, 13, 14, 16, 18, 19], "1": [1, 2, 3, 4, 5, 6, 7, 8, 9, 10, 12, 13, 14, 16, 18, 19], "2": [1, 2, 3, 4, 5, 6, 7, 9, 10, 12, 13, 14, 16, 18, 19], "3": [2, 18], "4": [2, 5, 18], "5": [1, 2, 5, 6, 7, 9, 12, 13, 14, 16, 18, 19], "6": [1, 6, 7, 9, 12, 13, 14, 16, 19], "7": [6, 7, 9, 12, 13, 14, 16, 19], "8": [7, 9, 12, 13, 14, 16, 19], "9": [7, 9, 13, 14, 16, 19], "10": [7, 9, 14, 16, 19], "11": [9, 14, 16, 19], "12": [9, 14, 16], "13": [9, 16], "14": [1, 2, 3, 5, 6, 7, 9, 12, 13, 14, 16, 18, 19], "15": [1, 2, 3, 5, 6, 7, 9, 10, 12, 13, 14, 16, 18, 19], "16": [0, 1, 2, 3, 4, 5, 6, 7, 8, 9, 10, 12, 13, 14, 15, 16, 17, 18, 19], "17": [15, 17], "18": [0, 1, 2, 3, 4, 5, 6, 7, 8, 9, 10, 11, 12, 13, 14, 15, 16, 17, 18, 19]}, "join_predecessors": {"0": [1], "1": [2], "3": [], "4": [3], "5": [4, 6], "6": [7], "7": [8], "8": [9], "10": [11], "11": [12], "12": [13], "13": [], "9": [10], "14": [5], "15": [14], "2": [15], "16": [0, 17], "17": [], "18": [16]}, "intermediate_costs": [[[0, 1, 2, 3, 4, 5, 6, 7, 8, 9, 10, 12, 13, 14, 16, 18, 19], 642952.7342524173], [[1, 2, 3, 4, 5, 6, 7, 8, 9, 10, 12, 13, 14, 16, 18, 19], 58910.130204346795], [[1, 2, 3, 4, 5, 6, 7, 9, 10, 12, 13, 14, 16, 18, 19], 15062.983481517425], [[2, 18], 310097.0], [[2, 5, 18], 364242.94224234694], [[1, 2, 5, 6, 7, 9, 12, 13, 14, 16, 18, 19], 49.072705667795645], [[1, 6, 7, 9, 12, 13, 14, 16, 19], 45.19207389526426], [[6, 7, 9, 12, 13, 14, 16, 19], 38.474061212889545], [[7, 9, 12, 13, 14, 16, 19], 1.8581326668975415], [[7, 9, 13, 14, 16, 19], 0.5114407201704393], [[7, 9, 14, 16, 19], 0.4366820988929808], [[9, 14, 16, 19], 396.3793742568066], [[9, 14, 16], 288.69395954692556], [[9, 16], 193.0], [[1, 2, 3, 5, 6, 7, 9, 12, 13, 14, 16, 18, 19], 57.64135464704443], [[1, 2, 3, 5, 6, 7, 9, 10, 12, 13, 14, 16, 18, 19], 13136.576839205316], [[0, 1, 2, 3, 4, 5, 6, 7, 8, 9, 10, 12, 13, 14, 15, 16, 17, 18, 19], 887089.3382447072], [[15, 17], 830450.0]]}