{"costs": 1670864, "root_join": 18, "join_operands": {"0": [9, 16], "1": [9, 14, 16], "2": [9, 14, 16, 19], "3": [7, 9, 14, 16, 19], "4": [7, 9, 13, 14, 16, 19], "5": [7, 9, 12, 13, 14, 16, 19], "6": [6, 7, 9, 12, 13, 14, 16, 19], "7": [1, 6, 7, 9, 12, 13, 14, 16, 19], "8": [1, 2, 6, 7, 9, 12, 13, 14, 16, 19], "9": [1, 2, 6, 7, 9, 12, 13, 14, 16, 18, 19], "10": [1, 2, 5, 6, 7, 9, 12, 13, 14, 16, 18, 19], "11": [1, 2, 3, 5, 6, 7, 9, 12, 13, 14, 16, 18, 19], "12": [1, 2, 3, 5, 6, 7, 8, 9, 12, 13, 14, 16, 18, 19], "13": [0, 1, 2, 3, 5, 6, 7, 8, 9, 12, 13, 14, 16, 18, 19], "14": [0, 1, 2, 3, 5, 6, 7, 8, 9, 12, 13, 14, 16, 17, 18, 19], "15": [0, 1, 2, 3, 5, 6, 7, 8, 9, 12, 13, 14, 15, 16, 17, 18, 19], "16": [0, 1, 2, 3, 5, 6, 7, 8, 9, 10, 12, 13, 14, 15, 16, 17, 18, 19], "17": [0, 1, 2, 3, 4, 5, 6, 7, 8, 9, 10, 12, 13, 14, 15, 16, 17, 18, 19], "18": [0, 1, 2, 3, 4, 5, 6, 7, 8, 9, 10, 11, 12, 13, 14, 15, 16, 17, 18, 19]}, "join_predecessors": {"0": [], "1": [0], "2": [1], "3": [2], "4": [3], "5": [4], "6": [5], "7": [6], "8": [7], "9": [8], "10": [9], "11": [10], "12": [11], "13": [12], "14": [13], "15": [14], "16": [15], "17": [16], "18": [17]}, "intermediate_costs": [[[9, 16], 193.0], [[9, 14, 16], 288.69395954692556], [[9, 14, 16, 19], 396.3793742568066], [[7, 9, 14, 16, 19], 0.4366820988929808], [[7, 9, 13, 14, 16, 19], 0.5114407201704393], [[7, 9, 12, 13, 14, 16, 19], 1.8581326668975415], [[6, 7, 9, 12, 13, 14, 16, 19], 38.474061212889545], [[1, 6, 7, 9, 12, 13, 14, 16, 19], 45.19207389526426], [[1, 2, 6, 7, 9, 12, 13, 14, 16, 19], 52.81228101044989], [[1, 2, 6, 7, 9, 12, 13, 14, 16, 18, 19], 41.777882409432344], [[1, 2, 5, 6, 7, 9, 12, 13, 14, 16, 18, 19], 49.072705667795645], [[1, 2, 3, 5, 6, 7, 9, 12, 13, 14, 16, 18, 19], 57.64135464704443], [[1, 2, 3, 5, 6, 7, 8, 9, 12, 13, 14, 16, 18, 19], 225.43075291683473], [[0, 1, 2, 3, 5, 6, 7, 8, 9, 12, 13, 14, 16, 18, 19], 2460.380217624527], [[0, 1, 2, 3, 5, 6, 7, 8, 9, 12, 13, 14, 16, 17, 18, 19], 2889.990817489512], [[0, 1, 2, 3, 5, 6, 7, 8, 9, 12, 13, 14, 15, 16, 17, 18, 19], 3394.615098138848], [[0, 1, 2, 3, 5, 6, 7, 8, 9, 10, 12, 13, 14, 15, 16, 17, 18, 19], 773639.3835517538], [[0, 1, 2, 3, 4, 5, 6, 7, 8, 9, 10, 12, 13, 14, 15, 16, 17, 18, 19], 887089.3382447072]]}