{"costs": 3263704, "root_join": 28, "join_operands": {"0": [15, 20], "1": [12, 15, 20], "2": [12, 14, 15, 20], "3": [12, 14, 15, 17, 20], "4": [12, 14, 15, 17, 20, 22], "5": [12, 14, 15, 17, 20, 22, 23], "6": [12, 14, 15, 17, 20, 22, 23, 27], "7": [7, 12, 14, 15, 17, 20, 22, 23, 27], "8": [7, 12, 14, 15, 17, 18, 20, 22, 23, 27], "9": [7, 12, 14, 15, 17, 18, 20, 22, 23, 24, 27], "10": [4, 7, 12, 14, 15, 17, 18, 20, 22, 23, 24, 27], "11": [4, 7, 12, 14, 15, 17, 18, 20, 22, 23, 24, 27, 29], "12": [1, 4, 7, 12, 14, 15, 17, 18, 20, 22, 23, 24, 27, 29], "13": [1, 4, 5, 7, 12, 14, 15, 17, 18, 20, 22, 23, 24, 27, 29], "14": [1, 4, 5, 7, 8, 12, 14, 15, 17, 18, 20, 22, 23, 24, 27, 29], "15": [1, 4, 5, 7, 8, 12, 14, 15, 17, 18, 19, 20, 22, 23, 24, 27, 29], "16": [1, 4, 5, 7, 8, 12, 13, 14, 15, 17, 18, 19, 20, 22, 23, 24, 27, 29], "17": [1, 4, 5, 7, 8, 10, 12, 13, 14, 15, 17, 18, 19, 20, 22, 23, 24, 27, 29], "18": [1, 4, 5, 6, 7, 8, 10, 12, 13, 14, 15, 17, 18, 19, 20, 22, 23, 24, 27, 29], "19": [1, 2, 4, 5, 6, 7, 8, 10, 12, 13, 14, 15, 17, 18, 19, 20, 22, 23, 24, 27, 29], "20": [1, 2, 4, 5, 6, 7, 8, 10, 12, 13, 14, 15, 17, 18, 19, 20, 21, 22, 23, 24, 27, 29], "21": [1, 2, 3, 4, 5, 6, 7, 8, 10, 12, 13, 14, 15, 17, 18, 19, 20, 21, 22, 23, 24, 27, 29], "22": [1, 2, 3, 4, 5, 6, 7, 8, 10, 11, 12, 13, 14, 15, 17, 18, 19, 20, 21, 22, 23, 24, 27, 29], "23": [1, 2, 3, 4, 5, 6, 7, 8, 9, 10, 11, 12, 13, 14, 15, 17, 18, 19, 20, 21, 22, 23, 24, 27, 29], "24": [1, 2, 3, 4, 5, 6, 7, 8, 9, 10, 11, 12, 13, 14, 15, 17, 18, 19, 20, 21, 22, 23, 24, 26, 27, 29], "25": [1, 2, 3, 4, 5, 6, 7, 8, 9, 10, 11, 12, 13, 14, 15, 17, 18, 19, 20, 21, 22, 23, 24, 26, 27, 28, 29], "26": [1, 2, 3, 4, 5, 6, 7, 8, 9, 10, 11, 12, 13, 14, 15, 17, 18, 19, 20, 21, 22, 23, 24, 25, 26, 27, 28, 29], "27": [0, 1, 2, 3, 4, 5, 6, 7, 8, 9, 10, 11, 12, 13, 14, 15, 17, 18, 19, 20, 21, 22, 23, 24, 25, 26, 27, 28, 29], "28": [0, 1, 2, 3, 4, 5, 6, 7, 8, 9, 10, 11, 12, 13, 14, 15, 16, 17, 18, 19, 20, 21, 22, 23, 24, 25, 26, 27, 28, 29]}, "join_predecessors": {"0": [], "1": [0], "2": [1], "3": [2], "4": [3], "5": [4], "6": [5], "7": [6], "8": [7], "9": [8], "10": [9], "11": [10], "12": [11], "13": [12], "14": [13], "15": [14], "16": [15], "17": [16], "18": [17], "19": [18], "20": [19], "21": [20], "22": [21], "23": [22], "24": [23], "25": [24], "26": [25], "27": [26], "28": [27]}, "intermediate_costs": [[[15, 20], 6.0], [[12, 15, 20], 0.000668523676880223], [[12, 14, 15, 20], 1.8528720292362723e-07], [[12, 14, 15, 17, 20], 1.0167694251445232e-05], [[12, 14, 15, 17, 20, 22], 1.3627745429548982e-08], [[12, 14, 15, 17, 20, 22, 23], 3.812321750790498e-08], [[12, 14, 15, 17, 20, 22, 23, 27], 1.0934854536303185e-07], [[7, 12, 14, 15, 17, 20, 22, 23, 27], 2.3092007112674336e-05], [[7, 12, 14, 15, 17, 18, 20, 22, 23, 27], 6.292289658999663e-05], [[7, 12, 14, 15, 17, 18, 20, 22, 23, 24, 27], 0.00018048084539056463], [[4, 7, 12, 14, 15, 17, 18, 20, 22, 23, 24, 27], 0.0005091831409274872], [[4, 7, 12, 14, 15, 17, 18, 20, 22, 23, 24, 27, 29], 0.0014604859400310344], [[1, 4, 7, 12, 14, 15, 17, 18, 20, 22, 23, 24, 27, 29], 0.0031526211777725467], [[1, 4, 5, 7, 12, 14, 15, 17, 18, 20, 22, 23, 24, 27, 29], 0.030643649127877315], [[1, 4, 5, 7, 8, 12, 14, 15, 17, 18, 20, 22, 23, 24, 27, 29], 0.08694984217618398], [[1, 4, 5, 7, 8, 12, 14, 15, 17, 18, 19, 20, 22, 23, 24, 27, 29], 0.24939758759567987], [[1, 4, 5, 7, 8, 12, 13, 14, 15, 17, 18, 19, 20, 22, 23, 24, 27, 29], 0.7153452512600591], [[1, 4, 5, 7, 8, 10, 12, 13, 14, 15, 17, 18, 19, 20, 22, 23, 24, 27, 29], 2.0488452421214527], [[1, 4, 5, 6, 7, 8, 10, 12, 13, 14, 15, 17, 18, 19, 20, 22, 23, 24, 27, 29], 5.876686278015348], [[1, 2, 4, 5, 6, 7, 8, 10, 12, 13, 14, 15, 17, 18, 19, 20, 22, 23, 24, 27, 29], 0.005169861371065098], [[1, 2, 4, 5, 6, 7, 8, 10, 12, 13, 14, 15, 17, 18, 19, 20, 21, 22, 23, 24, 27, 29], 0.014828675036984594], [[1, 2, 3, 4, 5, 6, 7, 8, 10, 12, 13, 14, 15, 17, 18, 19, 20, 21, 22, 23, 24, 27, 29], 0.03926120985210531], [[1, 2, 3, 4, 5, 6, 7, 8, 10, 11, 12, 13, 14, 15, 17, 18, 19, 20, 21, 22, 23, 24, 27, 29], 0.11261263967918689], [[1, 2, 3, 4, 5, 6, 7, 8, 9, 10, 11, 12, 13, 14, 15, 17, 18, 19, 20, 21, 22, 23, 24, 27, 29], 0.3230060094619038], [[1, 2, 3, 4, 5, 6, 7, 8, 9, 10, 11, 12, 13, 14, 15, 17, 18, 19, 20, 21, 22, 23, 24, 26, 27, 29], 12.327207642135697], [[1, 2, 3, 4, 5, 6, 7, 8, 9, 10, 11, 12, 13, 14, 15, 17, 18, 19, 20, 21, 22, 23, 24, 26, 27, 28, 29], 3414.4725481233622], [[1, 2, 3, 4, 5, 6, 7, 8, 9, 10, 11, 12, 13, 14, 15, 17, 18, 19, 20, 21, 22, 23, 24, 25, 26, 27, 28, 29], 191346.13227767582], [[0, 1, 2, 3, 4, 5, 6, 7, 8, 9, 10, 11, 12, 13, 14, 15, 17, 18, 19, 20, 21, 22, 23, 24, 25, 26, 27, 28, 29], 3068915.9063992384]]}