{"costs": 3808024, "root_join": 18, "join_operands": {"0": [4, 13], "1": [4, 10, 13], "2": [1, 4, 10, 13], "3": [1, 4, 5, 10, 13], "4": [1, 4, 5, 7, 10, 13], "5": [1, 4, 5, 7, 10, 13, 14], "6": [1, 4, 5, 7, 10, 13, 14, 19], "7": [1, 4, 5, 7, 10, 13, 14, 17, 19], "8": [1, 4, 5, 7, 10, 13, 14, 15, 17, 19], "9": [1, 3, 4, 5, 7, 10, 13, 14, 15, 17, 19], "10": [1, 3, 4, 5, 7, 10, 12, 13, 14, 15, 17, 19], "11": [1, 2, 3, 4, 5, 7, 10, 12, 13, 14, 15, 17, 19], "12": [1, 2, 3, 4, 5, 7, 10, 12, 13, 14, 15, 17, 18, 19], "13": [0, 1, 2, 3, 4, 5, 7, 10, 12, 13, 14, 15, 17, 18, 19], "14": [0, 1, 2, 3, 4, 5, 7, 10, 11, 12, 13, 14, 15, 17, 18, 19], "15": [0, 1, 2, 3, 4, 5, 7, 10, 11, 12, 13, 14, 15, 16, 17, 18, 19], "16": [0, 1, 2, 3, 4, 5, 7, 8, 10, 11, 12, 13, 14, 15, 16, 17, 18, 19], "17": [0, 1, 2, 3, 4, 5, 7, 8, 9, 10, 11, 12, 13, 14, 15, 16, 17, 18, 19], "18": [0, 1, 2, 3, 4, 5, 6, 7, 8, 9, 10, 11, 12, 13, 14, 15, 16, 17, 18, 19]}, "join_predecessors": {"0": [], "1": [0], "2": [1], "3": [2], "4": [3], "5": [4], "6": [5], "7": [6], "8": [7], "9": [8], "10": [9], "11": [10], "12": [11], "13": [12], "14": [13], "15": [14], "16": [15], "17": [16], "18": [17]}, "intermediate_costs": [[[4, 13], 66.0], [[4, 10, 13], 0.6832941176470588], [[1, 4, 10, 13], 14066.470635670588], [[1, 4, 5, 10, 13], 48008.943827020856], [[1, 4, 5, 7, 10, 13], 17.17166372568132], [[1, 4, 5, 7, 10, 13, 14], 428.30083997853484], [[1, 4, 5, 7, 10, 13, 14, 19], 0.3083667133101807], [[1, 4, 5, 7, 10, 13, 14, 17, 19], 0.8269307413924979], [[1, 4, 5, 7, 10, 13, 14, 15, 17, 19], 2.599456785567317], [[1, 3, 4, 5, 7, 10, 13, 14, 15, 17, 19], 8.576219572477301], [[1, 3, 4, 5, 7, 10, 12, 13, 14, 15, 17, 19], 29.270637400865027], [[1, 2, 3, 4, 5, 7, 10, 12, 13, 14, 15, 17, 19], 99.90068544915233], [[1, 2, 3, 4, 5, 7, 10, 12, 13, 14, 15, 17, 18, 19], 340.9616051714952], [[0, 1, 2, 3, 4, 5, 7, 10, 12, 13, 14, 15, 17, 18, 19], 1163.703812762238], [[0, 1, 2, 3, 4, 5, 7, 10, 11, 12, 13, 14, 15, 17, 18, 19], 3971.7275953183484], [[0, 1, 2, 3, 4, 5, 7, 10, 11, 12, 13, 14, 15, 16, 17, 18, 19], 13555.528627851978], [[0, 1, 2, 3, 4, 5, 7, 8, 10, 11, 12, 13, 14, 15, 16, 17, 18, 19], 844382.3178950768], [[0, 1, 2, 3, 4, 5, 7, 8, 9, 10, 11, 12, 13, 14, 15, 16, 17, 18, 19], 2881881.637020315]]}