{"costs": 12627275.112577729, "join_operands": {"0": [0, 1, 2, 3, 4, 5, 6, 7, 8, 9, 10, 11, 12, 13, 14, 15, 16, 17, 18, 19], "1": [2, 4, 8, 9, 11, 15, 16, 17, 18, 19], "2": [0, 1, 3, 5, 6, 7, 10, 12, 13, 14], "3": [2, 4, 8, 9, 11, 15, 17, 18, 19], "4": [1, 3, 5, 6, 7, 10, 12, 13], "5": [], "6": [0, 14], "7": [2, 4, 9, 11, 15, 17, 18, 19], "8": [3, 5, 6, 7, 10, 13], "9": [], "10": [], "11": [], "12": [1, 12], "13": [], "14": []}, "join_predecessors": {"0": [1, 2], "1": [3, 5], "2": [4, 6], "3": [7, 11], "4": [8, 12], "5": [9, 13], "6": [10, 14], "7": [], "8": [], "9": [], "10": [], "11": [], "12": [], "13": [], "14": []}, "leaf_joins": [7, 8], "opt_time": 1.0111558437347412, "status": 2, "intermediate_costs": [[[2, 4, 8, 9, 11, 15, 16, 17, 18, 19], 4605113.301881147], [[0, 1, 3, 5, 6, 7, 10, 12, 13, 14], 180168.11363002376], [[2, 4, 8, 9, 11, 15, 17, 18, 19], 3843488.1252273107], [[1, 3, 5, 6, 7, 10, 12, 13], 193799.64534547614], [[0, 14], 170550.0], [[2, 4, 9, 11, 15, 17, 18, 19], 3224780.837691323], [[3, 5, 6, 7, 10, 13], 134997.088802448], [[1, 12], 274378.0]]}