{"costs": 621102, "root_join": 0, "join_operands": {"0": [0, 1, 2, 3, 4, 5, 6, 7, 8, 9, 10, 11, 12, 13, 14, 15, 16, 17, 18, 19], "1": [0, 1, 2, 3, 4, 5, 6, 7, 8, 9, 10, 11, 12, 13, 14, 15, 16, 17, 18], "2": [], "3": [0, 1, 2, 3, 4, 5, 6, 7, 8, 9, 10, 11, 13, 14, 15, 16, 17, 18], "4": [], "5": [], "6": [], "7": [0, 1, 2, 3, 4, 5, 6, 7, 9, 10, 11, 13, 14, 15, 16, 17, 18], "8": [], "9": [], "10": [], "11": [], "12": [], "13": [], "14": [], "15": [0, 1, 2, 3, 6, 7, 9, 10, 11, 14, 16, 17, 18], "16": [1, 2, 3, 6, 7, 9, 10, 11, 14, 16, 17, 18], "17": [1, 17], "18": [1, 2, 17], "19": [1, 2, 14, 17], "20": [1, 2, 6, 14, 17], "21": [1, 2, 6, 10, 14, 17], "22": [1, 2, 6, 9, 10, 14, 17], "23": [1, 2, 3, 6, 9, 10, 14, 17], "24": [1, 2, 3, 6, 9, 10, 11, 14, 17], "25": [1, 2, 3, 6, 9, 10, 11, 14, 16, 17], "26": [1, 2, 3, 6, 9, 10, 11, 14, 16, 17, 18], "27": [0, 1, 2, 3, 4, 6, 7, 9, 10, 11, 14, 16, 17, 18], "28": [0, 1, 2, 3, 4, 5, 6, 7, 9, 10, 11, 14, 16, 17, 18], "29": [0, 1, 2, 3, 4, 5, 6, 7, 9, 10, 11, 14, 15, 16, 17, 18]}, "join_predecessors": {"0": [1], "1": [3], "2": [], "3": [7], "4": [], "5": [], "6": [], "7": [29], "8": [], "9": [], "10": [], "11": [], "12": [], "13": [], "14": [], "15": [16], "17": [], "18": [17], "19": [18], "20": [19], "21": [20], "22": [21], "23": [22], "24": [23], "25": [24], "26": [25], "16": [26], "27": [15], "28": [27], "29": [28]}, "intermediate_costs": [[[0, 1, 2, 3, 4, 5, 6, 7, 8, 9, 10, 11, 12, 13, 14, 15, 16, 17, 18], 326068.16205536365], [[0, 1, 2, 3, 4, 5, 6, 7, 8, 9, 10, 11, 13, 14, 15, 16, 17, 18], 278081.2983341874], [[0, 1, 2, 3, 4, 5, 6, 7, 9, 10, 11, 13, 14, 15, 16, 17, 18], 2837.4059128676663], [[0, 1, 2, 3, 6, 7, 9, 10, 11, 14, 16, 17, 18], 518.7045770893724], [[1, 2, 3, 6, 7, 9, 10, 11, 14, 16, 17, 18], 441.1078968607198], [[1, 17], 1254.0], [[1, 2, 17], 79.72740807174888], [[1, 2, 14, 17], 94.19888177258169], [[1, 2, 6, 14, 17], 111.04557874109929], [[1, 2, 6, 10, 14, 17], 128.07815764072825], [[1, 2, 6, 9, 10, 14, 17], 0.22924092337491814], [[1, 2, 3, 6, 9, 10, 14, 17], 0.2708508800260774], [[1, 2, 3, 6, 9, 10, 11, 14, 17], 0.3062441613020432], [[1, 2, 3, 6, 9, 10, 11, 14, 16, 17], 0.36183200681743655], [[1, 2, 3, 6, 9, 10, 11, 14, 16, 17, 18], 373.34089545444726], [[0, 1, 2, 3, 4, 6, 7, 9, 10, 11, 14, 16, 17, 18], 612.856536925818], [[0, 1, 2, 3, 4, 5, 6, 7, 9, 10, 11, 14, 16, 17, 18], 724.0992375817754], [[0, 1, 2, 3, 4, 5, 6, 7, 9, 10, 11, 14, 15, 16, 17, 18], 9777.53349415139]]}