{"costs": 12304250, "root_join": 18, "join_operands": {"0": [3, 6], "1": [3, 6, 14], "2": [3, 6, 14, 17], "3": [3, 5, 6, 14, 17], "4": [1, 3, 5, 6, 14, 17], "5": [1, 3, 5, 6, 7, 14, 17], "6": [1, 3, 5, 6, 7, 10, 14, 17], "7": [1, 3, 5, 6, 7, 10, 11, 14, 17], "8": [1, 3, 5, 6, 7, 10, 11, 14, 17, 19], "9": [1, 3, 5, 6, 7, 9, 10, 11, 14, 17, 19], "10": [1, 3, 4, 5, 6, 7, 9, 10, 11, 14, 17, 19], "11": [1, 3, 4, 5, 6, 7, 9, 10, 11, 14, 15, 17, 19], "12": [1, 3, 4, 5, 6, 7, 9, 10, 11, 14, 15, 16, 17, 19], "13": [1, 3, 4, 5, 6, 7, 9, 10, 11, 14, 15, 16, 17, 18, 19], "14": [1, 3, 4, 5, 6, 7, 9, 10, 11, 13, 14, 15, 16, 17, 18, 19], "15": [1, 3, 4, 5, 6, 7, 8, 9, 10, 11, 13, 14, 15, 16, 17, 18, 19], "16": [0, 1, 3, 4, 5, 6, 7, 8, 9, 10, 11, 13, 14, 15, 16, 17, 18, 19], "17": [0, 1, 3, 4, 5, 6, 7, 8, 9, 10, 11, 12, 13, 14, 15, 16, 17, 18, 19], "18": [0, 1, 2, 3, 4, 5, 6, 7, 8, 9, 10, 11, 12, 13, 14, 15, 16, 17, 18, 19]}, "join_predecessors": {"0": [], "1": [0], "2": [1], "3": [2], "4": [3], "5": [4], "6": [5], "7": [6], "8": [7], "9": [8], "10": [9], "11": [10], "12": [11], "13": [12], "14": [13], "15": [14], "16": [15], "17": [16], "18": [17]}, "intermediate_costs": [[[3, 6], 148.0], [[3, 6, 14], 189.84057701711492], [[3, 6, 14, 17], 349791.82039945613], [[3, 5, 6, 14, 17], 517708.2994564062], [[1, 3, 5, 6, 14, 17], 880.6765365143574], [[1, 3, 5, 6, 7, 14, 17], 1151.0920835603947], [[1, 3, 5, 6, 7, 10, 14, 17], 1665.2401258375464], [[1, 3, 5, 6, 7, 10, 11, 14, 17], 2218.170141358691], [[1, 3, 5, 6, 7, 10, 11, 14, 17, 19], 3272.8450762484326], [[1, 3, 5, 6, 7, 9, 10, 11, 14, 17, 19], 4836.453976148267], [[1, 3, 4, 5, 6, 7, 9, 10, 11, 14, 17, 19], 5138.351507292349], [[1, 3, 4, 5, 6, 7, 9, 10, 11, 14, 15, 17, 19], 7604.996723958286], [[1, 3, 4, 5, 6, 7, 9, 10, 11, 14, 15, 16, 17, 19], 11255.746469241705], [[1, 3, 4, 5, 6, 7, 9, 10, 11, 14, 15, 16, 17, 18, 19], 16659.0326530398], [[1, 3, 4, 5, 6, 7, 9, 10, 11, 13, 14, 15, 16, 17, 18, 19], 24656.149636503593], [[1, 3, 4, 5, 6, 7, 8, 9, 10, 11, 13, 14, 15, 16, 17, 18, 19], 36492.25783747575], [[0, 1, 3, 4, 5, 6, 7, 8, 9, 10, 11, 13, 14, 15, 16, 17, 18, 19], 4564664.337317738], [[0, 1, 3, 4, 5, 6, 7, 8, 9, 10, 11, 12, 13, 14, 15, 16, 17, 18, 19], 6755917.289554468]]}