{"costs": 7510033, "root_join": 17, "join_operands": {"0": [0, 1, 3, 4, 5, 6, 7, 8, 9, 10, 11, 13, 14, 15, 16, 17, 18, 19], "1": [1, 3, 4, 5, 6, 7, 8, 9, 10, 11, 13, 14, 15, 16, 17, 18, 19], "2": [1, 3, 5, 6, 7, 8, 9, 10, 11, 13, 14, 15, 16, 17, 18, 19], "3": [1, 3, 5, 6, 7, 8, 9, 10, 11, 14, 15, 16, 17, 18, 19], "4": [1, 3, 5, 6, 7, 8, 10, 11, 14, 15, 16, 17, 18, 19], "5": [1, 3, 5, 6, 7, 10, 11, 15, 16, 17, 18, 19], "6": [1, 3, 5, 6, 7, 10, 11, 15, 16, 17, 18], "7": [1, 5], "8": [1, 5, 10], "9": [1, 5, 10, 17], "10": [1, 3, 5, 6, 10, 17], "11": [3, 6], "12": [1, 3, 5, 6, 10, 15, 17], "13": [1, 3, 5, 6, 10, 15, 17, 18], "14": [1, 3, 5, 6, 10, 15, 16, 17, 18], "15": [1, 3, 5, 6, 7, 10, 15, 16, 17, 18], "16": [1, 3, 5, 6, 7, 10, 11, 14, 15, 16, 17, 18, 19], "17": [0, 1, 2, 3, 4, 5, 6, 7, 8, 9, 10, 11, 12, 13, 14, 15, 16, 17, 18, 19], "18": [2, 12]}, "join_predecessors": {"0": [1], "1": [2], "3": [4], "5": [6], "7": [], "8": [7], "9": [8], "10": [9, 11], "11": [], "12": [10], "13": [12], "14": [13], "15": [14], "6": [15], "16": [5], "4": [16], "2": [3], "17": [0, 18], "18": []}, "intermediate_costs": [[[0, 1, 3, 4, 5, 6, 7, 8, 9, 10, 11, 13, 14, 15, 16, 17, 18, 19], 4564664.337317738], [[1, 3, 4, 5, 6, 7, 8, 9, 10, 11, 13, 14, 15, 16, 17, 18, 19], 36492.25783747575], [[1, 3, 5, 6, 7, 8, 9, 10, 11, 13, 14, 15, 16, 17, 18, 19], 34348.20005330665], [[1, 3, 5, 6, 7, 8, 9, 10, 11, 14, 15, 16, 17, 18, 19], 23207.50785086174], [[1, 3, 5, 6, 7, 8, 10, 11, 14, 15, 16, 17, 18, 19], 15704.600555752548], [[1, 3, 5, 6, 7, 10, 11, 15, 16, 17, 18, 19], 8272.258308177223], [[1, 3, 5, 6, 7, 10, 11, 15, 16, 17, 18], 5606.521528919517], [[1, 5], 14308.0], [[1, 5, 10], 20698.826845188287], [[1, 5, 10, 17], 167901.91895490236], [[1, 3, 5, 6, 10, 17], 993.2438758130157], [[3, 6], 148.0], [[1, 3, 5, 6, 10, 15, 17], 1470.0466503565435], [[1, 3, 5, 6, 10, 15, 17, 18], 2175.7379856327993], [[1, 3, 5, 6, 10, 15, 16, 17, 18], 3220.192728371749], [[1, 3, 5, 6, 7, 10, 15, 16, 17, 18], 4208.966860680112], [[1, 3, 5, 6, 7, 10, 11, 14, 15, 16, 17, 18, 19], 10610.8803409391], [[2, 12], 2596002.0]]}