{"costs": 15821757, "root_join": 28, "join_operands": {"0": [4, 26], "1": [0, 4, 26], "2": [0, 3, 4, 26], "3": [0, 3, 4, 17, 26], "4": [0, 2, 3, 4, 17, 26], "5": [0, 2, 3, 4, 7, 17, 26], "6": [0, 2, 3, 4, 7, 11, 17, 26], "7": [0, 2, 3, 4, 7, 11, 16, 17, 26], "8": [0, 2, 3, 4, 7, 11, 15, 16, 17, 26], "9": [0, 2, 3, 4, 7, 11, 14, 15, 16, 17, 26], "10": [0, 2, 3, 4, 7, 11, 14, 15, 16, 17, 24, 26], "11": [0, 2, 3, 4, 7, 11, 14, 15, 16, 17, 24, 25, 26], "12": [0, 2, 3, 4, 7, 11, 14, 15, 16, 17, 19, 24, 25, 26], "13": [0, 2, 3, 4, 7, 11, 14, 15, 16, 17, 19, 24, 25, 26, 27], "14": [0, 2, 3, 4, 7, 10, 11, 14, 15, 16, 17, 19, 24, 25, 26, 27], "15": [0, 2, 3, 4, 7, 10, 11, 14, 15, 16, 17, 19, 22, 24, 25, 26, 27], "16": [0, 1, 2, 3, 4, 7, 10, 11, 14, 15, 16, 17, 19, 22, 24, 25, 26, 27], "17": [0, 1, 2, 3, 4, 6, 7, 10, 11, 14, 15, 16, 17, 19, 22, 24, 25, 26, 27], "18": [0, 1, 2, 3, 4, 6, 7, 10, 11, 14, 15, 16, 17, 19, 20, 22, 24, 25, 26, 27], "19": [0, 1, 2, 3, 4, 6, 7, 10, 11, 14, 15, 16, 17, 19, 20, 22, 23, 24, 25, 26, 27], "20": [0, 1, 2, 3, 4, 6, 7, 10, 11, 14, 15, 16, 17, 19, 20, 21, 22, 23, 24, 25, 26, 27], "21": [0, 1, 2, 3, 4, 6, 7, 8, 10, 11, 14, 15, 16, 17, 19, 20, 21, 22, 23, 24, 25, 26, 27], "22": [0, 1, 2, 3, 4, 5, 6, 7, 8, 10, 11, 14, 15, 16, 17, 19, 20, 21, 22, 23, 24, 25, 26, 27], "23": [0, 1, 2, 3, 4, 5, 6, 7, 8, 10, 11, 14, 15, 16, 17, 19, 20, 21, 22, 23, 24, 25, 26, 27, 28], "24": [0, 1, 2, 3, 4, 5, 6, 7, 8, 9, 10, 11, 14, 15, 16, 17, 19, 20, 21, 22, 23, 24, 25, 26, 27, 28], "25": [0, 1, 2, 3, 4, 5, 6, 7, 8, 9, 10, 11, 12, 14, 15, 16, 17, 19, 20, 21, 22, 23, 24, 25, 26, 27, 28], "26": [0, 1, 2, 3, 4, 5, 6, 7, 8, 9, 10, 11, 12, 13, 14, 15, 16, 17, 19, 20, 21, 22, 23, 24, 25, 26, 27, 28], "27": [0, 1, 2, 3, 4, 5, 6, 7, 8, 9, 10, 11, 12, 13, 14, 15, 16, 17, 18, 19, 20, 21, 22, 23, 24, 25, 26, 27, 28], "28": [0, 1, 2, 3, 4, 5, 6, 7, 8, 9, 10, 11, 12, 13, 14, 15, 16, 17, 18, 19, 20, 21, 22, 23, 24, 25, 26, 27, 28, 29]}, "join_predecessors": {"0": [], "1": [0], "2": [1], "3": [2], "4": [3], "5": [4], "6": [5], "7": [6], "8": [7], "9": [8], "10": [9], "11": [10], "12": [11], "13": [12], "14": [13], "15": [14], "16": [15], "17": [16], "18": [17], "19": [18], "20": [19], "21": [20], "22": [21], "23": [22], "24": [23], "25": [24], "26": [25], "27": [26], "28": [27]}, "intermediate_costs": [[[4, 26], 808.0], [[0, 4, 26], 57.40584543325527], [[0, 3, 4, 26], 51.70284915825233], [[0, 3, 4, 17, 26], 10831.905080831437], [[0, 2, 3, 4, 17, 26], 0.8519432342577026], [[0, 2, 3, 4, 7, 17, 26], 0.5433277251867772], [[0, 2, 3, 4, 7, 11, 17, 26], 0.6097689441524745], [[0, 2, 3, 4, 7, 11, 16, 17, 26], 0.7090306172755809], [[0, 2, 3, 4, 7, 11, 15, 16, 17, 26], 0.8365041932529121], [[0, 2, 3, 4, 7, 11, 14, 15, 16, 17, 26], 0.9869393719941489], [[0, 2, 3, 4, 7, 11, 14, 15, 16, 17, 24, 26], 1.1644289769468483], [[0, 2, 3, 4, 7, 11, 14, 15, 16, 17, 24, 25, 26], 1.3738383019220202], [[0, 2, 3, 4, 7, 11, 14, 15, 16, 17, 19, 24, 25, 26], 1.6209080260595663], [[0, 2, 3, 4, 7, 11, 14, 15, 16, 17, 19, 24, 25, 26, 27], 1.9124113534301765], [[0, 2, 3, 4, 7, 10, 11, 14, 15, 16, 17, 19, 24, 25, 26, 27], 2.2563384025921707], [[0, 2, 3, 4, 7, 10, 11, 14, 15, 16, 17, 19, 22, 24, 25, 26, 27], 2.6621172011175624], [[0, 1, 2, 3, 4, 7, 10, 11, 14, 15, 16, 17, 19, 22, 24, 25, 26, 27], 3.1408710690770145], [[0, 1, 2, 3, 4, 6, 7, 10, 11, 14, 15, 16, 17, 19, 22, 24, 25, 26, 27], 1367.147365899101], [[0, 1, 2, 3, 4, 6, 7, 10, 11, 14, 15, 16, 17, 19, 20, 22, 24, 25, 26, 27], 1523.402383775633], [[0, 1, 2, 3, 4, 6, 7, 10, 11, 14, 15, 16, 17, 19, 20, 22, 23, 24, 25, 26, 27], 1425.5005954669089], [[0, 1, 2, 3, 4, 6, 7, 10, 11, 14, 15, 16, 17, 19, 20, 21, 22, 23, 24, 25, 26, 27], 1681.8619049755134], [[0, 1, 2, 3, 4, 6, 7, 8, 10, 11, 14, 15, 16, 17, 19, 20, 21, 22, 23, 24, 25, 26, 27], 1984.3271033368899], [[0, 1, 2, 3, 4, 5, 6, 7, 8, 10, 11, 14, 15, 16, 17, 19, 20, 21, 22, 23, 24, 25, 26, 27], 2341.187490714168], [[0, 1, 2, 3, 4, 5, 6, 7, 8, 10, 11, 14, 15, 16, 17, 19, 20, 21, 22, 23, 24, 25, 26, 27, 28], 51974.93792935803], [[0, 1, 2, 3, 4, 5, 6, 7, 8, 9, 10, 11, 14, 15, 16, 17, 19, 20, 21, 22, 23, 24, 25, 26, 27, 28], 61322.08370803776], [[0, 1, 2, 3, 4, 5, 6, 7, 8, 9, 10, 11, 12, 14, 15, 16, 17, 19, 20, 21, 22, 23, 24, 25, 26, 27, 28], 45772.522446982344], [[0, 1, 2, 3, 4, 5, 6, 7, 8, 9, 10, 11, 12, 13, 14, 15, 16, 17, 19, 20, 21, 22, 23, 24, 25, 26, 27, 28], 7175113.926098118], [[0, 1, 2, 3, 4, 5, 6, 7, 8, 9, 10, 11, 12, 13, 14, 15, 16, 17, 18, 19, 20, 21, 22, 23, 24, 25, 26, 27, 28], 8465482.652893549]]}