{"costs": 3901850, "root_join": 18, "join_operands": {"0": [0, 1, 2, 3, 4, 5, 6, 7, 8, 11, 12, 13, 14, 15, 16, 17, 18], "1": [1, 2, 3, 4, 5, 6, 7, 8, 11, 12, 13, 14, 15, 16, 17, 18], "2": [1, 2, 3, 4, 6, 7, 8, 11, 12, 13, 16, 17, 18], "3": [2, 3, 4, 6, 7, 8, 11, 12, 13, 16, 17, 18], "4": [2, 4, 6, 8, 11, 13, 16, 17], "5": [4, 6, 8, 11, 13, 16, 17], "6": [4, 6], "7": [4, 6, 8], "8": [4, 6, 8, 13], "9": [4, 6, 8, 11, 13], "10": [4, 6, 8, 11, 13, 17], "11": [2, 4, 6, 7, 8, 11, 13, 16, 17], "12": [2, 4, 6, 7, 8, 11, 12, 13, 16, 17], "13": [2, 3, 4, 6, 7, 8, 11, 12, 13, 16, 17], "14": [1, 2, 3, 4, 6, 7, 8, 11, 12, 13, 15, 16, 17, 18], "15": [1, 2, 3, 4, 6, 7, 8, 11, 12, 13, 14, 15, 16, 17, 18], "16": [0, 1, 2, 3, 4, 5, 6, 7, 8, 11, 12, 13, 14, 15, 16, 17, 18, 19], "17": [0, 1, 2, 3, 4, 5, 6, 7, 8, 10, 11, 12, 13, 14, 15, 16, 17, 18, 19], "18": [0, 1, 2, 3, 4, 5, 6, 7, 8, 9, 10, 11, 12, 13, 14, 15, 16, 17, 18, 19]}, "join_predecessors": {"0": [1], "2": [3], "4": [5], "6": [], "7": [6], "8": [7], "9": [8], "10": [9], "5": [10], "11": [4], "12": [11], "13": [12], "3": [13], "14": [2], "15": [14], "1": [15], "16": [0], "17": [16], "18": [17]}, "intermediate_costs": [[[0, 1, 2, 3, 4, 5, 6, 7, 8, 11, 12, 13, 14, 15, 16, 17, 18], 451632.7060851707], [[1, 2, 3, 4, 5, 6, 7, 8, 11, 12, 13, 14, 15, 16, 17, 18], 776320.1460650971], [[1, 2, 3, 4, 6, 7, 8, 11, 12, 13, 16, 17, 18], 30630.431263799943], [[2, 3, 4, 6, 7, 8, 11, 12, 13, 16, 17, 18], 25189.326696546224], [[2, 4, 6, 8, 11, 13, 16, 17], 11520.554049295595], [[4, 6, 8, 11, 13, 16, 17], 21101.34721735168], [[4, 6], 820.0], [[4, 6, 8], 997.1269251439539], [[4, 6, 8, 13], 1212.5147620085809], [[4, 6, 8, 11, 13], 1474.428219391106], [[4, 6, 8, 11, 13, 17], 17352.962621303548], [[2, 4, 6, 7, 8, 11, 13, 16, 17], 14008.993723943446], [[2, 4, 6, 7, 8, 11, 12, 13, 16, 17], 17035.053159840503], [[2, 3, 4, 6, 7, 8, 11, 12, 13, 16, 17], 20714.765732111347], [[1, 2, 3, 4, 6, 7, 8, 11, 12, 13, 15, 16, 17, 18], 37246.85977950397], [[1, 2, 3, 4, 6, 7, 8, 11, 12, 13, 14, 15, 16, 17, 18], 45292.494490698504], [[0, 1, 2, 3, 4, 5, 6, 7, 8, 11, 12, 13, 14, 15, 16, 17, 18, 19], 539720.4087845592], [[0, 1, 2, 3, 4, 5, 6, 7, 8, 10, 11, 12, 13, 14, 15, 16, 17, 18, 19], 1889580.184806098]]}