{"costs": 2020366, "root_join": 27, "join_operands": {"0": [0, 1, 2, 3, 4, 5, 6, 7, 8, 9, 10, 11, 12, 15, 16, 17, 18, 21, 22, 23, 25, 26, 27, 28, 29], "1": [1, 2, 3, 4, 5, 6, 7, 8, 9, 10, 11, 12, 15, 16, 17, 18, 21, 22, 23, 25, 26, 27, 28, 29], "2": [1, 3, 5, 6, 8, 9, 10, 11, 16, 18, 21, 22, 26, 27, 29], "3": [3, 5, 6, 8, 9, 10, 11, 16, 18, 21, 22, 26, 27, 29], "4": [3, 5, 8, 16, 22, 26], "5": [5, 8, 16, 22, 26], "6": [5, 8, 22], "7": [8, 22], "8": [5, 8, 16, 22], "9": [6, 9, 10, 11, 18, 21, 27, 29], "10": [6, 9, 10, 11, 18, 21, 29], "11": [9, 10, 11, 18, 21, 29], "12": [10, 11, 18, 21, 29], "13": [10, 29], "14": [10, 11, 29], "15": [10, 11, 21, 29], "16": [1, 3, 5, 6, 8, 9, 10, 11, 15, 16, 18, 21, 22, 26, 27, 29], "17": [1, 3, 5, 6, 8, 9, 10, 11, 15, 16, 18, 21, 22, 23, 26, 27, 29], "18": [1, 3, 5, 6, 8, 9, 10, 11, 15, 16, 18, 21, 22, 23, 25, 26, 27, 29], "19": [1, 3, 5, 6, 7, 8, 9, 10, 11, 15, 16, 18, 21, 22, 23, 25, 26, 27, 29], "20": [1, 3, 5, 6, 7, 8, 9, 10, 11, 15, 16, 18, 21, 22, 23, 25, 26, 27, 28, 29], "21": [1, 3, 5, 6, 7, 8, 9, 10, 11, 12, 15, 16, 18, 21, 22, 23, 25, 26, 27, 28, 29], "22": [1, 2, 3, 5, 6, 7, 8, 9, 10, 11, 12, 15, 16, 18, 21, 22, 23, 25, 26, 27, 28, 29], "23": [1, 2, 3, 5, 6, 7, 8, 9, 10, 11, 12, 15, 16, 17, 18, 21, 22, 23, 25, 26, 27, 28, 29], "24": [0, 1, 2, 3, 4, 5, 6, 7, 8, 9, 10, 11, 12, 14, 15, 16, 17, 18, 21, 22, 23, 25, 26, 27, 28, 29], "25": [0, 1, 2, 3, 4, 5, 6, 7, 8, 9, 10, 11, 12, 14, 15, 16, 17, 18, 19, 21, 22, 23, 25, 26, 27, 28, 29], "26": [0, 1, 2, 3, 4, 5, 6, 7, 8, 9, 10, 11, 12, 13, 14, 15, 16, 17, 18, 19, 21, 22, 23, 25, 26, 27, 28, 29], "27": [0, 1, 2, 3, 4, 5, 6, 7, 8, 9, 10, 11, 12, 13, 14, 15, 16, 17, 18, 19, 20, 21, 22, 23, 24, 25, 26, 27, 28, 29], "28": [20, 24]}, "join_predecessors": {"0": [1], "2": [3], "4": [5], "6": [7], "7": [], "8": [6], "5": [8], "3": [4, 9], "10": [11], "11": [12], "13": [], "14": [13], "15": [14], "12": [15], "9": [10], "16": [2], "17": [16], "18": [17], "19": [18], "20": [19], "21": [20], "22": [21], "23": [22], "1": [23], "24": [0], "25": [24], "26": [25], "27": [26, 28], "28": []}, "intermediate_costs": [[[0, 1, 2, 3, 4, 5, 6, 7, 8, 9, 10, 11, 12, 15, 16, 17, 18, 21, 22, 23, 25, 26, 27, 28, 29], 9715.636755560075], [[1, 2, 3, 4, 5, 6, 7, 8, 9, 10, 11, 12, 15, 16, 17, 18, 21, 22, 23, 25, 26, 27, 28, 29], 2427.6498643911696], [[1, 3, 5, 6, 8, 9, 10, 11, 16, 18, 21, 22, 26, 27, 29], 0.009537177112982144], [[3, 5, 6, 8, 9, 10, 11, 16, 18, 21, 22, 26, 27, 29], 0.0048001596780952675], [[3, 5, 8, 16, 22, 26], 25.220671091676376], [[5, 8, 16, 22, 26], 6.301901246886683], [[5, 8, 22], 11.336085879438482], [[8, 22], 400.0], [[5, 8, 16, 22], 154.3860828856387], [[6, 9, 10, 11, 18, 21, 27, 29], 24.444265356950854], [[6, 9, 10, 11, 18, 21, 29], 6.107897757354026], [[9, 10, 11, 18, 21, 29], 1.5261826792544249], [[10, 11, 18, 21, 29], 0.001246650462936237], [[10, 29], 905.0], [[10, 11, 29], 0.40401058081945074], [[10, 11, 21, 29], 0.16873192862343286], [[1, 3, 5, 6, 8, 9, 10, 11, 15, 16, 18, 21, 22, 26, 27, 29], 0.03697571994252909], [[1, 3, 5, 6, 8, 9, 10, 11, 15, 16, 18, 21, 22, 23, 26, 27, 29], 0.14763546363676808], [[1, 3, 5, 6, 8, 9, 10, 11, 15, 16, 18, 21, 22, 23, 25, 26, 27, 29], 0.5908471589524572], [[1, 3, 5, 6, 7, 8, 9, 10, 11, 15, 16, 18, 21, 22, 23, 25, 26, 27, 29], 2.364613674127811], [[1, 3, 5, 6, 7, 8, 9, 10, 11, 15, 16, 18, 21, 22, 23, 25, 26, 27, 28, 29], 9.463357389727486], [[1, 3, 5, 6, 7, 8, 9, 10, 11, 12, 15, 16, 18, 21, 22, 23, 25, 26, 27, 28, 29], 37.87305957853257], [[1, 2, 3, 5, 6, 7, 8, 9, 10, 11, 12, 15, 16, 18, 21, 22, 23, 25, 26, 27, 28, 29], 151.57081946077977], [[1, 2, 3, 5, 6, 7, 8, 9, 10, 11, 12, 15, 16, 17, 18, 21, 22, 23, 25, 26, 27, 28, 29], 606.597798204604], [[0, 1, 2, 3, 4, 5, 6, 7, 8, 9, 10, 11, 12, 14, 15, 16, 17, 18, 21, 22, 23, 25, 26, 27, 28, 29], 38882.70802341944], [[0, 1, 2, 3, 4, 5, 6, 7, 8, 9, 10, 11, 12, 14, 15, 16, 17, 18, 19, 21, 22, 23, 25, 26, 27, 28, 29], 155611.51909554828], [[0, 1, 2, 3, 4, 5, 6, 7, 8, 9, 10, 11, 12, 13, 14, 15, 16, 17, 18, 19, 21, 22, 23, 25, 26, 27, 28, 29], 622768.9925122448], [[20, 24], 1188616.0]]}