{"costs": 1.152201737861514e+33, "join_operands": {"0": [0, 1, 2, 3, 4, 5, 6, 7, 8, 9, 10, 11, 12, 13, 14, 15, 16, 17, 18, 19, 20, 21, 22, 23, 24, 25, 26, 27, 28, 29, 30, 31, 32, 33, 34, 35, 36, 37, 38, 39], "1": [2, 7, 11, 12, 14, 15, 19, 21, 22, 24, 26, 30, 31, 32, 33, 34, 35], "2": [0, 1, 3, 4, 5, 6, 8, 9, 10, 13, 16, 17, 18, 20, 23, 25, 27, 28, 29, 36, 37, 38, 39], "3": [2, 11, 12, 14, 15, 19, 21, 22, 24, 26, 30, 31, 32, 33, 34, 35], "4": [0, 1, 3, 4, 5, 8, 9, 10, 13, 16, 17, 20, 23, 25, 27, 28, 29, 38], "5": [], "6": [6, 18, 36, 37, 39], "7": [2, 11, 12, 14, 15, 19, 22, 24, 26, 30, 31, 32, 33, 34, 35], "8": [0, 3, 4, 5, 8, 10, 13, 16, 17, 20, 23, 28, 29, 38], "9": [], "10": [36, 39], "11": [], "12": [1, 9, 25, 27], "13": [], "14": [6, 18, 37], "15": [2, 11, 12, 14, 15, 19, 22, 24, 26, 30, 31, 32, 35], "16": [0, 3, 5, 8, 10, 13, 16, 20, 23, 28, 29, 38], "17": [], "18": [], "19": [], "20": [1, 27], "21": [], "22": [18, 37], "23": [33, 34], "24": [4, 17], "25": [], "26": [], "27": [], "28": [9, 25], "29": [], "30": [], "31": [11, 12, 14, 15, 19, 22, 24, 26, 30, 31, 32, 35], "32": [0, 3, 5, 8, 10, 13, 16, 20, 28, 29, 38], "33": [], "34": [], "35": [], "36": [], "37": [], "38": []}, "join_predecessors": {"0": [1, 2], "1": [3, 5], "2": [4, 6], "3": [7, 11], "4": [8, 12], "5": [9, 13], "6": [10, 14], "7": [15, 23], "8": [16, 24], "9": [17, 25], "10": [18, 26], "11": [19, 27], "12": [20, 28], "13": [21, 29], "14": [22, 30], "15": [31], "16": [32], "17": [33], "18": [34], "19": [35], "20": [36], "21": [37], "22": [38], "23": [], "24": [], "25": [], "26": [], "27": [], "28": [], "29": [], "30": [], "31": [], "32": [], "33": [], "34": [], "35": [], "36": [], "37": [], "38": []}, "leaf_joins": [31, 32], "opt_time": 20.046360969543457, "status": 9, "intermediate_costs": [[[2, 7, 11, 12, 14, 15, 19, 21, 22, 24, 26, 30, 31, 32, 33, 34, 35], 1.152165265859622e+33], [[0, 1, 3, 4, 5, 6, 8, 9, 10, 13, 16, 17, 18, 20, 23, 25, 27, 28, 29, 36, 37, 38, 39], 544810.9853496315], [[2, 11, 12, 14, 15, 19, 21, 22, 24, 26, 30, 31, 32, 33, 34, 35], 1.786579726871797e+26], [[0, 1, 3, 4, 5, 8, 9, 10, 13, 16, 17, 20, 23, 25, 27, 28, 29, 38], 437881163084.6639], [[6, 18, 36, 37, 39], 3.629334325013019e+28], [[2, 11, 12, 14, 15, 19, 22, 24, 26, 30, 31, 32, 33, 34, 35], 4.789757980889536e+20], [[0, 3, 4, 5, 8, 10, 13, 16, 17, 20, 23, 28, 29, 38], 3018.6858309533886], [[36, 39], 3060568000000.0], [[1, 9, 25, 27], 3598560000000.0], [[6, 18, 37], 1.1858368528368e+16], [[2, 11, 12, 14, 15, 19, 22, 24, 26, 30, 31, 32, 35], 1.2636176434181902e+20], [[0, 3, 5, 8, 10, 13, 16, 20, 23, 28, 29, 38], 390535.0480119796], [[1, 27], 7056000000.0], [[18, 37], 54814800000000.0], [[33, 34], 1448876000000.0], [[4, 17], 496.99999999999994], [[9, 25], 510.00000000000006], [[11, 12, 14, 15, 19, 22, 24, 26, 30, 31, 32, 35], 6.397501649018876e+19], [[0, 3, 5, 8, 10, 13, 16, 20, 28, 29, 38], 197721.8295247251]]}