{"costs": 1255100, "root_join": 0, "join_operands": {"0": [0, 1, 2, 3, 4, 5, 6, 7, 8, 9, 10, 11, 12, 13, 14, 15, 16, 17, 18, 19], "1": [0, 1, 2, 3, 4, 5, 6, 7, 8, 9, 10, 11, 12, 13, 14, 15, 17, 18, 19], "2": [], "3": [0, 1, 2, 3, 4, 5, 6, 7, 8, 9, 11, 12, 13, 14, 15, 17, 18, 19], "4": [], "5": [], "6": [], "7": [0, 1, 2, 3, 4, 5, 6, 7, 8, 9, 11, 13, 14, 15, 17, 18, 19], "8": [], "9": [], "10": [], "11": [], "12": [], "13": [], "14": [], "15": [0, 1, 3, 5, 11, 15, 18], "16": [1, 3, 5, 11, 15, 18], "17": [3, 5, 11, 15, 18], "18": [3, 15], "19": [3, 15, 18], "20": [3, 11, 15, 18], "21": [0, 1, 3, 5, 11, 15, 18, 19], "22": [0, 1, 3, 4, 5, 11, 15, 18, 19], "23": [0, 1, 3, 4, 5, 11, 14, 15, 18, 19], "24": [0, 1, 2, 3, 4, 5, 11, 14, 15, 18, 19], "25": [0, 1, 2, 3, 4, 5, 6, 11, 14, 15, 18, 19], "26": [0, 1, 2, 3, 4, 5, 6, 11, 13, 14, 15, 18, 19], "27": [0, 1, 2, 3, 4, 5, 6, 9, 11, 13, 14, 15, 18, 19], "28": [0, 1, 2, 3, 4, 5, 6, 7, 9, 11, 13, 14, 15, 18, 19], "29": [0, 1, 2, 3, 4, 5, 6, 7, 9, 11, 13, 14, 15, 17, 18, 19]}, "join_predecessors": {"0": [1], "1": [3], "2": [], "3": [7], "4": [], "5": [], "6": [], "7": [29], "8": [], "9": [], "10": [], "11": [], "12": [], "13": [], "14": [], "15": [16], "16": [17], "18": [], "19": [18], "20": [19], "17": [20], "21": [15], "22": [21], "23": [22], "24": [23], "25": [24], "26": [25], "27": [26], "28": [27], "29": [28]}, "intermediate_costs": [[[0, 1, 2, 3, 4, 5, 6, 7, 8, 9, 10, 11, 12, 13, 14, 15, 17, 18, 19], 619345.9091406157], [[0, 1, 2, 3, 4, 5, 6, 7, 8, 9, 11, 12, 13, 14, 15, 17, 18, 19], 619345.9091406157], [[0, 1, 2, 3, 4, 5, 6, 7, 8, 9, 11, 13, 14, 15, 17, 18, 19], 2976.0060642645135], [[0, 1, 3, 5, 11, 15, 18], 11.314925123790537], [[1, 3, 5, 11, 15, 18], 1.1206776947705441], [[3, 5, 11, 15, 18], 1.1206776947705441], [[3, 15], 650.0], [[3, 15, 18], 650.0], [[3, 11, 15, 18], 1.1206776947705441], [[0, 1, 3, 5, 11, 15, 18, 19], 11.31492512379054], [[0, 1, 3, 4, 5, 11, 15, 18, 19], 11.31492512379054], [[0, 1, 3, 4, 5, 11, 14, 15, 18, 19], 11.314925123790537], [[0, 1, 2, 3, 4, 5, 11, 14, 15, 18, 19], 11.314925123790537], [[0, 1, 2, 3, 4, 5, 6, 11, 14, 15, 18, 19], 11.31492512379054], [[0, 1, 2, 3, 4, 5, 6, 11, 13, 14, 15, 18, 19], 3055.545773494237], [[0, 1, 2, 3, 4, 5, 6, 9, 11, 13, 14, 15, 18, 19], 3015.1640957026057], [[0, 1, 2, 3, 4, 5, 6, 7, 9, 11, 13, 14, 15, 18, 19], 3015.1640957026057], [[0, 1, 2, 3, 4, 5, 6, 7, 9, 11, 13, 14, 15, 17, 18, 19], 2976.006064264514]]}