{"costs": 52487, "root_join": 0, "join_operands": {"0": [0, 1, 2, 3, 4, 5, 6, 7, 8, 9, 10, 11, 12, 13, 14, 15, 16, 17, 18, 19], "1": [0, 1, 2, 4, 5, 6, 7, 8, 9, 10, 11, 12, 13, 14, 15, 16, 17, 18, 19], "2": [], "3": [0, 1, 2, 4, 5, 6, 7, 8, 9, 10, 11, 12, 14, 15, 16, 17, 18, 19], "4": [], "5": [], "6": [], "7": [0, 1, 2, 4, 5, 6, 7, 8, 9, 10, 11, 12, 15, 16, 17, 18, 19], "8": [], "9": [], "10": [], "11": [], "12": [], "13": [], "14": [], "16": [1, 2, 4, 5, 6, 7, 8, 9, 10, 11, 12, 15, 16, 17, 18, 19], "17": [1, 2, 4, 5, 8, 9, 10, 11, 12, 15, 16, 17, 18, 19], "18": [2, 4, 5, 8, 9, 10, 11, 12, 15, 16, 17, 18, 19], "19": [2, 5, 8, 9, 15, 17, 18, 19], "20": [5, 8, 9, 15, 17, 18, 19], "21": [5, 18], "22": [5, 18, 19], "23": [5, 8, 9, 18, 19], "24": [8, 9], "25": [5, 8, 9, 17, 18, 19], "26": [2, 4, 5, 8, 9, 15, 17, 18, 19], "27": [2, 4, 5, 8, 9, 12, 15, 17, 18, 19], "28": [2, 4, 5, 8, 9, 10, 12, 15, 17, 18, 19], "29": [2, 4, 5, 8, 9, 10, 11, 12, 15, 17, 18, 19], "30": [1, 2, 4, 5, 6, 8, 9, 10, 11, 12, 15, 16, 17, 18, 19]}, "join_predecessors": {"0": [1], "1": [3], "2": [], "3": [7], "4": [], "5": [], "6": [], "7": [16], "8": [], "9": [], "10": [], "11": [], "12": [], "13": [], "14": [], "17": [18], "19": [20], "21": [], "22": [21], "23": [22, 24], "24": [], "25": [23], "20": [25], "26": [19], "27": [26], "28": [27], "29": [28], "18": [29], "30": [17], "16": [30]}, "intermediate_costs": [[[0, 1, 2, 4, 5, 6, 7, 8, 9, 10, 11, 12, 13, 14, 15, 16, 17, 18, 19], 32025.023732923004], [[0, 1, 2, 4, 5, 6, 7, 8, 9, 10, 11, 12, 14, 15, 16, 17, 18, 19], 10045.406604624313], [[0, 1, 2, 4, 5, 6, 7, 8, 9, 10, 11, 12, 15, 16, 17, 18, 19], 3495.7431950872624], [[1, 2, 4, 5, 6, 7, 8, 9, 10, 11, 12, 15, 16, 17, 18, 19], 1216.498309122407], [[1, 2, 4, 5, 8, 9, 10, 11, 12, 15, 16, 17, 18, 19], 147.31788938500245], [[2, 4, 5, 8, 9, 10, 11, 12, 15, 16, 17, 18, 19], 51.265769223899014], [[2, 5, 8, 9, 15, 17, 18, 19], 0.5596258302075612], [[5, 8, 9, 15, 17, 18, 19], 446.29132314558916], [[5, 18], 1096.0], [[5, 18, 19], 2723.8710270270267], [[5, 8, 9, 18, 19], 54.04592815883727], [[8, 9], 580.0], [[5, 8, 9, 17, 18, 19], 155.30688583781128], [[2, 4, 5, 8, 9, 15, 17, 18, 19], 0.8887127072983859], [[2, 4, 5, 8, 9, 12, 15, 17, 18, 19], 2.2933690782385927], [[2, 4, 5, 8, 9, 10, 12, 15, 17, 18, 19], 6.224124843777476], [[2, 4, 5, 8, 9, 10, 11, 12, 15, 17, 18, 19], 17.840192217760343], [[1, 2, 4, 5, 6, 8, 9, 10, 11, 12, 15, 16, 17, 18, 19], 423.3343397109277]]}