{"costs": 2174196.5409189104, "int_costs": [[[0, 1, 2, 3, 4, 5, 6, 7, 8, 9, 10, 11, 12, 13, 14, 15, 16, 17, 18, 19, 20, 21, 23, 24, 26, 27, 28, 29, 30, 31, 32, 33, 34, 35, 36, 37, 38, 39], 1555744.105877982], [[22, 25], 35447.0], [[0, 1, 3, 4, 5, 6, 7, 8, 9, 10, 11, 12, 13, 14, 16, 17, 18, 19, 20, 21, 23, 24, 26, 27, 28, 29, 30, 31, 32, 33, 34, 35, 36, 37, 38, 39], 252134.70074799628], [[2, 15], 230406.0], [[0, 1, 3, 4, 5, 6, 7, 8, 9, 10, 11, 12, 13, 14, 16, 17, 18, 19, 20, 21, 23, 24, 26, 27, 28, 29, 30, 31, 32, 34, 35, 36, 37, 38, 39], 99581.85208150203], [[0, 1, 3, 4, 5, 6, 7, 8, 9, 10, 11, 12, 13, 14, 16, 17, 18, 19, 20, 23, 24, 26, 27, 28, 29, 30, 31, 32, 34, 35, 36, 37, 38, 39], 248.75429915509537], [[1, 3, 4, 5, 6, 7, 8, 9, 10, 11, 12, 13, 14, 16, 17, 18, 19, 20, 23, 24, 26, 27, 28, 29, 30, 31, 32, 34, 35, 36, 37, 38, 39], 9.891737162999117], [[1, 3, 4, 5, 6, 7, 8, 9, 10, 11, 12, 13, 14, 16, 17, 18, 19, 20, 23, 24, 26, 27, 28, 29, 30, 32, 34, 35, 36, 37, 38, 39], 3.906796891873671], [[1, 4, 5, 6, 7, 8, 9, 10, 11, 12, 13, 14, 16, 17, 18, 19, 20, 23, 24, 26, 27, 28, 29, 30, 32, 34, 35, 36, 37, 38, 39], 1.5482217152805406], [[1, 4, 5, 6, 7, 8, 9, 10, 11, 12, 14, 16, 17, 18, 19, 20, 23, 24, 26, 27, 28, 29, 30, 32, 34, 35, 36, 37, 38, 39], 0.6988318692116778], [[1, 4, 5, 6, 7, 8, 9, 10, 11, 12, 14, 16, 17, 18, 19, 20, 23, 24, 26, 27, 29, 30, 32, 34, 35, 36, 37, 38, 39], 0.2760071488454012], [[1, 5, 6, 7, 8, 9, 10, 11, 12, 14, 16, 17, 18, 19, 20, 23, 24, 26, 27, 29, 30, 32, 34, 35, 36, 37, 38, 39], 0.1090103985232259], [[1, 5, 6, 7, 8, 9, 10, 11, 12, 14, 16, 17, 18, 19, 20, 23, 24, 27, 29, 30, 32, 34, 35, 36, 37, 38, 39], 0.04321895428167507], [[1, 5, 6, 7, 8, 9, 10, 11, 12, 14, 16, 17, 18, 19, 23, 24, 27, 29, 30, 32, 34, 35, 36, 37, 38, 39], 0.017344855768071994], [[1, 5, 6, 7, 8, 9, 10, 11, 12, 14, 16, 17, 18, 19, 23, 24, 27, 29, 32, 34, 35, 36, 37, 38, 39], 0.006850436893478578], [[1, 10, 12, 19, 23, 24, 27, 29, 32, 36, 39], 5.461497661349715e-05], [[10, 32], 617.0], [[10, 23, 32], 0.008875037458795325], [[10, 23, 24, 32], 0.0010054114683022987], [[10, 23, 24, 32, 36], 0.002545635720881636], [[10, 23, 24, 29, 32, 36], 0.25399102982796934], [[10, 19, 23, 24, 29, 32, 36], 0.35180292814858377], [[10, 12, 19, 23, 24, 29, 32, 36], 0.002222441459812821], [[10, 12, 19, 23, 24, 29, 32, 36, 39], 0.005627075518467706], [[10, 12, 19, 23, 24, 27, 29, 32, 36, 39], 2.1570456154126213e-05], [[1, 10, 12, 19, 23, 24, 27, 29, 32, 35, 36, 39], 0.0028551926554316125], [[1, 10, 12, 19, 23, 24, 27, 29, 32, 34, 35, 36, 39], 0.0006209421175219489], [[1, 10, 12, 17, 19, 23, 24, 27, 29, 32, 34, 35, 36, 39], 0.00017911097399144648], [[1, 7, 10, 12, 17, 19, 23, 24, 27, 29, 32, 34, 35, 36, 39], 7.720765311208295e-06], [[1, 7, 10, 12, 17, 19, 23, 24, 27, 29, 32, 34, 35, 36, 38, 39], 1.9548466700772043e-05], [[1, 7, 10, 12, 17, 18, 19, 23, 24, 27, 29, 32, 34, 35, 36, 38, 39], 4.949535383984082e-05], [[1, 7, 10, 12, 14, 17, 18, 19, 23, 24, 27, 29, 32, 34, 35, 36, 38, 39], 3.807334910756985e-08], [[1, 5, 7, 10, 12, 14, 17, 18, 19, 23, 24, 27, 29, 32, 34, 35, 36, 38, 39], 8.783039322804244e-08], [[1, 5, 7, 10, 12, 14, 16, 17, 18, 19, 23, 24, 27, 29, 32, 34, 35, 36, 38, 39], 2.2237777261408076e-07], [[1, 5, 6, 7, 10, 12, 14, 16, 17, 18, 19, 23, 24, 27, 29, 32, 34, 35, 36, 38, 39], 5.630456166338799e-07], [[1, 5, 6, 7, 8, 10, 12, 14, 16, 17, 18, 19, 23, 24, 27, 29, 32, 34, 35, 36, 38, 39], 1.4255943550630177e-06], [[1, 5, 6, 7, 8, 9, 10, 12, 14, 16, 17, 18, 19, 23, 24, 27, 29, 32, 34, 35, 36, 38, 39], 3.6095110780917308e-06], [[1, 5, 6, 7, 8, 9, 10, 11, 12, 14, 16, 17, 18, 19, 23, 24, 27, 29, 32, 34, 35, 36, 38, 39], 9.139044689851383e-06]]}