{"costs": 15, "join_operands": {"0": [0, 1, 2, 3, 4, 5, 6], "1": [0, 1, 3, 4, 5, 6], "2": [], "3": [0, 1, 3, 5, 6], "4": [], "5": [], "6": [0, 1, 5, 6], "7": [0, 1, 5], "8": [0, 1]}, "join_predecessors": {"0": [1, 2], "1": [3, 5], "2": [4], "3": [6], "4": [], "5": [], "6": [7], "7": [8], "8": []}, "leaf_joins": [], "opt_time": 0.12188911437988281, "status": 2, "intermediate_costs": [[[0, 1, 3, 4, 5, 6], 1.371658325425609e-11], [[0, 1, 3, 5, 6], 9.957521744231531e-05], [[0, 1, 5, 6], 2.489380436057883e-05], [[0, 1, 5], 0.0001358468483531182], [[0, 1], 15.0]]}