{"costs": 2, "join_operands": {"0": [0, 1, 2, 3, 4, 5], "1": [0, 1, 2, 4, 5], "2": [], "3": [1, 2, 4, 5], "4": [], "5": [2, 4, 5], "6": [4, 5]}, "join_predecessors": {"0": [1, 2], "1": [3], "2": [4], "3": [5], "4": [], "5": [6], "6": []}, "leaf_joins": [], "opt_time": 0.023973941802978516, "status": 2, "intermediate_costs": [[[0, 1, 2, 4, 5], 0.25716189207195206], [[1, 2, 4, 5], 0.25716189207195206], [[2, 4, 5], 1.0], [[4, 5], 1.0]]}