{"costs": 11346856, "root_join": 28, "join_operands": {"0": [0, 26], "1": [0, 25, 26], "2": [0, 21, 25, 26], "3": [0, 1, 2, 3, 4, 5, 6, 7, 8, 9, 10, 11, 12, 13, 14, 15, 16, 17, 18, 19, 20, 21, 22, 23, 24, 25, 26, 27, 28], "4": [1, 2, 3, 4, 5, 6, 7, 8, 9, 10, 11, 12, 13, 14, 15, 16, 17, 18, 19, 20, 22, 23, 24, 27, 28], "5": [1, 2, 4, 5, 6, 7, 8, 9, 10, 11, 12, 13, 14, 15, 16, 17, 18, 20, 22, 23, 24, 27, 28], "6": [1, 2, 4, 5, 6, 7, 8, 9, 10, 11, 12, 13, 14, 15, 16, 17, 20, 22, 23, 24, 27, 28], "7": [1, 2, 4, 5, 6, 7, 8, 9, 10, 11, 12, 13, 14, 15, 16, 17, 20, 22, 23, 27, 28], "8": [2, 4, 5, 6, 7, 8, 9, 10, 11, 12, 13, 14, 15, 16, 17, 20, 22, 23, 27, 28], "9": [2, 5, 10, 11, 12, 13, 14, 15, 17, 20, 23], "10": [2, 5, 10, 11, 12, 13, 15, 17, 20, 23], "11": [2, 13, 20, 23], "12": [2, 13, 23], "13": [2, 23], "14": [2, 5, 10, 11, 13, 15, 17, 20, 23], "15": [5, 10, 11, 15, 17], "16": [10, 11, 15, 17], "17": [10, 11, 15], "18": [10, 11], "19": [2, 4, 5, 10, 11, 12, 13, 14, 15, 17, 20, 23], "20": [2, 4, 5, 10, 11, 12, 13, 14, 15, 17, 20, 23, 27], "21": [2, 4, 5, 7, 10, 11, 12, 13, 14, 15, 17, 20, 23, 27], "22": [2, 4, 5, 7, 10, 11, 12, 13, 14, 15, 17, 20, 23, 27, 28], "23": [2, 4, 5, 7, 8, 10, 11, 12, 13, 14, 15, 17, 20, 23, 27, 28], "24": [2, 4, 5, 7, 8, 10, 11, 12, 13, 14, 15, 17, 20, 22, 23, 27, 28], "25": [2, 4, 5, 7, 8, 10, 11, 12, 13, 14, 15, 16, 17, 20, 22, 23, 27, 28], "26": [2, 4, 5, 7, 8, 9, 10, 11, 12, 13, 14, 15, 16, 17, 20, 22, 23, 27, 28], "27": [1, 2, 4, 5, 6, 7, 8, 9, 10, 11, 12, 13, 14, 15, 16, 17, 18, 19, 20, 22, 23, 24, 27, 28], "28": [0, 1, 2, 3, 4, 5, 6, 7, 8, 9, 10, 11, 12, 13, 14, 15, 16, 17, 18, 19, 20, 21, 22, 23, 24, 25, 26, 27, 28, 29]}, "join_predecessors": {"0": [], "1": [0], "2": [1], "3": [2, 4], "5": [6], "6": [7], "7": [8], "9": [10], "11": [12], "12": [13], "13": [], "14": [11, 15], "15": [16], "17": [18], "18": [], "16": [17], "10": [14], "19": [9], "20": [19], "21": [20], "22": [21], "23": [22], "24": [23], "25": [24], "26": [25], "8": [26], "27": [5], "4": [27], "28": [3]}, "intermediate_costs": [[[0, 26], 3758197.0], [[0, 25, 26], 3756391.9130454664], [[0, 21, 25, 26], 3771890.1327067968], [[0, 1, 2, 3, 4, 5, 6, 7, 8, 9, 10, 11, 12, 13, 14, 15, 16, 17, 18, 19, 20, 21, 22, 23, 24, 25, 26, 27, 28], 54206.74726181019], [[1, 2, 3, 4, 5, 6, 7, 8, 9, 10, 11, 12, 13, 14, 15, 16, 17, 18, 19, 20, 22, 23, 24, 27, 28], 2604.8187288576446], [[1, 2, 4, 5, 6, 7, 8, 9, 10, 11, 12, 13, 14, 15, 16, 17, 18, 20, 22, 23, 24, 27, 28], 22.466187660418672], [[1, 2, 4, 5, 6, 7, 8, 9, 10, 11, 12, 13, 14, 15, 16, 17, 20, 22, 23, 24, 27, 28], 1.6030942807290762], [[1, 2, 4, 5, 6, 7, 8, 9, 10, 11, 12, 13, 14, 15, 16, 17, 20, 22, 23, 27, 28], 0.2716684064311743], [[2, 4, 5, 6, 7, 8, 9, 10, 11, 12, 13, 14, 15, 16, 17, 20, 22, 23, 27, 28], 0.0353390716374123], [[2, 5, 10, 11, 12, 13, 14, 15, 17, 20, 23], 0.013302512304318588], [[2, 5, 10, 11, 12, 13, 15, 17, 20, 23], 0.013247898518588895], [[2, 13, 20, 23], 34.339052326285675], [[2, 13, 23], 35.65334195933457], [[2, 23], 36.0], [[2, 5, 10, 11, 13, 15, 17, 20, 23], 0.013286049009799909], [[5, 10, 11, 15, 17], 122.91645726774387], [[10, 11, 15, 17], 122.41152881430757], [[10, 11, 15], 487.63469822485206], [[10, 11], 108.0], [[2, 4, 5, 10, 11, 12, 13, 14, 15, 17, 20, 23], 0.013357383091651258], [[2, 4, 5, 10, 11, 12, 13, 14, 15, 17, 20, 23, 27], 0.013412448221947452], [[2, 4, 5, 7, 10, 11, 12, 13, 14, 15, 17, 20, 23, 27], 0.013467787111123305], [[2, 4, 5, 7, 10, 11, 12, 13, 14, 15, 17, 20, 23, 27, 28], 0.013523330434477569], [[2, 4, 5, 7, 8, 10, 11, 12, 13, 14, 15, 17, 20, 23, 27, 28], 0.013579123546362511], [[2, 4, 5, 7, 8, 10, 11, 12, 13, 14, 15, 17, 20, 22, 23, 27, 28], 0.013635142751964433], [[2, 4, 5, 7, 8, 10, 11, 12, 13, 14, 15, 16, 17, 20, 22, 23, 27, 28], 0.013691400313299665], [[2, 4, 5, 7, 8, 9, 10, 11, 12, 13, 14, 15, 16, 17, 20, 22, 23, 27, 28], 0.013747887314592254], [[1, 2, 4, 5, 6, 7, 8, 9, 10, 11, 12, 13, 14, 15, 16, 17, 18, 19, 20, 22, 23, 24, 27, 28], 2594.1155268100847]]}