{"costs": 822169, "root_join": 0, "join_operands": {"0": [0, 1, 2, 3, 4, 5, 6, 7, 8, 9, 10, 11, 12, 13, 14, 15, 16, 17, 18, 19], "1": [0, 1, 2, 3, 4, 5, 6, 7, 8, 9, 10, 11, 12, 13, 14, 15, 16, 18, 19], "2": [], "3": [0, 1, 2, 3, 4, 5, 7, 8, 9, 10, 11, 12, 13, 14, 15, 16, 18, 19], "4": [], "5": [], "6": [], "7": [0, 1, 2, 3, 4, 5, 7, 8, 9, 10, 11, 13, 14, 15, 16, 18, 19], "8": [], "9": [], "10": [], "11": [], "12": [], "13": [], "14": [], "15": [0, 2, 4, 14, 15], "16": [2, 4, 14, 15], "17": [2, 14], "18": [2, 4, 14], "19": [0, 2, 4, 13, 14, 15], "20": [0, 1, 2, 4, 13, 14, 15], "21": [0, 1, 2, 4, 11, 13, 14, 15, 19], "22": [11, 19], "23": [0, 1, 2, 4, 11, 13, 14, 15, 18, 19], "24": [0, 1, 2, 4, 5, 11, 13, 14, 15, 18, 19], "25": [0, 1, 2, 4, 5, 10, 11, 13, 14, 15, 18, 19], "26": [0, 1, 2, 4, 5, 10, 11, 13, 14, 15, 16, 18, 19], "27": [0, 1, 2, 4, 5, 7, 10, 11, 13, 14, 15, 16, 18, 19], "28": [0, 1, 2, 3, 4, 5, 7, 10, 11, 13, 14, 15, 16, 18, 19], "29": [0, 1, 2, 3, 4, 5, 7, 8, 10, 11, 13, 14, 15, 16, 18, 19]}, "join_predecessors": {"0": [1], "1": [3], "2": [], "3": [7], "4": [], "5": [], "6": [], "7": [29], "8": [], "9": [], "10": [], "11": [], "12": [], "13": [], "14": [], "15": [16], "17": [], "18": [17], "16": [18], "19": [15], "20": [19], "21": [20, 22], "22": [], "23": [21], "24": [23], "25": [24], "26": [25], "27": [26], "28": [27], "29": [28]}, "intermediate_costs": [[[0, 1, 2, 3, 4, 5, 6, 7, 8, 9, 10, 11, 12, 13, 14, 15, 16, 18, 19], 530707.0444276481], [[0, 1, 2, 3, 4, 5, 7, 8, 9, 10, 11, 12, 13, 14, 15, 16, 18, 19], 184507.33653137568], [[0, 1, 2, 3, 4, 5, 7, 8, 9, 10, 11, 13, 14, 15, 16, 18, 19], 65043.57574127881], [[0, 2, 4, 14, 15], 455.73086018995883], [[2, 4, 14, 15], 225.69742892858298], [[2, 14], 262.0], [[2, 4, 14], 8.842750957854406], [[0, 2, 4, 13, 14, 15], 1307.9333761036746], [[0, 1, 2, 4, 13, 14, 15], 3762.069685103444], [[0, 1, 2, 4, 11, 13, 14, 15, 19], 34.56130636280796], [[11, 19], 1153.0], [[0, 1, 2, 4, 11, 13, 14, 15, 18, 19], 84.0425167780574], [[0, 1, 2, 4, 5, 11, 13, 14, 15, 18, 19], 117.76852477094712], [[0, 1, 2, 4, 5, 10, 11, 13, 14, 15, 18, 19], 338.7430870174366], [[0, 1, 2, 4, 5, 10, 11, 13, 14, 15, 16, 18, 19], 952.6904355613212], [[0, 1, 2, 4, 5, 7, 10, 11, 13, 14, 15, 16, 18, 19], 2733.2595040407336], [[0, 1, 2, 3, 4, 5, 7, 10, 11, 13, 14, 15, 16, 18, 19], 7861.800825038352], [[0, 1, 2, 3, 4, 5, 7, 8, 10, 11, 13, 14, 15, 16, 18, 19], 22613.262423326498]]}