{"costs": 7764367195, "root_join": 9, "join_operands": {"0": [1, 10], "1": [1, 8, 10], "2": [0, 1, 2, 8, 9, 10], "3": [0, 2, 9], "4": [0, 9], "5": [0, 1, 2, 8, 9, 10, 16, 17], "6": [16, 17], "7": [0, 1, 2, 8, 9, 10, 14, 16, 17], "8": [0, 1, 2, 5, 8, 9, 10, 14, 16, 17], "9": [0, 1, 2, 3, 4, 5, 6, 7, 8, 9, 10, 11, 12, 13, 14, 15, 16, 17, 18, 19], "10": [3, 4, 6, 7, 11, 12, 13, 15, 18, 19], "11": [3, 4, 11, 18], "12": [4, 11, 18], "13": [4, 11], "14": [3, 4, 6, 11, 18], "15": [3, 4, 6, 7, 11, 12, 13, 18, 19], "16": [7, 12, 13, 19], "17": [7, 12], "18": [13, 19]}, "join_predecessors": {"0": [], "1": [0], "2": [1, 3], "3": [4], "4": [], "5": [2, 6], "6": [], "7": [5], "8": [7], "9": [8, 10], "11": [12], "12": [13], "13": [], "14": [11], "15": [14, 16], "17": [], "16": [17, 18], "18": [], "10": [15]}, "intermediate_costs": [[[1, 10], 15390.0], [[1, 8, 10], 15390.0], [[0, 1, 2, 8, 9, 10], 40339524.08648962], [[0, 2, 9], 41938426.60063898], [[0, 9], 3946701.0], [[0, 1, 2, 8, 9, 10, 16, 17], 39910416.4230959], [[16, 17], 6285415.0], [[0, 1, 2, 8, 9, 10, 14, 16, 17], 39910318.60344781], [[0, 1, 2, 5, 8, 9, 10, 14, 16, 17], 39910318.60344781], [[3, 4, 6, 7, 11, 12, 13, 15, 18, 19], 7357057073.865049], [[3, 4, 11, 18], 2555466.0], [[4, 11, 18], 850000.0000000001], [[4, 11], 14000.0], [[3, 4, 6, 11, 18], 86891443.99853908], [[3, 4, 6, 7, 11, 12, 13, 18, 19], 86230264.5769122], [[7, 12, 13, 19], 6399927.894694173], [[7, 12], 6410613.0], [[13, 19], 5686506.000000001]]}