{"costs": 7961625869, "root_join": 0, "join_operands": {"0": [0, 1, 2, 3, 4, 5, 6, 7, 8, 9, 10, 11, 12, 13, 14, 15, 16, 17, 18, 19], "1": [3, 4, 6, 7, 9, 11, 12, 13, 14, 15, 18, 19], "2": [0, 1, 2, 5, 8, 10, 16, 17], "3": [3, 4, 6, 7, 9, 11, 12, 13, 14, 18, 19], "4": [0, 1, 2, 5, 8, 16, 17], "5": [], "6": [], "7": [3, 6, 7, 9, 12, 13, 14, 18, 19], "8": [0, 2, 5, 16, 17], "9": [], "10": [], "11": [4, 11], "12": [1, 8], "13": [], "14": [], "15": [3, 6, 7, 9, 12, 13, 18, 19], "16": [0, 2, 5, 16], "17": [], "18": [], "19": [3, 18], "20": [3, 9, 18], "21": [3, 6, 9, 18], "23": [7, 12, 13, 19], "24": [7, 12], "25": [13, 19], "27": [2, 5, 16], "28": [5, 16]}, "join_predecessors": {"0": [1, 2], "1": [3], "2": [4], "3": [7, 11], "4": [8, 12], "5": [], "6": [], "7": [15], "8": [16], "9": [], "10": [], "11": [], "12": [], "13": [], "14": [], "15": [21, 23], "16": [27], "17": [], "18": [], "19": [], "20": [19], "21": [20], "24": [], "23": [24, 25], "25": [], "27": [28], "28": []}, "intermediate_costs": [[[3, 4, 6, 7, 9, 11, 12, 13, 14, 15, 18, 19], 7357039041.862418], [[0, 1, 2, 5, 8, 10, 16, 17], 44312311.66637813], [[3, 4, 6, 7, 9, 11, 12, 13, 14, 18, 19], 86230053.22822452], [[0, 1, 2, 5, 8, 16, 17], 46068680.095000006], [[3, 6, 7, 9, 12, 13, 14, 18, 19], 86230053.2282245], [[0, 2, 5, 16, 17], 46068680.095000006], [[4, 11], 14000.0], [[1, 8], 16000.000000000002], [[3, 6, 7, 9, 12, 13, 18, 19], 86230264.5769122], [[0, 2, 5, 16], 46300181.00000001], [[3, 18], 2555466.0], [[3, 9, 18], 2555466.0], [[3, 6, 9, 18], 86891443.99853908], [[7, 12, 13, 19], 6399927.894694173], [[7, 12], 6410613.0], [[13, 19], 5686506.000000001], [[2, 5, 16], 46300181.0], [[5, 16], 6317000.0]], "time_in_s": 10}