{"costs": 4034429.993372105, "join_operands": {"0": [0, 1, 2, 3, 4, 5, 6, 7, 8, 9, 10, 11, 12, 13, 14, 15, 16, 17, 18, 19, 20, 21, 22, 23, 24, 25, 26, 27, 28, 29], "1": [0, 1, 2, 3, 4, 5, 6, 7, 9, 10, 12, 13, 14, 15, 16, 17, 19, 20, 21, 23, 25, 27, 28, 29], "2": [8, 11, 18, 22, 24, 26], "3": [0, 1, 2, 3, 4, 5, 6, 7, 9, 10, 12, 13, 14, 15, 16, 17, 19, 21, 23, 25, 27, 28, 29], "4": [8, 11, 22, 24, 26], "5": [], "6": [], "7": [0, 1, 2, 3, 4, 5, 6, 7, 9, 12, 13, 14, 15, 16, 17, 19, 21, 23, 25, 27, 28, 29], "8": [11, 22, 24, 26], "9": [], "10": [], "11": [], "12": [], "13": [], "14": [], "15": [0, 1, 2, 3, 4, 5, 6, 7, 9, 12, 13, 14, 15, 16, 17, 19, 21, 23, 27, 28, 29], "16": [11, 22, 24], "17": [], "18": [], "19": [], "20": [], "21": [], "22": [], "23": [], "24": [], "25": [], "26": [], "27": [], "28": []}, "join_predecessors": {"0": [1, 2], "1": [3, 5], "2": [4, 6], "3": [7, 11], "4": [8, 12], "5": [9, 13], "6": [10, 14], "7": [15, 23], "8": [16, 24], "9": [17, 25], "10": [18, 26], "11": [19, 27], "12": [20, 28], "13": [21], "14": [22], "15": [], "16": [], "17": [], "18": [], "19": [], "20": [], "21": [], "22": [], "23": [], "24": [], "25": [], "26": [], "27": [], "28": []}, "leaf_joins": [15, 16], "opt_time": 5.757338047027588, "status": 2, "intermediate_costs": [[[0, 1, 2, 3, 4, 5, 6, 7, 9, 10, 12, 13, 14, 15, 16, 17, 19, 20, 21, 23, 25, 27, 28, 29], 829557.4885159415], [[8, 11, 18, 22, 24, 26], 944773.9002422547], [[0, 1, 2, 3, 4, 5, 6, 7, 9, 10, 12, 13, 14, 15, 16, 17, 19, 21, 23, 25, 27, 28, 29], 517269.7938175577], [[8, 11, 22, 24, 26], 589113.8396103797], [[0, 1, 2, 3, 4, 5, 6, 7, 9, 12, 13, 14, 15, 16, 17, 19, 21, 23, 25, 27, 28, 29], 332171.1428166614], [[11, 22, 24, 26], 377688.9090743342], [[0, 1, 2, 3, 4, 5, 6, 7, 9, 12, 13, 14, 15, 16, 17, 19, 21, 23, 27, 28, 29], 208346.9704132554], [[11, 22, 24], 235507.94888172045]]}