{"costs": 4251208.537906838, "int_costs": [[[0, 1, 2, 3, 4, 5, 6, 7, 8, 9, 10, 11, 12, 13, 14, 15, 16, 17, 18, 19, 20, 21, 22, 23, 24, 25, 26, 27, 28, 29, 30, 31, 32, 33, 34, 35, 36, 37, 38, 39, 40, 41, 42, 44, 45, 47, 48, 49], 1544953.1320799298], [[43, 46], 1362240.0], [[0, 1, 2, 3, 5, 6, 7, 8, 9, 10, 11, 12, 13, 14, 15, 16, 17, 18, 19, 20, 21, 22, 23, 24, 25, 26, 27, 28, 29, 30, 31, 32, 33, 34, 35, 36, 37, 38, 39, 40, 41, 42, 44, 45, 47, 48, 49], 606759.0988326106], [[0, 1, 2, 3, 5, 6, 7, 8, 9, 10, 11, 12, 13, 14, 15, 16, 17, 18, 19, 20, 21, 22, 23, 24, 26, 27, 28, 29, 30, 31, 32, 33, 34, 35, 36, 37, 38, 39, 40, 41, 42, 44, 45, 47, 48, 49], 238296.4101371395], [[0, 1, 2, 3, 5, 6, 7, 8, 9, 10, 11, 12, 13, 14, 15, 16, 17, 18, 19, 20, 21, 22, 23, 24, 26, 27, 28, 29, 30, 31, 32, 33, 34, 35, 36, 37, 38, 39, 40, 41, 42, 44, 47, 48, 49], 93587.44105746303], [[0, 1, 2, 3, 5, 6, 7, 8, 9, 10, 11, 12, 13, 14, 15, 16, 17, 18, 19, 20, 21, 22, 23, 24, 26, 27, 28, 29, 30, 31, 32, 33, 34, 35, 36, 37, 38, 39, 40, 41, 42, 44, 47, 49], 36755.101812743385], [[0, 1, 2, 3, 5, 6, 7, 8, 9, 10, 11, 12, 13, 14, 15, 16, 17, 18, 19, 20, 21, 22, 23, 24, 26, 27, 28, 29, 30, 31, 32, 33, 34, 35, 36, 37, 38, 39, 40, 41, 42, 47, 49], 14688.276044382515], [[0, 1, 2, 3, 5, 6, 7, 8, 9, 11, 12, 13, 14, 15, 16, 17, 18, 19, 20, 21, 22, 23, 24, 26, 27, 28, 29, 30, 31, 32, 33, 34, 35, 36, 37, 38, 39, 40, 41, 42, 47, 49], 6249.323249791154], [[0, 1, 2, 3, 5, 6, 7, 8, 9, 11, 12, 13, 14, 15, 16, 17, 18, 19, 20, 21, 22, 23, 26, 27, 28, 29, 30, 31, 32, 33, 34, 35, 36, 37, 38, 39, 40, 41, 42, 47, 49], 2481.0080197332054], [[0, 1, 2, 3, 5, 6, 7, 8, 11, 12, 13, 14, 15, 16, 17, 18, 19, 20, 21, 22, 23, 26, 27, 28, 29, 30, 31, 32, 33, 34, 35, 36, 37, 38, 39, 40, 41, 42, 47, 49], 211505.79633058718], [[0, 1, 2, 3, 5, 6, 8, 11, 12, 13, 14, 15, 16, 17, 18, 19, 20, 21, 22, 23, 26, 27, 28, 29, 30, 31, 32, 33, 34, 35, 36, 37, 38, 39, 40, 41, 42, 47, 49], 83065.81976859571], [[0, 1, 2, 3, 5, 6, 8, 11, 12, 13, 14, 15, 16, 17, 18, 19, 20, 21, 22, 23, 26, 27, 28, 29, 30, 31, 32, 33, 34, 35, 36, 38, 39, 40, 41, 42, 47, 49], 36008.31302492854], [[0, 1, 2, 3, 5, 6, 8, 11, 12, 13, 14, 15, 16, 17, 18, 19, 20, 21, 22, 23, 26, 27, 28, 29, 30, 31, 32, 33, 34, 35, 36, 38, 39, 40, 41, 47, 49], 14141.739600532756], [[0, 1, 2, 3, 5, 6, 8, 11, 12, 13, 14, 15, 16, 17, 18, 19, 20, 21, 22, 23, 26, 28, 29, 30, 31, 32, 33, 34, 35, 36, 38, 39, 40, 41, 47, 49], 0.08417702143174259], [[0, 1, 2, 3, 5, 6, 8, 11, 12, 13, 14, 15, 16, 17, 18, 19, 20, 21, 22, 23, 26, 28, 29, 30, 31, 33, 34, 35, 36, 38, 39, 40, 41, 47, 49], 0.028629515176428623], [[0, 1, 3, 5, 6, 11, 12, 14, 15, 16, 17, 18, 19, 20, 21, 22, 26, 28, 29, 30, 33, 34, 35, 38, 39, 47, 49], 1.9167791588577335e-05], [[0, 3, 6, 11, 15, 16, 17, 18, 20, 26, 29, 30, 38, 39, 47, 49], 4.332623217158751e-08], [[0, 3, 6, 15, 16, 17, 18, 20, 26, 29, 30, 38, 39, 47, 49], 2.8779502046344357e-05], [[0, 3, 6, 15, 16, 18, 20, 26, 29, 30, 38, 39, 47, 49], 3.822151869011292e-05], [[0, 3, 6, 15, 16, 18, 20, 26, 30, 38, 39, 47, 49], 0.0001177575609596133], [[6, 30], 222.0], [[6, 15, 18, 30], 0.2610499898381071], [[15, 18], 253.99999999999997], [[6, 15, 18, 30, 39], 0.6646966837468035], [[6, 15, 18, 30, 38, 39], 0.002350295081020566], [[6, 15, 18, 20, 30, 38, 39], 0.0059844221681434676], [[6, 15, 16, 18, 20, 30, 38, 39], 0.0003527253647933178], [[6, 15, 16, 18, 20, 30, 38, 39, 47], 0.00089549750596013], [[6, 15, 16, 18, 20, 30, 38, 39, 47, 49], 0.002262105970851044], [[6, 15, 16, 18, 20, 26, 30, 38, 39, 47, 49], 0.006717318458590904], [[3, 6, 15, 16, 18, 20, 26, 30, 38, 39, 47, 49], 5.395131341175953e-06], [[0, 3, 6, 11, 15, 16, 17, 18, 19, 20, 26, 29, 30, 38, 39, 47, 49], 1.1031898540458298e-07], [[0, 3, 6, 11, 15, 16, 17, 18, 19, 20, 26, 29, 30, 35, 38, 39, 47, 49], 1.0599937267890636e-07], [[0, 3, 6, 11, 15, 16, 17, 18, 19, 20, 22, 26, 29, 30, 35, 38, 39, 47, 49], 1.3609717905531624e-05], [[0, 3, 6, 11, 15, 16, 17, 18, 19, 20, 21, 22, 26, 29, 30, 35, 38, 39, 47, 49], 6.977119385720333e-05], [[0, 1, 3, 6, 11, 15, 16, 17, 18, 19, 20, 21, 22, 26, 29, 30, 35, 38, 39, 47, 49], 4.0718475607380424e-08], [[0, 1, 3, 6, 11, 15, 16, 17, 18, 19, 20, 21, 22, 26, 28, 29, 30, 35, 38, 39, 47, 49], 7.92327024327e-05], [[0, 1, 3, 6, 11, 14, 15, 16, 17, 18, 19, 20, 21, 22, 26, 28, 29, 30, 35, 38, 39, 47, 49], 0.0005622691841020655], [[0, 1, 3, 5, 6, 11, 14, 15, 16, 17, 18, 19, 20, 21, 22, 26, 28, 29, 30, 35, 38, 39, 47, 49], 0.0013882902143587876], [[0, 1, 3, 5, 6, 11, 14, 15, 16, 17, 18, 19, 20, 21, 22, 26, 28, 29, 30, 34, 35, 38, 39, 47, 49], 5.355945057986673e-06], [[0, 1, 3, 5, 6, 11, 14, 15, 16, 17, 18, 19, 20, 21, 22, 26, 28, 29, 30, 33, 34, 35, 38, 39, 47, 49], 9.27346650309748e-06], [[0, 1, 3, 5, 6, 11, 12, 13, 14, 15, 16, 17, 18, 19, 20, 21, 22, 26, 28, 29, 30, 33, 34, 35, 38, 39, 47, 49], 4.49013846214117e-05], [[0, 1, 3, 5, 6, 11, 12, 13, 14, 15, 16, 17, 18, 19, 20, 21, 22, 26, 28, 29, 30, 33, 34, 35, 36, 38, 39, 47, 49], 0.00010745031962113629], [[0, 1, 3, 5, 6, 11, 12, 13, 14, 15, 16, 17, 18, 19, 20, 21, 22, 26, 28, 29, 30, 33, 34, 35, 36, 38, 39, 40, 47, 49], 0.0002680111068579176], [[0, 1, 3, 5, 6, 8, 11, 12, 13, 14, 15, 16, 17, 18, 19, 20, 21, 22, 26, 28, 29, 30, 33, 34, 35, 36, 38, 39, 40, 47, 49], 0.0006811055595615879], [[0, 1, 3, 5, 6, 8, 11, 12, 13, 14, 15, 16, 17, 18, 19, 20, 21, 22, 23, 26, 28, 29, 30, 33, 34, 35, 36, 38, 39, 40, 47, 49], 0.001734260196688239], [[0, 1, 3, 5, 6, 8, 11, 12, 13, 14, 15, 16, 17, 18, 19, 20, 21, 22, 23, 26, 28, 29, 30, 31, 33, 34, 35, 36, 38, 39, 40, 47, 49], 0.0044158480194006824], [[0, 1, 3, 5, 6, 8, 11, 12, 13, 14, 15, 16, 17, 18, 19, 20, 21, 22, 23, 26, 28, 29, 30, 31, 33, 34, 35, 36, 38, 39, 40, 41, 47, 49], 0.01124382443336048]]}