{"costs": 13064, "join_operands": {"0": [0, 1, 2, 3, 4, 5, 6, 7], "1": [0, 1, 3, 4, 5, 6, 7], "2": [], "3": [0, 1, 3, 4, 5, 6], "4": [], "5": [], "6": [], "7": [1, 3, 4, 5, 6], "8": [1, 3, 5, 6], "9": [1, 5, 6], "10": [5, 6]}, "join_predecessors": {"0": [1, 2], "1": [3, 5], "2": [4, 6], "3": [7], "4": [], "5": [], "6": [], "7": [8], "8": [9], "9": [10], "10": []}, "leaf_joins": [], "opt_time": 0.3089621067047119, "status": 2, "intermediate_costs": [[[0, 1, 3, 4, 5, 6, 7], 5.224798038280212e-22], [[0, 1, 3, 4, 5, 6], 1.85413159949768e-15], [[1, 3, 4, 5, 6], 0.0076540401358022574], [[1, 3, 5, 6], 0.8387020604857006], [[1, 5, 6], 0.20967551512142515], [[5, 6], 13063.0]]}