{"costs": 6616589095.920635, "join_operands": {"0": [0, 1, 2, 3, 4, 5, 6, 7, 8, 9, 10, 11, 12, 13, 14, 15, 16, 17, 18, 19, 20, 21, 22, 23, 24, 25, 26, 27, 28, 29, 30, 31, 32, 33, 34, 35, 36, 37, 38, 39, 40, 41, 42, 43, 44, 45, 46, 47, 48, 49], "1": [1, 3, 5, 6, 7, 9, 10, 11, 12, 13, 14, 15, 16, 17, 18, 19, 20, 21, 24, 25, 26, 27, 28, 29, 30, 31, 32, 33, 34, 35, 36, 37, 38, 39, 40, 41, 42, 43, 44, 45, 46, 47, 49], "2": [0, 2, 4, 8, 22, 23, 48], "3": [1, 3, 5, 7, 10, 11, 12, 13, 14, 15, 16, 17, 18, 19, 20, 21, 24, 25, 26, 27, 28, 30, 31, 33, 34, 35, 36, 37, 38, 39, 41, 42, 43, 44, 45, 46, 49], "4": [8, 48], "5": [6, 9, 29, 32, 40, 47], "6": [0, 2, 4, 22, 23], "7": [1, 3, 5, 7, 10, 11, 12, 13, 14, 15, 16, 17, 18, 19, 20, 21, 24, 25, 27, 28, 30, 31, 33, 34, 35, 36, 37, 38, 39, 41, 42, 43, 44, 45, 46, 49], "8": [], "9": [6, 9, 47], "10": [2, 4, 22], "11": [], "12": [], "13": [29, 32, 40], "14": [0, 23], "15": [1, 3, 5, 7, 10, 11, 12, 13, 14, 15, 16, 17, 18, 19, 20, 21, 24, 25, 27, 28, 30, 31, 33, 34, 35, 37, 38, 39, 41, 42, 43, 44, 45, 46, 49], "16": [], "17": [], "18": [], "19": [], "20": [], "21": [29, 40], "22": [], "23": [], "24": [], "25": [9, 47], "26": [4, 22], "27": [], "28": [], "29": [], "30": []}, "join_predecessors": {"0": [1, 2], "1": [3, 5], "2": [4, 6], "3": [7, 11], "4": [8, 12], "5": [9, 13], "6": [10, 14], "7": [15, 23], "8": [16, 24], "9": [17, 25], "10": [18, 26], "11": [19, 27], "12": [20, 28], "13": [21, 29], "14": [22, 30], "15": [], "16": [], "17": [], "18": [], "19": [], "20": [], "21": [], "22": [], "23": [], "24": [], "25": [], "26": [], "27": [], "28": [], "29": [], "30": []}, "leaf_joins": [15, 16], "opt_time": 9.828892946243286, "status": 2, "intermediate_costs": [[[1, 3, 5, 6, 7, 9, 10, 11, 12, 13, 14, 15, 16, 17, 18, 19, 20, 21, 24, 25, 26, 27, 28, 29, 30, 31, 32, 33, 34, 35, 36, 37, 38, 39, 40, 41, 42, 43, 44, 45, 46, 47, 49], 872147207.4205711], [[0, 2, 4, 8, 22, 23, 48], 5296186158.01159], [[1, 3, 5, 7, 10, 11, 12, 13, 14, 15, 16, 17, 18, 19, 20, 21, 24, 25, 26, 27, 28, 30, 31, 33, 34, 35, 36, 37, 38, 39, 41, 42, 43, 44, 45, 46, 49], 70472517.95799467], [[8, 48], 9132408.0], [[6, 9, 29, 32, 40, 47], 16236927.092882173], [[0, 2, 4, 22, 23], 57993315.213376254], [[1, 3, 5, 7, 10, 11, 12, 13, 14, 15, 16, 17, 18, 19, 20, 21, 24, 25, 27, 28, 30, 31, 33, 34, 35, 36, 37, 38, 39, 41, 42, 43, 44, 45, 46, 49], 65662850.925321], [[6, 9, 47], 17182277.0], [[2, 4, 22], 29686703.893451724], [[29, 32, 40], 17192041.229506742], [[0, 23], 61215234.0], [[1, 3, 5, 7, 10, 11, 12, 13, 14, 15, 16, 17, 18, 19, 20, 21, 24, 25, 27, 28, 30, 31, 33, 34, 35, 37, 38, 39, 41, 42, 43, 44, 45, 46, 49], 68007958.17594123], [[29, 40], 17437642.0], [[9, 47], 17182277.0], [[4, 22], 853578.0]]}