{"costs": 0, "join_operands": {"0": [0, 1, 2, 3, 4], "1": [0, 1, 2, 4], "2": [], "3": [0, 1, 2], "4": [0, 2]}, "join_predecessors": {"0": [1, 2], "1": [3], "2": [], "3": [4], "4": []}, "leaf_joins": [], "opt_time": 0.02677297592163086, "status": 2, "intermediate_costs": [[[0, 1, 2, 4], 0.0004999997252446833], [[0, 1, 2], 3.706449221645663e-05], [[0, 2], 0.049999999999999996]]}