{"costs": 3550942, "root_join": 0, "join_operands": {"0": [0, 1, 2, 3, 4, 5, 6, 7, 8, 9, 10, 11, 12, 13, 14, 15, 16, 17, 18, 19, 20, 21, 22, 23, 24, 25, 26, 27, 28, 29], "1": [0, 1, 2, 3, 4, 5, 8, 9, 11, 13, 14, 15, 16, 17, 18, 20, 21, 23, 25, 26, 28, 29], "2": [6, 7, 10, 12, 19, 22, 24, 27], "3": [0, 1, 2, 3, 4, 5, 8, 9, 11, 13, 14, 15, 16, 17, 18, 20, 21, 23, 25, 28, 29], "4": [6, 7, 10, 12, 22, 24, 27], "5": [], "6": [], "7": [0, 1, 3, 4, 5, 8, 9, 11, 13, 14, 15, 16, 17, 18, 20, 21, 23, 25, 28, 29], "8": [6, 7, 10, 12, 22, 24], "9": [], "10": [], "11": [], "12": [], "13": [], "14": [], "15": [0, 1, 3, 4, 5, 8, 9, 11, 13, 14, 15, 16, 17, 18, 20, 23, 25, 28, 29], "16": [7, 10, 12, 22, 24], "17": [], "18": [], "19": [], "20": [], "21": [], "22": [], "23": [], "24": [], "25": [], "26": [], "27": [], "28": [], "29": [0, 23], "30": [0, 20, 23], "31": [0, 8, 20, 23, 29], "32": [8, 29], "33": [0, 8, 20, 23, 28, 29], "34": [0, 8, 9, 20, 23, 28, 29], "35": [0, 8, 9, 17, 20, 23, 28, 29], "36": [0, 8, 9, 13, 17, 20, 23, 28, 29], "37": [0, 5, 8, 9, 13, 17, 20, 23, 28, 29], "38": [0, 4, 5, 8, 9, 13, 17, 20, 23, 28, 29], "39": [0, 4, 5, 8, 9, 13, 15, 17, 20, 23, 28, 29], "40": [0, 4, 5, 8, 9, 13, 15, 16, 17, 20, 23, 28, 29], "41": [0, 4, 5, 8, 9, 13, 15, 16, 17, 18, 20, 23, 28, 29], "42": [0, 3, 4, 5, 8, 9, 13, 15, 16, 17, 18, 20, 23, 28, 29], "43": [0, 3, 4, 5, 8, 9, 11, 13, 15, 16, 17, 18, 20, 23, 28, 29], "44": [0, 1, 3, 4, 5, 8, 9, 11, 13, 15, 16, 17, 18, 20, 23, 28, 29], "45": [0, 1, 3, 4, 5, 8, 9, 11, 13, 15, 16, 17, 18, 20, 23, 25, 28, 29], "46": [7, 12, 22, 24], "47": [12, 22, 24], "48": [22, 24]}, "join_predecessors": {"0": [1, 2], "1": [3], "2": [4], "3": [7], "4": [8], "5": [], "6": [], "7": [15], "8": [16], "9": [], "10": [], "11": [], "12": [], "13": [], "14": [], "15": [45], "16": [46], "17": [], "18": [], "19": [], "20": [], "21": [], "22": [], "23": [], "24": [], "25": [], "26": [], "27": [], "28": [], "29": [], "30": [29], "31": [30, 32], "32": [], "33": [31], "34": [33], "35": [34], "36": [35], "37": [36], "38": [37], "39": [38], "40": [39], "41": [40], "42": [41], "43": [42], "44": [43], "45": [44], "46": [47], "47": [48], "48": []}, "intermediate_costs": [[[0, 1, 2, 3, 4, 5, 8, 9, 11, 13, 14, 15, 16, 17, 18, 20, 21, 23, 25, 26, 28, 29], 1772195.521125359], [[6, 7, 10, 12, 19, 22, 24, 27], 300094.47689110285], [[0, 1, 2, 3, 4, 5, 8, 9, 11, 13, 14, 15, 16, 17, 18, 20, 21, 23, 25, 28, 29], 82476.86443875813], [[6, 7, 10, 12, 22, 24, 27], 226193.46180085445], [[0, 1, 3, 4, 5, 8, 9, 11, 13, 14, 15, 16, 17, 18, 20, 21, 23, 25, 28, 29], 63122.58945982118], [[6, 7, 10, 12, 22, 24], 170497.58427200085], [[0, 1, 3, 4, 5, 8, 9, 11, 13, 14, 15, 16, 17, 18, 20, 23, 25, 28, 29], 47578.09024985248], [[7, 10, 12, 22, 24], 137194.1659836668], [[0, 23], 155.0], [[0, 20, 23], 32811.58785315985], [[0, 8, 20, 23, 29], 74.62570576624667], [[8, 29], 132.0], [[0, 8, 20, 23, 28, 29], 99.00710643323094], [[0, 8, 9, 20, 23, 28, 29], 124.44090349751268], [[0, 8, 9, 17, 20, 23, 28, 29], 165.0977495073658], [[0, 8, 9, 13, 17, 20, 23, 28, 29], 218.46141072184662], [[0, 5, 8, 9, 13, 17, 20, 23, 28, 29], 289.83621556145584], [[0, 4, 5, 8, 9, 13, 17, 20, 23, 28, 29], 384.5300238949769], [[0, 4, 5, 8, 9, 13, 15, 17, 20, 23, 28, 29], 510.16166705834087], [[0, 4, 5, 8, 9, 13, 15, 16, 17, 20, 23, 28, 29], 676.8394490357493], [[0, 4, 5, 8, 9, 13, 15, 16, 17, 18, 20, 23, 28, 29], 897.9735716266927], [[0, 3, 4, 5, 8, 9, 13, 15, 16, 17, 18, 20, 23, 28, 29], 1191.3558448128656], [[0, 3, 4, 5, 8, 9, 11, 13, 15, 16, 17, 18, 20, 23, 28, 29], 2028.0054560640506], [[0, 1, 3, 4, 5, 8, 9, 11, 13, 15, 16, 17, 18, 20, 23, 28, 29], 3997.442627976074], [[0, 1, 3, 4, 5, 8, 9, 11, 13, 15, 16, 17, 18, 20, 23, 25, 28, 29], 37073.78408119142], [[7, 12, 22, 24], 103412.68792738704], [[12, 22, 24], 83866.33916468178], [[22, 24], 483481.0]]}