{"costs": 34943337.83555201, "intermediate_costs": [[[17, 21, 41, 42, 49], 46.79999999999999], [[17, 21, 42, 49], 116.99999999999999], [[17, 42, 49], 117.0], [[42, 49], 117.0], [[5, 17, 21, 41, 42, 49], 2249.191285714285], [[5, 17, 20, 21, 41, 42, 49], 9.864824828090185], [[5, 17, 20, 21, 26, 41, 42, 49], 1.9729649656180372], [[5, 17, 20, 21, 26, 31, 41, 42, 49], 1.964423986007423], [[5, 17, 18, 20, 21, 26, 31, 41, 42, 49], 0.2891359979404865], [[5, 17, 18, 20, 21, 26, 31, 33, 41, 42, 49], 0.2611548930315706], [[0, 5, 17, 18, 20, 21, 26, 31, 33, 41, 42, 49], 0.2384457671761778], [[0, 5, 17, 18, 20, 21, 23, 26, 31, 33, 41, 42, 49], 0.22909454621996422], [[0, 5, 17, 18, 20, 21, 23, 26, 31, 33, 37, 41, 42, 49], 0.22909454621996422], [[0, 5, 14, 17, 18, 20, 21, 23, 26, 31, 33, 37, 41, 42, 49], 6.622037800788689], [[0, 5, 11, 14, 17, 18, 20, 21, 23, 26, 31, 33, 37, 41, 42, 49], 0.006969296884296909], [[0, 5, 8, 11, 14, 17, 18, 20, 21, 23, 26, 31, 33, 37, 41, 42, 49], 0.00696929688429691], [[0, 5, 8, 11, 14, 17, 18, 20, 21, 23, 26, 29, 31, 33, 37, 41, 42, 49], 0.00696929688429691], [[0, 4, 5, 8, 11, 14, 17, 18, 20, 21, 23, 26, 29, 31, 33, 37, 41, 42, 49], 0.00696929688429691], [[0, 4, 5, 6, 8, 11, 14, 17, 18, 20, 21, 23, 26, 29, 31, 33, 37, 41, 42, 49], 0.00696929688429691], [[0, 4, 5, 6, 8, 11, 14, 17, 18, 20, 21, 23, 26, 29, 31, 33, 37, 41, 42, 44, 49], 0.4216424614999631], [[0, 4, 5, 6, 8, 11, 12, 14, 17, 18, 20, 21, 23, 26, 29, 31, 33, 37, 41, 42, 44, 49], 4.092618888963383], [[0, 3, 4, 5, 6, 8, 11, 12, 14, 17, 18, 20, 21, 23, 26, 29, 31, 33, 37, 41, 42, 44, 49], 4.092618888963383], [[0, 3, 4, 5, 6, 8, 11, 12, 14, 17, 18, 20, 21, 23, 26, 29, 31, 33, 37, 41, 42, 43, 44, 49], 4.092618888963383], [[0, 3, 4, 5, 6, 8, 11, 12, 14, 17, 18, 20, 21, 23, 26, 29, 31, 33, 34, 37, 41, 42, 43, 44, 49], 877.3990238096211], [[0, 3, 4, 5, 6, 8, 9, 11, 12, 14, 17, 18, 19, 20, 21, 23, 26, 29, 31, 33, 34, 37, 41, 42, 43, 44, 49], 1.4617638105410777], [[9, 19], 858.0000000000001], [[0, 3, 4, 5, 6, 8, 9, 11, 12, 14, 17, 18, 19, 20, 21, 23, 26, 29, 31, 33, 34, 37, 38, 41, 42, 43, 44, 49], 1.4445665835108612], [[0, 3, 4, 5, 6, 8, 9, 11, 12, 14, 17, 18, 19, 20, 21, 23, 26, 29, 30, 31, 33, 34, 37, 38, 41, 42, 43, 44, 49], 1.4445665835108612], [[0, 2, 3, 4, 5, 6, 8, 9, 11, 12, 14, 17, 18, 19, 20, 21, 23, 26, 29, 30, 31, 33, 34, 37, 38, 41, 42, 43, 44, 49], 1.4445665835108612], [[0, 2, 3, 4, 5, 6, 8, 9, 11, 12, 14, 17, 18, 19, 20, 21, 23, 26, 29, 30, 31, 33, 34, 37, 38, 41, 42, 43, 44, 45, 49], 1.4445665835108612], [[0, 1, 2, 3, 4, 5, 6, 8, 9, 11, 12, 14, 17, 18, 19, 20, 21, 23, 26, 29, 30, 31, 33, 34, 37, 38, 41, 42, 43, 44, 45, 49], 5.881484603302094], [[0, 1, 2, 3, 4, 5, 6, 8, 9, 11, 12, 14, 17, 18, 19, 20, 21, 23, 26, 29, 30, 31, 33, 34, 36, 37, 38, 41, 42, 43, 44, 45, 49], 3.577397478299499], [[0, 1, 2, 3, 4, 5, 6, 8, 9, 11, 12, 14, 17, 18, 19, 20, 21, 23, 26, 29, 30, 31, 33, 34, 36, 37, 38, 40, 41, 42, 43, 44, 45, 49], 3.5290542264319895], [[0, 1, 2, 3, 4, 5, 6, 8, 9, 11, 12, 14, 17, 18, 19, 20, 21, 23, 24, 26, 29, 30, 31, 33, 34, 36, 37, 38, 40, 41, 42, 43, 44, 45, 49], 3.488951337495262], [[0, 1, 2, 3, 4, 5, 6, 8, 9, 11, 12, 13, 14, 17, 18, 19, 20, 21, 23, 24, 26, 29, 30, 31, 33, 34, 36, 37, 38, 40, 41, 42, 43, 44, 45, 49], 3.4889513374952625], [[0, 1, 2, 3, 4, 5, 6, 8, 9, 11, 12, 13, 14, 17, 18, 19, 20, 21, 23, 24, 26, 29, 30, 31, 32, 33, 34, 36, 37, 38, 40, 41, 42, 43, 44, 45, 49], 3.480759088981459], [[0, 1, 2, 3, 4, 5, 6, 8, 9, 11, 12, 13, 14, 17, 18, 19, 20, 21, 22, 23, 24, 26, 29, 30, 31, 32, 33, 34, 36, 37, 38, 40, 41, 42, 43, 44, 45, 49], 3.480759088981459], [[0, 1, 2, 3, 4, 5, 6, 8, 9, 11, 12, 13, 14, 15, 17, 18, 19, 20, 21, 22, 23, 24, 26, 29, 30, 31, 32, 33, 34, 36, 37, 38, 40, 41, 42, 43, 44, 45, 49], 3.480759088981459], [[0, 1, 2, 3, 4, 5, 6, 8, 9, 11, 12, 13, 14, 15, 17, 18, 19, 20, 21, 22, 23, 24, 25, 26, 29, 30, 31, 32, 33, 34, 36, 37, 38, 40, 41, 42, 43, 44, 45, 49], 3.480759088981459], [[0, 1, 2, 3, 4, 5, 6, 8, 9, 11, 12, 13, 14, 15, 17, 18, 19, 20, 21, 22, 23, 24, 25, 26, 29, 30, 31, 32, 33, 34, 36, 37, 38, 40, 41, 42, 43, 44, 45, 47, 49], 3.480759088981459], [[0, 1, 2, 3, 4, 5, 6, 8, 9, 11, 12, 13, 14, 15, 17, 18, 19, 20, 21, 22, 23, 24, 25, 26, 29, 30, 31, 32, 33, 34, 35, 36, 37, 38, 40, 41, 42, 43, 44, 45, 47, 49], 6533.282434750876], [[0, 1, 2, 3, 4, 5, 6, 8, 9, 11, 12, 13, 14, 15, 16, 17, 18, 19, 20, 21, 22, 23, 24, 25, 26, 29, 30, 31, 32, 33, 34, 35, 36, 37, 38, 40, 41, 42, 43, 44, 45, 47, 49], 5345.412891852965], [[0, 1, 2, 3, 4, 5, 6, 8, 9, 11, 12, 13, 14, 15, 16, 17, 18, 19, 20, 21, 22, 23, 24, 25, 26, 28, 29, 30, 31, 32, 33, 34, 35, 36, 37, 38, 40, 41, 42, 43, 44, 45, 47, 49], 5255.998712571061], [[0, 1, 2, 3, 4, 5, 6, 7, 8, 9, 11, 12, 13, 14, 15, 16, 17, 18, 19, 20, 21, 22, 23, 24, 25, 26, 28, 29, 30, 31, 32, 33, 34, 35, 36, 37, 38, 40, 41, 42, 43, 44, 45, 47, 49], 5238.709188937289], [[0, 1, 2, 3, 4, 5, 6, 7, 8, 9, 10, 11, 12, 13, 14, 15, 16, 17, 18, 19, 20, 21, 22, 23, 24, 25, 26, 28, 29, 30, 31, 32, 33, 34, 35, 36, 37, 38, 40, 41, 42, 43, 44, 45, 47, 49], 5238.709106847733], [[0, 1, 2, 3, 4, 5, 6, 7, 8, 9, 10, 11, 12, 13, 14, 15, 16, 17, 18, 19, 20, 21, 22, 23, 24, 25, 26, 28, 29, 30, 31, 32, 33, 34, 35, 36, 37, 38, 40, 41, 42, 43, 44, 45, 47, 48, 49], 511843.61234270997], [[0, 1, 2, 3, 4, 5, 6, 7, 8, 9, 10, 11, 12, 13, 14, 15, 16, 17, 18, 19, 20, 21, 22, 23, 24, 25, 26, 27, 28, 29, 30, 31, 32, 33, 34, 35, 36, 37, 38, 40, 41, 42, 43, 44, 45, 47, 48, 49], 511843.6123427099], [[0, 1, 2, 3, 4, 5, 6, 7, 8, 9, 10, 11, 12, 13, 14, 15, 16, 17, 18, 19, 20, 21, 22, 23, 24, 25, 26, 27, 28, 29, 30, 31, 32, 33, 34, 35, 36, 37, 38, 40, 41, 42, 43, 44, 45, 46, 47, 48, 49], 33887577.09303459]]}