{"costs": 13263.0, "root_join": 0, "join_operands": {"0": [0, 1, 2, 3], "1": [3], "2": [0, 1, 2], "3": [1], "4": [0, 2], "5": [0], "6": [2]}, "join_predecessors": {"0": [1, 2], "2": [3, 4], "4": [5, 6]}, "intermediate_costs": [[[0, 1, 2], 10170.699999999999], [[0, 2], 3092.3399999999997]]}