{"costs": 116348659, "root_join": 38, "join_operands": {"0": [0, 36], "1": [0, 8, 36], "2": [0, 5, 8, 28, 31, 36, 39], "3": [5, 28, 31, 39], "4": [5, 31], "5": [28, 39], "6": [0, 1, 2, 3, 4, 5, 6, 7, 8, 9, 10, 11, 14, 15, 16, 17, 18, 19, 20, 21, 22, 23, 24, 26, 27, 28, 29, 30, 31, 32, 33, 34, 35, 36, 37, 38, 39], "7": [1, 2, 3, 4, 6, 7, 9, 10, 11, 14, 15, 16, 17, 18, 19, 20, 21, 22, 23, 24, 26, 27, 29, 30, 32, 33, 34, 35, 37, 38], "8": [4, 7, 22, 23], "9": [4, 7, 22], "10": [7, 22], "11": [4, 7, 15, 22, 23], "12": [4, 7, 15, 22, 23, 30, 34], "13": [30, 34], "14": [1, 2, 3, 6, 9, 10, 11, 14, 16, 17, 18, 19, 20, 21, 24, 26, 27, 29, 32, 33, 35, 37, 38], "15": [1, 2, 11, 14, 17, 18, 19], "16": [1, 2, 11, 17, 18, 19], "17": [1, 2, 11, 17, 18], "18": [11, 18], "19": [11, 17, 18], "20": [1, 11, 17, 18], "21": [1, 2, 11, 14, 17, 18, 19, 33], "22": [1, 2, 6, 11, 14, 17, 18, 19, 33], "23": [1, 2, 6, 11, 14, 16, 17, 18, 19, 33], "24": [1, 2, 6, 11, 14, 16, 17, 18, 19, 21, 33], "25": [1, 2, 6, 11, 14, 16, 17, 18, 19, 21, 33, 37], "26": [1, 2, 6, 11, 14, 16, 17, 18, 19, 21, 29, 33, 37], "27": [3, 9, 10, 20, 24, 26, 27, 32, 35, 38], "28": [20, 26, 32, 35], "29": [20, 32, 35], "30": [32, 35], "31": [20, 26, 32, 35, 38], "32": [9, 20, 26, 32, 35, 38], "33": [9, 20, 26, 27, 32, 35, 38], "34": [3, 9, 20, 26, 27, 32, 35, 38], "35": [3, 9, 20, 24, 26, 27, 32, 35, 38], "36": [0, 1, 2, 3, 4, 5, 6, 7, 8, 9, 10, 11, 14, 15, 16, 17, 18, 19, 20, 21, 22, 23, 24, 25, 26, 27, 28, 29, 30, 31, 32, 33, 34, 35, 36, 37, 38, 39], "37": [0, 1, 2, 3, 4, 5, 6, 7, 8, 9, 10, 11, 13, 14, 15, 16, 17, 18, 19, 20, 21, 22, 23, 24, 25, 26, 27, 28, 29, 30, 31, 32, 33, 34, 35, 36, 37, 38, 39], "38": [0, 1, 2, 3, 4, 5, 6, 7, 8, 9, 10, 11, 12, 13, 14, 15, 16, 17, 18, 19, 20, 21, 22, 23, 24, 25, 26, 27, 28, 29, 30, 31, 32, 33, 34, 35, 36, 37, 38, 39]}, "join_predecessors": {"0": [], "1": [0], "2": [1, 3], "4": [], "3": [4, 5], "5": [], "6": [2, 7], "8": [9], "9": [10], "10": [], "11": [8], "12": [11, 13], "13": [], "7": [12, 14], "15": [16], "16": [17], "18": [], "19": [18], "20": [19], "17": [20], "21": [15], "22": [21], "23": [22], "24": [23], "25": [24], "26": [25], "14": [26, 27], "28": [29], "29": [30], "30": [], "31": [28], "32": [31], "33": [32], "34": [33], "35": [34], "27": [35], "36": [6], "37": [36], "38": [37]}, "intermediate_costs": [[[0, 36], 711124.0], [[0, 8, 36], 1023658.0101563126], [[0, 5, 8, 28, 31, 36, 39], 17315583.03418198], [[5, 28, 31, 39], 5887316.422935862], [[5, 31], 2841185.0], [[28, 39], 256228.99999999997], [[0, 1, 2, 3, 4, 5, 6, 7, 8, 9, 10, 11, 14, 15, 16, 17, 18, 19, 20, 21, 22, 23, 24, 26, 27, 28, 29, 30, 31, 32, 33, 34, 35, 36, 37, 38, 39], 3659712.9776535435], [[1, 2, 3, 4, 6, 7, 9, 10, 11, 14, 15, 16, 17, 18, 19, 20, 21, 22, 23, 24, 26, 27, 29, 30, 32, 33, 34, 35, 37, 38], 82956.1822830123], [[4, 7, 22, 23], 8749166.44940037], [[4, 7, 22], 6160083.8841929985], [[7, 22], 4279343.0], [[4, 7, 15, 22, 23], 12594363.02373362], [[4, 7, 15, 22, 23, 30, 34], 25281743.177752465], [[30, 34], 15758131.0], [[1, 2, 3, 6, 9, 10, 11, 14, 16, 17, 18, 19, 20, 21, 24, 26, 27, 29, 32, 33, 35, 37, 38], 189.1952535901701], [[1, 2, 11, 14, 17, 18, 19], 23.398213278913417], [[1, 2, 11, 17, 18, 19], 16.254494011145603], [[1, 2, 11, 17, 18], 1.928944136113216], [[11, 18], 979.0], [[11, 17, 18], 1409.2637667601496], [[1, 11, 17, 18], 1.343357899060919], [[1, 2, 11, 14, 17, 18, 19, 33], 32.47864546549824], [[1, 2, 6, 11, 14, 17, 18, 19, 33], 45.29173255763837], [[1, 2, 6, 11, 14, 16, 17, 18, 19, 33], 65.1970844142222], [[1, 2, 6, 11, 14, 16, 17, 18, 19, 21, 33], 581.0102667640643], [[1, 2, 6, 11, 14, 16, 17, 18, 19, 21, 33, 37], 9167.373864905388], [[1, 2, 6, 11, 14, 16, 17, 18, 19, 21, 29, 33, 37], 12796.481588924276], [[3, 9, 10, 20, 24, 26, 27, 32, 35, 38], 1530.3696474590474], [[20, 26, 32, 35], 199.9842681387097], [[20, 32, 35], 246.15266129032258], [[32, 35], 171.0], [[20, 26, 32, 35, 38], 268.6842346658794], [[9, 20, 26, 32, 35, 38], 374.29268260562503], [[9, 20, 26, 27, 32, 35, 38], 524.4621033058891], [[3, 9, 20, 26, 27, 32, 35, 38], 754.9575583313724], [[3, 9, 20, 24, 26, 27, 32, 35, 38], 1086.7560515315356], [[0, 1, 2, 3, 4, 5, 6, 7, 8, 9, 10, 11, 14, 15, 16, 17, 18, 19, 20, 21, 22, 23, 24, 25, 26, 27, 28, 29, 30, 31, 32, 33, 34, 35, 36, 37, 38, 39], 4803293.159276682], [[0, 1, 2, 3, 4, 5, 6, 7, 8, 9, 10, 11, 13, 14, 15, 16, 17, 18, 19, 20, 21, 22, 23, 24, 25, 26, 27, 28, 29, 30, 31, 32, 33, 34, 35, 36, 37, 38, 39], 6914306.420755421]]}