{"costs": 2243419, "root_join": 18, "join_operands": {"0": [0, 1, 3, 4, 5, 6, 7, 8, 9, 12, 13, 14, 15, 16, 17, 18, 19], "1": [1, 3, 4, 5, 6, 7, 8, 9, 12, 13, 14, 15, 16, 17, 18, 19], "2": [1, 4, 5, 6, 7, 8, 9, 12, 13, 14, 15, 16, 17, 18, 19], "3": [1, 4, 5, 6, 7, 8, 12, 13, 14, 15, 16, 17, 18, 19], "4": [7, 17, 18], "5": [17, 18], "6": [1, 7, 12, 17, 18], "7": [1, 12], "8": [1, 4, 7, 12, 17, 18], "9": [1, 4, 5, 7, 12, 17, 18], "10": [1, 4, 5, 7, 12, 16, 17, 18], "11": [1, 4, 5, 7, 8, 12, 16, 17, 18], "12": [1, 4, 5, 6, 7, 8, 12, 14, 15, 16, 17, 18, 19], "13": [6, 14, 15, 19], "14": [6, 15, 19], "15": [15, 19], "16": [0, 1, 3, 4, 5, 6, 7, 8, 9, 10, 12, 13, 14, 15, 16, 17, 18, 19], "17": [0, 1, 3, 4, 5, 6, 7, 8, 9, 10, 11, 12, 13, 14, 15, 16, 17, 18, 19], "18": [0, 1, 2, 3, 4, 5, 6, 7, 8, 9, 10, 11, 12, 13, 14, 15, 16, 17, 18, 19]}, "join_predecessors": {"0": [1], "2": [3], "4": [5], "5": [], "6": [4, 7], "7": [], "8": [6], "9": [8], "10": [9], "11": [10], "12": [11, 13], "13": [14], "14": [15], "15": [], "3": [12], "1": [2], "16": [0], "17": [16], "18": [17]}, "intermediate_costs": [[[0, 1, 3, 4, 5, 6, 7, 8, 9, 12, 13, 14, 15, 16, 17, 18, 19], 50798.1536832754], [[1, 3, 4, 5, 6, 7, 8, 9, 12, 13, 14, 15, 16, 17, 18, 19], 8716.758827176916], [[1, 4, 5, 6, 7, 8, 9, 12, 13, 14, 15, 16, 17, 18, 19], 1495.7616615189543], [[1, 4, 5, 6, 7, 8, 12, 13, 14, 15, 16, 17, 18, 19], 258.3778426538249], [[7, 17, 18], 1792.3974314100114], [[17, 18], 1746.0], [[1, 7, 12, 17, 18], 62.101914542618566], [[1, 12], 1088.0], [[1, 4, 7, 12, 17, 18], 273.27725220815535], [[1, 4, 5, 7, 12, 17, 18], 1574.6681770737416], [[1, 4, 5, 7, 12, 16, 17, 18], 8536.372912006254], [[1, 4, 5, 7, 8, 12, 16, 17, 18], 48420.3450015604], [[1, 4, 5, 6, 7, 8, 12, 14, 15, 16, 17, 18, 19], 44.747131662692674], [[6, 14, 15, 19], 13946.571110259765], [[6, 15, 19], 14178.866796214514], [[15, 19], 69276.0], [[0, 1, 3, 4, 5, 6, 7, 8, 9, 10, 12, 13, 14, 15, 16, 17, 18, 19], 296033.477566436], [[0, 1, 3, 4, 5, 6, 7, 8, 9, 10, 11, 12, 13, 14, 15, 16, 17, 18, 19], 1725177.3055941658]]}