{"costs": 2082027, "root_join": 18, "join_operands": {"0": [17, 18], "1": [14, 17, 18], "2": [6, 14, 17, 18], "3": [6, 14, 17, 18, 19], "4": [6, 14, 15, 17, 18, 19], "5": [6, 7, 14, 15, 17, 18, 19], "6": [6, 7, 12, 14, 15, 17, 18, 19], "7": [1, 6, 7, 12, 14, 15, 17, 18, 19], "8": [1, 4, 6, 7, 12, 14, 15, 17, 18, 19], "9": [1, 4, 5, 6, 7, 12, 14, 15, 17, 18, 19], "10": [1, 4, 5, 6, 7, 12, 14, 15, 16, 17, 18, 19], "11": [1, 4, 5, 6, 7, 8, 12, 14, 15, 16, 17, 18, 19], "12": [1, 4, 5, 6, 7, 8, 12, 13, 14, 15, 16, 17, 18, 19], "13": [1, 4, 5, 6, 7, 8, 9, 12, 13, 14, 15, 16, 17, 18, 19], "14": [1, 4, 5, 6, 7, 8, 9, 11, 12, 13, 14, 15, 16, 17, 18, 19], "15": [1, 2, 4, 5, 6, 7, 8, 9, 11, 12, 13, 14, 15, 16, 17, 18, 19], "16": [1, 2, 3, 4, 5, 6, 7, 8, 9, 11, 12, 13, 14, 15, 16, 17, 18, 19], "17": [0, 1, 2, 3, 4, 5, 6, 7, 8, 9, 11, 12, 13, 14, 15, 16, 17, 18, 19], "18": [0, 1, 2, 3, 4, 5, 6, 7, 8, 9, 10, 11, 12, 13, 14, 15, 16, 17, 18, 19]}, "join_predecessors": {"0": [], "1": [0], "2": [1], "3": [2], "4": [3], "5": [4], "6": [5], "7": [6], "8": [7], "9": [8], "10": [9], "11": [10], "12": [11], "13": [12], "14": [13], "15": [14], "16": [15], "17": [16], "18": [17]}, "intermediate_costs": [[[17, 18], 1746.0], [[14, 17, 18], 10109.418059610241], [[6, 14, 17, 18], 38.00900545076257], [[6, 14, 17, 18, 19], 221.5028278369422], [[6, 14, 15, 17, 18, 19], 1.6135467824639338], [[6, 7, 14, 15, 17, 18, 19], 1.6564244606805518], [[6, 7, 12, 14, 15, 17, 18, 19], 9.653048893427574], [[1, 6, 7, 12, 14, 15, 17, 18, 19], 0.05739080434999563], [[1, 4, 6, 7, 12, 14, 15, 17, 18, 19], 0.25254618042442956], [[1, 4, 5, 6, 7, 12, 14, 15, 17, 18, 19], 1.4552123542758784], [[1, 4, 5, 6, 7, 12, 14, 15, 16, 17, 18, 19], 7.888795559037785], [[1, 4, 5, 6, 7, 8, 12, 14, 15, 16, 17, 18, 19], 44.747131662692674], [[1, 4, 5, 6, 7, 8, 12, 13, 14, 15, 16, 17, 18, 19], 258.3778426538249], [[1, 4, 5, 6, 7, 8, 9, 12, 13, 14, 15, 16, 17, 18, 19], 1495.7616615189543], [[1, 4, 5, 6, 7, 8, 9, 11, 12, 13, 14, 15, 16, 17, 18, 19], 8716.764381660907], [[1, 2, 4, 5, 6, 7, 8, 9, 11, 12, 13, 14, 15, 16, 17, 18, 19], 50488.4375021827], [[1, 2, 3, 4, 5, 6, 7, 8, 9, 11, 12, 13, 14, 15, 16, 17, 18, 19], 294228.38182695606], [[0, 1, 2, 3, 4, 5, 6, 7, 8, 9, 11, 12, 13, 14, 15, 16, 17, 18, 19], 1714657.8050809477]]}