{"costs": 2469580, "root_join": 17, "join_operands": {"0": [0, 1, 2, 4, 5, 6, 7, 9, 11, 12, 13, 14, 15, 16, 17, 18, 19], "1": [1, 2, 4, 5, 6, 7, 9, 11, 12, 13, 14, 15, 16, 17, 18, 19], "2": [1, 2, 5, 6, 7, 9, 11, 12, 14, 15, 16, 17, 18, 19], "3": [1, 2, 5, 6, 7, 11, 12, 14, 15, 16, 17, 18, 19], "4": [1, 7, 12], "5": [1, 12], "6": [1, 5, 7, 12, 14, 16, 17, 18], "7": [5, 14, 16, 17, 18], "8": [17, 18], "9": [5, 17, 18], "10": [5, 16, 17, 18], "11": [2, 6, 11, 15, 19], "12": [6, 15, 19], "13": [15, 19], "14": [6, 11, 15, 19], "15": [1, 2, 5, 6, 7, 9, 11, 12, 13, 14, 15, 16, 17, 18, 19], "16": [0, 1, 2, 4, 5, 6, 7, 9, 10, 11, 12, 13, 14, 15, 16, 17, 18, 19], "17": [0, 1, 2, 3, 4, 5, 6, 7, 8, 9, 10, 11, 12, 13, 14, 15, 16, 17, 18, 19], "18": [3, 8]}, "join_predecessors": {"0": [1], "2": [3], "4": [5], "5": [], "6": [4, 7], "8": [], "9": [8], "10": [9], "7": [10], "3": [6, 11], "12": [13], "13": [], "14": [12], "11": [14], "15": [2], "1": [15], "16": [0], "17": [16, 18], "18": []}, "intermediate_costs": [[[0, 1, 2, 4, 5, 6, 7, 9, 11, 12, 13, 14, 15, 16, 17, 18, 19], 51871.68160644133], [[1, 2, 4, 5, 6, 7, 9, 11, 12, 13, 14, 15, 16, 17, 18, 19], 8900.971900329581], [[1, 2, 5, 6, 7, 9, 11, 12, 14, 15, 16, 17, 18, 19], 350.3070447304872], [[1, 2, 5, 6, 7, 11, 12, 14, 15, 16, 17, 18, 19], 60.51203264027051], [[1, 7, 12], 15972.452371584699], [[1, 12], 1088.0], [[1, 5, 7, 12, 14, 16, 17, 18], 11231.99245874212], [[5, 14, 16, 17, 18], 315788.31308824295], [[17, 18], 1746.0], [[5, 17, 18], 10060.73727306273], [[5, 16, 17, 18], 54539.87473867804], [[2, 6, 11, 15, 19], 478598.19415713666], [[6, 15, 19], 14178.866796214514], [[15, 19], 69276.0], [[6, 11, 15, 19], 82629.36819496159], [[1, 2, 5, 6, 7, 9, 11, 12, 13, 14, 15, 16, 17, 18, 19], 2022.7347568595787], [[0, 1, 2, 4, 5, 6, 7, 9, 10, 11, 12, 13, 14, 15, 16, 17, 18, 19], 302289.6144792253], [[3, 8], 1048975.0]]}