{"costs": 5781548, "root_join": 27, "join_operands": {"0": [0, 25], "1": [0, 1, 2, 3, 4, 5, 6, 7, 8, 9, 10, 11, 12, 13, 14, 16, 17, 18, 19, 20, 21, 23, 24, 25, 26, 27, 28, 29], "2": [1, 2, 3, 4, 5, 6, 7, 8, 9, 10, 11, 12, 13, 14, 16, 17, 18, 19, 20, 21, 23, 24, 26, 27, 28, 29], "3": [1, 5, 7, 10, 12, 23], "4": [5, 7, 10, 12, 23], "5": [5, 10], "6": [5, 10, 12], "7": [7, 23], "8": [1, 5, 7, 10, 12, 17, 23], "9": [1, 5, 7, 10, 11, 12, 17, 21, 23], "10": [11, 21], "11": [1, 5, 7, 10, 11, 12, 17, 19, 21, 23], "12": [1, 5, 7, 10, 11, 12, 17, 18, 19, 21, 23], "13": [1, 5, 7, 9, 10, 11, 12, 17, 18, 19, 21, 23], "14": [1, 5, 7, 9, 10, 11, 12, 17, 18, 19, 21, 23, 27], "15": [1, 3, 5, 7, 9, 10, 11, 12, 17, 18, 19, 21, 23, 27], "16": [1, 2, 3, 5, 7, 9, 10, 11, 12, 17, 18, 19, 21, 23, 27], "17": [1, 2, 3, 5, 6, 7, 9, 10, 11, 12, 17, 18, 19, 21, 23, 27], "18": [1, 2, 3, 5, 6, 7, 9, 10, 11, 12, 13, 17, 18, 19, 21, 23, 27], "19": [1, 2, 3, 5, 6, 7, 9, 10, 11, 12, 13, 17, 18, 19, 21, 23, 26, 27], "20": [1, 2, 3, 5, 6, 7, 9, 10, 11, 12, 13, 17, 18, 19, 20, 21, 23, 26, 27], "21": [1, 2, 3, 5, 6, 7, 9, 10, 11, 12, 13, 17, 18, 19, 20, 21, 23, 26, 27, 29], "22": [1, 2, 3, 4, 5, 6, 7, 9, 10, 11, 12, 13, 17, 18, 19, 20, 21, 23, 26, 27, 29], "23": [1, 2, 3, 4, 5, 6, 7, 8, 9, 10, 11, 12, 13, 17, 18, 19, 20, 21, 23, 26, 27, 29], "24": [1, 2, 3, 4, 5, 6, 7, 8, 9, 10, 11, 12, 13, 17, 18, 19, 20, 21, 23, 26, 27, 28, 29], "25": [1, 2, 3, 4, 5, 6, 7, 8, 9, 10, 11, 12, 13, 14, 17, 18, 19, 20, 21, 23, 26, 27, 28, 29], "26": [1, 2, 3, 4, 5, 6, 7, 8, 9, 10, 11, 12, 13, 14, 17, 18, 19, 20, 21, 23, 24, 26, 27, 28, 29], "27": [0, 1, 2, 3, 4, 5, 6, 7, 8, 9, 10, 11, 12, 13, 14, 15, 16, 17, 18, 19, 20, 21, 22, 23, 24, 25, 26, 27, 28, 29], "28": [15, 22]}, "join_predecessors": {"0": [], "1": [0, 2], "3": [4], "5": [], "6": [5], "4": [6, 7], "7": [], "8": [3], "9": [8, 10], "10": [], "11": [9], "12": [11], "13": [12], "14": [13], "15": [14], "16": [15], "17": [16], "18": [17], "19": [18], "20": [19], "21": [20], "22": [21], "23": [22], "24": [23], "25": [24], "26": [25], "2": [26], "27": [1, 28], "28": []}, "intermediate_costs": [[[0, 25], 67481.0], [[0, 1, 2, 3, 4, 5, 6, 7, 8, 9, 10, 11, 12, 13, 14, 16, 17, 18, 19, 20, 21, 23, 24, 25, 26, 27, 28, 29], 2667120.8174343477], [[1, 2, 3, 4, 5, 6, 7, 8, 9, 10, 11, 12, 13, 14, 16, 17, 18, 19, 20, 21, 23, 24, 26, 27, 28, 29], 802865.8439436596], [[1, 5, 7, 10, 12, 23], 19.932481312591907], [[5, 7, 10, 12, 23], 13.576384413756282], [[5, 10], 3300.0000000000005], [[5, 10, 12], 13612.612356362604], [[7, 23], 59.0], [[1, 5, 7, 10, 12, 17, 23], 30.979457047283116], [[1, 5, 7, 10, 11, 12, 17, 21, 23], 0.0229237851241593], [[11, 21], 37.0], [[1, 5, 7, 10, 11, 12, 17, 19, 21, 23], 0.042607167685309], [[1, 5, 7, 10, 11, 12, 17, 18, 19, 21, 23], 0.07229031226198805], [[1, 5, 7, 9, 10, 11, 12, 17, 18, 19, 21, 23], 0.12744037242510642], [[1, 5, 7, 9, 10, 11, 12, 17, 18, 19, 21, 23, 27], 0.24066406899317155], [[1, 3, 5, 7, 9, 10, 11, 12, 17, 18, 19, 21, 23, 27], 0.4620549571278066], [[1, 2, 3, 5, 7, 9, 10, 11, 12, 17, 18, 19, 21, 23, 27], 0.8871053389934644], [[1, 2, 3, 5, 6, 7, 9, 10, 11, 12, 17, 18, 19, 21, 23, 27], 1.703169916533105], [[1, 2, 3, 5, 6, 7, 9, 10, 11, 12, 13, 17, 18, 19, 21, 23, 27], 3.2699474655216036], [[1, 2, 3, 5, 6, 7, 9, 10, 11, 12, 13, 17, 18, 19, 21, 23, 26, 27], 6.2780328213867715], [[1, 2, 3, 5, 6, 7, 9, 10, 11, 12, 13, 17, 18, 19, 20, 21, 23, 26, 27], 12.053311828639487], [[1, 2, 3, 5, 6, 7, 9, 10, 11, 12, 13, 17, 18, 19, 20, 21, 23, 26, 27, 29], 16928.923628457404], [[1, 2, 3, 4, 5, 6, 7, 9, 10, 11, 12, 13, 17, 18, 19, 20, 21, 23, 26, 27, 29], 31784.44173049824], [[1, 2, 3, 4, 5, 6, 7, 8, 9, 10, 11, 12, 13, 17, 18, 19, 20, 21, 23, 26, 27, 29], 59933.83396012488], [[1, 2, 3, 4, 5, 6, 7, 8, 9, 10, 11, 12, 13, 17, 18, 19, 20, 21, 23, 26, 27, 28, 29], 113447.40267058072], [[1, 2, 3, 4, 5, 6, 7, 8, 9, 10, 11, 12, 13, 14, 17, 18, 19, 20, 21, 23, 26, 27, 28, 29], 217809.774054732], [[1, 2, 3, 4, 5, 6, 7, 8, 9, 10, 11, 12, 13, 14, 17, 18, 19, 20, 21, 23, 24, 26, 27, 28, 29], 418177.0279177653], [[15, 22], 1368901.0]]}