{"costs": 10524718, "root_join": 28, "join_operands": {"0": [0, 1, 5, 7, 9, 10, 11, 12, 15, 17, 18, 19, 21, 23, 27], "1": [1, 5, 7, 9, 10, 11, 12, 15, 17, 18, 19, 21, 23, 27], "2": [11, 21], "3": [1, 5, 7, 10, 11, 12, 17, 21, 23], "4": [1, 5, 7, 10, 12, 17, 23], "5": [1, 5, 7, 10, 12, 23], "6": [5, 7, 10, 12, 23], "7": [5, 10, 12], "8": [5, 10], "9": [7, 23], "10": [1, 5, 7, 10, 11, 12, 17, 19, 21, 23], "11": [1, 5, 7, 10, 11, 12, 17, 18, 19, 21, 23], "12": [1, 5, 7, 9, 10, 11, 12, 17, 18, 19, 21, 23], "13": [1, 5, 7, 9, 10, 11, 12, 17, 18, 19, 21, 23, 27], "14": [0, 1, 5, 7, 9, 10, 11, 12, 15, 17, 18, 19, 21, 23, 25, 27], "15": [0, 1, 5, 7, 9, 10, 11, 12, 15, 17, 18, 19, 21, 22, 23, 25, 27], "16": [0, 1, 5, 6, 7, 9, 10, 11, 12, 15, 17, 18, 19, 21, 22, 23, 25, 27], "17": [0, 1, 3, 5, 6, 7, 9, 10, 11, 12, 15, 17, 18, 19, 21, 22, 23, 25, 27], "18": [0, 1, 3, 5, 6, 7, 9, 10, 11, 12, 13, 15, 17, 18, 19, 21, 22, 23, 25, 27], "19": [0, 1, 2, 3, 5, 6, 7, 9, 10, 11, 12, 13, 15, 17, 18, 19, 21, 22, 23, 25, 27], "20": [0, 1, 2, 3, 5, 6, 7, 9, 10, 11, 12, 13, 15, 17, 18, 19, 21, 22, 23, 25, 26, 27], "21": [0, 1, 2, 3, 5, 6, 7, 9, 10, 11, 12, 13, 15, 17, 18, 19, 20, 21, 22, 23, 25, 26, 27], "22": [0, 1, 2, 3, 5, 6, 7, 9, 10, 11, 12, 13, 15, 17, 18, 19, 20, 21, 22, 23, 25, 26, 27, 29], "23": [0, 1, 2, 3, 4, 5, 6, 7, 9, 10, 11, 12, 13, 15, 17, 18, 19, 20, 21, 22, 23, 25, 26, 27, 29], "24": [0, 1, 2, 3, 4, 5, 6, 7, 8, 9, 10, 11, 12, 13, 15, 17, 18, 19, 20, 21, 22, 23, 25, 26, 27, 29], "25": [0, 1, 2, 3, 4, 5, 6, 7, 8, 9, 10, 11, 12, 13, 15, 17, 18, 19, 20, 21, 22, 23, 25, 26, 27, 28, 29], "26": [0, 1, 2, 3, 4, 5, 6, 7, 8, 9, 10, 11, 12, 13, 15, 17, 18, 19, 20, 21, 22, 23, 24, 25, 26, 27, 28, 29], "27": [0, 1, 2, 3, 4, 5, 6, 7, 8, 9, 10, 11, 12, 13, 14, 15, 17, 18, 19, 20, 21, 22, 23, 24, 25, 26, 27, 28, 29], "28": [0, 1, 2, 3, 4, 5, 6, 7, 8, 9, 10, 11, 12, 13, 14, 15, 16, 17, 18, 19, 20, 21, 22, 23, 24, 25, 26, 27, 28, 29]}, "join_predecessors": {"0": [1], "2": [], "3": [2, 4], "4": [5], "5": [6], "7": [8], "8": [], "6": [7, 9], "9": [], "10": [3], "11": [10], "12": [11], "13": [12], "1": [13], "14": [0], "15": [14], "16": [15], "17": [16], "18": [17], "19": [18], "20": [19], "21": [20], "22": [21], "23": [22], "24": [23], "25": [24], "26": [25], "27": [26], "28": [27]}, "intermediate_costs": [[[0, 1, 5, 7, 9, 10, 11, 12, 15, 17, 18, 19, 21, 23, 27], 0.8871070629055383], [[1, 5, 7, 9, 10, 11, 12, 15, 17, 18, 19, 21, 23, 27], 0.46205453041846445], [[11, 21], 37.0], [[1, 5, 7, 10, 11, 12, 17, 21, 23], 0.0229237851241593], [[1, 5, 7, 10, 12, 17, 23], 30.979457047283116], [[1, 5, 7, 10, 12, 23], 19.932481312591907], [[5, 7, 10, 12, 23], 13.576384413756282], [[5, 10, 12], 13612.612356362604], [[5, 10], 3300.0000000000005], [[7, 23], 59.0], [[1, 5, 7, 10, 11, 12, 17, 19, 21, 23], 0.042607167685309], [[1, 5, 7, 10, 11, 12, 17, 18, 19, 21, 23], 0.07229031226198805], [[1, 5, 7, 9, 10, 11, 12, 17, 18, 19, 21, 23], 0.12744037242510642], [[1, 5, 7, 9, 10, 11, 12, 17, 18, 19, 21, 23, 27], 0.24066406899317155], [[0, 1, 5, 7, 9, 10, 11, 12, 15, 17, 18, 19, 21, 23, 25, 27], 1.5349454285109907], [[0, 1, 5, 7, 9, 10, 11, 12, 15, 17, 18, 19, 21, 22, 23, 25, 27], 2.946968207621492], [[0, 1, 5, 6, 7, 9, 10, 11, 12, 15, 17, 18, 19, 21, 22, 23, 25, 27], 5.657938663626268], [[0, 1, 3, 5, 6, 7, 9, 10, 11, 12, 15, 17, 18, 19, 21, 22, 23, 25, 27], 10.862770739273799], [[0, 1, 3, 5, 6, 7, 9, 10, 11, 12, 13, 15, 17, 18, 19, 21, 22, 23, 25, 27], 20.85563472124666], [[0, 1, 2, 3, 5, 6, 7, 9, 10, 11, 12, 13, 15, 17, 18, 19, 21, 22, 23, 25, 27], 40.04100513133956], [[0, 1, 2, 3, 5, 6, 7, 9, 10, 11, 12, 13, 15, 17, 18, 19, 21, 22, 23, 25, 26, 27], 76.87546881606167], [[0, 1, 2, 3, 5, 6, 7, 9, 10, 11, 12, 13, 15, 17, 18, 19, 20, 21, 22, 23, 25, 26, 27], 147.59464054668035], [[0, 1, 2, 3, 5, 6, 7, 9, 10, 11, 12, 13, 15, 17, 18, 19, 20, 21, 22, 23, 25, 26, 27, 29], 207297.25019205816], [[0, 1, 2, 3, 4, 5, 6, 7, 9, 10, 11, 12, 13, 15, 17, 18, 19, 20, 21, 22, 23, 25, 26, 27, 29], 389205.33367793186], [[0, 1, 2, 3, 4, 5, 6, 7, 8, 9, 10, 11, 12, 13, 15, 17, 18, 19, 20, 21, 22, 23, 25, 26, 27, 29], 733898.9321516238], [[0, 1, 2, 3, 4, 5, 6, 7, 8, 9, 10, 11, 12, 13, 15, 17, 18, 19, 20, 21, 22, 23, 25, 26, 27, 28, 29], 1389180.7377233403], [[0, 1, 2, 3, 4, 5, 6, 7, 8, 9, 10, 11, 12, 13, 15, 17, 18, 19, 20, 21, 22, 23, 24, 25, 26, 27, 28, 29], 2667113.8825743357], [[0, 1, 2, 3, 4, 5, 6, 7, 8, 9, 10, 11, 12, 13, 14, 15, 17, 18, 19, 20, 21, 22, 23, 24, 25, 26, 27, 28, 29], 5120641.446755666]]}