{"costs": 10550454, "root_join": 28, "join_operands": {"0": [5, 10], "1": [5, 10, 12], "2": [5, 7, 10, 12], "3": [5, 7, 10, 12, 23], "4": [1, 5, 7, 10, 12, 23], "5": [1, 5, 7, 10, 12, 17, 23], "6": [1, 5, 7, 10, 11, 12, 17, 23], "7": [1, 5, 7, 10, 11, 12, 17, 21, 23], "8": [1, 5, 7, 10, 11, 12, 17, 19, 21, 23], "9": [1, 5, 7, 10, 11, 12, 17, 18, 19, 21, 23], "10": [1, 5, 7, 9, 10, 11, 12, 17, 18, 19, 21, 23], "11": [0, 1, 5, 7, 9, 10, 11, 12, 17, 18, 19, 21, 23], "12": [0, 1, 5, 7, 9, 10, 11, 12, 17, 18, 19, 21, 23, 25], "13": [0, 1, 5, 7, 9, 10, 11, 12, 17, 18, 19, 21, 23, 25, 27], "14": [0, 1, 3, 5, 7, 9, 10, 11, 12, 17, 18, 19, 21, 23, 25, 27], "15": [0, 1, 2, 3, 5, 7, 9, 10, 11, 12, 17, 18, 19, 21, 23, 25, 27], "16": [0, 1, 2, 3, 5, 7, 9, 10, 11, 12, 15, 17, 18, 19, 21, 23, 25, 27], "17": [0, 1, 2, 3, 5, 7, 9, 10, 11, 12, 15, 17, 18, 19, 21, 22, 23, 25, 27], "18": [0, 1, 2, 3, 5, 6, 7, 9, 10, 11, 12, 15, 17, 18, 19, 21, 22, 23, 25, 27], "19": [0, 1, 2, 3, 5, 6, 7, 9, 10, 11, 12, 13, 15, 17, 18, 19, 21, 22, 23, 25, 27], "20": [0, 1, 2, 3, 5, 6, 7, 9, 10, 11, 12, 13, 15, 17, 18, 19, 21, 22, 23, 25, 26, 27], "21": [0, 1, 2, 3, 5, 6, 7, 9, 10, 11, 12, 13, 15, 17, 18, 19, 20, 21, 22, 23, 25, 26, 27], "22": [0, 1, 2, 3, 5, 6, 7, 9, 10, 11, 12, 13, 15, 17, 18, 19, 20, 21, 22, 23, 25, 26, 27, 29], "23": [0, 1, 2, 3, 4, 5, 6, 7, 9, 10, 11, 12, 13, 15, 17, 18, 19, 20, 21, 22, 23, 25, 26, 27, 29], "24": [0, 1, 2, 3, 4, 5, 6, 7, 8, 9, 10, 11, 12, 13, 15, 17, 18, 19, 20, 21, 22, 23, 25, 26, 27, 29], "25": [0, 1, 2, 3, 4, 5, 6, 7, 8, 9, 10, 11, 12, 13, 15, 17, 18, 19, 20, 21, 22, 23, 25, 26, 27, 28, 29], "26": [0, 1, 2, 3, 4, 5, 6, 7, 8, 9, 10, 11, 12, 13, 15, 17, 18, 19, 20, 21, 22, 23, 24, 25, 26, 27, 28, 29], "27": [0, 1, 2, 3, 4, 5, 6, 7, 8, 9, 10, 11, 12, 13, 14, 15, 17, 18, 19, 20, 21, 22, 23, 24, 25, 26, 27, 28, 29], "28": [0, 1, 2, 3, 4, 5, 6, 7, 8, 9, 10, 11, 12, 13, 14, 15, 16, 17, 18, 19, 20, 21, 22, 23, 24, 25, 26, 27, 28, 29]}, "join_predecessors": {"0": [], "1": [0], "2": [1], "3": [2], "4": [3], "5": [4], "6": [5], "7": [6], "8": [7], "9": [8], "10": [9], "11": [10], "12": [11], "13": [12], "14": [13], "15": [14], "16": [15], "17": [16], "18": [17], "19": [18], "20": [19], "21": [20], "22": [21], "23": [22], "24": [23], "25": [24], "26": [25], "27": [26], "28": [27]}, "intermediate_costs": [[[5, 10], 3300.0000000000005], [[5, 10, 12], 13612.612356362604], [[5, 7, 10, 12], 25772.11956509667], [[5, 7, 10, 12, 23], 13.576384413756282], [[1, 5, 7, 10, 12, 23], 19.932481312591907], [[1, 5, 7, 10, 12, 17, 23], 30.979457047283116], [[1, 5, 7, 10, 11, 12, 17, 23], 59.477928970791694], [[1, 5, 7, 10, 11, 12, 17, 21, 23], 0.0229237851241593], [[1, 5, 7, 10, 11, 12, 17, 19, 21, 23], 0.042607167685309], [[1, 5, 7, 10, 11, 12, 17, 18, 19, 21, 23], 0.07229031226198805], [[1, 5, 7, 9, 10, 11, 12, 17, 18, 19, 21, 23], 0.12744037242510642], [[0, 1, 5, 7, 9, 10, 11, 12, 17, 18, 19, 21, 23], 0.24467513471891783], [[0, 1, 5, 7, 9, 10, 11, 12, 17, 18, 19, 21, 23, 25], 0.42335699399916144], [[0, 1, 5, 7, 9, 10, 11, 12, 17, 18, 19, 21, 23, 25, 27], 0.7994861822334385], [[0, 1, 3, 5, 7, 9, 10, 11, 12, 17, 18, 19, 21, 23, 25, 27], 1.5349468460396822], [[0, 1, 2, 3, 5, 7, 9, 10, 11, 12, 17, 18, 19, 21, 23, 25, 27], 2.946964470757404], [[0, 1, 2, 3, 5, 7, 9, 10, 11, 12, 15, 17, 18, 19, 21, 23, 25, 27], 5.6579209783673425], [[0, 1, 2, 3, 5, 7, 9, 10, 11, 12, 15, 17, 18, 19, 21, 22, 23, 25, 27], 10.86274009145587], [[0, 1, 2, 3, 5, 6, 7, 9, 10, 11, 12, 15, 17, 18, 19, 21, 22, 23, 25, 27], 20.85557523064576], [[0, 1, 2, 3, 5, 6, 7, 9, 10, 11, 12, 13, 15, 17, 18, 19, 21, 22, 23, 25, 27], 40.04100513133956], [[0, 1, 2, 3, 5, 6, 7, 9, 10, 11, 12, 13, 15, 17, 18, 19, 21, 22, 23, 25, 26, 27], 76.87546881606167], [[0, 1, 2, 3, 5, 6, 7, 9, 10, 11, 12, 13, 15, 17, 18, 19, 20, 21, 22, 23, 25, 26, 27], 147.59464054668035], [[0, 1, 2, 3, 5, 6, 7, 9, 10, 11, 12, 13, 15, 17, 18, 19, 20, 21, 22, 23, 25, 26, 27, 29], 207297.25019205816], [[0, 1, 2, 3, 4, 5, 6, 7, 9, 10, 11, 12, 13, 15, 17, 18, 19, 20, 21, 22, 23, 25, 26, 27, 29], 389205.33367793186], [[0, 1, 2, 3, 4, 5, 6, 7, 8, 9, 10, 11, 12, 13, 15, 17, 18, 19, 20, 21, 22, 23, 25, 26, 27, 29], 733898.9321516238], [[0, 1, 2, 3, 4, 5, 6, 7, 8, 9, 10, 11, 12, 13, 15, 17, 18, 19, 20, 21, 22, 23, 25, 26, 27, 28, 29], 1389180.7377233403], [[0, 1, 2, 3, 4, 5, 6, 7, 8, 9, 10, 11, 12, 13, 15, 17, 18, 19, 20, 21, 22, 23, 24, 25, 26, 27, 28, 29], 2667113.8825743357], [[0, 1, 2, 3, 4, 5, 6, 7, 8, 9, 10, 11, 12, 13, 14, 15, 17, 18, 19, 20, 21, 22, 23, 24, 25, 26, 27, 28, 29], 5120641.446755666]]}