{"costs": 2226522, "root_join": 18, "join_operands": {"0": [0, 2, 3, 4, 5, 6, 7, 8, 10, 11, 12, 13, 14, 16, 17, 18, 19], "1": [2, 3, 4, 5, 6, 7, 8, 10, 11, 12, 13, 14, 16, 17, 18, 19], "2": [2, 3, 4, 5, 6, 7, 8, 10, 11, 12, 13, 16, 17, 18, 19], "3": [2, 3, 4, 6, 7, 8, 10, 12, 13, 16, 17, 18, 19], "4": [2, 3, 4, 6, 7, 8, 10, 12, 13, 16, 18, 19], "5": [2, 3, 4, 6, 7, 8, 12, 13, 16, 18, 19], "6": [3, 12, 16], "7": [3, 16], "8": [3, 4, 12, 16], "9": [2, 3, 4, 12, 16], "10": [2, 3, 4, 12, 16, 18], "11": [2, 3, 4, 7, 12, 16, 18], "12": [2, 3, 4, 7, 12, 13, 16, 18], "13": [2, 3, 4, 6, 7, 12, 13, 16, 18], "14": [8, 19], "15": [2, 3, 4, 6, 7, 8, 10, 11, 12, 13, 16, 17, 18, 19], "16": [0, 1, 2, 3, 4, 5, 6, 7, 8, 10, 11, 12, 13, 14, 16, 17, 18, 19], "17": [0, 1, 2, 3, 4, 5, 6, 7, 8, 9, 10, 11, 12, 13, 14, 16, 17, 18, 19], "18": [0, 1, 2, 3, 4, 5, 6, 7, 8, 9, 10, 11, 12, 13, 14, 15, 16, 17, 18, 19]}, "join_predecessors": {"0": [1], "1": [2], "3": [4], "4": [5], "6": [7], "7": [], "8": [6], "9": [8], "10": [9], "11": [10], "12": [11], "13": [12], "5": [13, 14], "14": [], "15": [3], "2": [15], "16": [0], "17": [16], "18": [17]}, "intermediate_costs": [[[0, 2, 3, 4, 5, 6, 7, 8, 10, 11, 12, 13, 14, 16, 17, 18, 19], 1314.6091801760895], [[2, 3, 4, 5, 6, 7, 8, 10, 11, 12, 13, 14, 16, 17, 18, 19], 299.6130272482162], [[2, 3, 4, 5, 6, 7, 8, 10, 11, 12, 13, 16, 17, 18, 19], 67.47212258384266], [[2, 3, 4, 6, 7, 8, 10, 12, 13, 16, 17, 18, 19], 7.106746377000379], [[2, 3, 4, 6, 7, 8, 10, 12, 13, 16, 18, 19], 1024.272376060702], [[2, 3, 4, 6, 7, 8, 12, 13, 16, 18, 19], 230.66295330822285], [[3, 12, 16], 203.5843870967742], [[3, 16], 38.0], [[3, 4, 12, 16], 475.8043247364145], [[2, 3, 4, 12, 16], 3.706382286614967], [[2, 3, 4, 12, 16, 18], 15.490262488086396], [[2, 3, 4, 7, 12, 16, 18], 67.10771884373172], [[2, 3, 4, 7, 12, 13, 16, 18], 297.9918255255907], [[2, 3, 4, 6, 7, 12, 13, 16, 18], 1323.2327012463854], [[8, 19], 3376.0000000000005], [[2, 3, 4, 6, 7, 8, 10, 11, 12, 13, 16, 17, 18, 19], 15.778915160498205], [[0, 1, 2, 3, 4, 5, 6, 7, 8, 10, 11, 12, 13, 14, 16, 17, 18, 19], 7505.456509649244], [[0, 1, 2, 3, 4, 5, 6, 7, 8, 9, 10, 11, 12, 13, 14, 16, 17, 18, 19], 2210256.273667089]]}