{"costs": 2220214, "root_join": 18, "join_operands": {"0": [3, 16], "1": [3, 12, 16], "2": [3, 4, 12, 16], "3": [2, 3, 4, 12, 16], "4": [2, 3, 4, 10, 12, 16], "5": [2, 3, 4, 10, 12, 16, 17], "6": [2, 3, 4, 6, 10, 12, 16, 17], "7": [2, 3, 4, 6, 10, 12, 16, 17, 19], "8": [2, 3, 4, 6, 8, 10, 12, 16, 17, 19], "9": [2, 3, 4, 6, 8, 10, 11, 12, 16, 17, 19], "10": [2, 3, 4, 6, 8, 10, 11, 12, 16, 17, 18, 19], "11": [2, 3, 4, 5, 6, 8, 10, 11, 12, 16, 17, 18, 19], "12": [2, 3, 4, 5, 6, 7, 8, 10, 11, 12, 16, 17, 18, 19], "13": [2, 3, 4, 5, 6, 7, 8, 10, 11, 12, 14, 16, 17, 18, 19], "14": [0, 2, 3, 4, 5, 6, 7, 8, 10, 11, 12, 14, 16, 17, 18, 19], "15": [0, 2, 3, 4, 5, 6, 7, 8, 10, 11, 12, 13, 14, 16, 17, 18, 19], "16": [0, 1, 2, 3, 4, 5, 6, 7, 8, 10, 11, 12, 13, 14, 16, 17, 18, 19], "17": [0, 1, 2, 3, 4, 5, 6, 7, 8, 9, 10, 11, 12, 13, 14, 16, 17, 18, 19], "18": [0, 1, 2, 3, 4, 5, 6, 7, 8, 9, 10, 11, 12, 13, 14, 15, 16, 17, 18, 19]}, "join_predecessors": {"0": [], "1": [0], "2": [1], "3": [2], "4": [3], "5": [4], "6": [5], "7": [6], "8": [7], "9": [8], "10": [9], "11": [10], "12": [11], "13": [12], "14": [13], "15": [14], "16": [15], "17": [16], "18": [17]}, "intermediate_costs": [[[3, 16], 38.0], [[3, 12, 16], 203.5843870967742], [[3, 4, 12, 16], 475.8043247364145], [[2, 3, 4, 12, 16], 3.706382286614967], [[2, 3, 4, 10, 12, 16], 16.458407979488378], [[2, 3, 4, 10, 12, 16, 17], 0.11419397224131655], [[2, 3, 4, 6, 10, 12, 16, 17], 0.5070783337375662], [[2, 3, 4, 6, 10, 12, 16, 17, 19], 17.123478312451002], [[2, 3, 4, 6, 8, 10, 12, 16, 17, 19], 0.08839275654867675], [[2, 3, 4, 6, 8, 10, 11, 12, 16, 17, 19], 0.19625602665348477], [[2, 3, 4, 6, 8, 10, 11, 12, 16, 17, 18, 19], 0.8202222902667275], [[2, 3, 4, 5, 6, 8, 10, 11, 12, 16, 17, 18, 19], 3.5073475173643964], [[2, 3, 4, 5, 6, 7, 8, 10, 11, 12, 16, 17, 18, 19], 15.194712889053633], [[2, 3, 4, 5, 6, 7, 8, 10, 11, 12, 14, 16, 17, 18, 19], 67.47281325261035], [[0, 2, 3, 4, 5, 6, 7, 8, 10, 11, 12, 14, 16, 17, 18, 19], 296.0498097457695], [[0, 2, 3, 4, 5, 6, 7, 8, 10, 11, 12, 13, 14, 16, 17, 18, 19], 1314.6091801760895], [[0, 1, 2, 3, 4, 5, 6, 7, 8, 10, 11, 12, 13, 14, 16, 17, 18, 19], 7505.456509649244], [[0, 1, 2, 3, 4, 5, 6, 7, 8, 9, 10, 11, 12, 13, 14, 16, 17, 18, 19], 2210256.273667089]]}