{"costs": 2139623, "root_join": 1, "join_operands": {"0": [0, 14], "1": [0, 1, 2, 3, 4, 5, 6, 7, 8, 9, 10, 11, 12, 13, 14, 15, 16, 17, 18, 19], "2": [1, 2, 3, 4, 5, 6, 7, 8, 9, 10, 11, 12, 13, 15, 16, 17, 18, 19], "3": [2, 4, 10, 12, 17], "4": [2, 4, 10, 12], "5": [2, 4, 12], "6": [2, 4], "7": [2, 4, 10, 12, 13, 17], "8": [1, 2, 4, 7, 10, 12, 13, 17], "9": [1, 7], "10": [1, 2, 4, 5, 6, 7, 8, 10, 12, 13, 17, 19], "11": [5, 6, 8, 19], "12": [5, 8, 19], "13": [8, 19], "14": [1, 2, 3, 4, 5, 6, 7, 8, 10, 12, 13, 16, 17, 18, 19], "15": [3, 16, 18], "16": [3, 16], "17": [1, 2, 3, 4, 5, 6, 7, 8, 9, 10, 12, 13, 16, 17, 18, 19], "18": [1, 2, 3, 4, 5, 6, 7, 8, 9, 10, 11, 12, 13, 16, 17, 18, 19]}, "join_predecessors": {"0": [], "1": [0, 2], "3": [4], "4": [5], "5": [6], "6": [], "7": [3], "8": [7, 9], "9": [], "10": [8, 11], "11": [12], "13": [], "12": [13], "14": [10, 15], "16": [], "15": [16], "17": [14], "18": [17], "2": [18]}, "intermediate_costs": [[[0, 14], 680092.0], [[1, 2, 3, 4, 5, 6, 7, 8, 9, 10, 11, 12, 13, 15, 16, 17, 18, 19], 502763.6613718672], [[2, 4, 10, 12, 17], 521.0920234357402], [[2, 4, 10, 12], 75103.30841665497], [[2, 4, 12], 16913.031462616822], [[2, 4], 1667.0], [[2, 4, 10, 12, 13, 17], 2313.9091300664045], [[1, 2, 4, 7, 10, 12, 13, 17], 57232.20138685464], [[1, 7], 234080.0], [[1, 2, 4, 5, 6, 7, 8, 10, 12, 13, 17, 19], 189435.41779408377], [[5, 6, 8, 19], 196785.35818367745], [[5, 8, 19], 14436.092945939936], [[8, 19], 3376.0000000000005], [[1, 2, 3, 4, 5, 6, 7, 8, 10, 12, 13, 16, 17, 18, 19], 173.49960902376588], [[3, 16, 18], 158.8152351885099], [[3, 16], 38.0], [[1, 2, 3, 4, 5, 6, 7, 8, 9, 10, 12, 13, 16, 17, 18, 19], 51093.307759568495], [[1, 2, 3, 4, 5, 6, 7, 8, 9, 10, 11, 12, 13, 16, 17, 18, 19], 113441.07776472195]]}