{"costs": 51040575, "root_join": 0, "join_operands": {"0": [0, 1, 2, 3, 4, 5, 6, 7, 8, 9, 10, 11, 12, 13, 14, 15, 16, 17, 18, 19], "1": [0, 1, 2, 3, 4, 5, 7, 8, 9, 10, 11, 12, 13, 14, 15, 16, 17, 18, 19], "2": [], "3": [0, 1, 2, 3, 4, 5, 7, 8, 9, 10, 11, 12, 13, 14, 15, 16, 17, 19], "4": [], "5": [], "6": [], "7": [0, 1, 2, 3, 4, 5, 7, 8, 9, 10, 11, 12, 13, 15, 16, 17, 19], "8": [], "9": [], "10": [], "11": [], "12": [], "13": [], "14": [], "15": [0, 3, 7, 10, 15], "16": [3, 7, 10, 15], "17": [3, 7, 15], "18": [7, 15], "19": [0, 1, 3, 7, 10, 15], "20": [0, 1, 3, 7, 10, 13, 15], "21": [0, 1, 3, 7, 9, 10, 13, 15], "22": [0, 1, 2, 3, 7, 9, 10, 13, 15], "23": [0, 1, 2, 3, 7, 9, 10, 12, 13, 15], "24": [0, 1, 2, 3, 7, 9, 10, 12, 13, 15, 19], "26": [4, 5, 8, 11, 16, 17], "27": [5, 8, 11, 16, 17], "28": [5, 11, 16], "29": [11, 16], "30": [5, 11, 16, 17]}, "join_predecessors": {"0": [1], "1": [3], "2": [], "3": [7], "4": [], "5": [], "6": [], "7": [24, 26], "8": [], "9": [], "10": [], "11": [], "12": [], "13": [], "14": [], "15": [16], "17": [18], "18": [], "16": [17], "19": [15], "20": [19], "21": [20], "22": [21], "23": [22], "24": [23], "26": [27], "28": [29], "29": [], "30": [28], "27": [30]}, "intermediate_costs": [[[0, 1, 2, 3, 4, 5, 7, 8, 9, 10, 11, 12, 13, 14, 15, 16, 17, 18, 19], 30267351.63051319], [[0, 1, 2, 3, 4, 5, 7, 8, 9, 10, 11, 12, 13, 14, 15, 16, 17, 19], 3878004.54518049], [[0, 1, 2, 3, 4, 5, 7, 8, 9, 10, 11, 12, 13, 15, 16, 17, 19], 3878004.5451804902], [[0, 3, 7, 10, 15], 3558.8902933376003], [[3, 7, 10, 15], 3558.8902933376003], [[3, 7, 15], 3594.69344], [[7, 15], 4652.0], [[0, 1, 3, 7, 10, 15], 454722.37801164045], [[0, 1, 3, 7, 10, 13, 15], 454722.37801164045], [[0, 1, 3, 7, 9, 10, 13, 15], 2514281.8458752227], [[0, 1, 2, 3, 7, 9, 10, 13, 15], 2514281.8458752227], [[0, 1, 2, 3, 7, 9, 10, 12, 13, 15], 2514281.8458752227], [[0, 1, 2, 3, 7, 9, 10, 12, 13, 15, 19], 2514281.8458752227], [[4, 5, 8, 11, 16, 17], 405648.7131924686], [[5, 8, 11, 16, 17], 405648.7131924686], [[5, 11, 16], 409166.0], [[11, 16], 409166.0], [[5, 11, 16, 17], 405648.7131924686]]}