{"costs": 1996418.3927957444, "join_operands": {"0": [0, 1, 2, 3, 4, 5, 6, 7, 8, 9, 10, 11, 12, 13, 14, 15, 16, 17, 18, 19, 20, 21, 22, 23, 24, 25, 26, 27, 28, 29, 30, 31, 32, 33, 34, 35, 36, 37, 38, 39, 40, 41, 42, 43, 44, 45, 46, 47, 48, 49, 50, 51, 52, 53, 54, 55, 56, 57, 58, 59], "1": [1, 2, 3, 5, 6, 7, 8, 9, 10, 12, 14, 15, 16, 19, 20, 21, 22, 23, 24, 25, 26, 27, 30, 31, 33, 34, 35, 37, 38, 39, 40, 41, 43, 44, 45, 46, 48, 49, 50, 51, 52, 53, 55, 56], "2": [0, 4, 11, 13, 17, 18, 28, 29, 32, 36, 42, 47, 54, 57, 58, 59], "3": [1, 2, 3, 5, 6, 7, 8, 9, 10, 12, 14, 16, 19, 20, 21, 22, 23, 24, 25, 26, 27, 30, 31, 33, 34, 35, 37, 38, 39, 40, 41, 43, 44, 45, 46, 48, 49, 50, 51, 52, 53, 55, 56], "4": [0, 4, 11, 13, 17, 28, 29, 36, 42, 47, 54, 57, 58, 59], "5": [], "6": [18, 32], "7": [1, 2, 3, 5, 6, 7, 8, 9, 10, 12, 14, 16, 19, 20, 21, 22, 23, 24, 25, 26, 27, 30, 31, 33, 34, 35, 37, 38, 39, 40, 41, 43, 45, 46, 48, 49, 50, 51, 52, 53, 55, 56], "8": [0, 4, 11, 17, 28, 29, 36, 42, 47, 54, 57, 58, 59], "9": [], "10": [], "11": [], "12": [], "13": [], "14": [], "15": [1, 2, 3, 5, 6, 7, 8, 9, 10, 12, 14, 16, 19, 20, 21, 22, 23, 24, 25, 26, 27, 30, 31, 33, 34, 35, 37, 38, 39, 40, 41, 43, 45, 46, 48, 49, 50, 51, 52, 53, 56], "16": [0, 4, 11, 17, 28, 36, 42, 47, 54, 57, 58, 59], "17": [], "18": [], "19": [], "20": [], "21": [], "22": [], "23": [], "24": [], "25": [], "26": [], "27": [], "28": [], "29": [], "30": []}, "join_predecessors": {"0": [1, 2], "1": [3, 5], "2": [4, 6], "3": [7, 11], "4": [8, 12], "5": [9, 13], "6": [10, 14], "7": [15, 23], "8": [16, 24], "9": [17, 25], "10": [18, 26], "11": [19, 27], "12": [20, 28], "13": [21, 29], "14": [22, 30], "15": [], "16": [], "17": [], "18": [], "19": [], "20": [], "21": [], "22": [], "23": [], "24": [], "25": [], "26": [], "27": [], "28": [], "29": [], "30": []}, "leaf_joins": [15, 16], "opt_time": 8.458594799041748, "status": 2, "intermediate_costs": [[[1, 2, 3, 5, 6, 7, 8, 9, 10, 12, 14, 15, 16, 19, 20, 21, 22, 23, 24, 25, 26, 27, 30, 31, 33, 34, 35, 37, 38, 39, 40, 41, 43, 44, 45, 46, 48, 49, 50, 51, 52, 53, 55, 56], 141404.65821645272], [[0, 4, 11, 13, 17, 18, 28, 29, 32, 36, 42, 47, 54, 57, 58, 59], 1119006.1512619294], [[1, 2, 3, 5, 6, 7, 8, 9, 10, 12, 14, 16, 19, 20, 21, 22, 23, 24, 25, 26, 27, 30, 31, 33, 34, 35, 37, 38, 39, 40, 41, 43, 44, 45, 46, 48, 49, 50, 51, 52, 53, 55, 56], 72429.87961526615], [[0, 4, 11, 13, 17, 28, 29, 36, 42, 47, 54, 57, 58, 59], 293586.89584780176], [[18, 32], 83949.0], [[1, 2, 3, 5, 6, 7, 8, 9, 10, 12, 14, 16, 19, 20, 21, 22, 23, 24, 25, 26, 27, 30, 31, 33, 34, 35, 37, 38, 39, 40, 41, 43, 45, 46, 48, 49, 50, 51, 52, 53, 55, 56], 37099.58422101036], [[0, 4, 11, 17, 28, 29, 36, 42, 47, 54, 57, 58, 59], 150379.2560269273], [[1, 2, 3, 5, 6, 7, 8, 9, 10, 12, 14, 16, 19, 20, 21, 22, 23, 24, 25, 26, 27, 30, 31, 33, 34, 35, 37, 38, 39, 40, 41, 43, 45, 46, 48, 49, 50, 51, 52, 53, 56], 21536.641555468254], [[0, 4, 11, 17, 28, 36, 42, 47, 54, 57, 58, 59], 77026.32605088828]]}