{"costs": 1538.0, "root_join": 0, "join_operands": {"0": [0, 1, 2, 3, 4, 5], "1": [3], "2": [0, 1, 2, 4, 5], "3": [0], "4": [1, 2, 4, 5], "5": [2], "6": [1, 4, 5], "7": [4], "8": [1, 5], "9": [1], "10": [5]}, "join_predecessors": {"0": [1, 2], "2": [3, 4], "4": [5, 6], "6": [7, 8], "8": [9, 10]}, "intermediate_costs": [[[0, 1, 2, 4, 5], 7.906392762556974], [[1, 2, 4, 5], 8.06774200610454], [[1, 4, 5], 80.72670000000001], [[1, 5], 1441.5500000000002]]}