{"costs": 897419, "root_join": 27, "join_operands": {"0": [0, 7, 11, 13, 14, 19, 28], "1": [7, 11, 13, 14, 19, 28], "2": [7, 11, 13], "3": [11, 13], "4": [7, 11, 13, 19], "5": [7, 11, 13, 14, 19], "6": [0, 6, 7, 11, 13, 14, 19, 28], "7": [0, 6, 7, 11, 13, 14, 16, 19, 28], "8": [0, 6, 7, 11, 13, 14, 16, 19, 22, 28], "9": [0, 6, 7, 11, 13, 14, 16, 19, 22, 28, 29], "10": [0, 6, 7, 11, 13, 14, 16, 19, 22, 23, 28, 29], "11": [0, 6, 7, 11, 13, 14, 15, 16, 19, 22, 23, 28, 29], "12": [0, 6, 7, 11, 13, 14, 15, 16, 19, 22, 23, 27, 28, 29], "13": [0, 6, 7, 11, 13, 14, 15, 16, 19, 22, 23, 24, 27, 28, 29], "14": [0, 1, 6, 7, 11, 13, 14, 15, 16, 19, 22, 23, 24, 27, 28, 29], "15": [0, 1, 6, 7, 11, 13, 14, 15, 16, 19, 20, 22, 23, 24, 27, 28, 29], "16": [0, 1, 6, 7, 9, 11, 13, 14, 15, 16, 19, 20, 22, 23, 24, 27, 28, 29], "17": [0, 1, 6, 7, 9, 10, 11, 13, 14, 15, 16, 19, 20, 22, 23, 24, 27, 28, 29], "18": [0, 1, 6, 7, 9, 10, 11, 13, 14, 15, 16, 19, 20, 22, 23, 24, 26, 27, 28, 29], "19": [0, 1, 6, 7, 9, 10, 11, 13, 14, 15, 16, 17, 19, 20, 22, 23, 24, 26, 27, 28, 29], "20": [0, 1, 2, 6, 7, 9, 10, 11, 13, 14, 15, 16, 17, 19, 20, 22, 23, 24, 26, 27, 28, 29], "21": [0, 1, 2, 6, 7, 9, 10, 11, 12, 13, 14, 15, 16, 17, 19, 20, 22, 23, 24, 26, 27, 28, 29], "22": [0, 1, 2, 3, 6, 7, 9, 10, 11, 12, 13, 14, 15, 16, 17, 19, 20, 22, 23, 24, 26, 27, 28, 29], "23": [0, 1, 2, 3, 6, 7, 9, 10, 11, 12, 13, 14, 15, 16, 17, 18, 19, 20, 22, 23, 24, 26, 27, 28, 29], "24": [0, 1, 2, 3, 6, 7, 8, 9, 10, 11, 12, 13, 14, 15, 16, 17, 18, 19, 20, 22, 23, 24, 26, 27, 28, 29], "25": [0, 1, 2, 3, 6, 7, 8, 9, 10, 11, 12, 13, 14, 15, 16, 17, 18, 19, 20, 22, 23, 24, 25, 26, 27, 28, 29], "26": [0, 1, 2, 3, 4, 6, 7, 8, 9, 10, 11, 12, 13, 14, 15, 16, 17, 18, 19, 20, 22, 23, 24, 25, 26, 27, 28, 29], "27": [0, 1, 2, 3, 4, 5, 6, 7, 8, 9, 10, 11, 12, 13, 14, 15, 16, 17, 18, 19, 20, 21, 22, 23, 24, 25, 26, 27, 28, 29], "28": [5, 21]}, "join_predecessors": {"0": [1], "2": [3], "3": [], "4": [2], "5": [4], "1": [5], "6": [0], "7": [6], "8": [7], "9": [8], "10": [9], "11": [10], "12": [11], "13": [12], "14": [13], "15": [14], "16": [15], "17": [16], "18": [17], "19": [18], "20": [19], "21": [20], "22": [21], "23": [22], "24": [23], "25": [24], "26": [25], "27": [26, 28], "28": []}, "intermediate_costs": [[[0, 7, 11, 13, 14, 19, 28], 6.2342419311191115], [[7, 11, 13, 14, 19, 28], 1.4062968838140888], [[7, 11, 13], 127.66967716535433], [[11, 13], 171.0], [[7, 11, 13, 19], 565.9712852083035], [[7, 11, 13, 14, 19], 0.3877217181505804], [[0, 6, 7, 11, 13, 14, 19, 28], 23.7985490860981], [[0, 6, 7, 11, 13, 14, 16, 19, 28], 102.7250218577462], [[0, 6, 7, 11, 13, 14, 16, 19, 22, 28], 455.3885823138771], [[0, 6, 7, 11, 13, 14, 16, 19, 22, 28, 29], 2018.7836232245893], [[0, 6, 7, 11, 13, 14, 16, 19, 22, 23, 28, 29], 4.734442732046279], [[0, 6, 7, 11, 13, 14, 15, 16, 19, 22, 23, 28, 29], 20.988263251146577], [[0, 6, 7, 11, 13, 14, 15, 16, 19, 22, 23, 27, 28, 29], 0.012632881277524368], [[0, 6, 7, 11, 13, 14, 15, 16, 19, 22, 23, 24, 27, 28, 29], 0.05323726674516336], [[0, 1, 6, 7, 11, 13, 14, 15, 16, 19, 22, 23, 24, 27, 28, 29], 0.2360061721439263], [[0, 1, 6, 7, 11, 13, 14, 15, 16, 19, 20, 22, 23, 24, 27, 28, 29], 1.0462390604785918], [[0, 1, 6, 7, 9, 11, 13, 14, 15, 16, 19, 20, 22, 23, 24, 27, 28, 29], 4.638083247770804], [[0, 1, 6, 7, 9, 10, 11, 13, 14, 15, 16, 19, 20, 22, 23, 24, 27, 28, 29], 20.561091610846773], [[0, 1, 6, 7, 9, 10, 11, 13, 14, 15, 16, 19, 20, 22, 23, 24, 26, 27, 28, 29], 91.1493956250978], [[0, 1, 6, 7, 9, 10, 11, 13, 14, 15, 16, 17, 19, 20, 22, 23, 24, 26, 27, 28, 29], 0.4440007228181428], [[0, 1, 2, 6, 7, 9, 10, 11, 13, 14, 15, 16, 17, 19, 20, 22, 23, 24, 26, 27, 28, 29], 1.9354950856258033], [[0, 1, 2, 6, 7, 9, 10, 11, 12, 13, 14, 15, 16, 17, 19, 20, 22, 23, 24, 26, 27, 28, 29], 8.580245202586141], [[0, 1, 2, 3, 6, 7, 9, 10, 11, 12, 13, 14, 15, 16, 17, 19, 20, 22, 23, 24, 26, 27, 28, 29], 38.037094408953095], [[0, 1, 2, 3, 6, 7, 9, 10, 11, 12, 13, 14, 15, 16, 17, 18, 19, 20, 22, 23, 24, 26, 27, 28, 29], 168.62228547126549], [[0, 1, 2, 3, 6, 7, 8, 9, 10, 11, 12, 13, 14, 15, 16, 17, 18, 19, 20, 22, 23, 24, 26, 27, 28, 29], 25387.981557971416], [[0, 1, 2, 3, 6, 7, 8, 9, 10, 11, 12, 13, 14, 15, 16, 17, 18, 19, 20, 22, 23, 24, 25, 26, 27, 28, 29], 114104.9403455571], [[0, 1, 2, 3, 4, 6, 7, 8, 9, 10, 11, 12, 13, 14, 15, 16, 17, 18, 19, 20, 22, 23, 24, 25, 26, 27, 28, 29], 505838.69949933136], [[5, 21], 248253.0]]}