{"costs": 906686, "root_join": 1, "join_operands": {"0": [5, 21], "1": [0, 1, 2, 3, 4, 5, 6, 7, 8, 9, 10, 11, 12, 13, 14, 15, 16, 17, 18, 19, 20, 21, 22, 23, 24, 25, 26, 27, 28, 29], "2": [0, 1, 2, 3, 4, 6, 7, 8, 9, 10, 11, 12, 13, 14, 15, 16, 17, 18, 19, 20, 22, 23, 24, 25, 26, 27, 28, 29], "3": [0, 1, 2, 6, 7, 8, 9, 11, 13, 14, 15, 16, 17, 19, 20, 22, 23, 24, 25, 26, 27, 28, 29], "4": [0, 1, 2, 6, 7, 8, 9, 11, 13, 14, 15, 16, 17, 19, 20, 22, 23, 24, 26, 27, 28, 29], "5": [0, 1, 2, 6, 7, 9, 11, 13, 14, 15, 16, 17, 19, 20, 22, 23, 24, 26, 27, 28, 29], "6": [0, 6, 7, 11, 13, 14, 15, 17, 19, 23, 24, 26, 27, 28, 29], "7": [0, 6, 7, 11, 13, 14, 15, 17, 19, 23, 26, 27, 28, 29], "8": [23, 29], "9": [15, 23, 27, 29], "10": [15, 27], "11": [7, 11, 13, 14, 15, 19, 23, 27, 29], "12": [7, 11, 13, 14, 19], "13": [7, 11, 13, 19], "14": [7, 11, 13], "15": [11, 13], "16": [7, 11, 13, 14, 15, 19, 23, 26, 27, 29], "17": [7, 11, 13, 14, 15, 17, 19, 23, 26, 27, 29], "18": [7, 11, 13, 14, 15, 17, 19, 23, 26, 27, 28, 29], "19": [0, 7, 11, 13, 14, 15, 17, 19, 23, 26, 27, 28, 29], "20": [0, 6, 7, 11, 13, 14, 15, 16, 17, 19, 23, 24, 26, 27, 28, 29], "21": [0, 6, 7, 9, 11, 13, 14, 15, 16, 17, 19, 23, 24, 26, 27, 28, 29], "22": [0, 2, 6, 7, 9, 11, 13, 14, 15, 16, 17, 19, 23, 24, 26, 27, 28, 29], "23": [0, 2, 6, 7, 9, 11, 13, 14, 15, 16, 17, 19, 22, 23, 24, 26, 27, 28, 29], "24": [0, 1, 2, 6, 7, 9, 11, 13, 14, 15, 16, 17, 19, 22, 23, 24, 26, 27, 28, 29], "25": [0, 1, 2, 4, 6, 7, 8, 9, 11, 13, 14, 15, 16, 17, 19, 20, 22, 23, 24, 25, 26, 27, 28, 29], "26": [0, 1, 2, 4, 6, 7, 8, 9, 11, 12, 13, 14, 15, 16, 17, 19, 20, 22, 23, 24, 25, 26, 27, 28, 29], "27": [0, 1, 2, 4, 6, 7, 8, 9, 10, 11, 12, 13, 14, 15, 16, 17, 19, 20, 22, 23, 24, 25, 26, 27, 28, 29], "28": [0, 1, 2, 3, 4, 6, 7, 8, 9, 10, 11, 12, 13, 14, 15, 16, 17, 19, 20, 22, 23, 24, 25, 26, 27, 28, 29]}, "join_predecessors": {"0": [], "1": [0, 2], "3": [4], "4": [5], "6": [7], "8": [], "9": [8, 10], "10": [], "11": [9, 12], "12": [13], "13": [14], "14": [15], "15": [], "16": [11], "17": [16], "18": [17], "19": [18], "7": [19], "20": [6], "21": [20], "22": [21], "23": [22], "24": [23], "5": [24], "25": [3], "26": [25], "27": [26], "28": [27], "2": [28]}, "intermediate_costs": [[[5, 21], 248253.0], [[0, 1, 2, 3, 4, 6, 7, 8, 9, 10, 11, 12, 13, 14, 15, 16, 17, 18, 19, 20, 22, 23, 24, 25, 26, 27, 28, 29], 505838.69949933136], [[0, 1, 2, 6, 7, 8, 9, 11, 13, 14, 15, 16, 17, 19, 20, 22, 23, 24, 25, 26, 27, 28, 29], 295.44314733406753], [[0, 1, 2, 6, 7, 8, 9, 11, 13, 14, 15, 16, 17, 19, 20, 22, 23, 24, 26, 27, 28, 29], 65.73514830498216], [[0, 1, 2, 6, 7, 9, 11, 13, 14, 15, 16, 17, 19, 20, 22, 23, 24, 26, 27, 28, 29], 0.4366007166685667], [[0, 6, 7, 11, 13, 14, 15, 17, 19, 23, 24, 26, 27, 28, 29], 6.007884877017882e-05], [[0, 6, 7, 11, 13, 14, 15, 17, 19, 23, 26, 27, 28, 29], 1.4256347295909264e-05], [[23, 29], 3954.0], [[15, 23, 27, 29], 10.550431254185268], [[15, 27], 443.00000000000006], [[7, 11, 13, 14, 15, 19, 23, 27, 29], 1.0755742731244115e-05], [[7, 11, 13, 14, 19], 0.3877217181505804], [[7, 11, 13, 19], 565.9712852083035], [[7, 11, 13], 127.66967716535433], [[11, 13], 171.0], [[7, 11, 13, 14, 15, 19, 23, 26, 27, 29], 4.768129377599542e-05], [[7, 11, 13, 14, 15, 17, 19, 23, 26, 27, 29], 2.3226186807120108e-07], [[7, 11, 13, 14, 15, 17, 19, 23, 26, 27, 28, 29], 8.424318938216285e-07], [[0, 7, 11, 13, 14, 15, 17, 19, 23, 26, 27, 28, 29], 3.7345771700288993e-06], [[0, 6, 7, 11, 13, 14, 15, 16, 17, 19, 23, 24, 26, 27, 28, 29], 0.0002593267778963039], [[0, 6, 7, 9, 11, 13, 14, 15, 16, 17, 19, 23, 24, 26, 27, 28, 29], 0.0011496217544286938], [[0, 2, 6, 7, 9, 11, 13, 14, 15, 16, 17, 19, 23, 24, 26, 27, 28, 29], 0.005011449625357072], [[0, 2, 6, 7, 9, 11, 13, 14, 15, 16, 17, 19, 22, 23, 24, 26, 27, 28, 29], 0.022216173810010016], [[0, 1, 2, 6, 7, 9, 11, 13, 14, 15, 16, 17, 19, 22, 23, 24, 26, 27, 28, 29], 0.09848653886914573], [[0, 1, 2, 4, 6, 7, 8, 9, 11, 13, 14, 15, 16, 17, 19, 20, 22, 23, 24, 25, 26, 27, 28, 29], 1309.7292454723504], [[0, 1, 2, 4, 6, 7, 8, 9, 11, 12, 13, 14, 15, 16, 17, 19, 20, 22, 23, 24, 25, 26, 27, 28, 29], 5806.16202986503], [[0, 1, 2, 4, 6, 7, 8, 9, 10, 11, 12, 13, 14, 15, 16, 17, 19, 20, 22, 23, 24, 25, 26, 27, 28, 29], 25739.302859829622], [[0, 1, 2, 3, 4, 6, 7, 8, 9, 10, 11, 12, 13, 14, 15, 16, 17, 19, 20, 22, 23, 24, 25, 26, 27, 28, 29], 114104.93171044625]]}