{"costs": 2969028, "root_join": 28, "join_operands": {"0": [14, 19], "1": [7, 14, 19], "2": [7, 14, 19, 28], "3": [7, 11, 14, 19, 28], "4": [7, 11, 13, 14, 19, 28], "5": [7, 11, 13, 14, 16, 19, 28], "6": [0, 7, 11, 13, 14, 16, 19, 28], "7": [0, 6, 7, 11, 13, 14, 16, 19, 28], "8": [0, 6, 7, 11, 13, 14, 16, 19, 22, 28], "9": [0, 1, 6, 7, 11, 13, 14, 16, 19, 22, 28], "10": [0, 1, 6, 7, 11, 13, 14, 16, 19, 20, 22, 28], "11": [0, 1, 6, 7, 11, 13, 14, 16, 19, 20, 22, 26, 28], "12": [0, 1, 6, 7, 11, 13, 14, 16, 17, 19, 20, 22, 26, 28], "13": [0, 1, 3, 6, 7, 11, 13, 14, 16, 17, 19, 20, 22, 26, 28], "14": [0, 1, 3, 6, 7, 11, 13, 14, 16, 17, 19, 20, 22, 26, 28, 29], "15": [0, 1, 3, 6, 7, 11, 13, 14, 16, 17, 19, 20, 22, 23, 26, 28, 29], "16": [0, 1, 3, 6, 7, 11, 13, 14, 16, 17, 19, 20, 22, 23, 24, 26, 28, 29], "17": [0, 1, 3, 6, 7, 9, 11, 13, 14, 16, 17, 19, 20, 22, 23, 24, 26, 28, 29], "18": [0, 1, 2, 3, 6, 7, 9, 11, 13, 14, 16, 17, 19, 20, 22, 23, 24, 26, 28, 29], "19": [0, 1, 2, 3, 6, 7, 9, 11, 12, 13, 14, 16, 17, 19, 20, 22, 23, 24, 26, 28, 29], "20": [0, 1, 2, 3, 6, 7, 9, 11, 12, 13, 14, 15, 16, 17, 19, 20, 22, 23, 24, 26, 28, 29], "21": [0, 1, 2, 3, 6, 7, 9, 11, 12, 13, 14, 15, 16, 17, 19, 20, 22, 23, 24, 26, 27, 28, 29], "22": [0, 1, 2, 3, 6, 7, 9, 10, 11, 12, 13, 14, 15, 16, 17, 19, 20, 22, 23, 24, 26, 27, 28, 29], "23": [0, 1, 2, 3, 6, 7, 9, 10, 11, 12, 13, 14, 15, 16, 17, 18, 19, 20, 22, 23, 24, 26, 27, 28, 29], "24": [0, 1, 2, 3, 6, 7, 8, 9, 10, 11, 12, 13, 14, 15, 16, 17, 18, 19, 20, 22, 23, 24, 26, 27, 28, 29], "25": [0, 1, 2, 3, 6, 7, 8, 9, 10, 11, 12, 13, 14, 15, 16, 17, 18, 19, 20, 22, 23, 24, 25, 26, 27, 28, 29], "26": [0, 1, 2, 3, 6, 7, 8, 9, 10, 11, 12, 13, 14, 15, 16, 17, 18, 19, 20, 21, 22, 23, 24, 25, 26, 27, 28, 29], "27": [0, 1, 2, 3, 5, 6, 7, 8, 9, 10, 11, 12, 13, 14, 15, 16, 17, 18, 19, 20, 21, 22, 23, 24, 25, 26, 27, 28, 29], "28": [0, 1, 2, 3, 4, 5, 6, 7, 8, 9, 10, 11, 12, 13, 14, 15, 16, 17, 18, 19, 20, 21, 22, 23, 24, 25, 26, 27, 28, 29]}, "join_predecessors": {"0": [], "1": [0], "2": [1], "3": [2], "4": [3], "5": [4], "6": [5], "7": [6], "8": [7], "9": [8], "10": [9], "11": [10], "12": [11], "13": [12], "14": [13], "15": [14], "16": [15], "17": [16], "18": [17], "19": [18], "20": [19], "21": [20], "22": [21], "23": [22], "24": [23], "25": [24], "26": [25], "27": [26], "28": [27]}, "intermediate_costs": [[[14, 19], 2347.0], [[7, 14, 19], 233.84231056625802], [[7, 14, 19, 28], 848.1642819025633], [[7, 11, 14, 19, 28], 3133.328144638408], [[7, 11, 13, 14, 19, 28], 1.4062968838140888], [[7, 11, 13, 14, 16, 19, 28], 6.070196868122095], [[0, 7, 11, 13, 14, 16, 19, 28], 26.90973455246417], [[0, 6, 7, 11, 13, 14, 16, 19, 28], 102.7250218577462], [[0, 6, 7, 11, 13, 14, 16, 19, 22, 28], 455.3885823138771], [[0, 1, 6, 7, 11, 13, 14, 16, 19, 22, 28], 2018.7835086351715], [[0, 1, 6, 7, 11, 13, 14, 16, 19, 20, 22, 28], 8949.47001680987], [[0, 1, 6, 7, 11, 13, 14, 16, 19, 20, 22, 26, 28], 39673.9044130721], [[0, 1, 6, 7, 11, 13, 14, 16, 17, 19, 20, 22, 26, 28], 193.25681882603286], [[0, 1, 3, 6, 7, 11, 13, 14, 16, 17, 19, 20, 22, 26, 28], 856.7270152890429], [[0, 1, 3, 6, 7, 11, 13, 14, 16, 17, 19, 20, 22, 26, 28, 29], 3797.9574701930283], [[0, 1, 3, 6, 7, 11, 13, 14, 16, 17, 19, 20, 22, 23, 26, 28, 29], 8.90695364006123], [[0, 1, 3, 6, 7, 11, 13, 14, 16, 17, 19, 20, 22, 23, 24, 26, 28, 29], 37.53552783452324], [[0, 1, 3, 6, 7, 9, 11, 13, 14, 16, 17, 19, 20, 22, 23, 24, 26, 28, 29], 166.3987796115162], [[0, 1, 2, 3, 6, 7, 9, 11, 13, 14, 16, 17, 19, 20, 22, 23, 24, 26, 28, 29], 725.3682339704978], [[0, 1, 2, 3, 6, 7, 9, 11, 12, 13, 14, 16, 17, 19, 20, 22, 23, 24, 26, 28, 29], 3215.630644508402], [[0, 1, 2, 3, 6, 7, 9, 11, 12, 13, 14, 15, 16, 17, 19, 20, 22, 23, 24, 26, 28, 29], 14255.215725510809], [[0, 1, 2, 3, 6, 7, 9, 11, 12, 13, 14, 15, 16, 17, 19, 20, 22, 23, 24, 26, 27, 28, 29], 8.58024533478436], [[0, 1, 2, 3, 6, 7, 9, 10, 11, 12, 13, 14, 15, 16, 17, 19, 20, 22, 23, 24, 26, 27, 28, 29], 38.037094408953095], [[0, 1, 2, 3, 6, 7, 9, 10, 11, 12, 13, 14, 15, 16, 17, 18, 19, 20, 22, 23, 24, 26, 27, 28, 29], 168.62228547126549], [[0, 1, 2, 3, 6, 7, 8, 9, 10, 11, 12, 13, 14, 15, 16, 17, 18, 19, 20, 22, 23, 24, 26, 27, 28, 29], 25387.981557971416], [[0, 1, 2, 3, 6, 7, 8, 9, 10, 11, 12, 13, 14, 15, 16, 17, 18, 19, 20, 22, 23, 24, 25, 26, 27, 28, 29], 114104.9403455571], [[0, 1, 2, 3, 6, 7, 8, 9, 10, 11, 12, 13, 14, 15, 16, 17, 18, 19, 20, 21, 22, 23, 24, 25, 26, 27, 28, 29], 505838.69949933136], [[0, 1, 2, 3, 5, 6, 7, 8, 9, 10, 11, 12, 13, 14, 15, 16, 17, 18, 19, 20, 21, 22, 23, 24, 25, 26, 27, 28, 29], 2242428.119050134]]}