{"costs": 4307289, "root_join": 27, "join_operands": {"0": [0, 7, 11, 13, 28], "1": [7, 11, 13, 28], "2": [7, 11, 13], "3": [11, 13], "4": [0, 6, 7, 11, 13, 28], "5": [0, 6, 7, 11, 13, 16, 28], "6": [0, 3, 6, 7, 11, 13, 14, 16, 17, 18, 19, 26, 28], "7": [3, 14, 17, 18, 19, 26], "8": [14, 19], "9": [14, 19, 26], "10": [14, 17, 19, 26], "11": [3, 14, 17, 19, 26], "12": [0, 3, 6, 7, 11, 13, 14, 16, 17, 18, 19, 22, 26, 28], "13": [0, 1, 3, 6, 7, 11, 13, 14, 16, 17, 18, 19, 22, 26, 28], "14": [0, 1, 3, 6, 7, 11, 13, 14, 16, 17, 18, 19, 20, 22, 26, 28], "15": [0, 1, 3, 4, 6, 7, 8, 9, 10, 11, 13, 14, 15, 16, 17, 18, 19, 20, 22, 23, 24, 25, 26, 27, 28, 29], "16": [4, 8, 9, 10, 15, 23, 24, 25, 27, 29], "17": [23, 29], "18": [15, 23, 27, 29], "19": [15, 27], "20": [15, 23, 24, 27, 29], "21": [10, 15, 23, 24, 27, 29], "22": [9, 10, 15, 23, 24, 27, 29], "23": [8, 9, 10, 15, 23, 24, 27, 29], "24": [8, 9, 10, 15, 23, 24, 25, 27, 29], "25": [0, 1, 2, 3, 4, 6, 7, 8, 9, 10, 11, 13, 14, 15, 16, 17, 18, 19, 20, 22, 23, 24, 25, 26, 27, 28, 29], "26": [0, 1, 2, 3, 4, 6, 7, 8, 9, 10, 11, 12, 13, 14, 15, 16, 17, 18, 19, 20, 22, 23, 24, 25, 26, 27, 28, 29], "27": [0, 1, 2, 3, 4, 5, 6, 7, 8, 9, 10, 11, 12, 13, 14, 15, 16, 17, 18, 19, 20, 21, 22, 23, 24, 25, 26, 27, 28, 29], "28": [5, 21]}, "join_predecessors": {"0": [1], "2": [3], "3": [], "1": [2], "4": [0], "5": [4], "6": [5, 7], "8": [], "9": [8], "10": [9], "11": [10], "7": [11], "12": [6], "13": [12], "14": [13], "15": [14, 16], "17": [], "18": [17, 19], "19": [], "20": [18], "21": [20], "22": [21], "23": [22], "24": [23], "16": [24], "25": [15], "26": [25], "27": [26, 28], "28": []}, "intermediate_costs": [[[0, 7, 11, 13, 28], 2052.8219531091045], [[7, 11, 13, 28], 463.0678673652725], [[7, 11, 13], 127.66967716535433], [[11, 13], 171.0], [[0, 6, 7, 11, 13, 28], 7836.427356504107], [[0, 6, 7, 11, 13, 16, 28], 33825.472661010375], [[0, 3, 6, 7, 11, 13, 14, 16, 17, 18, 19, 26, 28], 43.594231247853465], [[3, 14, 17, 18, 19, 26], 996.0149814365479], [[14, 19], 2347.0], [[14, 19, 26], 10404.488029188558], [[14, 17, 19, 26], 50.68163287130382], [[3, 14, 17, 19, 26], 224.6768022136055], [[0, 3, 6, 7, 11, 13, 14, 16, 17, 18, 19, 22, 26, 28], 193.2568599743384], [[0, 1, 3, 6, 7, 11, 13, 14, 16, 17, 18, 19, 22, 26, 28], 856.7271490744224], [[0, 1, 3, 6, 7, 11, 13, 14, 16, 17, 18, 19, 20, 22, 26, 28], 3797.9574830250644], [[0, 1, 3, 4, 6, 7, 8, 9, 10, 11, 13, 14, 15, 16, 17, 18, 19, 20, 22, 23, 24, 25, 26, 27, 28, 29], 26175.56292440206], [[4, 8, 9, 10, 15, 23, 24, 25, 27, 29], 2621174.091113818], [[23, 29], 3954.0], [[15, 23, 27, 29], 10.550431254185268], [[15, 27], 443.00000000000006], [[15, 23, 24, 27, 29], 44.46144237537232], [[10, 15, 23, 24, 27, 29], 197.10206587382712], [[9, 10, 15, 23, 24, 27, 29], 873.7733318924589], [[8, 9, 10, 15, 23, 24, 27, 29], 131556.4023695622], [[8, 9, 10, 15, 23, 24, 25, 27, 29], 591273.2924505263], [[0, 1, 2, 3, 4, 6, 7, 8, 9, 10, 11, 13, 14, 15, 16, 17, 18, 19, 20, 22, 23, 24, 25, 26, 27, 28, 29], 114104.93451926197], [[0, 1, 2, 3, 4, 6, 7, 8, 9, 10, 11, 12, 13, 14, 15, 16, 17, 18, 19, 20, 22, 23, 24, 25, 26, 27, 28, 29], 505838.69949933136], [[5, 21], 248253.0]]}