{"costs": 1625111.1552987606, "int_costs": [[[0, 1, 2, 3, 4, 5, 6, 7, 8, 9, 10, 11, 12, 13, 14, 15, 16, 17, 18, 19, 20, 22, 23, 24, 25, 26, 27, 28, 29, 30, 31, 32, 34, 35, 36, 37, 38, 39, 40, 41, 42, 43, 44, 45, 46, 47, 48, 49], 305631.4883285263], [[21, 33], 937291.0000000001], [[0, 1, 2, 3, 4, 5, 6, 7, 8, 11, 12, 13, 14, 15, 16, 17, 18, 19, 20, 22, 23, 24, 25, 26, 27, 28, 29, 30, 31, 32, 34, 35, 36, 37, 38, 39, 40, 41, 42, 43, 44, 45, 46, 47, 48, 49], 109204.83490741719], [[9, 10], 117105.0], [[0, 1, 2, 3, 4, 5, 6, 7, 8, 12, 13, 14, 15, 16, 17, 18, 19, 20, 22, 23, 24, 25, 26, 27, 28, 29, 30, 31, 32, 34, 35, 36, 37, 38, 39, 40, 41, 42, 43, 44, 45, 46, 47, 48, 49], 65277.38957381606], [[0, 1, 2, 3, 4, 5, 6, 7, 8, 12, 13, 14, 15, 16, 17, 18, 19, 20, 22, 23, 24, 25, 26, 27, 28, 29, 30, 31, 32, 34, 35, 36, 37, 38, 40, 41, 42, 43, 44, 45, 46, 47, 48, 49], 39300.73351570599], [[0, 1, 2, 3, 4, 5, 6, 7, 8, 12, 13, 14, 15, 16, 17, 18, 19, 20, 22, 23, 24, 25, 26, 27, 28, 29, 30, 31, 34, 35, 36, 37, 38, 40, 41, 42, 43, 44, 45, 46, 47, 48, 49], 23492.084457552257], [[0, 1, 2, 3, 4, 5, 6, 7, 8, 12, 13, 14, 15, 16, 17, 18, 19, 20, 22, 23, 25, 26, 27, 28, 29, 30, 31, 34, 35, 36, 37, 38, 40, 41, 42, 43, 44, 45, 46, 47, 48, 49], 14042.436083635124], [[0, 1, 2, 3, 4, 5, 6, 7, 8, 12, 13, 14, 15, 16, 17, 18, 20, 22, 23, 25, 26, 27, 28, 29, 30, 31, 34, 35, 36, 37, 38, 40, 41, 42, 43, 44, 45, 46, 47, 48, 49], 8393.89163270205], [[0, 1, 2, 3, 4, 5, 6, 7, 8, 12, 13, 14, 15, 16, 17, 18, 20, 22, 23, 25, 26, 27, 28, 29, 30, 31, 34, 35, 36, 37, 38, 40, 41, 42, 43, 44, 45, 46, 47, 49], 351.685215247208], [[0, 1, 2, 3, 4, 5, 6, 7, 8, 12, 13, 14, 15, 16, 17, 18, 20, 22, 23, 25, 26, 27, 28, 30, 31, 34, 35, 36, 37, 38, 40, 41, 42, 43, 44, 45, 46, 47, 49], 210.22051211616503], [[0, 1, 2, 3, 4, 5, 6, 7, 8, 12, 13, 14, 15, 16, 17, 18, 20, 22, 23, 25, 26, 27, 28, 30, 31, 34, 35, 36, 37, 40, 41, 42, 43, 44, 45, 46, 47, 49], 137.97942075254858], [[0, 1, 2, 3, 4, 5, 6, 7, 8, 12, 13, 14, 16, 17, 18, 20, 22, 23, 25, 26, 27, 28, 30, 31, 34, 35, 36, 37, 40, 41, 42, 43, 44, 45, 46, 47, 49], 75.39175657432133], [[0, 1, 2, 3, 4, 5, 6, 7, 8, 12, 13, 14, 16, 17, 18, 20, 22, 23, 25, 26, 28, 30, 31, 34, 35, 36, 37, 40, 41, 42, 43, 44, 45, 46, 47, 49], 45.06592418207419], [[0, 1, 2, 3, 4, 5, 6, 7, 8, 12, 13, 14, 16, 17, 18, 20, 22, 23, 25, 26, 28, 30, 31, 34, 35, 36, 37, 40, 41, 42, 43, 44, 45, 46, 49], 26.93823776995338], [[0, 1, 2, 3, 5, 6, 7, 8, 12, 13, 16, 17, 18, 20, 22, 23, 25, 26, 28, 30, 31, 34, 35, 36, 37, 41, 42, 45, 49], 0.012529115095968383], [[3, 5, 6, 7, 12, 13, 17, 20, 25, 26, 35, 37, 45, 49], 0.0005541272229799075], [[3, 5, 6, 7, 12, 13, 17, 20, 25, 35, 37, 45, 49], 0.03194737998201478], [[3, 5, 6, 7, 12, 17, 20, 25, 35, 37, 45, 49], 113.2558875423148], [[3, 5, 6, 7, 12, 25, 35, 49], 2.460338453252341], [[3, 6, 7, 12, 25, 35, 49], 11.015709152034065], [[3, 6, 7, 25, 35, 49], 6.584664000249441], [[7, 25], 1068.0], [[6, 7, 25, 35, 49], 3.9359951356462077], [[6, 35, 49], 969.2970946782177], [[6, 35], 2145.0], [[3, 5, 6, 7, 12, 20, 25, 35, 49], 75.17827886269436], [[3, 5, 6, 7, 12, 20, 25, 35, 45, 49], 125.76838373761932], [[3, 5, 6, 7, 12, 17, 20, 25, 35, 45, 49], 0.04309784578350608], [[3, 5, 6, 7, 12, 13, 17, 20, 25, 26, 30, 35, 37, 45, 49], 0.000927018903150535], [[3, 5, 6, 7, 12, 13, 17, 18, 20, 25, 26, 30, 35, 37, 45, 49], 0.0015508424944070398], [[3, 5, 6, 7, 12, 13, 17, 18, 20, 22, 25, 26, 30, 35, 37, 45, 49], 0.25784106994855915], [[3, 5, 6, 7, 12, 13, 17, 18, 20, 22, 25, 26, 30, 35, 36, 37, 45, 49], 0.024028594465291216], [[3, 5, 6, 7, 8, 12, 13, 17, 18, 20, 22, 25, 26, 30, 35, 36, 37, 45, 49], 0.04019827243092329], [[3, 5, 6, 7, 8, 12, 13, 17, 18, 20, 22, 25, 26, 28, 30, 35, 36, 37, 45, 49], 0.01630277182780089], [[0, 3, 5, 6, 7, 8, 12, 13, 17, 18, 20, 22, 25, 26, 28, 30, 35, 36, 37, 45, 49], 0.0965935489177439], [[0, 3, 5, 6, 7, 8, 12, 13, 17, 18, 20, 22, 25, 26, 28, 30, 35, 36, 37, 41, 45, 49], 3.597384109174384], [[0, 3, 5, 6, 7, 8, 12, 13, 17, 18, 20, 22, 25, 26, 28, 30, 34, 35, 36, 37, 41, 45, 49], 0.000915861960414723], [[0, 3, 5, 6, 7, 8, 12, 13, 16, 17, 18, 20, 22, 25, 26, 28, 30, 34, 35, 36, 37, 41, 45, 49], 0.001532177647933091], [[0, 3, 5, 6, 7, 8, 12, 13, 16, 17, 18, 20, 22, 25, 26, 28, 30, 34, 35, 36, 37, 41, 42, 45, 49], 0.001780007382486269], [[0, 3, 5, 6, 7, 8, 12, 13, 16, 17, 18, 20, 22, 25, 26, 28, 30, 31, 34, 35, 36, 37, 41, 42, 45, 49], 0.0029778188503458416], [[0, 2, 3, 5, 6, 7, 8, 12, 13, 16, 17, 18, 20, 22, 25, 26, 28, 30, 31, 34, 35, 36, 37, 41, 42, 45, 49], 0.004643955527663866], [[0, 2, 3, 5, 6, 7, 8, 12, 13, 16, 17, 18, 20, 22, 23, 25, 26, 28, 30, 31, 34, 35, 36, 37, 41, 42, 45, 49], 0.00757481037209781], [[0, 1, 2, 3, 5, 6, 7, 8, 12, 13, 16, 17, 18, 20, 22, 23, 25, 26, 28, 30, 31, 34, 35, 36, 37, 41, 42, 44, 45, 49], 0.020960269871922906], [[0, 1, 2, 3, 5, 6, 7, 8, 12, 13, 16, 17, 18, 20, 22, 23, 25, 26, 28, 30, 31, 34, 35, 36, 37, 41, 42, 43, 44, 45, 49], 0.03506517156566272], [[0, 1, 2, 3, 5, 6, 7, 8, 12, 13, 16, 17, 18, 20, 22, 23, 25, 26, 28, 30, 31, 34, 35, 36, 37, 40, 41, 42, 43, 44, 45, 49], 0.058661756954590215], [[0, 1, 2, 3, 4, 5, 6, 7, 8, 12, 13, 16, 17, 18, 20, 22, 23, 25, 26, 28, 30, 31, 34, 35, 36, 37, 40, 41, 42, 43, 44, 45, 49], 0.09813731400877994], [[0, 1, 2, 3, 4, 5, 6, 7, 8, 12, 13, 16, 17, 18, 20, 22, 23, 25, 26, 28, 30, 31, 34, 35, 36, 37, 40, 41, 42, 43, 44, 45, 46, 49], 0.16417736075217762]]}