{"costs": 4305736, "root_join": 0, "join_operands": {"0": [0, 1, 2, 3, 4, 5, 6, 7, 8, 9, 10, 11, 12, 13, 14, 15, 16, 17, 18, 19], "1": [1, 2, 3, 4, 5, 6, 7, 8, 9, 10, 11, 12, 13, 15, 16, 17, 18, 19], "2": [0, 14], "3": [1, 2, 3, 4, 5, 6, 7, 8, 9, 11, 12, 13, 15, 16, 17, 18, 19], "4": [], "5": [], "6": [], "7": [1, 2, 3, 4, 5, 6, 7, 8, 9, 11, 12, 13, 15, 17, 18, 19], "8": [], "9": [], "10": [], "11": [], "12": [], "13": [], "14": [], "15": [1, 2, 3, 4, 6, 7, 8, 9, 11, 12, 13, 15, 17, 18, 19], "16": [], "17": [], "18": [], "19": [1, 2, 6, 7, 9, 15, 17, 19], "20": [2, 6, 7, 9, 15, 17, 19], "21": [2, 19], "22": [2, 6, 9, 15, 17, 19], "23": [6, 9, 15, 17], "24": [9, 15, 17], "25": [9, 15], "26": [1, 2, 6, 7, 9, 11, 15, 17, 19], "27": [1, 2, 6, 7, 9, 11, 13, 15, 17, 19], "28": [1, 2, 6, 7, 9, 11, 12, 13, 15, 17, 19], "29": [1, 2, 3, 6, 7, 9, 11, 12, 13, 15, 17, 19], "30": [1, 2, 3, 6, 7, 8, 9, 11, 12, 13, 15, 17, 19], "31": [1, 2, 3, 6, 7, 8, 9, 11, 12, 13, 15, 17, 18, 19]}, "join_predecessors": {"0": [1, 2], "1": [3], "2": [], "3": [7], "4": [], "5": [], "6": [], "7": [15], "8": [], "9": [], "10": [], "11": [], "12": [], "13": [], "14": [], "15": [31], "16": [], "17": [], "18": [], "19": [20], "21": [], "22": [21, 23], "23": [24], "25": [], "24": [25], "20": [22], "26": [19], "27": [26], "28": [27], "29": [28], "30": [29], "31": [30]}, "intermediate_costs": [[[1, 2, 3, 4, 5, 6, 7, 8, 9, 10, 11, 12, 13, 15, 16, 17, 18, 19], 1799518.6890787121], [[0, 14], 1306330.0], [[1, 2, 3, 4, 5, 6, 7, 8, 9, 11, 12, 13, 15, 16, 17, 18, 19], 769417.6811068178], [[1, 2, 3, 4, 5, 6, 7, 8, 9, 11, 12, 13, 15, 17, 18, 19], 301563.7847646053], [[1, 2, 3, 4, 6, 7, 8, 9, 11, 12, 13, 15, 17, 18, 19], 119493.05104975474], [[1, 2, 6, 7, 9, 15, 17, 19], 9.107207411349231], [[2, 6, 7, 9, 15, 17, 19], 7.995586431411247], [[2, 19], 257.0], [[2, 6, 9, 15, 17, 19], 3.133771354601323], [[6, 9, 15, 17], 2604.6395357339075], [[9, 15, 17], 1020.8562981795355], [[9, 15], 1418.0], [[1, 2, 6, 7, 9, 11, 15, 17, 19], 23.154164122614283], [[1, 2, 6, 7, 9, 11, 13, 15, 17, 19], 58.94218682486122], [[1, 2, 6, 7, 9, 11, 12, 13, 15, 17, 19], 150.38664148952336], [[1, 2, 3, 6, 7, 9, 11, 12, 13, 15, 17, 19], 383.70042321163305], [[1, 2, 3, 6, 7, 8, 9, 11, 12, 13, 15, 17, 19], 978.9833799614707], [[1, 2, 3, 6, 7, 8, 9, 11, 12, 13, 15, 17, 18, 19], 2497.8041258547323]], "time_in_s": 10}