{"costs": 12370.033741702184, "int_costs": [[[0, 1, 2, 3, 4, 5, 6, 7, 8, 9, 10, 11, 12, 13, 14, 15, 16, 17, 18, 19, 20, 21, 22, 23, 24, 25, 26, 27, 28, 29, 30, 31, 32, 33, 34, 35, 37, 38, 39], 10147.680427639632], [[0, 1, 2, 3, 4, 5, 6, 7, 8, 9, 10, 11, 12, 14, 15, 16, 17, 18, 19, 20, 21, 22, 23, 24, 25, 26, 27, 28, 29, 30, 31, 32, 33, 34, 35, 37, 38, 39], 101.9929814835956], [[0, 1, 2, 3, 4, 5, 6, 7, 8, 9, 10, 11, 12, 14, 15, 16, 17, 18, 19, 20, 22, 23, 24, 25, 26, 27, 28, 29, 30, 31, 32, 33, 34, 35, 37, 38, 39], 32.444763128518865], [[0, 1, 2, 3, 4, 6, 7, 8, 9, 10, 11, 12, 14, 15, 16, 17, 18, 19, 20, 22, 23, 24, 25, 26, 27, 28, 29, 30, 31, 32, 33, 34, 35, 37, 38, 39], 9.90809550753747], [[0, 1, 2, 3, 4, 6, 7, 8, 9, 10, 11, 12, 14, 15, 16, 17, 18, 19, 20, 22, 23, 24, 25, 26, 27, 28, 29, 31, 32, 33, 34, 35, 37, 38, 39], 3.0257691107040854], [[0, 1, 2, 3, 4, 6, 7, 8, 9, 10, 11, 12, 14, 15, 16, 17, 18, 19, 20, 22, 24, 25, 26, 27, 28, 29, 31, 32, 33, 34, 35, 37, 38, 39], 0.9240200303202791], [[0, 2, 3, 4, 6, 7, 8, 9, 10, 11, 12, 14, 15, 16, 17, 18, 19, 20, 22, 24, 25, 26, 27, 28, 29, 31, 32, 33, 34, 35, 37, 38, 39], 0.2821818151023891], [[0, 2, 3, 4, 6, 7, 8, 9, 10, 11, 12, 14, 15, 16, 17, 18, 19, 20, 22, 24, 25, 26, 27, 28, 31, 32, 33, 34, 35, 37, 38, 39], 0.08617366904439057], [[0, 3, 4, 6, 7, 8, 9, 10, 11, 12, 14, 15, 16, 17, 18, 19, 20, 22, 24, 25, 26, 27, 28, 31, 32, 33, 34, 35, 37, 38, 39], 0.0017868901109245226], [[0, 4, 6, 7, 8, 9, 10, 11, 12, 14, 15, 16, 17, 18, 19, 20, 22, 24, 25, 26, 27, 28, 31, 32, 33, 34, 35, 37, 38, 39], 0.000545686736603137], [[0, 4, 6, 7, 8, 9, 10, 11, 12, 14, 15, 16, 17, 18, 19, 20, 22, 24, 25, 26, 27, 28, 31, 32, 33, 34, 35, 37, 38], 0.00018955723474456222], [[0, 4, 6, 7, 8, 9, 10, 11, 12, 14, 15, 16, 17, 18, 19, 20, 22, 24, 25, 26, 27, 28, 31, 33, 34, 35, 37, 38], 5.7887650931441815e-05], [[0, 4, 6, 7, 8, 9, 10, 11, 12, 14, 15, 16, 17, 18, 19, 20, 22, 24, 25, 26, 27, 28, 31, 33, 34, 35, 38], 1.977828470897242e-05], [[7, 15, 16, 17, 19, 22, 26, 27, 34], 7.145722332118219e-05], [[17, 22], 2073.0], [[17, 22, 27], 0.42900947867298583], [[15, 17, 22, 27], 0.17818917592202901], [[15, 17, 19, 22, 27], 0.0028421876673561074], [[15, 16, 17, 19, 22, 27], 0.009306943783645067], [[15, 16, 17, 19, 22, 27, 34], 0.030476247366468614], [[15, 16, 17, 19, 22, 26, 27, 34], 2.5841676792377582e-05], [[7, 15, 16, 17, 19, 22, 25, 26, 27, 34], 0.008599683634876128], [[7, 14, 15, 16, 17, 19, 22, 25, 26, 27, 34], 0.028057875860500035], [[6, 7, 14, 15, 16, 17, 19, 22, 25, 26, 27, 34], 3.3404227330436106e-05], [[6, 7, 9, 14, 15, 16, 17, 19, 22, 25, 26, 27, 34], 0.00010883963946074631], [[6, 7, 9, 14, 15, 16, 17, 19, 20, 22, 25, 26, 27, 34], 4.4376461645263364e-08], [[6, 7, 9, 14, 15, 16, 17, 19, 20, 22, 25, 26, 27, 34, 35], 1.4531388528171263e-07], [[6, 7, 9, 14, 15, 16, 17, 19, 20, 22, 25, 26, 27, 31, 34, 35], 1.3733422106104056e-10], [[6, 7, 9, 14, 15, 16, 17, 19, 20, 22, 24, 25, 26, 27, 31, 34, 35], 6.117786415052656e-11], [[6, 7, 9, 11, 14, 15, 16, 17, 19, 20, 22, 24, 25, 26, 27, 31, 34, 35], 1.6694266809738763e-10], [[0, 6, 7, 9, 11, 14, 15, 16, 17, 19, 20, 22, 24, 25, 26, 27, 31, 34, 35], 5.450764983998851e-10], [[0, 6, 7, 9, 11, 14, 15, 16, 17, 19, 20, 22, 24, 25, 26, 27, 28, 31, 34, 35], 1.784891401317244e-09], [[0, 6, 7, 8, 9, 11, 14, 15, 16, 17, 19, 20, 22, 24, 25, 26, 27, 28, 31, 34, 35], 5.8447529731998364e-09], [[0, 6, 7, 8, 9, 10, 11, 14, 15, 16, 17, 19, 20, 22, 24, 25, 26, 27, 28, 31, 34, 35], 1.9139059639974684e-08], [[0, 4, 6, 7, 8, 9, 10, 11, 14, 15, 16, 17, 19, 20, 22, 24, 25, 26, 27, 28, 31, 34, 35], 6.267221436344493e-08], [[0, 4, 6, 7, 8, 9, 10, 11, 14, 15, 16, 17, 19, 20, 22, 24, 25, 26, 27, 28, 31, 34, 35, 38], 2.0522463104790175e-07], [[0, 4, 6, 7, 8, 9, 10, 11, 14, 15, 16, 17, 18, 19, 20, 22, 24, 25, 26, 27, 28, 31, 34, 35, 38], 1.8568024718183409e-06], [[0, 4, 6, 7, 8, 9, 10, 11, 12, 14, 15, 16, 17, 18, 19, 20, 22, 24, 25, 26, 27, 28, 31, 34, 35, 38], 6.039964792005084e-06]]}