{"costs": 29378016, "root_join": 1, "join_operands": {"0": [0, 24], "1": [0, 1, 2, 3, 4, 5, 6, 7, 8, 9, 10, 11, 12, 13, 14, 15, 16, 17, 18, 19, 20, 21, 22, 23, 24, 25, 26, 27, 28, 29], "2": [1, 2, 3, 4, 5, 6, 7, 8, 9, 10, 11, 12, 13, 14, 15, 16, 17, 18, 19, 20, 21, 22, 23, 25, 26, 27, 28, 29], "3": [1, 2, 3, 4, 6, 8, 9, 10, 14, 15, 21, 23, 25, 28], "4": [1, 2, 3, 4, 6, 8, 9, 10, 14, 15, 21, 25, 28], "5": [1, 2, 3, 4, 6, 9, 10, 15, 21, 25], "6": [1, 2, 3, 4, 6, 9, 15, 21, 25], "7": [1, 2, 3, 4, 6, 9, 15, 25], "8": [1, 2, 3, 4, 9, 15, 25], "9": [1, 3, 4, 9, 15, 25], "10": [4, 9], "11": [4, 9, 25], "12": [1, 3, 15], "13": [1, 3], "14": [1, 2, 3, 4, 6, 9, 10, 14, 15, 21, 25], "15": [1, 2, 3, 4, 6, 8, 9, 10, 14, 15, 21, 25], "16": [1, 2, 3, 4, 6, 8, 9, 10, 14, 15, 21, 22, 23, 25, 28], "17": [1, 2, 3, 4, 6, 8, 9, 10, 14, 15, 16, 21, 22, 23, 25, 28], "18": [1, 2, 3, 4, 6, 8, 9, 10, 14, 15, 16, 20, 21, 22, 23, 25, 28], "19": [1, 2, 3, 4, 6, 8, 9, 10, 14, 15, 16, 20, 21, 22, 23, 25, 28, 29], "20": [1, 2, 3, 4, 6, 8, 9, 10, 13, 14, 15, 16, 20, 21, 22, 23, 25, 28, 29], "21": [1, 2, 3, 4, 6, 7, 8, 9, 10, 13, 14, 15, 16, 20, 21, 22, 23, 25, 28, 29], "22": [1, 2, 3, 4, 6, 7, 8, 9, 10, 11, 13, 14, 15, 16, 20, 21, 22, 23, 25, 26, 28, 29], "23": [11, 26], "24": [1, 2, 3, 4, 6, 7, 8, 9, 10, 11, 12, 13, 14, 15, 16, 20, 21, 22, 23, 25, 26, 28, 29], "25": [1, 2, 3, 4, 5, 6, 7, 8, 9, 10, 11, 12, 13, 14, 15, 16, 20, 21, 22, 23, 25, 26, 28, 29], "26": [1, 2, 3, 4, 5, 6, 7, 8, 9, 10, 11, 12, 13, 14, 15, 16, 17, 20, 21, 22, 23, 25, 26, 28, 29], "27": [1, 2, 3, 4, 5, 6, 7, 8, 9, 10, 11, 12, 13, 14, 15, 16, 17, 19, 20, 21, 22, 23, 25, 26, 28, 29], "28": [18, 27]}, "join_predecessors": {"0": [], "1": [0, 2], "3": [4], "5": [6], "7": [8], "8": [9], "10": [], "11": [10], "9": [11, 12], "13": [], "12": [13], "6": [7], "14": [5], "15": [14], "4": [15], "16": [3], "17": [16], "18": [17], "19": [18], "20": [19], "21": [20], "22": [21, 23], "23": [], "24": [22], "25": [24], "26": [25], "27": [26], "2": [27, 28], "28": []}, "intermediate_costs": [[[0, 24], 11073472.0], [[1, 2, 3, 4, 5, 6, 7, 8, 9, 10, 11, 12, 13, 14, 15, 16, 17, 18, 19, 20, 21, 22, 23, 25, 26, 27, 28, 29], 361848.1567970146], [[1, 2, 3, 4, 6, 8, 9, 10, 14, 15, 21, 23, 25, 28], 0.014279835379674654], [[1, 2, 3, 4, 6, 8, 9, 10, 14, 15, 21, 25, 28], 0.009807054481602389], [[1, 2, 3, 4, 6, 9, 10, 15, 21, 25], 0.0039572464967378195], [[1, 2, 3, 4, 6, 9, 15, 21, 25], 0.0016465216946658812], [[1, 2, 3, 4, 6, 9, 15, 25], 0.001147421606358935], [[1, 2, 3, 4, 9, 15, 25], 0.0074948878948069815], [[1, 3, 4, 9, 15, 25], 0.00020466180662890646], [[4, 9], 629.0], [[4, 9, 25], 0.016945250996830592], [[1, 3, 15], 2023.940262295082], [[1, 3], 1668.0], [[1, 2, 3, 4, 6, 9, 10, 14, 15, 21, 25], 0.004897750172638131], [[1, 2, 3, 4, 6, 8, 9, 10, 14, 15, 21, 25], 0.006735311004027761], [[1, 2, 3, 4, 6, 8, 9, 10, 14, 15, 21, 22, 23, 25, 28], 0.020400229377206695], [[1, 2, 3, 4, 6, 8, 9, 10, 14, 15, 16, 21, 22, 23, 25, 28], 0.15122191892187367], [[1, 2, 3, 4, 6, 8, 9, 10, 14, 15, 16, 20, 21, 22, 23, 25, 28], 24.328285658866214], [[1, 2, 3, 4, 6, 8, 9, 10, 14, 15, 16, 20, 21, 22, 23, 25, 28, 29], 34.24308353717002], [[1, 2, 3, 4, 6, 8, 9, 10, 13, 14, 15, 16, 20, 21, 22, 23, 25, 28, 29], 49.65832339054697], [[1, 2, 3, 4, 6, 7, 8, 9, 10, 13, 14, 15, 16, 20, 21, 22, 23, 25, 28, 29], 84.91966770830014], [[1, 2, 3, 4, 6, 7, 8, 9, 10, 11, 13, 14, 15, 16, 20, 21, 22, 23, 25, 26, 28, 29], 165.75433628673957], [[11, 26], 3733337.0], [[1, 2, 3, 4, 6, 7, 8, 9, 10, 11, 12, 13, 14, 15, 16, 20, 21, 22, 23, 25, 26, 28, 29], 241.3512287828552], [[1, 2, 3, 4, 5, 6, 7, 8, 9, 10, 11, 12, 13, 14, 15, 16, 20, 21, 22, 23, 25, 26, 28, 29], 9548.587142716502], [[1, 2, 3, 4, 5, 6, 7, 8, 9, 10, 11, 12, 13, 14, 15, 16, 17, 20, 21, 22, 23, 25, 26, 28, 29], 119343.25589978234], [[1, 2, 3, 4, 5, 6, 7, 8, 9, 10, 11, 12, 13, 14, 15, 16, 17, 19, 20, 21, 22, 23, 25, 26, 28, 29], 173773.07994006283], [[18, 27], 13901773.0]]}