{"costs": 7746224, "root_join": 28, "join_operands": {"0": [1, 2, 3, 4, 6, 9, 25], "1": [1, 2, 3, 4, 9, 25], "2": [1, 3, 4, 9, 25], "3": [4, 9], "4": [4, 9, 25], "5": [3, 4, 9, 25], "6": [1, 2, 3, 4, 6, 9, 15, 25], "7": [1, 2, 3, 4, 6, 9, 15, 21, 25], "8": [1, 2, 3, 4, 6, 9, 15, 21, 25, 28], "9": [1, 2, 3, 4, 6, 9, 15, 21, 22, 25, 28], "10": [1, 2, 3, 4, 6, 9, 10, 15, 21, 22, 25, 28], "11": [1, 2, 3, 4, 6, 9, 10, 14, 15, 21, 22, 25, 28], "12": [1, 2, 3, 4, 6, 8, 9, 10, 14, 15, 21, 22, 25, 28], "13": [1, 2, 3, 4, 6, 8, 9, 10, 14, 15, 21, 22, 23, 25, 28], "14": [1, 2, 3, 4, 6, 8, 9, 10, 14, 15, 16, 21, 22, 23, 25, 28], "15": [1, 2, 3, 4, 6, 8, 9, 10, 14, 15, 16, 20, 21, 22, 23, 25, 28], "16": [1, 2, 3, 4, 6, 8, 9, 10, 11, 14, 15, 16, 20, 21, 22, 23, 25, 28], "17": [1, 2, 3, 4, 6, 8, 9, 10, 11, 14, 15, 16, 20, 21, 22, 23, 25, 26, 28], "18": [1, 2, 3, 4, 6, 8, 9, 10, 11, 14, 15, 16, 20, 21, 22, 23, 25, 26, 28, 29], "19": [1, 2, 3, 4, 6, 8, 9, 10, 11, 13, 14, 15, 16, 20, 21, 22, 23, 25, 26, 28, 29], "20": [1, 2, 3, 4, 6, 8, 9, 10, 11, 12, 13, 14, 15, 16, 20, 21, 22, 23, 25, 26, 28, 29], "21": [1, 2, 3, 4, 5, 6, 8, 9, 10, 11, 12, 13, 14, 15, 16, 20, 21, 22, 23, 25, 26, 28, 29], "22": [1, 2, 3, 4, 5, 6, 8, 9, 10, 11, 12, 13, 14, 15, 16, 17, 20, 21, 22, 23, 25, 26, 28, 29], "23": [1, 2, 3, 4, 5, 6, 8, 9, 10, 11, 12, 13, 14, 15, 16, 17, 18, 20, 21, 22, 23, 25, 26, 28, 29], "24": [1, 2, 3, 4, 5, 6, 8, 9, 10, 11, 12, 13, 14, 15, 16, 17, 18, 20, 21, 22, 23, 25, 26, 27, 28, 29], "25": [1, 2, 3, 4, 5, 6, 8, 9, 10, 11, 12, 13, 14, 15, 16, 17, 18, 19, 20, 21, 22, 23, 25, 26, 27, 28, 29], "26": [1, 2, 3, 4, 5, 6, 7, 8, 9, 10, 11, 12, 13, 14, 15, 16, 17, 18, 19, 20, 21, 22, 23, 25, 26, 27, 28, 29], "27": [0, 1, 2, 3, 4, 5, 6, 7, 8, 9, 10, 11, 12, 13, 14, 15, 16, 17, 18, 19, 20, 21, 22, 23, 25, 26, 27, 28, 29], "28": [0, 1, 2, 3, 4, 5, 6, 7, 8, 9, 10, 11, 12, 13, 14, 15, 16, 17, 18, 19, 20, 21, 22, 23, 24, 25, 26, 27, 28, 29]}, "join_predecessors": {"0": [1], "1": [2], "3": [], "4": [3], "5": [4], "2": [5], "6": [0], "7": [6], "8": [7], "9": [8], "10": [9], "11": [10], "12": [11], "13": [12], "14": [13], "15": [14], "16": [15], "17": [16], "18": [17], "19": [18], "20": [19], "21": [20], "22": [21], "23": [22], "24": [23], "25": [24], "26": [25], "27": [26], "28": [27]}, "intermediate_costs": [[[1, 2, 3, 4, 6, 9, 25], 0.0009456303009834908], [[1, 2, 3, 4, 9, 25], 0.006176799405315345], [[1, 3, 4, 9, 25], 0.00016866895719041966], [[4, 9], 629.0], [[4, 9, 25], 0.016945250996830592], [[3, 4, 9, 25], 0.006168349153846283], [[1, 2, 3, 4, 6, 9, 15, 25], 0.001147421606358935], [[1, 2, 3, 4, 6, 9, 15, 21, 25], 0.0016465216946658812], [[1, 2, 3, 4, 6, 9, 15, 21, 25, 28], 0.002397443556069239], [[1, 2, 3, 4, 6, 9, 15, 21, 22, 25, 28], 0.003424997359026479], [[1, 2, 3, 4, 6, 9, 10, 15, 21, 22, 25, 28], 0.008231630864174043], [[1, 2, 3, 4, 6, 9, 10, 14, 15, 21, 22, 25, 28], 0.010188011163655569], [[1, 2, 3, 4, 6, 8, 9, 10, 14, 15, 21, 22, 25, 28], 0.014010396872236902], [[1, 2, 3, 4, 6, 8, 9, 10, 14, 15, 21, 22, 23, 25, 28], 0.020400229377206695], [[1, 2, 3, 4, 6, 8, 9, 10, 14, 15, 16, 21, 22, 23, 25, 28], 0.15122191892187367], [[1, 2, 3, 4, 6, 8, 9, 10, 14, 15, 16, 20, 21, 22, 23, 25, 28], 24.328285658866214], [[1, 2, 3, 4, 6, 8, 9, 10, 11, 14, 15, 16, 20, 21, 22, 23, 25, 28], 35.423879695534616], [[1, 2, 3, 4, 6, 8, 9, 10, 11, 14, 15, 16, 20, 21, 22, 23, 25, 26, 28], 47.48627675076773], [[1, 2, 3, 4, 6, 8, 9, 10, 11, 14, 15, 16, 20, 21, 22, 23, 25, 26, 28, 29], 66.83892833415106], [[1, 2, 3, 4, 6, 8, 9, 10, 11, 13, 14, 15, 16, 20, 21, 22, 23, 25, 26, 28, 29], 96.92786908901049], [[1, 2, 3, 4, 6, 8, 9, 10, 11, 12, 13, 14, 15, 16, 20, 21, 22, 23, 25, 26, 28, 29], 141.13452976257318], [[1, 2, 3, 4, 5, 6, 8, 9, 10, 11, 12, 13, 14, 15, 16, 20, 21, 22, 23, 25, 26, 28, 29], 5583.7103588841455], [[1, 2, 3, 4, 5, 6, 8, 9, 10, 11, 12, 13, 14, 15, 16, 17, 20, 21, 22, 23, 25, 26, 28, 29], 69788.14397048025], [[1, 2, 3, 4, 5, 6, 8, 9, 10, 11, 12, 13, 14, 15, 16, 17, 18, 20, 21, 22, 23, 25, 26, 28, 29], 101616.97558540462], [[1, 2, 3, 4, 5, 6, 8, 9, 10, 11, 12, 13, 14, 15, 16, 17, 18, 20, 21, 22, 23, 25, 26, 27, 28, 29], 145320.0419231393], [[1, 2, 3, 4, 5, 6, 8, 9, 10, 11, 12, 13, 14, 15, 16, 17, 18, 19, 20, 21, 22, 23, 25, 26, 27, 28, 29], 211597.30452811474], [[1, 2, 3, 4, 5, 6, 7, 8, 9, 10, 11, 12, 13, 14, 15, 16, 17, 18, 19, 20, 21, 22, 23, 25, 26, 27, 28, 29], 361848.1567970146], [[0, 1, 2, 3, 4, 5, 6, 7, 8, 9, 10, 11, 12, 13, 14, 15, 16, 17, 18, 19, 20, 21, 22, 23, 25, 26, 27, 28, 29], 6849428.468259071]]}