{"costs": 23, "join_operands": {"0": [0, 1, 2, 3, 4, 5, 6, 7, 8], "1": [1, 2, 3, 4, 5, 6, 7, 8], "2": [], "3": [1, 2, 3, 4, 5, 6, 8], "4": [], "5": [], "6": [], "7": [1, 2, 3, 4, 5, 8], "8": [1, 2, 4, 5, 8], "9": [2, 4, 5, 8], "10": [4, 5, 8], "11": [4, 8]}, "join_predecessors": {"0": [1, 2], "1": [3, 5], "2": [4, 6], "3": [7], "4": [], "5": [], "6": [], "7": [8], "8": [9], "9": [10], "10": [11], "11": []}, "leaf_joins": [], "opt_time": 0.2657020092010498, "status": 2, "intermediate_costs": [[[1, 2, 3, 4, 5, 6, 7, 8], 7.290745141585063e-13], [[1, 2, 3, 4, 5, 6, 8], 4.191095058338831e-19], [[1, 2, 3, 4, 5, 8], 2.9637997950114233e-05], [[1, 2, 4, 5, 8], 5.927599590022846e-06], [[2, 4, 5, 8], 6.003222140936234e-06], [[4, 5, 8], 1.801312536473912e-05], [[4, 8], 23.0]]}