{"costs": 5878887164, "root_join": 21, "join_operands": {"0": [4, 9, 27], "1": [4, 9], "2": [0, 2, 3, 4, 8, 9, 11, 16, 18, 19, 22, 25, 26, 27, 29], "3": [0, 2, 3, 8, 11, 16, 18, 19, 22, 25, 26, 29], "4": [0, 11, 16, 25, 26, 29], "5": [0, 11, 16, 25, 26], "6": [0, 16, 25, 26], "7": [16, 25, 26], "8": [25, 26], "9": [0, 8, 11, 16, 25, 26, 29], "10": [0, 2, 8, 11, 16, 18, 25, 26, 29], "11": [2, 18], "12": [0, 2, 8, 11, 16, 18, 22, 25, 26, 29], "13": [0, 2, 8, 11, 16, 18, 19, 22, 25, 26, 29], "14": [0, 1, 2, 3, 4, 5, 6, 7, 8, 9, 10, 11, 12, 16, 18, 19, 22, 25, 26, 27, 28, 29], "15": [1, 5, 6, 7, 10, 12, 28], "16": [1, 5, 7, 12, 28], "17": [1, 5, 7, 12], "18": [1, 5, 7], "19": [1, 7], "20": [1, 5, 7, 10, 12, 28], "21": [0, 1, 2, 3, 4, 5, 6, 7, 8, 9, 10, 11, 12, 13, 14, 15, 16, 17, 18, 19, 20, 21, 22, 23, 24, 25, 26, 27, 28, 29], "22": [13, 14, 15, 17, 20, 21, 23, 24], "23": [13, 14], "24": [13, 14, 20], "25": [13, 14, 17, 20], "26": [15, 21, 23, 24], "27": [15, 23, 24], "28": [23, 24]}, "join_predecessors": {"0": [1], "1": [], "2": [0, 3], "4": [5], "5": [6], "6": [7], "7": [8], "8": [], "9": [4], "10": [9, 11], "11": [], "12": [10], "13": [12], "3": [13], "14": [2, 15], "16": [17], "17": [18], "19": [], "18": [19], "20": [16], "15": [20], "21": [14, 22], "23": [], "24": [23], "25": [24], "22": [25, 26], "26": [27], "27": [28], "28": []}, "intermediate_costs": [[[4, 9, 27], 2183000.0], [[4, 9], 2183000.0], [[0, 2, 3, 4, 8, 9, 11, 16, 18, 19, 22, 25, 26, 27, 29], 8682939.998941679], [[0, 2, 3, 8, 11, 16, 18, 19, 22, 25, 26, 29], 242629.1067042796], [[0, 11, 16, 25, 26, 29], 181255.05519167834], [[0, 11, 16, 25, 26], 225826.30379746834], [[0, 16, 25, 26], 225826.30379746834], [[16, 25, 26], 57000.0], [[25, 26], 57000.0], [[0, 8, 11, 16, 25, 26, 29], 181255.05519167834], [[0, 2, 8, 11, 16, 18, 25, 26, 29], 251615.6673335957], [[2, 18], 329000.0], [[0, 2, 8, 11, 16, 18, 22, 25, 26, 29], 242629.1067042796], [[0, 2, 8, 11, 16, 18, 19, 22, 25, 26, 29], 242629.1067042796], [[0, 1, 2, 3, 4, 5, 6, 7, 8, 9, 10, 11, 12, 16, 18, 19, 22, 25, 26, 27, 28, 29], 1848495914.2553082], [[1, 5, 6, 7, 10, 12, 28], 9579971.31750623], [[1, 5, 7, 12, 28], 9579971.31750623], [[1, 5, 7, 12], 9600752.68094529], [[1, 5, 7], 2028398.2252620084], [[1, 7], 2032633.0], [[1, 5, 7, 10, 12, 28], 9579971.31750623], [[13, 14, 15, 17, 20, 21, 23, 24], 3859374064.7259297], [[13, 14], 1701000.0], [[13, 14, 20], 1570153.7647058824], [[13, 14, 17, 20], 1570153.7647058824], [[15, 21, 23, 24], 54075105.02623907], [[15, 23, 24], 54075105.026239075], [[23, 24], 338364.0]]}