{"costs": 5870939796, "root_join": 21, "join_operands": {"0": [0, 2, 3, 16, 18, 19, 22, 25, 26], "1": [2, 3, 16, 18, 19, 22, 25, 26], "2": [2, 18], "3": [2, 16, 18, 25, 26], "4": [16, 25, 26], "5": [25, 26], "6": [2, 16, 18, 22, 25, 26], "7": [2, 3, 16, 18, 22, 25, 26], "8": [0, 2, 3, 11, 16, 18, 19, 22, 25, 26], "9": [0, 2, 3, 11, 16, 18, 19, 22, 25, 26, 29], "10": [0, 2, 3, 8, 11, 16, 18, 19, 22, 25, 26, 29], "11": [0, 2, 3, 4, 8, 9, 11, 16, 18, 19, 22, 25, 26, 27, 29], "12": [4, 9, 27], "13": [9, 27], "14": [0, 1, 2, 3, 4, 5, 6, 7, 8, 9, 10, 11, 12, 16, 18, 19, 22, 25, 26, 27, 28, 29], "15": [1, 5, 6, 7, 10, 12, 28], "16": [1, 7], "17": [1, 5, 7], "18": [1, 5, 6, 7], "19": [1, 5, 6, 7, 12], "20": [1, 5, 6, 7, 12, 28], "21": [0, 1, 2, 3, 4, 5, 6, 7, 8, 9, 10, 11, 12, 13, 14, 15, 16, 17, 18, 19, 20, 21, 22, 23, 24, 25, 26, 27, 28, 29], "22": [13, 14, 15, 17, 20, 21, 23, 24], "23": [13, 14], "24": [13, 14, 20], "25": [13, 14, 17, 20], "26": [15, 21, 23, 24], "27": [15, 23, 24], "28": [23, 24]}, "join_predecessors": {"0": [1], "2": [], "3": [2, 4], "4": [5], "5": [], "6": [3], "7": [6], "1": [7], "8": [0], "9": [8], "10": [9], "11": [10, 12], "12": [13], "13": [], "14": [11, 15], "16": [], "17": [16], "18": [17], "19": [18], "20": [19], "15": [20], "21": [14, 22], "23": [], "24": [23], "25": [24], "22": [25, 26], "27": [28], "28": [], "26": [27]}, "intermediate_costs": [[[0, 2, 3, 16, 18, 19, 22, 25, 26], 302292.4480796748], [[2, 3, 16, 18, 19, 22, 25, 26], 76300.542721519], [[2, 18], 329000.0], [[2, 16, 18, 25, 26], 79126.58227848102], [[16, 25, 26], 57000.0], [[25, 26], 57000.0], [[2, 16, 18, 22, 25, 26], 76300.54272151898], [[2, 3, 16, 18, 22, 25, 26], 76300.542721519], [[0, 2, 3, 11, 16, 18, 19, 22, 25, 26], 302292.4480796748], [[0, 2, 3, 11, 16, 18, 19, 22, 25, 26, 29], 242629.1067042796], [[0, 2, 3, 8, 11, 16, 18, 19, 22, 25, 26, 29], 242629.1067042796], [[0, 2, 3, 4, 8, 9, 11, 16, 18, 19, 22, 25, 26, 27, 29], 8682939.998941679], [[4, 9, 27], 2183000.0], [[9, 27], 2183000.0], [[0, 1, 2, 3, 4, 5, 6, 7, 8, 9, 10, 11, 12, 16, 18, 19, 22, 25, 26, 27, 28, 29], 1848495914.2553082], [[1, 5, 6, 7, 10, 12, 28], 9579971.31750623], [[1, 7], 2032633.0], [[1, 5, 7], 2028398.2252620084], [[1, 5, 6, 7], 2028398.2252620084], [[1, 5, 6, 7, 12], 9600752.68094529], [[1, 5, 6, 7, 12, 28], 9579971.31750623], [[13, 14, 15, 17, 20, 21, 23, 24], 3859374064.7259297], [[13, 14], 1701000.0], [[13, 14, 20], 1570153.7647058824], [[13, 14, 17, 20], 1570153.7647058824], [[15, 21, 23, 24], 54075105.02623907], [[15, 23, 24], 54075105.026239075], [[23, 24], 338364.0]]}