{"costs": 304, "join_operands": {"0": [0, 1, 2, 3, 4, 5, 6], "1": [0, 1, 2, 3, 4, 5], "2": [], "3": [0, 1, 2, 4, 5], "4": [], "5": [], "6": [1, 2, 4, 5], "7": [1, 2, 4], "8": [2, 4]}, "join_predecessors": {"0": [1, 2], "1": [3, 5], "2": [4], "3": [6], "4": [], "5": [], "6": [7], "7": [8], "8": []}, "leaf_joins": [], "opt_time": 0.18018794059753418, "status": 2, "intermediate_costs": [[[0, 1, 2, 3, 4, 5], 0.19602670845450004], [[0, 1, 2, 4, 5], 1.5127035000000002], [[1, 2, 4, 5], 15.127035000000001], [[1, 2, 4], 144.067], [[2, 4], 144.06699999999998]]}