{"costs": 2684465, "root_join": 27, "join_operands": {"0": [0, 1, 2, 3, 4, 5, 6, 7, 8, 9, 10, 12, 13, 14, 15, 16, 17, 18, 19, 20, 21, 24, 25, 26, 27, 29], "1": [1, 2, 3, 4, 5, 6, 7, 8, 9, 10, 12, 13, 14, 15, 16, 17, 18, 19, 20, 21, 24, 25, 26, 27, 29], "2": [1, 2, 5, 6, 7, 9, 10, 13, 15, 16, 17, 19, 20, 24, 25, 26, 27, 29], "3": [2, 5, 6, 7, 9, 10, 13, 15, 16, 17, 19, 20, 24, 25, 26, 27, 29], "4": [2, 5, 7, 9, 10, 13, 15, 16, 17, 19, 20, 25, 26, 27, 29], "5": [5, 7, 9, 10, 13, 15, 16, 17, 19, 20, 25, 26, 27, 29], "6": [5, 29], "7": [5, 7, 29], "8": [5, 7, 10, 29], "9": [5, 7, 9, 10, 15, 17, 19, 20, 25, 26, 27, 29], "10": [9, 15, 17, 19, 20, 25, 26, 27], "11": [9, 19], "12": [9, 19, 25], "13": [9, 17, 19, 25], "14": [9, 17, 19, 25, 26], "15": [9, 17, 19, 20, 25, 26], "16": [9, 15, 17, 19, 20, 25, 26], "17": [5, 7, 9, 10, 15, 16, 17, 19, 20, 25, 26, 27, 29], "18": [2, 5, 7, 9, 10, 13, 15, 16, 17, 19, 20, 24, 25, 26, 27, 29], "19": [1, 2, 3, 5, 6, 7, 9, 10, 13, 15, 16, 17, 19, 20, 24, 25, 26, 27, 29], "20": [1, 2, 3, 5, 6, 7, 9, 10, 13, 15, 16, 17, 19, 20, 21, 24, 25, 26, 27, 29], "21": [1, 2, 3, 5, 6, 7, 9, 10, 12, 13, 15, 16, 17, 19, 20, 21, 24, 25, 26, 27, 29], "22": [1, 2, 3, 5, 6, 7, 9, 10, 12, 13, 14, 15, 16, 17, 19, 20, 21, 24, 25, 26, 27, 29], "23": [1, 2, 3, 5, 6, 7, 8, 9, 10, 12, 13, 14, 15, 16, 17, 19, 20, 21, 24, 25, 26, 27, 29], "24": [1, 2, 3, 5, 6, 7, 8, 9, 10, 12, 13, 14, 15, 16, 17, 18, 19, 20, 21, 24, 25, 26, 27, 29], "25": [0, 1, 2, 3, 4, 5, 6, 7, 8, 9, 10, 12, 13, 14, 15, 16, 17, 18, 19, 20, 21, 22, 23, 24, 25, 26, 27, 29], "26": [22, 23], "27": [0, 1, 2, 3, 4, 5, 6, 7, 8, 9, 10, 11, 12, 13, 14, 15, 16, 17, 18, 19, 20, 21, 22, 23, 24, 25, 26, 27, 28, 29], "28": [11, 28]}, "join_predecessors": {"0": [1], "2": [3], "4": [5], "6": [], "7": [6], "8": [7], "9": [8, 10], "11": [], "12": [11], "13": [12], "14": [13], "15": [14], "16": [15], "10": [16], "17": [9], "5": [17], "18": [4], "3": [18], "19": [2], "20": [19], "21": [20], "22": [21], "23": [22], "24": [23], "1": [24], "25": [0, 26], "26": [], "27": [25, 28], "28": []}, "intermediate_costs": [[[0, 1, 2, 3, 4, 5, 6, 7, 8, 9, 10, 12, 13, 14, 15, 16, 17, 18, 19, 20, 21, 24, 25, 26, 27, 29], 364316.12512957916], [[1, 2, 3, 4, 5, 6, 7, 8, 9, 10, 12, 13, 14, 15, 16, 17, 18, 19, 20, 21, 24, 25, 26, 27, 29], 157429.97724709118], [[1, 2, 5, 6, 7, 9, 10, 13, 15, 16, 17, 19, 20, 24, 25, 26, 27, 29], 0.45171886424472446], [[2, 5, 6, 7, 9, 10, 13, 15, 16, 17, 19, 20, 24, 25, 26, 27, 29], 0.1951996284174789], [[2, 5, 7, 9, 10, 13, 15, 16, 17, 19, 20, 25, 26, 27, 29], 0.03687223625030748], [[5, 7, 9, 10, 13, 15, 16, 17, 19, 20, 25, 26, 27, 29], 0.01619269397769811], [[5, 29], 157.0], [[5, 7, 29], 17.791003424657532], [[5, 7, 10, 29], 41.17083585616438], [[5, 7, 9, 10, 15, 17, 19, 20, 25, 26, 27, 29], 0.003659744914130033], [[9, 15, 17, 19, 20, 25, 26, 27], 10.601791298690866], [[9, 19], 230.99999999999997], [[9, 19, 25], 534.5677226277372], [[9, 17, 19, 25], 1237.0683446889213], [[9, 17, 19, 25, 26], 2.307536530394611], [[9, 17, 19, 20, 25, 26], 30.415927449197667], [[9, 15, 17, 19, 20, 25, 26], 4.581346579063963], [[5, 7, 9, 10, 15, 16, 17, 19, 20, 25, 26, 27, 29], 0.007167984402855041], [[2, 5, 7, 9, 10, 13, 15, 16, 17, 19, 20, 24, 25, 26, 27, 29], 0.08435096197647926], [[1, 2, 3, 5, 6, 7, 9, 10, 13, 15, 16, 17, 19, 20, 24, 25, 26, 27, 29], 1.0453438040727343], [[1, 2, 3, 5, 6, 7, 9, 10, 13, 15, 16, 17, 19, 20, 21, 24, 25, 26, 27, 29], 2.4190792370980683], [[1, 2, 3, 5, 6, 7, 9, 10, 12, 13, 15, 16, 17, 19, 20, 21, 24, 25, 26, 27, 29], 5.598105017966892], [[1, 2, 3, 5, 6, 7, 9, 10, 12, 13, 14, 15, 16, 17, 19, 20, 21, 24, 25, 26, 27, 29], 12.954838068793544], [[1, 2, 3, 5, 6, 7, 8, 9, 10, 12, 13, 14, 15, 16, 17, 19, 20, 21, 24, 25, 26, 27, 29], 29.979400414433673], [[1, 2, 3, 5, 6, 7, 8, 9, 10, 12, 13, 14, 15, 16, 17, 18, 19, 20, 21, 24, 25, 26, 27, 29], 69.37674269554175], [[0, 1, 2, 3, 4, 5, 6, 7, 8, 9, 10, 12, 13, 14, 15, 16, 17, 18, 19, 20, 21, 22, 23, 24, 25, 26, 27, 29], 1891890.4747723185], [[22, 23], 143477.0], [[11, 28], 124963.0]]}