{"costs": 4364642, "root_join": 0, "join_operands": {"0": [0, 1, 2, 3, 4, 5, 6, 7, 8, 9, 10, 11, 12, 13, 14, 15, 16, 17, 18, 19, 20, 21, 22, 23, 24, 25, 26, 27, 28, 29], "1": [1, 2, 3, 4, 5, 6, 7, 8, 9, 10, 11, 12, 13, 14, 15, 16, 17, 18, 19, 20, 21, 22, 23, 24, 25, 26, 27, 28, 29], "2": [1, 2, 3, 5, 6, 7, 8, 9, 10, 11, 12, 13, 14, 15, 16, 17, 18, 19, 20, 21, 22, 23, 24, 25, 26, 27, 28, 29], "3": [5, 7, 29], "4": [5, 29], "5": [5, 7, 24, 29], "6": [5, 7, 10, 24, 29], "7": [1, 5, 7, 10, 24, 29], "8": [1, 5, 7, 10, 14, 24, 29], "9": [1, 5, 7, 10, 12, 14, 24, 29], "10": [1, 5, 7, 10, 12, 14, 18, 24, 29], "11": [1, 2, 3, 5, 6, 7, 8, 9, 10, 11, 12, 13, 14, 15, 16, 17, 18, 19, 20, 22, 23, 24, 25, 26, 27, 29], "12": [2, 3, 6, 8, 9, 11, 13, 15, 16, 17, 19, 20, 22, 23, 25, 26, 27], "13": [2, 3, 6, 8, 9, 11, 13, 15, 16, 17, 19, 20, 22, 23, 25, 26], "14": [3, 6, 8, 9, 15, 16, 17, 19, 20, 22, 23, 25, 26], "15": [3, 6, 8, 9, 16, 17, 19, 20, 22, 23, 25, 26], "16": [3, 6, 8, 9, 16, 17, 19, 22, 23, 25, 26], "17": [9, 19], "18": [9, 16, 19], "19": [9, 16, 19, 22], "20": [6, 9, 16, 19, 22], "21": [6, 9, 16, 19, 22, 23], "22": [6, 9, 16, 19, 22, 23, 25], "23": [6, 8, 9, 16, 17, 19, 22, 23, 25, 26], "24": [8, 17, 26], "25": [17, 26], "26": [3, 6, 8, 9, 13, 15, 16, 17, 19, 20, 22, 23, 25, 26], "27": [3, 6, 8, 9, 11, 13, 15, 16, 17, 19, 20, 22, 23, 25, 26], "28": [1, 2, 3, 5, 6, 7, 8, 9, 10, 11, 12, 13, 14, 15, 16, 17, 18, 19, 20, 22, 23, 24, 25, 26, 27, 28, 29]}, "join_predecessors": {"0": [1], "1": [2], "3": [4], "4": [], "5": [3], "6": [5], "7": [6], "8": [7], "9": [8], "10": [9], "11": [10, 12], "12": [13], "14": [15], "15": [16], "17": [], "18": [17], "19": [18], "20": [19], "21": [20], "22": [21], "23": [22, 24], "25": [], "24": [25], "16": [23], "26": [14], "27": [26], "13": [27], "28": [11], "2": [28]}, "intermediate_costs": [[[1, 2, 3, 4, 5, 6, 7, 8, 9, 10, 11, 12, 13, 14, 15, 16, 17, 18, 19, 20, 21, 22, 23, 24, 25, 26, 27, 28, 29], 4297003.098098093], [[1, 2, 3, 5, 6, 7, 8, 9, 10, 11, 12, 13, 14, 15, 16, 17, 18, 19, 20, 21, 22, 23, 24, 25, 26, 27, 28, 29], 1893.616981413909], [[5, 7, 29], 17.791003424657532], [[5, 29], 157.0], [[5, 7, 24, 29], 40.69968100684932], [[5, 7, 10, 24, 29], 94.1846755989537], [[1, 5, 7, 10, 24, 29], 217.9563303257167], [[1, 5, 7, 10, 14, 24, 29], 504.3829932407378], [[1, 5, 7, 10, 12, 14, 24, 29], 1167.216402892746], [[1, 5, 7, 10, 12, 14, 18, 24, 29], 2701.110460318576], [[1, 2, 3, 5, 6, 7, 8, 9, 10, 11, 12, 13, 14, 15, 16, 17, 18, 19, 20, 22, 23, 24, 25, 26, 27, 29], 353.60102242167915], [[2, 3, 6, 8, 9, 11, 13, 15, 16, 17, 19, 20, 22, 23, 25, 26, 27], 15613.1052108502], [[2, 3, 6, 8, 9, 11, 13, 15, 16, 17, 19, 20, 22, 23, 25, 26], 6746.883062594043], [[3, 6, 8, 9, 15, 16, 17, 19, 20, 22, 23, 25, 26], 577.4678393273963], [[3, 6, 8, 9, 16, 17, 19, 20, 22, 23, 25, 26], 3833.855309155775], [[3, 6, 8, 9, 16, 17, 19, 22, 23, 25, 26], 290.85949106436476], [[9, 19], 230.99999999999997], [[9, 16, 19], 452.43710583941606], [[9, 16, 19, 22], 1015.2785580720144], [[6, 9, 16, 19, 22], 2349.493030454742], [[6, 9, 16, 19, 22, 23], 5437.067927912178], [[6, 9, 16, 19, 22, 23, 25], 12582.168917733], [[6, 8, 9, 16, 17, 19, 22, 23, 25, 26], 125.68756656566134], [[8, 17, 26], 4295.056941176471], [[17, 26], 1856.0], [[3, 6, 8, 9, 13, 15, 16, 17, 19, 20, 22, 23, 25, 26], 1304.5173480660226], [[3, 6, 8, 9, 11, 13, 15, 16, 17, 19, 20, 22, 23, 25, 26], 2962.9397033110217], [[1, 2, 3, 5, 6, 7, 8, 9, 10, 11, 12, 13, 14, 15, 16, 17, 18, 19, 20, 22, 23, 24, 25, 26, 27, 28, 29], 818.2786030533388]]}