{"costs": 2105607.493283369, "join_operands": {"0": [0, 1, 2, 3, 4, 5, 6, 7, 8, 9, 10, 11, 12, 13, 14, 15, 16, 17, 18, 19, 20, 21, 22, 23, 24, 25, 26, 27, 28, 29, 30, 31, 32, 33, 34, 35, 36, 37, 38, 39, 40, 41, 42, 43, 44, 45, 46, 47, 48, 49], "1": [0, 1, 2, 3, 4, 5, 6, 7, 9, 11, 12, 13, 15, 16, 17, 18, 19, 21, 22, 23, 25, 26, 27, 28, 29, 30, 31, 32, 33, 34, 35, 36, 37, 38, 39, 41, 43, 44, 45, 46, 47, 48, 49], "2": [8, 10, 14, 20, 24, 40, 42], "3": [0, 1, 2, 3, 4, 5, 6, 7, 9, 11, 12, 13, 15, 16, 17, 18, 19, 21, 22, 23, 25, 26, 27, 28, 29, 30, 31, 32, 33, 34, 35, 36, 37, 39, 41, 43, 44, 45, 46, 47, 48, 49], "4": [10, 14, 24, 40], "5": [], "6": [8, 20, 42], "7": [0, 1, 2, 3, 4, 5, 6, 7, 9, 11, 12, 13, 15, 16, 17, 18, 19, 21, 22, 25, 26, 27, 28, 29, 30, 31, 32, 33, 34, 35, 36, 37, 39, 41, 43, 44, 45, 46, 47, 48, 49], "8": [14, 24, 40], "9": [], "10": [8, 42], "11": [], "12": [], "13": [], "14": [], "15": [0, 1, 2, 3, 4, 5, 6, 7, 9, 11, 12, 13, 15, 16, 17, 18, 19, 21, 22, 25, 26, 27, 28, 29, 30, 31, 32, 33, 34, 35, 36, 37, 39, 41, 43, 44, 45, 46, 48, 49], "16": [], "17": [], "18": [], "19": [], "20": [], "21": [], "22": [], "23": [], "24": [14, 40], "25": [], "26": [], "27": [], "28": [], "29": [], "30": [], "31": [0, 1, 2, 3, 4, 5, 6, 7, 9, 11, 12, 13, 15, 16, 17, 18, 19, 21, 22, 25, 26, 27, 28, 29, 30, 31, 32, 33, 34, 35, 36, 37, 39, 43, 44, 45, 46, 48, 49], "32": [], "33": [], "34": [], "35": [], "36": [], "37": [], "38": [], "39": [], "40": [], "41": [], "42": [], "43": [], "44": [], "45": [], "46": [], "47": [], "48": []}, "join_predecessors": {"0": [1, 2], "1": [3, 5], "2": [4, 6], "3": [7, 11], "4": [8, 12], "5": [9, 13], "6": [10, 14], "7": [15, 23], "8": [16, 24], "9": [17, 25], "10": [18, 26], "11": [19, 27], "12": [20, 28], "13": [21, 29], "14": [22, 30], "15": [31, 47], "16": [32, 48], "17": [33], "18": [34], "19": [35], "20": [36], "21": [37], "22": [38], "23": [39], "24": [40], "25": [41], "26": [42], "27": [43], "28": [44], "29": [45], "30": [46], "31": [], "32": [], "33": [], "34": [], "35": [], "36": [], "37": [], "38": [], "39": [], "40": [], "41": [], "42": [], "43": [], "44": [], "45": [], "46": [], "47": [], "48": []}, "leaf_joins": [31, 32], "opt_time": 20.03911805152893, "status": 2, "intermediate_costs": [[[0, 1, 2, 3, 4, 5, 6, 7, 9, 11, 12, 13, 15, 16, 17, 18, 19, 21, 22, 23, 25, 26, 27, 28, 29, 30, 31, 32, 33, 34, 35, 36, 37, 38, 39, 41, 43, 44, 45, 46, 47, 48, 49], 89368.07401180106], [[8, 10, 14, 20, 24, 40, 42], 974354.6657285725], [[0, 1, 2, 3, 4, 5, 6, 7, 9, 11, 12, 13, 15, 16, 17, 18, 19, 21, 22, 23, 25, 26, 27, 28, 29, 30, 31, 32, 33, 34, 35, 36, 37, 39, 41, 43, 44, 45, 46, 47, 48, 49], 59882.77288496862], [[10, 14, 24, 40], 304631.73324894236], [[8, 20, 42], 167197.38885714285], [[0, 1, 2, 3, 4, 5, 6, 7, 9, 11, 12, 13, 15, 16, 17, 18, 19, 21, 22, 25, 26, 27, 28, 29, 30, 31, 32, 33, 34, 35, 36, 37, 39, 41, 43, 44, 45, 46, 47, 48, 49], 13872.418186116201], [[14, 24, 40], 204124.35220985915], [[8, 42], 112519.00000000001], [[0, 1, 2, 3, 4, 5, 6, 7, 9, 11, 12, 13, 15, 16, 17, 18, 19, 21, 22, 25, 26, 27, 28, 29, 30, 31, 32, 33, 34, 35, 36, 37, 39, 41, 43, 44, 45, 46, 48, 49], 9295.476900339245], [[14, 40], 164133.0], [[0, 1, 2, 3, 4, 5, 6, 7, 9, 11, 12, 13, 15, 16, 17, 18, 19, 21, 22, 25, 26, 27, 28, 29, 30, 31, 32, 33, 34, 35, 36, 37, 39, 43, 44, 45, 46, 48, 49], 6228.611255626888]]}