{"costs": 6191213, "root_join": 18, "join_operands": {"0": [0, 2, 3, 6, 7, 9, 13, 14, 16, 17, 18], "1": [2, 3, 6, 7, 9, 13, 14, 16, 17, 18], "2": [2, 14, 17], "3": [2, 14], "4": [2, 9, 14, 17], "5": [2, 7, 9, 14, 17], "6": [2, 6, 7, 9, 14, 17], "7": [2, 6, 7, 9, 13, 14, 17], "8": [2, 6, 7, 9, 13, 14, 17, 18], "9": [2, 3, 6, 7, 9, 13, 14, 17, 18], "10": [0, 2, 3, 4, 6, 7, 9, 13, 14, 16, 17, 18], "11": [0, 2, 3, 4, 6, 7, 9, 10, 13, 14, 16, 17, 18], "12": [0, 1, 2, 3, 4, 5, 6, 7, 8, 9, 10, 11, 12, 13, 14, 15, 16, 17, 18], "13": [1, 5, 8, 11, 12, 15], "14": [1, 5], "15": [1, 5, 12], "16": [1, 5, 12, 15], "17": [1, 5, 8, 12, 15], "18": [0, 1, 2, 3, 4, 5, 6, 7, 8, 9, 10, 11, 12, 13, 14, 15, 16, 17, 18, 19]}, "join_predecessors": {"0": [1], "2": [3], "3": [], "4": [2], "5": [4], "6": [5], "7": [6], "8": [7], "9": [8], "1": [9], "10": [0], "11": [10], "12": [11, 13], "14": [], "15": [14], "16": [15], "17": [16], "13": [17], "18": [12]}, "intermediate_costs": [[[0, 2, 3, 6, 7, 9, 13, 14, 16, 17, 18], 44381.47023938063], [[2, 3, 6, 7, 9, 13, 14, 16, 17, 18], 1509.41406894684], [[2, 14, 17], 24927.360224052714], [[2, 14], 1279.0], [[2, 9, 14, 17], 50358.13586121186], [[2, 7, 9, 14, 17], 156.11239271507202], [[2, 6, 7, 9, 14, 17], 77.19379097194494], [[2, 6, 7, 9, 13, 14, 17], 162.72679751137767], [[2, 6, 7, 9, 13, 14, 17, 18], 343.0329660809825], [[2, 3, 6, 7, 9, 13, 14, 17, 18], 716.0308706696272], [[0, 2, 3, 4, 6, 7, 9, 13, 14, 16, 17, 18], 99542.35746495343], [[0, 2, 3, 4, 6, 7, 9, 10, 13, 14, 16, 17, 18], 209838.2731204312], [[0, 1, 2, 3, 4, 5, 6, 7, 8, 9, 10, 11, 12, 13, 14, 15, 16, 17, 18], 4741223.50697457], [[1, 5, 8, 11, 12, 15], 546644.8928704099], [[1, 5], 29361.0], [[1, 5, 12], 58357.06955826559], [[1, 5, 12, 15], 123016.70262882386], [[1, 5, 8, 12, 15], 259319.20914156068]]}