{"costs": 6836943, "root_join": 1, "join_operands": {"0": [5, 12], "1": [0, 1, 2, 3, 4, 5, 6, 7, 8, 9, 10, 11, 12, 13, 14, 15, 16, 17, 18, 19], "2": [0, 1, 2, 3, 4, 6, 7, 8, 9, 10, 11, 13, 14, 15, 16, 17, 18, 19], "3": [1, 2, 6, 7, 9, 13, 14, 17, 18], "4": [2, 6, 7, 9, 13, 14, 17, 18], "5": [2, 6, 7, 9, 13, 14, 17], "6": [2, 6, 7, 9, 14, 17], "7": [7, 9], "8": [7, 9, 17], "9": [6, 7, 9, 17], "10": [2, 14], "11": [1, 2, 3, 6, 7, 9, 13, 14, 17, 18], "12": [1, 2, 3, 6, 7, 8, 9, 13, 14, 17, 18], "13": [1, 2, 3, 6, 7, 8, 9, 11, 13, 14, 17, 18], "14": [1, 2, 3, 6, 7, 8, 9, 11, 13, 14, 15, 17, 18], "15": [1, 2, 3, 6, 7, 8, 9, 11, 13, 14, 15, 16, 17, 18], "16": [0, 1, 2, 3, 6, 7, 8, 9, 11, 13, 14, 15, 16, 17, 18], "17": [0, 1, 2, 3, 4, 6, 7, 8, 9, 11, 13, 14, 15, 16, 17, 18], "18": [0, 1, 2, 3, 4, 6, 7, 8, 9, 11, 13, 14, 15, 16, 17, 18, 19]}, "join_predecessors": {"0": [], "1": [0, 2], "3": [4], "4": [5], "5": [6], "7": [], "8": [7], "9": [8], "6": [9, 10], "10": [], "11": [3], "12": [11], "13": [12], "14": [13], "15": [14], "16": [15], "17": [16], "18": [17], "2": [18]}, "intermediate_costs": [[[5, 12], 2200241.0], [[0, 1, 2, 3, 4, 6, 7, 8, 9, 10, 11, 13, 14, 15, 16, 17, 18, 19], 2397738.2469597436], [[1, 2, 6, 7, 9, 13, 14, 17, 18], 198.50174303886186], [[2, 6, 7, 9, 13, 14, 17, 18], 343.0329660809825], [[2, 6, 7, 9, 13, 14, 17], 162.72679751137767], [[2, 6, 7, 9, 14, 17], 77.19379097194494], [[7, 9], 251614.99999999997], [[7, 9, 17], 35146.23048900388], [[6, 7, 9, 17], 17378.958342991482], [[2, 14], 1279.0], [[1, 2, 3, 6, 7, 9, 13, 14, 17, 18], 414.34319716082433], [[1, 2, 3, 6, 7, 8, 9, 13, 14, 17, 18], 873.4354596150176], [[1, 2, 3, 6, 7, 8, 9, 11, 13, 14, 17, 18], 1841.2019488684573], [[1, 2, 3, 6, 7, 8, 9, 11, 13, 14, 15, 17, 18], 3881.253708214708], [[1, 2, 3, 6, 7, 8, 9, 11, 13, 14, 15, 16, 17, 18], 8181.796612836844], [[0, 1, 2, 3, 6, 7, 8, 9, 11, 13, 14, 15, 16, 17, 18], 240570.27845953673], [[0, 1, 2, 3, 4, 6, 7, 8, 9, 11, 13, 14, 15, 16, 17, 18], 539570.5127545316], [[0, 1, 2, 3, 4, 6, 7, 8, 9, 11, 13, 14, 15, 16, 17, 18, 19], 1137430.8134401937]]}