{"costs": 785887, "root_join": 0, "join_operands": {"0": [0, 1, 2, 3, 4, 5, 6, 7, 8, 9, 10, 11, 12, 13, 14, 15, 16, 17, 18, 19], "1": [0, 1, 2, 3, 4, 5, 7, 8, 9, 10, 11, 12, 13, 14, 15, 16, 17, 18, 19], "2": [], "3": [0, 1, 2, 3, 4, 5, 7, 9, 10, 11, 13, 14, 15, 16, 17, 18, 19], "4": [], "5": [8, 12], "6": [], "7": [0, 1, 2, 3, 4, 5, 7, 9, 10, 11, 14, 15, 16, 17, 18, 19], "8": [], "9": [], "10": [], "11": [], "12": [], "13": [], "14": [], "15": [0, 1, 2, 3, 4, 5, 7, 9, 11, 14, 15, 16, 17, 18, 19], "16": [], "17": [], "18": [], "19": [0, 2, 3, 4, 7, 11, 14, 16, 17, 18, 19], "20": [2, 3, 4, 7, 11, 14, 16, 17, 18, 19], "21": [2, 3, 4, 14, 19], "22": [3, 4, 14, 19], "23": [3, 4], "24": [3, 4, 14], "25": [2, 3, 4, 14, 17, 19], "26": [2, 3, 4, 7, 14, 17, 18, 19], "27": [7, 18], "28": [2, 3, 4, 7, 14, 16, 17, 18, 19], "29": [0, 1, 2, 3, 4, 7, 11, 14, 16, 17, 18, 19], "30": [0, 1, 2, 3, 4, 7, 9, 11, 14, 16, 17, 18, 19], "31": [0, 1, 2, 3, 4, 5, 7, 9, 11, 14, 16, 17, 18, 19]}, "join_predecessors": {"0": [1], "1": [3, 5], "2": [], "3": [7], "4": [], "5": [], "6": [], "7": [15], "8": [], "9": [], "10": [], "11": [], "12": [], "13": [], "14": [], "15": [31], "16": [], "17": [], "18": [], "19": [20], "21": [22], "23": [], "24": [23], "22": [24], "25": [21], "26": [25, 27], "27": [], "28": [26], "20": [28], "29": [19], "30": [29], "31": [30]}, "intermediate_costs": [[[0, 1, 2, 3, 4, 5, 7, 8, 9, 10, 11, 12, 13, 14, 15, 16, 17, 18, 19], 516254.3168139172], [[0, 1, 2, 3, 4, 5, 7, 9, 10, 11, 13, 14, 15, 16, 17, 18, 19], 152754.53796883955], [[8, 12], 34050.0], [[0, 1, 2, 3, 4, 5, 7, 9, 10, 11, 14, 15, 16, 17, 18, 19], 80750.56247479045], [[0, 1, 2, 3, 4, 5, 7, 9, 11, 14, 15, 16, 17, 18, 19], 505.76475477695504], [[0, 2, 3, 4, 7, 11, 14, 16, 17, 18, 19], 8.036998665172353], [[2, 3, 4, 7, 11, 14, 16, 17, 18, 19], 4.248594994672673], [[2, 3, 4, 14, 19], 224.13155496770528], [[3, 4, 14, 19], 0.507703573373618], [[3, 4], 19.0], [[3, 4, 14], 0.12084029675907848], [[2, 3, 4, 14, 17, 19], 635.8827089818355], [[2, 3, 4, 7, 14, 17, 18, 19], 1.2028890813803106], [[7, 18], 579.0], [[2, 3, 4, 7, 14, 16, 17, 18, 19], 2.2459331093557835], [[0, 1, 2, 3, 4, 7, 11, 14, 16, 17, 18, 19], 15.20346085457407], [[0, 1, 2, 3, 4, 7, 9, 11, 14, 16, 17, 18, 19], 28.76014200392917], [[0, 1, 2, 3, 4, 5, 7, 9, 11, 14, 16, 17, 18, 19], 54.40509752320044]]}