{"costs": 26992709.78924323, "int_costs": [[[0, 1, 2, 4, 5, 6, 7, 8, 9, 10, 11, 12, 13, 14, 15, 16, 17, 18, 19, 20, 21, 22, 23, 24, 25, 26, 27, 28, 29, 30, 31, 32, 33, 34, 35, 36, 37, 38, 39, 40, 41, 42, 43, 44, 45, 46, 47, 48, 49], 4770502.584628969], [[0, 1, 4, 5, 6, 7, 8, 9, 10, 11, 12, 13, 14, 15, 16, 17, 18, 19, 20, 21, 22, 23, 24, 25, 26, 27, 28, 29, 30, 31, 32, 33, 34, 35, 36, 37, 38, 39, 40, 41, 42, 43, 44, 45, 46, 47, 48, 49], 1907095.4476753047], [[0, 1, 4, 5, 7, 8, 9, 10, 11, 12, 13, 14, 15, 16, 17, 18, 19, 20, 21, 22, 23, 24, 25, 26, 27, 28, 29, 30, 31, 32, 33, 34, 35, 36, 37, 38, 39, 40, 41, 42, 43, 44, 45, 46, 47, 48, 49], 1114271.7427645633], [[0, 1, 4, 5, 7, 8, 10, 11, 12, 13, 14, 15, 16, 17, 18, 19, 20, 21, 22, 23, 24, 25, 26, 27, 28, 29, 30, 31, 32, 33, 34, 35, 36, 37, 38, 39, 40, 41, 42, 43, 44, 45, 46, 47, 48, 49], 445453.3038782684], [[0, 1, 4, 5, 7, 10, 11, 12, 13, 14, 15, 16, 17, 18, 19, 20, 21, 22, 23, 24, 25, 26, 27, 28, 29, 30, 31, 32, 33, 34, 35, 36, 37, 38, 39, 40, 41, 42, 43, 44, 45, 46, 47, 48, 49], 180380.75770478384], [[0, 1, 4, 5, 7, 10, 11, 12, 13, 14, 15, 16, 17, 18, 19, 20, 21, 22, 23, 24, 25, 26, 27, 28, 29, 30, 31, 32, 33, 34, 35, 36, 37, 38, 39, 40, 41, 42, 44, 45, 46, 47, 48, 49], 72110.62238708873], [[0, 4, 5, 7, 10, 11, 12, 13, 14, 15, 16, 17, 18, 19, 20, 21, 22, 23, 24, 25, 26, 27, 28, 29, 30, 31, 32, 33, 34, 35, 36, 37, 38, 39, 40, 41, 42, 44, 45, 46, 47, 48, 49], 28827.527918219293], [[0, 4, 5, 7, 10, 11, 12, 13, 14, 15, 16, 17, 18, 19, 20, 21, 22, 23, 24, 25, 26, 28, 29, 30, 31, 32, 33, 34, 35, 36, 37, 38, 39, 40, 41, 42, 44, 45, 46, 47, 48, 49], 12164.605962976359], [[0, 5, 7, 10, 11, 12, 13, 14, 15, 16, 17, 18, 19, 20, 21, 22, 23, 24, 25, 26, 28, 29, 30, 31, 32, 33, 34, 35, 36, 37, 38, 39, 40, 41, 42, 44, 45, 46, 47, 48, 49], 4863.021590286822], [[0, 5, 7, 10, 11, 12, 13, 14, 15, 16, 17, 18, 19, 20, 21, 22, 23, 24, 25, 26, 28, 29, 30, 31, 32, 33, 34, 35, 36, 37, 38, 39, 40, 42, 44, 45, 46, 47, 48, 49], 2474.284824909202], [[0, 5, 7, 10, 11, 12, 14, 15, 16, 17, 18, 19, 20, 21, 22, 23, 24, 25, 26, 28, 29, 30, 31, 32, 33, 34, 35, 36, 37, 38, 39, 40, 42, 44, 45, 46, 47, 48, 49], 13180939.697581042], [[0, 5, 7, 10, 11, 12, 14, 15, 16, 17, 18, 19, 20, 21, 22, 23, 24, 25, 26, 28, 29, 30, 31, 32, 33, 34, 35, 36, 37, 38, 39, 40, 42, 44, 45, 46, 48, 49], 5269319.31608148], [[0, 5, 7, 10, 11, 12, 14, 15, 16, 17, 18, 19, 20, 21, 22, 23, 24, 25, 26, 28, 29, 30, 31, 32, 33, 34, 35, 36, 37, 39, 40, 42, 44, 45, 46, 48, 49], 175.643977202716], [[0, 44], 237.0], [[0, 10, 44, 48], 1.8071639085894404], [[10, 48], 250.0], [[0, 10, 32, 44, 48], 4.520524391596666], [[0, 5, 10, 32, 44, 48], 11.3078651268223], [[0, 5, 10, 28, 32, 44, 48], 9.4286636614575], [[0, 5, 7, 10, 14, 28, 32, 36, 44, 48], 1.5792553140883634], [[7, 14, 36], 2418.901606741573], [[7, 14], 966.9999999999999], [[0, 5, 7, 10, 14, 28, 32, 36, 39, 44, 48], 3.9504271098917005], [[0, 5, 7, 10, 12, 14, 28, 32, 36, 39, 44, 48], 9.868296827334838], [[0, 5, 7, 10, 12, 14, 21, 28, 32, 36, 39, 44, 48], 0.00337031995469086], [[0, 5, 7, 10, 12, 14, 21, 28, 32, 33, 36, 39, 44, 48], 0.00694291905704234], [[0, 5, 7, 10, 12, 14, 21, 25, 28, 32, 33, 36, 39, 44, 48], 0.21590019829173593], [[0, 5, 7, 10, 12, 14, 19, 21, 25, 28, 32, 33, 36, 39, 44, 48], 84.82916778855943], [[0, 5, 7, 10, 12, 14, 19, 21, 25, 28, 32, 33, 36, 39, 40, 44, 48], 0.12571811463763802], [[0, 5, 7, 10, 12, 14, 19, 21, 25, 28, 32, 33, 36, 39, 40, 44, 46, 48], 0.3132586941298863], [[0, 5, 7, 10, 12, 14, 19, 21, 25, 28, 32, 33, 36, 37, 39, 40, 44, 46, 48], 0.7684145055029046], [[0, 5, 7, 10, 12, 14, 19, 21, 25, 28, 32, 33, 36, 37, 39, 40, 42, 44, 46, 48], 58.219128502597], [[0, 5, 7, 10, 11, 12, 14, 19, 21, 25, 28, 32, 33, 36, 37, 39, 40, 42, 44, 46, 48], 0.0012991610301375555], [[0, 5, 7, 10, 11, 12, 14, 15, 19, 21, 25, 28, 32, 33, 36, 37, 39, 40, 42, 44, 46, 48], 0.0032497864690365533], [[0, 5, 7, 10, 11, 12, 14, 15, 19, 21, 25, 28, 31, 32, 33, 36, 37, 39, 40, 42, 44, 46, 48], 0.004750818823322954], [[0, 5, 7, 10, 11, 12, 14, 15, 19, 21, 25, 28, 29, 31, 32, 33, 36, 37, 39, 40, 42, 44, 46, 48], 0.01188393531605158], [[0, 5, 7, 10, 11, 12, 14, 15, 19, 21, 24, 25, 28, 29, 31, 32, 33, 36, 37, 39, 40, 42, 44, 46, 48], 6.176681557199366e-06], [[0, 5, 7, 10, 11, 12, 14, 15, 19, 21, 24, 25, 28, 29, 30, 31, 32, 33, 36, 37, 39, 40, 42, 44, 46, 48], 1.5450658178787702e-05], [[0, 5, 7, 10, 11, 12, 14, 15, 19, 20, 21, 24, 25, 28, 29, 30, 31, 32, 33, 36, 37, 39, 40, 42, 44, 46, 48], 1.2883007787683506e-05], [[0, 5, 7, 10, 11, 12, 14, 15, 19, 20, 21, 23, 24, 25, 28, 29, 30, 31, 32, 33, 36, 37, 39, 40, 42, 44, 46, 48], 3.1203139833253286e-05], [[0, 5, 7, 10, 11, 12, 14, 15, 18, 19, 20, 21, 23, 24, 25, 28, 29, 30, 31, 32, 33, 36, 37, 39, 40, 42, 44, 46, 48], 7.610176702276474e-05], [[0, 5, 7, 10, 11, 12, 14, 15, 18, 19, 20, 21, 22, 23, 24, 25, 28, 29, 30, 31, 32, 33, 36, 37, 39, 40, 42, 44, 46, 48], 0.00018995714419723337], [[0, 5, 7, 10, 11, 12, 14, 15, 18, 19, 20, 21, 22, 23, 24, 25, 28, 29, 30, 31, 32, 33, 36, 37, 39, 40, 42, 44, 46, 48, 49], 0.000475166527565232], [[0, 5, 7, 10, 11, 12, 14, 15, 16, 18, 19, 20, 21, 22, 23, 24, 25, 28, 29, 30, 31, 32, 33, 36, 37, 39, 40, 42, 44, 46, 48, 49], 0.001188604786647408], [[0, 5, 7, 10, 11, 12, 14, 15, 16, 17, 18, 19, 20, 21, 22, 23, 24, 25, 28, 29, 30, 31, 32, 33, 36, 37, 39, 40, 42, 44, 46, 48, 49], 0.00297323565194743], [[0, 5, 7, 10, 11, 12, 14, 15, 16, 17, 18, 19, 20, 21, 22, 23, 24, 25, 28, 29, 30, 31, 32, 33, 36, 37, 39, 40, 42, 44, 45, 46, 48, 49], 0.007437397287649968], [[0, 5, 7, 10, 11, 12, 14, 15, 16, 17, 18, 19, 20, 21, 22, 23, 24, 25, 26, 28, 29, 30, 31, 32, 33, 36, 37, 39, 40, 42, 44, 45, 46, 48, 49], 0.018604278729768182], [[0, 5, 7, 10, 11, 12, 14, 15, 16, 17, 18, 19, 20, 21, 22, 23, 24, 25, 26, 28, 29, 30, 31, 32, 33, 34, 36, 37, 39, 40, 42, 44, 45, 46, 48, 49], 71.33436985188548]]}