{"costs": 83535.96605347321, "int_costs": [[[0, 1, 2, 3, 4, 5, 6, 7, 8, 9, 11, 12, 13, 14, 15, 16, 17, 18, 19, 20, 21, 22, 23, 24, 25, 26, 27, 28, 29, 30, 31, 32, 33, 34, 35, 36, 37, 38, 39, 40, 41, 42, 43, 44, 45, 46, 47, 48, 49], 58157.889586569676], [[0, 1, 2, 3, 4, 5, 6, 7, 8, 9, 11, 12, 13, 14, 15, 16, 17, 18, 19, 20, 21, 22, 23, 24, 25, 26, 27, 28, 29, 30, 31, 33, 34, 35, 36, 37, 38, 39, 40, 41, 42, 43, 44, 45, 46, 47, 48, 49], 2952.072815488048], [[0, 1, 2, 3, 4, 5, 6, 7, 8, 9, 11, 12, 13, 14, 15, 16, 17, 18, 19, 20, 21, 22, 23, 24, 25, 26, 27, 28, 29, 30, 31, 33, 34, 35, 36, 37, 38, 40, 41, 42, 43, 44, 45, 46, 47, 48, 49], 3076.650076274439], [[0, 1, 2, 3, 4, 5, 6, 7, 8, 9, 11, 12, 13, 14, 15, 16, 17, 18, 19, 20, 21, 22, 23, 24, 25, 26, 27, 29, 30, 31, 33, 34, 35, 36, 37, 38, 40, 41, 42, 43, 44, 45, 46, 47, 48, 49], 3071.6085339236547], [[0, 1, 2, 3, 4, 5, 6, 7, 8, 9, 11, 13, 14, 15, 16, 17, 18, 19, 20, 21, 22, 23, 24, 25, 26, 27, 29, 30, 31, 33, 34, 35, 36, 37, 38, 40, 41, 42, 43, 44, 45, 46, 47, 48, 49], 1857.2822686820325], [[0, 1, 2, 3, 4, 5, 6, 7, 8, 9, 11, 13, 14, 15, 16, 17, 18, 19, 20, 21, 22, 23, 24, 25, 26, 27, 29, 30, 33, 34, 35, 36, 37, 38, 40, 41, 42, 43, 44, 45, 46, 47, 48, 49], 1828.1231076885479], [[0, 1, 2, 3, 4, 5, 6, 8, 9, 11, 13, 14, 15, 16, 17, 18, 19, 20, 21, 22, 23, 24, 25, 26, 27, 29, 30, 33, 34, 35, 36, 37, 38, 40, 41, 42, 43, 44, 45, 46, 47, 48, 49], 1799.4215310359227], [[0, 1, 2, 3, 4, 5, 6, 8, 9, 11, 13, 14, 15, 16, 17, 18, 19, 20, 21, 22, 23, 24, 25, 26, 27, 29, 30, 33, 34, 35, 36, 37, 38, 40, 41, 42, 43, 44, 45, 46, 47, 49], 1771.1704602023954], [[0, 1, 2, 3, 4, 5, 6, 8, 9, 11, 13, 14, 15, 16, 17, 18, 20, 21, 22, 23, 24, 25, 26, 27, 29, 30, 33, 34, 35, 36, 37, 38, 40, 41, 42, 43, 44, 45, 46, 47, 49], 1743.3636327284387], [[0, 1, 2, 3, 4, 5, 6, 8, 9, 11, 13, 14, 15, 16, 17, 18, 20, 21, 22, 23, 24, 25, 26, 27, 29, 30, 34, 35, 36, 37, 38, 40, 41, 42, 43, 44, 45, 46, 47, 49], 1715.9965165191056], [[0, 1, 2, 3, 4, 5, 6, 8, 9, 11, 13, 14, 15, 16, 18, 20, 21, 22, 23, 24, 25, 26, 27, 29, 30, 34, 35, 36, 37, 38, 40, 41, 42, 43, 44, 45, 46, 47, 49], 1689.0590060647369], [[0, 1, 2, 3, 4, 5, 6, 8, 9, 11, 13, 14, 15, 16, 18, 20, 21, 22, 23, 24, 25, 26, 27, 29, 30, 34, 35, 36, 37, 38, 40, 41, 42, 43, 44, 45, 46, 49], 1662.540739144152], [[0, 1, 2, 3, 4, 5, 6, 8, 9, 11, 13, 14, 15, 16, 18, 20, 21, 22, 23, 24, 25, 26, 27, 29, 30, 34, 35, 36, 37, 40, 41, 42, 43, 44, 45, 46, 49], 1636.4422340573255], [[4, 5, 18, 25, 29, 30, 34, 35, 41], 0.000736422592146229], [[4, 5, 18, 29, 30, 34, 35, 41], 0.00232671341868853], [[4, 5, 18, 29, 30, 34, 35], 0.002299029274507996], [[4, 5, 29, 30, 34, 35], 0.025693798989180013], [[34, 35], 549.0], [[5, 34, 35], 0.9189944414316704], [[4, 5, 34, 35], 11.514806226763273], [[4, 5, 29, 34, 35], 0.0007018667568160836], [[4, 5, 6, 18, 25, 29, 30, 34, 35, 41], 0.0007481688946731818], [[4, 5, 6, 18, 25, 29, 30, 34, 35, 41, 45], 0.0007601025448141214], [[4, 5, 6, 18, 25, 27, 29, 30, 34, 35, 41, 45], 0.0007595395058920369], [[4, 5, 6, 18, 25, 27, 29, 30, 34, 35, 40, 41, 45], 0.0007716452528316248], [[4, 5, 6, 18, 22, 25, 27, 29, 30, 34, 35, 40, 41, 45], 0.0007839533921538718], [[4, 5, 6, 18, 22, 25, 27, 29, 30, 34, 35, 40, 41, 44, 45], 0.0007964578163804808], [[4, 5, 6, 13, 18, 22, 25, 27, 29, 30, 34, 35, 40, 41, 44, 45], 0.000809160916300327], [[3, 4, 5, 6, 13, 18, 22, 25, 27, 29, 30, 34, 35, 40, 41, 44, 45], 0.0008220672531223949], [[3, 4, 5, 6, 13, 18, 22, 25, 26, 27, 29, 30, 34, 35, 40, 41, 44, 45], 0.0008351796172702938], [[3, 4, 5, 6, 13, 16, 18, 22, 25, 26, 27, 29, 30, 34, 35, 40, 41, 44, 45], 0.5856871518900928], [[3, 4, 5, 6, 13, 16, 18, 22, 25, 26, 27, 29, 30, 34, 35, 36, 40, 41, 44, 45], 0.021616461790415466], [[3, 4, 5, 6, 13, 16, 18, 22, 25, 26, 27, 29, 30, 34, 35, 36, 37, 40, 41, 44, 45], 0.02166041619971709], [[3, 4, 5, 6, 8, 13, 16, 18, 22, 25, 26, 27, 29, 30, 34, 35, 36, 37, 40, 41, 44, 45], 0.021219972568630823], [[3, 4, 5, 6, 8, 13, 16, 18, 22, 25, 26, 27, 29, 30, 34, 35, 36, 37, 40, 41, 43, 44, 45], 0.021558434350428788], [[3, 4, 5, 6, 8, 13, 16, 18, 22, 25, 26, 27, 29, 30, 34, 35, 36, 37, 40, 41, 43, 44, 45, 46], 0.021406101639782838], [[3, 4, 5, 6, 8, 9, 13, 16, 18, 22, 25, 26, 27, 29, 30, 34, 35, 36, 37, 40, 41, 43, 44, 45, 46], 0.02166669063559393], [[0, 3, 4, 5, 6, 8, 9, 13, 16, 18, 22, 25, 26, 27, 29, 30, 34, 35, 36, 37, 40, 41, 43, 44, 45, 46], 0.02201227763833253], [[0, 2, 3, 4, 5, 6, 8, 9, 13, 16, 18, 22, 25, 26, 27, 29, 30, 34, 35, 36, 37, 40, 41, 43, 44, 45, 46], 0.022363345245795165], [[0, 2, 3, 4, 5, 6, 8, 9, 11, 13, 16, 18, 22, 25, 26, 27, 29, 30, 34, 35, 36, 37, 40, 41, 43, 44, 45, 46], 0.02627854729117649], [[0, 2, 3, 4, 5, 6, 8, 9, 11, 13, 16, 18, 20, 22, 25, 26, 27, 29, 30, 34, 35, 36, 37, 40, 41, 43, 44, 45, 46], 0.5629300965323786], [[0, 1, 2, 3, 4, 5, 6, 8, 9, 11, 13, 16, 18, 20, 22, 25, 26, 27, 29, 30, 34, 35, 36, 37, 40, 41, 43, 44, 45, 46], 0.5576113535157021], [[0, 1, 2, 3, 4, 5, 6, 8, 9, 11, 13, 15, 16, 18, 20, 22, 25, 26, 27, 29, 30, 34, 35, 36, 37, 40, 41, 43, 44, 45, 46], 0.5665055042401712], [[0, 1, 2, 3, 4, 5, 6, 8, 9, 11, 13, 15, 16, 18, 20, 22, 25, 26, 27, 29, 30, 34, 35, 36, 37, 40, 41, 43, 44, 45, 46, 49], 0.5681621157076898], [[0, 1, 2, 3, 4, 5, 6, 8, 9, 11, 13, 14, 15, 16, 18, 20, 22, 25, 26, 27, 29, 30, 34, 35, 36, 37, 40, 41, 43, 44, 45, 46, 49], 0.5772240225517682], [[0, 1, 2, 3, 4, 5, 6, 8, 9, 11, 13, 14, 15, 16, 18, 20, 22, 25, 26, 27, 29, 30, 34, 35, 36, 37, 40, 41, 42, 43, 44, 45, 46, 49], 0.5864310041277184], [[0, 1, 2, 3, 4, 5, 6, 8, 9, 11, 13, 14, 15, 16, 18, 20, 22, 24, 25, 26, 27, 29, 30, 34, 35, 36, 37, 40, 41, 42, 43, 44, 45, 46, 49], 4.306017782722878], [[0, 1, 2, 3, 4, 5, 6, 8, 9, 11, 13, 14, 15, 16, 18, 20, 22, 23, 24, 25, 26, 27, 29, 30, 34, 35, 36, 37, 40, 41, 42, 43, 44, 45, 46, 49], 4.362549041672331]]}