{"costs": 96935756.67506847, "intermediate_costs": [[[1, 34, 42, 46], 2956298.489990694], [[34, 46], 3668000.0], [[34, 42, 46], 3001090.90552184], [[17, 23], 34000.0], [[5, 16, 17, 22, 23, 39, 45], 144.4194508565167], [[5, 16, 22, 39, 45], 259.1054858343554], [[16, 45], 685.0], [[5, 16, 45], 374.2778195488721], [[5, 16, 22, 45], 259.10995324734245], [[5, 16, 17, 22, 23, 39, 43, 45], 144.4194508565167], [[5, 16, 17, 22, 23, 28, 39, 43, 45], 144.4194508565167], [[5, 16, 17, 22, 23, 28, 38, 39, 43, 45], 144.4194508565167], [[5, 12, 16, 17, 22, 23, 28, 38, 39, 43, 45], 144.41945085651673], [[5, 6, 12, 16, 17, 22, 23, 28, 38, 39, 43, 45], 144.41945085651673], [[5, 6, 12, 16, 17, 22, 23, 28, 38, 39, 43, 44, 45], 144.41945085651673], [[5, 6, 12, 16, 17, 19, 22, 23, 28, 38, 39, 43, 44, 45], 1761.932936841176], [[5, 6, 12, 16, 17, 19, 22, 23, 28, 35, 38, 39, 43, 44, 45], 1510.2280211227117], [[5, 6, 9, 12, 16, 17, 19, 22, 23, 28, 35, 38, 39, 43, 44, 45], 1510.2280211227117], [[5, 6, 9, 12, 15, 16, 17, 19, 22, 23, 28, 35, 38, 39, 43, 44, 45], 1501.7432072832416], [[5, 6, 9, 12, 15, 16, 17, 19, 20, 22, 23, 28, 35, 38, 39, 43, 44, 45], 1124191.3125981896], [[5, 6, 9, 12, 15, 16, 17, 19, 20, 22, 23, 28, 33, 35, 38, 39, 43, 44, 45, 49], 238293.42487471848], [[33, 49], 105400.00000000001], [[5, 6, 9, 12, 13, 15, 16, 17, 19, 20, 22, 23, 28, 33, 35, 38, 39, 43, 44, 45, 49], 238293.42487471845], [[5, 6, 9, 12, 13, 15, 16, 17, 19, 20, 22, 23, 25, 28, 33, 35, 38, 39, 43, 44, 45, 49], 238293.42487471848], [[5, 6, 9, 12, 13, 15, 16, 17, 19, 20, 22, 23, 25, 28, 30, 33, 35, 38, 39, 43, 44, 45, 49], 238293.42487471848], [[5, 6, 9, 11, 12, 13, 15, 16, 17, 19, 20, 22, 23, 25, 28, 30, 33, 35, 38, 39, 43, 44, 45, 49], 238293.42487471845], [[5, 6, 9, 11, 12, 13, 15, 16, 17, 19, 20, 22, 23, 25, 28, 30, 32, 33, 35, 38, 39, 43, 44, 45, 49], 238293.42487471848], [[0, 3, 4, 5, 6, 8, 9, 10, 11, 12, 13, 15, 16, 17, 18, 19, 20, 22, 23, 25, 28, 30, 32, 33, 35, 38, 39, 41, 43, 44, 45, 48, 49], 1380716.8697741572], [[3, 4, 8, 18, 48], 504373.62170116825], [[8, 18, 48], 506563.79999999993], [[18, 48], 557400.0], [[3, 8, 18, 48], 504373.6217011682], [[0, 3, 4, 8, 18, 48], 504373.62170116825], [[0, 3, 4, 8, 18, 41, 48], 504373.62170116825], [[0, 3, 4, 8, 10, 18, 41, 48], 504373.62170116825], [[0, 2, 3, 4, 5, 6, 7, 8, 9, 10, 11, 12, 13, 14, 15, 16, 17, 18, 19, 20, 22, 23, 25, 26, 27, 28, 29, 30, 31, 32, 33, 35, 36, 37, 38, 39, 40, 41, 43, 44, 45, 47, 48, 49], 7083591.301249443], [[2, 14, 26, 40], 273408.01257894735], [[2, 26], 278666.0], [[2, 14, 26], 273408.01257894735], [[2, 14, 26, 27, 40], 271909.7210912106], [[2, 14, 26, 27, 36, 40], 271909.7210912106], [[2, 7, 14, 26, 27, 36, 40], 271909.7210912106], [[2, 7, 14, 26, 27, 36, 37, 40], 271909.7210912106], [[2, 7, 14, 26, 27, 36, 37, 40, 47], 271909.72109121055], [[2, 7, 14, 26, 27, 29, 36, 37, 40, 47], 271909.7210912106], [[2, 7, 14, 26, 27, 29, 31, 36, 37, 40, 47], 271909.7210912106], [[0, 2, 3, 4, 5, 6, 7, 8, 9, 10, 11, 12, 13, 14, 15, 16, 17, 18, 19, 20, 21, 22, 23, 24, 25, 26, 27, 28, 29, 30, 31, 32, 33, 35, 36, 37, 38, 39, 40, 41, 43, 44, 45, 47, 48, 49], 63598247.70378263], [[21, 24], 6230905.0]]}