{"costs": 887724897, "root_join": 28, "join_operands": {"0": [7, 22], "1": [7, 8, 22], "2": [7, 8, 22, 29], "3": [5, 7, 8, 22, 29], "4": [5, 7, 8, 15, 22, 29], "5": [5, 7, 8, 11, 15, 22, 29], "6": [5, 7, 8, 11, 15, 22, 24, 29], "7": [5, 7, 8, 11, 15, 21, 22, 24, 29], "8": [5, 7, 8, 11, 15, 21, 22, 24, 28, 29], "9": [3, 5, 7, 8, 11, 15, 21, 22, 24, 28, 29], "10": [3, 5, 7, 8, 11, 15, 21, 22, 24, 26, 28, 29], "11": [3, 5, 7, 8, 11, 14, 15, 21, 22, 24, 26, 28, 29], "12": [3, 5, 7, 8, 11, 14, 15, 19, 21, 22, 24, 26, 28, 29], "13": [2, 3, 5, 7, 8, 11, 14, 15, 19, 21, 22, 24, 26, 28, 29], "14": [2, 3, 5, 7, 8, 11, 14, 15, 19, 21, 22, 23, 24, 26, 28, 29], "15": [2, 3, 5, 7, 8, 10, 11, 14, 15, 19, 21, 22, 23, 24, 26, 28, 29], "16": [2, 3, 5, 7, 8, 10, 11, 12, 14, 15, 19, 21, 22, 23, 24, 26, 28, 29], "17": [2, 3, 5, 7, 8, 9, 10, 11, 12, 14, 15, 19, 21, 22, 23, 24, 26, 28, 29], "18": [0, 2, 3, 5, 7, 8, 9, 10, 11, 12, 14, 15, 19, 21, 22, 23, 24, 26, 28, 29], "19": [0, 2, 3, 5, 7, 8, 9, 10, 11, 12, 14, 15, 19, 21, 22, 23, 24, 26, 27, 28, 29], "20": [0, 1, 2, 3, 5, 7, 8, 9, 10, 11, 12, 14, 15, 19, 21, 22, 23, 24, 26, 27, 28, 29], "21": [0, 1, 2, 3, 5, 7, 8, 9, 10, 11, 12, 14, 15, 17, 19, 21, 22, 23, 24, 26, 27, 28, 29], "22": [0, 1, 2, 3, 5, 7, 8, 9, 10, 11, 12, 13, 14, 15, 17, 19, 21, 22, 23, 24, 26, 27, 28, 29], "23": [0, 1, 2, 3, 5, 6, 7, 8, 9, 10, 11, 12, 13, 14, 15, 17, 19, 21, 22, 23, 24, 26, 27, 28, 29], "24": [0, 1, 2, 3, 5, 6, 7, 8, 9, 10, 11, 12, 13, 14, 15, 16, 17, 19, 21, 22, 23, 24, 26, 27, 28, 29], "25": [0, 1, 2, 3, 4, 5, 6, 7, 8, 9, 10, 11, 12, 13, 14, 15, 16, 17, 19, 21, 22, 23, 24, 26, 27, 28, 29], "26": [0, 1, 2, 3, 4, 5, 6, 7, 8, 9, 10, 11, 12, 13, 14, 15, 16, 17, 19, 20, 21, 22, 23, 24, 26, 27, 28, 29], "27": [0, 1, 2, 3, 4, 5, 6, 7, 8, 9, 10, 11, 12, 13, 14, 15, 16, 17, 18, 19, 20, 21, 22, 23, 24, 26, 27, 28, 29], "28": [0, 1, 2, 3, 4, 5, 6, 7, 8, 9, 10, 11, 12, 13, 14, 15, 16, 17, 18, 19, 20, 21, 22, 23, 24, 25, 26, 27, 28, 29]}, "join_predecessors": {"0": [], "1": [0], "2": [1], "3": [2], "4": [3], "5": [4], "6": [5], "7": [6], "8": [7], "9": [8], "10": [9], "11": [10], "12": [11], "13": [12], "14": [13], "15": [14], "16": [15], "17": [16], "18": [17], "19": [18], "20": [19], "21": [20], "22": [21], "23": [22], "24": [23], "25": [24], "26": [25], "27": [26], "28": [27]}, "intermediate_costs": [[[7, 22], 222.0], [[7, 8, 22], 236.05818032786883], [[7, 8, 22, 29], 479.05210522213764], [[5, 7, 8, 22, 29], 4634.433442584861], [[5, 7, 8, 15, 22, 29], 183330.9856384155], [[5, 7, 8, 11, 15, 22, 29], 16171.615410259676], [[5, 7, 8, 11, 15, 22, 24, 29], 24073.959314424803], [[5, 7, 8, 11, 15, 21, 22, 24, 29], 138900.76037725073], [[5, 7, 8, 11, 15, 21, 22, 24, 28, 29], 18360.712523419563], [[3, 5, 7, 8, 11, 15, 21, 22, 24, 28, 29], 39046.807402846796], [[3, 5, 7, 8, 11, 15, 21, 22, 24, 26, 28, 29], 83038.88895435167], [[3, 5, 7, 8, 11, 14, 15, 21, 22, 24, 26, 28, 29], 207.65221502757083], [[3, 5, 7, 8, 11, 14, 15, 19, 21, 22, 24, 26, 28, 29], 440.4132838039397], [[2, 3, 5, 7, 8, 11, 14, 15, 19, 21, 22, 24, 26, 28, 29], 35095.135626493284], [[2, 3, 5, 7, 8, 11, 14, 15, 19, 21, 22, 23, 24, 26, 28, 29], 72061.44251088703], [[2, 3, 5, 7, 8, 10, 11, 14, 15, 19, 21, 22, 23, 24, 26, 28, 29], 152447.11289461527], [[2, 3, 5, 7, 8, 10, 11, 12, 14, 15, 19, 21, 22, 23, 24, 26, 28, 29], 323758.7782185469], [[2, 3, 5, 7, 8, 9, 10, 11, 12, 14, 15, 19, 21, 22, 23, 24, 26, 28, 29], 93.76620352777587], [[0, 2, 3, 5, 7, 8, 9, 10, 11, 12, 14, 15, 19, 21, 22, 23, 24, 26, 28, 29], 194.4842675518983], [[0, 2, 3, 5, 7, 8, 9, 10, 11, 12, 14, 15, 19, 21, 22, 23, 24, 26, 27, 28, 29], 413.59981485290876], [[0, 1, 2, 3, 5, 7, 8, 9, 10, 11, 12, 14, 15, 19, 21, 22, 23, 24, 26, 27, 28, 29], 70861.62071040452], [[0, 1, 2, 3, 5, 7, 8, 9, 10, 11, 12, 14, 15, 17, 19, 21, 22, 23, 24, 26, 27, 28, 29], 113719.65988956303], [[0, 1, 2, 3, 5, 7, 8, 9, 10, 11, 12, 13, 14, 15, 17, 19, 21, 22, 23, 24, 26, 27, 28, 29], 241841.9534176444], [[0, 1, 2, 3, 5, 6, 7, 8, 9, 10, 11, 12, 13, 14, 15, 17, 19, 21, 22, 23, 24, 26, 27, 28, 29], 514313.27256572247], [[0, 1, 2, 3, 5, 6, 7, 8, 9, 10, 11, 12, 13, 14, 15, 16, 17, 19, 21, 22, 23, 24, 26, 27, 28, 29], 1093764.4961892054], [[0, 1, 2, 3, 4, 5, 6, 7, 8, 9, 10, 11, 12, 13, 14, 15, 16, 17, 19, 21, 22, 23, 24, 26, 27, 28, 29], 2319784.809397213], [[0, 1, 2, 3, 4, 5, 6, 7, 8, 9, 10, 11, 12, 13, 14, 15, 16, 17, 19, 20, 21, 22, 23, 24, 26, 27, 28, 29], 877611492.2497435], [[0, 1, 2, 3, 4, 5, 6, 7, 8, 9, 10, 11, 12, 13, 14, 15, 16, 17, 18, 19, 20, 21, 22, 23, 24, 26, 27, 28, 29], 4665911.973049128]]}