{"costs": 3021508, "root_join": 0, "join_operands": {"0": [0, 1, 2, 3, 4, 5, 6, 7, 8, 9, 10, 11, 12, 13, 14, 15, 16, 17, 18, 19], "1": [0, 1, 2, 3, 5, 6, 7, 8, 9, 10, 11, 12, 13, 14, 15, 16, 17, 18, 19], "2": [], "3": [0, 1, 2, 3, 5, 6, 7, 8, 9, 10, 11, 12, 14, 15, 16, 17, 18, 19], "4": [], "5": [], "6": [], "7": [0, 1, 2, 5, 6, 7, 8, 9, 10, 11, 12, 14, 15, 16, 17, 18, 19], "8": [], "9": [], "10": [], "11": [], "12": [], "13": [], "14": [], "15": [0, 1, 5, 7, 9, 12, 15, 16, 17], "16": [1, 5, 7, 9, 12, 15, 16, 17], "17": [5, 7, 9, 12, 15, 16, 17], "18": [5, 7, 16], "19": [7, 16], "20": [5, 7, 9, 16], "21": [5, 7, 9, 12, 16], "22": [5, 7, 9, 12, 15, 16], "23": [0, 1, 5, 7, 8, 9, 12, 15, 16, 17], "24": [0, 1, 5, 7, 8, 9, 12, 15, 16, 17, 19], "25": [0, 1, 5, 7, 8, 9, 11, 12, 15, 16, 17, 19], "26": [0, 1, 5, 6, 7, 8, 9, 11, 12, 15, 16, 17, 19], "27": [0, 1, 2, 5, 6, 7, 8, 9, 11, 12, 15, 16, 17, 19], "28": [0, 1, 2, 5, 6, 7, 8, 9, 11, 12, 14, 15, 16, 17, 19], "29": [0, 1, 2, 5, 6, 7, 8, 9, 10, 11, 12, 14, 15, 16, 17, 19]}, "join_predecessors": {"0": [1], "1": [3], "2": [], "3": [7], "4": [], "5": [], "6": [], "7": [29], "8": [], "9": [], "10": [], "11": [], "12": [], "13": [], "14": [], "15": [16], "16": [17], "18": [19], "19": [], "20": [18], "21": [20], "22": [21], "17": [22], "23": [15], "24": [23], "25": [24], "26": [25], "27": [26], "28": [27], "29": [28]}, "intermediate_costs": [[[0, 1, 2, 3, 5, 6, 7, 8, 9, 10, 11, 12, 13, 14, 15, 16, 17, 18, 19], 3019112.116600483], [[0, 1, 2, 3, 5, 6, 7, 8, 9, 10, 11, 12, 14, 15, 16, 17, 18, 19], 663.8104061590835], [[0, 1, 2, 5, 6, 7, 8, 9, 10, 11, 12, 14, 15, 16, 17, 18, 19], 205.32591284583145], [[0, 1, 5, 7, 9, 12, 15, 16, 17], 0.01760741028177187], [[1, 5, 7, 9, 12, 15, 16, 17], 0.006998449647200014], [[5, 7, 9, 12, 15, 16, 17], 0.0021712193167685674], [[5, 7, 16], 0.23509257028112449], [[7, 16], 1433.0], [[5, 7, 9, 16], 5.261511921170373], [[5, 7, 9, 12, 16], 0.001330257152891603], [[5, 7, 9, 12, 15, 16], 0.03623335754826366], [[0, 1, 5, 7, 8, 9, 12, 15, 16, 17], 0.05440164940799493], [[0, 1, 5, 7, 8, 9, 12, 15, 16, 17, 19], 0.17161617626956607], [[0, 1, 5, 7, 8, 9, 11, 12, 15, 16, 17, 19], 0.5560300409122299], [[0, 1, 5, 6, 7, 8, 9, 11, 12, 15, 16, 17, 19], 1.76065051502388], [[0, 1, 2, 5, 6, 7, 8, 9, 11, 12, 15, 16, 17, 19], 5.7664463548452645], [[0, 1, 2, 5, 6, 7, 8, 9, 11, 12, 14, 15, 16, 17, 19], 18.76291120311515], [[0, 1, 2, 5, 6, 7, 8, 9, 10, 11, 12, 14, 15, 16, 17, 19], 62.02456887116696]]}