{"costs": 938, "join_operands": {"0": [0, 1, 2, 3, 4, 5, 6], "1": [0, 1, 2, 3, 4, 5], "2": [], "3": [0, 1, 2, 3, 4], "4": [], "5": [], "6": [0, 1, 3, 4], "7": [0, 1, 4], "8": [1, 4]}, "join_predecessors": {"0": [1, 2], "1": [3, 5], "2": [4], "3": [6], "4": [], "5": [], "6": [7], "7": [8], "8": []}, "leaf_joins": [], "opt_time": 0.10249805450439453, "status": 2, "intermediate_costs": [[[0, 1, 2, 3, 4, 5], 3.547607352230703e-05], [[0, 1, 2, 3, 4], 9.477287260557774e-05], [[0, 1, 3, 4], 9.588870120416601e-05], [[0, 1, 4], 0.00044973341924539443], [[1, 4], 938.0000000000001]]}