{"costs": 5664640706.595425, "join_operands": {"0": [0, 1, 2, 3, 4, 5, 6, 7, 8, 9, 10, 11, 12, 13, 14, 15, 16, 17, 18, 19, 20, 21, 22, 23, 24, 25, 26, 27, 28, 29, 30, 31, 32, 33, 34, 35, 36, 37, 38, 39, 40, 41, 42, 43, 44, 45, 46, 47, 48, 49], "1": [0, 2, 3, 4, 5, 6, 7, 8, 9, 10, 11, 12, 13, 14, 15, 16, 18, 22, 24, 26, 28, 29, 30, 31, 33, 34, 35, 36, 38, 39, 40, 41, 42, 43, 44, 45, 46, 47, 48, 49], "2": [1, 17, 19, 20, 21, 23, 25, 27, 32, 37], "3": [0, 2, 3, 5, 6, 8, 9, 10, 11, 12, 13, 14, 15, 16, 18, 22, 24, 26, 28, 29, 30, 31, 33, 34, 35, 36, 38, 39, 40, 41, 42, 43, 44, 45, 46, 47, 48], "4": [1, 19, 20, 21, 23, 27, 32], "5": [4, 7, 49], "6": [17, 25, 37], "7": [0, 2, 3, 5, 6, 8, 9, 11, 12, 13, 14, 15, 16, 18, 22, 24, 26, 28, 29, 30, 31, 33, 34, 35, 36, 38, 41, 42, 43, 44, 45, 46, 47, 48], "8": [1, 21], "9": [], "10": [], "11": [10, 39, 40], "12": [19, 20, 23, 27, 32], "13": [4, 49], "14": [17, 37], "15": [0, 2, 3, 5, 6, 8, 9, 11, 12, 13, 14, 15, 16, 18, 22, 24, 26, 28, 30, 31, 33, 34, 35, 36, 38, 41, 42, 43, 44, 45, 46, 47, 48], "16": [], "17": [], "18": [], "19": [39, 40], "20": [20, 32], "21": [], "22": [], "23": [], "24": [], "25": [], "26": [], "27": [], "28": [19, 23, 27], "29": [], "30": [], "31": [0, 2, 3, 5, 6, 8, 9, 11, 12, 13, 14, 15, 16, 18, 22, 24, 26, 28, 30, 31, 33, 34, 35, 36, 38, 41, 43, 44, 45, 46, 47, 48], "32": [], "33": [], "34": [], "35": [], "36": [], "37": [], "38": [], "39": [], "40": [], "41": [], "42": [], "43": [], "44": [19, 27], "45": [], "46": [], "47": [], "48": []}, "join_predecessors": {"0": [1, 2], "1": [3, 5], "2": [4, 6], "3": [7, 11], "4": [8, 12], "5": [9, 13], "6": [10, 14], "7": [15, 23], "8": [16, 24], "9": [17, 25], "10": [18, 26], "11": [19, 27], "12": [20, 28], "13": [21, 29], "14": [22, 30], "15": [31, 47], "16": [32, 48], "17": [33], "18": [34], "19": [35], "20": [36], "21": [37], "22": [38], "23": [39], "24": [40], "25": [41], "26": [42], "27": [43], "28": [44], "29": [45], "30": [46], "31": [], "32": [], "33": [], "34": [], "35": [], "36": [], "37": [], "38": [], "39": [], "40": [], "41": [], "42": [], "43": [], "44": [], "45": [], "46": [], "47": [], "48": []}, "leaf_joins": [31, 32], "opt_time": 20.009079933166504, "status": 9, "intermediate_costs": [[[0, 2, 3, 4, 5, 6, 7, 8, 9, 10, 11, 12, 13, 14, 15, 16, 18, 22, 24, 26, 28, 29, 30, 31, 33, 34, 35, 36, 38, 39, 40, 41, 42, 43, 44, 45, 46, 47, 48, 49], 4510675549.299521], [[1, 17, 19, 20, 21, 23, 25, 27, 32, 37], 65519447.64349583], [[0, 2, 3, 5, 6, 8, 9, 10, 11, 12, 13, 14, 15, 16, 18, 22, 24, 26, 28, 29, 30, 31, 33, 34, 35, 36, 38, 39, 40, 41, 42, 43, 44, 45, 46, 47, 48], 776859376.3290101], [[1, 19, 20, 21, 23, 27, 32], 1058711.948477779], [[4, 7, 49], 56832026.00343643], [[17, 25, 37], 30943000.0], [[0, 2, 3, 5, 6, 8, 9, 11, 12, 13, 14, 15, 16, 18, 22, 24, 26, 28, 29, 30, 31, 33, 34, 35, 36, 38, 41, 42, 43, 44, 45, 46, 47, 48], 37445283.76453112], [[1, 21], 8180999.0], [[10, 39, 40], 1950173.0000000002], [[19, 20, 23, 27, 32], 1058712.0778888632], [[4, 49], 56832027.0], [[17, 37], 30943000.0], [[0, 2, 3, 5, 6, 8, 9, 11, 12, 13, 14, 15, 16, 18, 22, 24, 26, 28, 30, 31, 33, 34, 35, 36, 38, 41, 42, 43, 44, 45, 46, 47, 48], 37445283.76453112], [[39, 40], 2188000.0], [[20, 32], 8145833.0], [[19, 23, 27], 559000.0], [[0, 2, 3, 5, 6, 8, 9, 11, 12, 13, 14, 15, 16, 18, 22, 24, 26, 28, 30, 31, 33, 34, 35, 36, 38, 41, 43, 44, 45, 46, 47, 48], 37445283.76453112], [[19, 27], 559000.0]]}