{"costs": 2243908, "root_join": 28, "join_operands": {"0": [0, 5, 14, 16, 18, 20, 27], "1": [5, 14, 16, 18, 20, 27], "2": [5, 14, 18, 20, 27], "3": [5, 18, 20, 27], "4": [5, 18], "5": [20, 27], "6": [0, 3, 5, 14, 16, 18, 20, 27], "7": [0, 3, 5, 11, 14, 16, 18, 20, 27], "8": [0, 3, 5, 6, 11, 14, 16, 18, 20, 27], "9": [0, 3, 5, 6, 11, 13, 14, 16, 18, 20, 27], "10": [0, 3, 4, 5, 6, 11, 13, 14, 16, 18, 20, 27], "11": [0, 3, 4, 5, 6, 11, 13, 14, 15, 16, 18, 20, 27], "12": [0, 3, 4, 5, 6, 10, 11, 13, 14, 15, 16, 18, 20, 27], "13": [0, 3, 4, 5, 6, 10, 11, 13, 14, 15, 16, 18, 20, 22, 27], "14": [0, 3, 4, 5, 6, 10, 11, 13, 14, 15, 16, 18, 20, 22, 24, 27], "15": [0, 3, 4, 5, 6, 8, 10, 11, 13, 14, 15, 16, 18, 20, 22, 24, 27], "16": [0, 3, 4, 5, 6, 8, 10, 11, 13, 14, 15, 16, 18, 20, 22, 24, 27, 28], "17": [0, 3, 4, 5, 6, 8, 10, 11, 13, 14, 15, 16, 18, 20, 22, 23, 24, 27, 28], "18": [0, 3, 4, 5, 6, 8, 10, 11, 13, 14, 15, 16, 18, 20, 22, 23, 24, 26, 27, 28], "19": [0, 1, 3, 4, 5, 6, 8, 10, 11, 13, 14, 15, 16, 18, 20, 22, 23, 24, 26, 27, 28], "20": [0, 1, 3, 4, 5, 6, 8, 10, 11, 12, 13, 14, 15, 16, 18, 20, 22, 23, 24, 26, 27, 28], "21": [0, 1, 3, 4, 5, 6, 8, 10, 11, 12, 13, 14, 15, 16, 18, 20, 22, 23, 24, 26, 27, 28, 29], "22": [0, 1, 2, 3, 4, 5, 6, 8, 10, 11, 12, 13, 14, 15, 16, 18, 20, 22, 23, 24, 26, 27, 28, 29], "23": [0, 1, 2, 3, 4, 5, 6, 8, 10, 11, 12, 13, 14, 15, 16, 18, 20, 22, 23, 24, 25, 26, 27, 28, 29], "24": [0, 1, 2, 3, 4, 5, 6, 7, 8, 10, 11, 12, 13, 14, 15, 16, 18, 20, 22, 23, 24, 25, 26, 27, 28, 29], "25": [0, 1, 2, 3, 4, 5, 6, 7, 8, 10, 11, 12, 13, 14, 15, 16, 17, 18, 20, 22, 23, 24, 25, 26, 27, 28, 29], "26": [0, 1, 2, 3, 4, 5, 6, 7, 8, 10, 11, 12, 13, 14, 15, 16, 17, 18, 19, 20, 22, 23, 24, 25, 26, 27, 28, 29], "27": [0, 1, 2, 3, 4, 5, 6, 7, 8, 10, 11, 12, 13, 14, 15, 16, 17, 18, 19, 20, 21, 22, 23, 24, 25, 26, 27, 28, 29], "28": [0, 1, 2, 3, 4, 5, 6, 7, 8, 9, 10, 11, 12, 13, 14, 15, 16, 17, 18, 19, 20, 21, 22, 23, 24, 25, 26, 27, 28, 29]}, "join_predecessors": {"0": [1], "2": [3], "4": [], "3": [4, 5], "5": [], "1": [2], "6": [0], "7": [6], "8": [7], "9": [8], "10": [9], "11": [10], "12": [11], "13": [12], "14": [13], "15": [14], "16": [15], "17": [16], "18": [17], "19": [18], "20": [19], "21": [20], "22": [21], "23": [22], "24": [23], "25": [24], "26": [25], "27": [26], "28": [27]}, "intermediate_costs": [[[0, 5, 14, 16, 18, 20, 27], 0.1853926298605339], [[5, 14, 16, 18, 20, 27], 0.6985005578763581], [[5, 14, 18, 20, 27], 0.6371546284328218], [[5, 18, 20, 27], 0.5811963787919915], [[5, 18], 154.99999999999997], [[20, 27], 926.0], [[0, 3, 5, 14, 16, 18, 20, 27], 0.19891812268222717], [[0, 3, 5, 11, 14, 16, 18, 20, 27], 0.21806615414389896], [[0, 3, 5, 6, 11, 14, 16, 18, 20, 27], 7.972185717975434], [[0, 3, 5, 6, 11, 13, 14, 16, 18, 20, 27], 7.395174090924994], [[0, 3, 4, 5, 6, 11, 13, 14, 16, 18, 20, 27], 8.107187051269227], [[0, 3, 4, 5, 6, 11, 13, 14, 15, 16, 18, 20, 27], 42.46196824581305], [[0, 3, 4, 5, 6, 10, 11, 13, 14, 15, 16, 18, 20, 27], 46.55025276120045], [[0, 3, 4, 5, 6, 10, 11, 13, 14, 15, 16, 18, 20, 22, 27], 51.03216175913653], [[0, 3, 4, 5, 6, 10, 11, 13, 14, 15, 16, 18, 20, 22, 24, 27], 55.94557692964317], [[0, 3, 4, 5, 6, 8, 10, 11, 13, 14, 15, 16, 18, 20, 22, 24, 27], 61.3320813801566], [[0, 3, 4, 5, 6, 8, 10, 11, 13, 14, 15, 16, 18, 20, 22, 24, 27, 28], 98.61415723188159], [[0, 3, 4, 5, 6, 8, 10, 11, 13, 14, 15, 16, 18, 20, 22, 23, 24, 27, 28], 102071.94723182895], [[0, 3, 4, 5, 6, 8, 10, 11, 13, 14, 15, 16, 18, 20, 22, 23, 24, 26, 27, 28], 111364.14924593546], [[0, 1, 3, 4, 5, 6, 8, 10, 11, 13, 14, 15, 16, 18, 20, 22, 23, 24, 26, 27, 28], 97669.1356056375], [[0, 1, 3, 4, 5, 6, 8, 10, 11, 12, 13, 14, 15, 16, 18, 20, 22, 23, 24, 26, 27, 28], 100639.27369758573], [[0, 1, 3, 4, 5, 6, 8, 10, 11, 12, 13, 14, 15, 16, 18, 20, 22, 23, 24, 26, 27, 28, 29], 105794.87059152377], [[0, 1, 2, 3, 4, 5, 6, 8, 10, 11, 12, 13, 14, 15, 16, 18, 20, 22, 23, 24, 26, 27, 28, 29], 115585.08022345765], [[0, 1, 2, 3, 4, 5, 6, 8, 10, 11, 12, 13, 14, 15, 16, 18, 20, 22, 23, 24, 25, 26, 27, 28, 29], 126713.74657762003], [[0, 1, 2, 3, 4, 5, 6, 7, 8, 10, 11, 12, 13, 14, 15, 16, 18, 20, 22, 23, 24, 25, 26, 27, 28, 29], 127947.00232939553], [[0, 1, 2, 3, 4, 5, 6, 7, 8, 10, 11, 12, 13, 14, 15, 16, 17, 18, 20, 22, 23, 24, 25, 26, 27, 28, 29], 140265.88869819185], [[0, 1, 2, 3, 4, 5, 6, 7, 8, 10, 11, 12, 13, 14, 15, 16, 17, 18, 19, 20, 22, 23, 24, 25, 26, 27, 28, 29], 152715.21761678098], [[0, 1, 2, 3, 4, 5, 6, 7, 8, 10, 11, 12, 13, 14, 15, 16, 17, 18, 19, 20, 21, 22, 23, 24, 25, 26, 27, 28, 29], 1061679.6636722619]]}