{"costs": 3498643, "root_join": 21, "join_operands": {"0": [0, 23], "1": [0, 20, 23], "2": [0, 8, 20, 23, 29], "3": [8, 29], "4": [0, 8, 20, 23, 28, 29], "5": [0, 8, 9, 20, 23, 28, 29], "6": [0, 8, 9, 17, 20, 23, 28, 29], "7": [0, 8, 9, 13, 17, 20, 23, 28, 29], "8": [0, 5, 8, 9, 13, 17, 20, 23, 28, 29], "9": [0, 4, 5, 8, 9, 13, 17, 20, 23, 28, 29], "10": [0, 4, 5, 8, 9, 13, 15, 17, 20, 23, 28, 29], "11": [0, 4, 5, 8, 9, 13, 15, 16, 17, 20, 23, 28, 29], "12": [0, 4, 5, 8, 9, 13, 15, 16, 17, 18, 20, 23, 28, 29], "13": [0, 3, 4, 5, 8, 9, 13, 15, 16, 17, 18, 20, 23, 28, 29], "14": [0, 3, 4, 5, 8, 9, 13, 15, 16, 17, 18, 20, 23, 25, 28, 29], "15": [0, 3, 4, 5, 8, 9, 13, 14, 15, 16, 17, 18, 20, 23, 25, 28, 29], "16": [0, 2, 3, 4, 5, 8, 9, 13, 14, 15, 16, 17, 18, 20, 23, 25, 28, 29], "17": [0, 2, 3, 4, 5, 8, 9, 13, 14, 15, 16, 17, 18, 20, 21, 23, 25, 28, 29], "18": [0, 2, 3, 4, 5, 8, 9, 11, 13, 14, 15, 16, 17, 18, 20, 21, 23, 25, 28, 29], "19": [0, 1, 2, 3, 4, 5, 8, 9, 11, 13, 14, 15, 16, 17, 18, 20, 21, 23, 25, 28, 29], "20": [0, 1, 2, 3, 4, 5, 8, 9, 11, 13, 14, 15, 16, 17, 18, 20, 21, 23, 25, 26, 28, 29], "21": [0, 1, 2, 3, 4, 5, 6, 7, 8, 9, 10, 11, 12, 13, 14, 15, 16, 17, 18, 19, 20, 21, 22, 23, 24, 25, 26, 27, 28, 29], "22": [6, 7, 10, 12, 19, 22, 24, 27], "23": [6, 7, 12, 22, 24], "24": [7, 12, 22, 24], "25": [12, 22, 24], "26": [22, 24], "27": [6, 7, 10, 12, 22, 24], "28": [6, 7, 10, 12, 22, 24, 27]}, "join_predecessors": {"0": [], "1": [0], "2": [1, 3], "3": [], "4": [2], "5": [4], "6": [5], "7": [6], "8": [7], "9": [8], "10": [9], "11": [10], "12": [11], "13": [12], "14": [13], "15": [14], "16": [15], "17": [16], "18": [17], "19": [18], "20": [19], "21": [20, 22], "23": [24], "24": [25], "25": [26], "26": [], "27": [23], "28": [27], "22": [28]}, "intermediate_costs": [[[0, 23], 155.0], [[0, 20, 23], 32811.58785315985], [[0, 8, 20, 23, 29], 74.62570576624667], [[8, 29], 132.0], [[0, 8, 20, 23, 28, 29], 99.00710643323094], [[0, 8, 9, 20, 23, 28, 29], 124.44090349751268], [[0, 8, 9, 17, 20, 23, 28, 29], 165.0977495073658], [[0, 8, 9, 13, 17, 20, 23, 28, 29], 218.46141072184662], [[0, 5, 8, 9, 13, 17, 20, 23, 28, 29], 289.83621556145584], [[0, 4, 5, 8, 9, 13, 17, 20, 23, 28, 29], 384.5300238949769], [[0, 4, 5, 8, 9, 13, 15, 17, 20, 23, 28, 29], 510.16166705834087], [[0, 4, 5, 8, 9, 13, 15, 16, 17, 20, 23, 28, 29], 676.8394490357493], [[0, 4, 5, 8, 9, 13, 15, 16, 17, 18, 20, 23, 28, 29], 897.9735716266927], [[0, 3, 4, 5, 8, 9, 13, 15, 16, 17, 18, 20, 23, 28, 29], 1191.3558448128656], [[0, 3, 4, 5, 8, 9, 13, 15, 16, 17, 18, 20, 23, 25, 28, 29], 11049.081491588558], [[0, 3, 4, 5, 8, 9, 13, 14, 15, 16, 17, 18, 20, 23, 25, 28, 29], 14179.674651864703], [[0, 2, 3, 4, 5, 8, 9, 13, 14, 15, 16, 17, 18, 20, 23, 25, 28, 29], 18527.36261385391], [[0, 2, 3, 4, 5, 8, 9, 13, 14, 15, 16, 17, 18, 20, 21, 23, 25, 28, 29], 24580.539023446116], [[0, 2, 3, 4, 5, 8, 9, 11, 13, 14, 15, 16, 17, 18, 20, 21, 23, 25, 28, 29], 41842.634565975735], [[0, 1, 2, 3, 4, 5, 8, 9, 11, 13, 14, 15, 16, 17, 18, 20, 21, 23, 25, 28, 29], 82476.86443875813], [[0, 1, 2, 3, 4, 5, 8, 9, 11, 13, 14, 15, 16, 17, 18, 20, 21, 23, 25, 26, 28, 29], 1772195.521125359], [[6, 7, 10, 12, 19, 22, 24, 27], 300094.47689110285], [[6, 7, 12, 22, 24], 128515.76703919661], [[7, 12, 22, 24], 103412.68792738704], [[12, 22, 24], 83866.33916468178], [[22, 24], 483481.0], [[6, 7, 10, 12, 22, 24], 170497.58427200085], [[6, 7, 10, 12, 22, 24, 27], 226193.46180085445]]}