{"costs": 1392375323, "root_join": 28, "join_operands": {"0": [8, 29], "1": [3, 8, 29], "2": [3, 8, 20, 29], "3": [3, 8, 20, 23, 29], "4": [0, 3, 8, 20, 23, 29], "5": [0, 3, 8, 16, 20, 23, 29], "6": [0, 3, 8, 16, 18, 20, 23, 29], "7": [0, 3, 8, 16, 18, 20, 23, 28, 29], "8": [0, 3, 8, 9, 16, 18, 20, 23, 28, 29], "9": [0, 3, 5, 8, 9, 16, 18, 20, 23, 28, 29], "10": [0, 3, 4, 5, 8, 9, 16, 18, 20, 23, 28, 29], "11": [0, 3, 4, 5, 8, 9, 15, 16, 18, 20, 23, 28, 29], "12": [0, 3, 4, 5, 8, 9, 15, 16, 17, 18, 20, 23, 28, 29], "13": [0, 3, 4, 5, 8, 9, 13, 15, 16, 17, 18, 20, 23, 28, 29], "14": [0, 3, 4, 5, 8, 9, 11, 13, 15, 16, 17, 18, 20, 23, 28, 29], "15": [0, 1, 3, 4, 5, 8, 9, 11, 13, 15, 16, 17, 18, 20, 23, 28, 29], "16": [0, 1, 3, 4, 5, 8, 9, 11, 13, 15, 16, 17, 18, 20, 23, 25, 28, 29], "17": [0, 1, 3, 4, 5, 8, 9, 11, 13, 14, 15, 16, 17, 18, 20, 23, 25, 28, 29], "18": [0, 1, 2, 3, 4, 5, 8, 9, 11, 13, 14, 15, 16, 17, 18, 20, 23, 25, 28, 29], "19": [0, 1, 2, 3, 4, 5, 8, 9, 11, 13, 14, 15, 16, 17, 18, 20, 21, 23, 25, 28, 29], "20": [0, 1, 2, 3, 4, 5, 8, 9, 11, 13, 14, 15, 16, 17, 18, 20, 21, 23, 25, 26, 28, 29], "21": [0, 1, 2, 3, 4, 5, 8, 9, 11, 12, 13, 14, 15, 16, 17, 18, 20, 21, 23, 25, 26, 28, 29], "22": [0, 1, 2, 3, 4, 5, 7, 8, 9, 11, 12, 13, 14, 15, 16, 17, 18, 20, 21, 23, 25, 26, 28, 29], "23": [0, 1, 2, 3, 4, 5, 6, 7, 8, 9, 11, 12, 13, 14, 15, 16, 17, 18, 20, 21, 23, 25, 26, 28, 29], "24": [0, 1, 2, 3, 4, 5, 6, 7, 8, 9, 11, 12, 13, 14, 15, 16, 17, 18, 20, 21, 23, 24, 25, 26, 28, 29], "25": [0, 1, 2, 3, 4, 5, 6, 7, 8, 9, 11, 12, 13, 14, 15, 16, 17, 18, 20, 21, 22, 23, 24, 25, 26, 28, 29], "26": [0, 1, 2, 3, 4, 5, 6, 7, 8, 9, 11, 12, 13, 14, 15, 16, 17, 18, 20, 21, 22, 23, 24, 25, 26, 27, 28, 29], "27": [0, 1, 2, 3, 4, 5, 6, 7, 8, 9, 10, 11, 12, 13, 14, 15, 16, 17, 18, 20, 21, 22, 23, 24, 25, 26, 27, 28, 29], "28": [0, 1, 2, 3, 4, 5, 6, 7, 8, 9, 10, 11, 12, 13, 14, 15, 16, 17, 18, 19, 20, 21, 22, 23, 24, 25, 26, 27, 28, 29]}, "join_predecessors": {"0": [], "1": [0], "2": [1], "3": [2], "4": [3], "5": [4], "6": [5], "7": [6], "8": [7], "9": [8], "10": [9], "11": [10], "12": [11], "13": [12], "14": [13], "15": [14], "16": [15], "17": [16], "18": [17], "19": [18], "20": [19], "21": [20], "22": [21], "23": [22], "24": [23], "25": [24], "26": [25], "27": [26], "28": [27]}, "intermediate_costs": [[[8, 29], 132.0], [[3, 8, 29], 175.1265031446541], [[3, 8, 20, 29], 259023.38585010063], [[3, 8, 20, 23, 29], 343650.494907283], [[0, 3, 8, 20, 23, 29], 99.00711284503505], [[0, 3, 8, 16, 20, 23, 29], 131.35428244747064], [[0, 3, 8, 16, 18, 20, 23, 29], 174.2697981417253], [[0, 3, 8, 16, 18, 20, 23, 28, 29], 231.2065028471658], [[0, 3, 8, 9, 16, 18, 20, 23, 28, 29], 290.6008179140625], [[0, 3, 5, 8, 9, 16, 18, 20, 23, 28, 29], 385.54471027616023], [[0, 3, 4, 5, 8, 9, 16, 18, 20, 23, 28, 29], 511.5079092786412], [[0, 3, 4, 5, 8, 9, 15, 16, 18, 20, 23, 28, 29], 678.6251046612409], [[0, 3, 4, 5, 8, 9, 15, 16, 17, 18, 20, 23, 28, 29], 900.342848611758], [[0, 3, 4, 5, 8, 9, 13, 15, 16, 17, 18, 20, 23, 28, 29], 1191.3558448128656], [[0, 3, 4, 5, 8, 9, 11, 13, 15, 16, 17, 18, 20, 23, 28, 29], 2028.0054560640506], [[0, 1, 3, 4, 5, 8, 9, 11, 13, 15, 16, 17, 18, 20, 23, 28, 29], 3997.442627976074], [[0, 1, 3, 4, 5, 8, 9, 11, 13, 15, 16, 17, 18, 20, 23, 25, 28, 29], 37073.78408119142], [[0, 1, 3, 4, 5, 8, 9, 11, 13, 14, 15, 16, 17, 18, 20, 23, 25, 28, 29], 47578.09024985248], [[0, 1, 2, 3, 4, 5, 8, 9, 11, 13, 14, 15, 16, 17, 18, 20, 23, 25, 28, 29], 62166.20283440443], [[0, 1, 2, 3, 4, 5, 8, 9, 11, 13, 14, 15, 16, 17, 18, 20, 21, 23, 25, 28, 29], 82476.86443875813], [[0, 1, 2, 3, 4, 5, 8, 9, 11, 13, 14, 15, 16, 17, 18, 20, 21, 23, 25, 26, 28, 29], 1772195.521125359], [[0, 1, 2, 3, 4, 5, 8, 9, 11, 12, 13, 14, 15, 16, 17, 18, 20, 21, 23, 25, 26, 28, 29], 236676461.7357183], [[0, 1, 2, 3, 4, 5, 7, 8, 9, 11, 12, 13, 14, 15, 16, 17, 18, 20, 21, 23, 25, 26, 28, 29], 291837575.3730429], [[0, 1, 2, 3, 4, 5, 6, 7, 8, 9, 11, 12, 13, 14, 15, 16, 17, 18, 20, 21, 23, 25, 26, 28, 29], 362680156.5806049], [[0, 1, 2, 3, 4, 5, 6, 7, 8, 9, 11, 12, 13, 14, 15, 16, 17, 18, 20, 21, 23, 24, 25, 26, 28, 29], 481173553.83005494], [[0, 1, 2, 3, 4, 5, 6, 7, 8, 9, 11, 12, 13, 14, 15, 16, 17, 18, 20, 21, 22, 23, 24, 25, 26, 28, 29], 4255863.581934924], [[0, 1, 2, 3, 4, 5, 6, 7, 8, 9, 11, 12, 13, 14, 15, 16, 17, 18, 20, 21, 22, 23, 24, 25, 26, 27, 28, 29], 5646112.352033666], [[0, 1, 2, 3, 4, 5, 6, 7, 8, 9, 10, 11, 12, 13, 14, 15, 16, 17, 18, 20, 21, 22, 23, 24, 25, 26, 27, 28, 29], 7490509.053697997]]}