{"costs": 2689.0, "root_join": 0, "join_operands": {"0": [0, 1, 2, 3, 4, 5, 6, 7, 8, 9, 10, 11], "1": [1], "2": [0, 2, 3, 4, 5, 6, 7, 8, 9, 10, 11], "3": [2], "4": [0, 3, 4, 5, 6, 7, 8, 9, 10, 11], "5": [3], "6": [0, 4, 5, 6, 7, 8, 9, 10, 11], "7": [4], "8": [0, 5, 6, 7, 8, 9, 10, 11], "9": [5], "10": [0, 6, 7, 8, 9, 10, 11], "11": [7], "12": [0, 6, 8, 9, 10, 11], "13": [8], "14": [0, 6, 9, 10, 11], "15": [9], "16": [0, 6, 10, 11], "17": [11], "18": [0, 6, 10], "19": [0], "20": [6, 10], "21": [6], "22": [10]}, "join_predecessors": {"0": [1, 2], "2": [3, 4], "4": [5, 6], "6": [7, 8], "8": [9, 10], "10": [11, 12], "12": [13, 14], "14": [15, 16], "16": [17, 18], "18": [19, 20], "20": [21, 22]}, "intermediate_costs": [[[0, 2, 3, 4, 5, 6, 7, 8, 9, 10, 11], 1.0731937176046264e-61], [[0, 3, 4, 5, 6, 7, 8, 9, 10, 11], 1.0731937176046264e-61], [[0, 4, 5, 6, 7, 8, 9, 10, 11], 5.667220246417889e-61], [[0, 5, 6, 7, 8, 9, 10, 11], 6.037747172146684e-61], [[0, 6, 7, 8, 9, 10, 11], 2.5905107705320135e-58], [[0, 6, 8, 9, 10, 11], 6.034147050323394e-34], [[0, 6, 9, 10, 11], 1.9752875652162933e-15], [[0, 6, 10, 11], 0.00013510529260202836], [[0, 6, 10], 374.2185885255192], [[6, 10], 2315.0]]}