{"costs": 5557020, "root_join": 0, "join_operands": {"0": [0, 1, 2, 3, 4, 5, 6, 7, 8, 9, 10, 11, 12, 13, 14, 15, 16, 17, 18, 19], "1": [1, 2, 3, 4, 5, 6, 7, 8, 9, 10, 11, 12, 13, 14, 15, 16, 17, 18, 19], "2": [], "3": [1, 2, 3, 4, 5, 6, 7, 8, 9, 10, 11, 12, 13, 14, 15, 16, 18, 19], "4": [], "5": [], "6": [], "7": [1, 2, 3, 4, 5, 6, 8, 9, 10, 11, 12, 13, 14, 15, 16, 18, 19], "8": [], "9": [], "10": [], "11": [], "12": [], "13": [], "14": [], "15": [1, 2, 4, 5, 6, 8, 9, 10, 11, 12, 13, 14, 15, 16, 18, 19], "16": [], "17": [], "18": [], "19": [1, 2, 4, 5, 9, 10, 11, 15, 16], "20": [2, 4, 5, 9, 10, 11, 15, 16], "21": [2, 4, 5, 9, 10, 15, 16], "22": [4, 5, 9, 10, 15, 16], "23": [4, 16], "24": [4, 5, 16], "25": [4, 5, 10, 16], "26": [4, 5, 9, 10, 16], "27": [1, 2, 4, 5, 9, 10, 11, 15, 16, 18], "28": [1, 2, 4, 5, 9, 10, 11, 13, 15, 16, 18], "29": [1, 2, 4, 5, 6, 9, 10, 11, 13, 15, 16, 18], "30": [1, 2, 4, 5, 6, 9, 10, 11, 13, 15, 16, 18, 19], "31": [1, 2, 4, 5, 6, 8, 9, 10, 11, 13, 15, 16, 18, 19], "32": [1, 2, 4, 5, 6, 8, 9, 10, 11, 12, 13, 15, 16, 18, 19]}, "join_predecessors": {"0": [1], "1": [3], "2": [], "3": [7], "4": [], "5": [], "6": [], "7": [15], "8": [], "9": [], "10": [], "11": [], "12": [], "13": [], "14": [], "15": [32], "16": [], "17": [], "18": [], "19": [20], "21": [22], "23": [], "24": [23], "25": [24], "26": [25], "22": [26], "20": [21], "27": [19], "28": [27], "29": [28], "30": [29], "31": [30], "32": [31]}, "intermediate_costs": [[[1, 2, 3, 4, 5, 6, 7, 8, 9, 10, 11, 12, 13, 14, 15, 16, 17, 18, 19], 5373690.801579176], [[1, 2, 3, 4, 5, 6, 7, 8, 9, 10, 11, 12, 13, 14, 15, 16, 18, 19], 130182.13917658351], [[1, 2, 3, 4, 5, 6, 8, 9, 10, 11, 12, 13, 14, 15, 16, 18, 19], 8469.50871708942], [[1, 2, 4, 5, 6, 8, 9, 10, 11, 12, 13, 14, 15, 16, 18, 19], 4562.851353288765], [[1, 2, 4, 5, 9, 10, 11, 15, 16], 57.40997313877789], [[2, 4, 5, 9, 10, 11, 15, 16], 35.2041964686457], [[2, 4, 5, 9, 10, 15, 16], 18.788806777052812], [[4, 5, 9, 10, 15, 16], 12.66405039792985], [[4, 16], 30575.0], [[4, 5, 16], 3683.7718646080757], [[4, 5, 10, 16], 691.5828753031424], [[4, 5, 9, 10, 16], 16.936259221207937], [[1, 2, 4, 5, 9, 10, 11, 15, 16, 18], 100.66177600105651], [[1, 2, 4, 5, 9, 10, 11, 13, 15, 16, 18], 190.0756004369177], [[1, 2, 4, 5, 6, 9, 10, 11, 13, 15, 16, 18], 358.91231090099814], [[1, 2, 4, 5, 6, 9, 10, 11, 13, 15, 16, 18, 19], 677.7200601293989], [[1, 2, 4, 5, 6, 8, 9, 10, 11, 13, 15, 16, 18, 19], 1279.7122700617301], [[1, 2, 4, 5, 6, 8, 9, 10, 11, 12, 13, 15, 16, 18, 19], 2416.4306038600407]], "time_in_s": 10}