{"costs": 5904145, "root_join": 0, "join_operands": {"0": [0, 1, 2, 3, 4, 5, 6, 7, 8, 9, 10, 11, 12, 13, 14, 15, 16, 17, 18, 19], "1": [1, 2, 3, 4, 5, 6, 7, 8, 9, 10, 11, 12, 13, 14, 15, 16, 17, 18, 19], "2": [1, 2, 3, 4, 5, 6, 7, 8, 9, 10, 11, 12, 13, 14, 15, 16, 18, 19], "3": [1, 2, 3, 4, 5, 6, 8, 9, 10, 11, 12, 13, 14, 15, 16, 18, 19], "4": [1, 2, 4, 5, 6, 8, 9, 10, 11, 12, 13, 14, 15, 16, 18, 19], "5": [1, 4, 5, 6, 8, 9, 10, 11, 12, 13, 14, 15, 16, 18, 19], "6": [1, 4, 5, 6, 8, 10, 11, 12, 13, 14, 15, 16, 18, 19], "7": [4, 5, 8, 10, 13, 14, 15, 16, 18], "8": [4, 5, 8, 13, 14, 15, 16, 18], "9": [4, 16], "10": [4, 5, 16], "11": [4, 5, 15, 16], "12": [4, 5, 8, 15, 16], "13": [4, 5, 8, 15, 16, 18], "14": [4, 5, 8, 13, 15, 16, 18], "15": [4, 5, 6, 8, 10, 13, 14, 15, 16, 18], "16": [4, 5, 6, 8, 10, 12, 13, 14, 15, 16, 18], "17": [4, 5, 6, 8, 10, 12, 13, 14, 15, 16, 18, 19], "18": [4, 5, 6, 8, 10, 11, 12, 13, 14, 15, 16, 18, 19]}, "join_predecessors": {"0": [1], "1": [2], "2": [3], "3": [4], "5": [6], "7": [8], "9": [], "10": [9], "11": [10], "12": [11], "13": [12], "14": [13], "8": [14], "15": [7], "16": [15], "17": [16], "18": [17], "6": [18], "4": [5]}, "intermediate_costs": [[[1, 2, 3, 4, 5, 6, 7, 8, 9, 10, 11, 12, 13, 14, 15, 16, 17, 18, 19], 5373690.801579176], [[1, 2, 3, 4, 5, 6, 7, 8, 9, 10, 11, 12, 13, 14, 15, 16, 18, 19], 130182.13917658351], [[1, 2, 3, 4, 5, 6, 8, 9, 10, 11, 12, 13, 14, 15, 16, 18, 19], 8469.50871708942], [[1, 2, 4, 5, 6, 8, 9, 10, 11, 12, 13, 14, 15, 16, 18, 19], 4562.851353288765], [[1, 4, 5, 6, 8, 9, 10, 11, 12, 13, 14, 15, 16, 18, 19], 3075.4576478419285], [[1, 4, 5, 6, 8, 10, 11, 12, 13, 14, 15, 16, 18, 19], 125584.62970997568], [[4, 5, 8, 10, 13, 14, 15, 16, 18], 6104.67268015457], [[4, 5, 8, 13, 14, 15, 16, 18], 32517.030517763604], [[4, 16], 30575.0], [[4, 5, 16], 3683.7718646080757], [[4, 5, 15, 16], 2754.532269407801], [[4, 5, 8, 15, 16], 5201.275498277425], [[4, 5, 8, 15, 16, 18], 9119.837556129036], [[4, 5, 8, 13, 15, 16, 18], 17220.62403657755], [[4, 5, 6, 8, 10, 13, 14, 15, 16, 18], 11527.214297321816], [[4, 5, 6, 8, 10, 12, 13, 14, 15, 16, 18], 21766.3876927255], [[4, 5, 6, 8, 10, 12, 13, 14, 15, 16, 18, 19], 41100.617415106644], [[4, 5, 6, 8, 10, 11, 12, 13, 14, 15, 16, 18, 19], 77009.37199648056]]}