{"costs": 10342614, "root_join": 25, "join_operands": {"0": [0, 1, 2, 3, 4, 5, 9, 14, 15, 18, 19, 20, 21, 24, 25, 27], "1": [1, 2, 3, 4, 5, 9, 14, 15, 18, 19, 20, 21, 24, 25, 27], "2": [2, 5, 14, 15, 18, 21, 25, 27], "3": [5, 14, 15, 18, 21, 25, 27], "4": [5, 14, 15, 18, 25, 27], "5": [14, 15, 18, 25, 27], "6": [15, 27], "7": [15, 25, 27], "8": [14, 15, 25, 27], "9": [2, 5, 14, 15, 18, 21, 24, 25, 27], "10": [2, 3, 5, 14, 15, 18, 21, 24, 25, 27], "11": [2, 3, 4, 5, 14, 15, 18, 21, 24, 25, 27], "12": [2, 3, 4, 5, 9, 14, 15, 18, 21, 24, 25, 27], "13": [1, 2, 3, 4, 5, 9, 14, 15, 18, 21, 24, 25, 27], "14": [1, 2, 3, 4, 5, 9, 14, 15, 18, 19, 21, 24, 25, 27], "15": [0, 1, 2, 3, 4, 5, 9, 13, 14, 15, 18, 19, 20, 21, 24, 25, 27], "16": [0, 1, 2, 3, 4, 5, 6, 9, 13, 14, 15, 18, 19, 20, 21, 24, 25, 27], "17": [0, 1, 2, 3, 4, 5, 6, 9, 13, 14, 15, 18, 19, 20, 21, 22, 24, 25, 27], "18": [0, 1, 2, 3, 4, 5, 6, 9, 13, 14, 15, 18, 19, 20, 21, 22, 24, 25, 27, 28], "19": [0, 1, 2, 3, 4, 5, 6, 9, 10, 13, 14, 15, 18, 19, 20, 21, 22, 24, 25, 27, 28], "20": [0, 1, 2, 3, 4, 5, 6, 9, 10, 13, 14, 15, 18, 19, 20, 21, 22, 24, 25, 26, 27, 28], "21": [0, 1, 2, 3, 4, 5, 6, 9, 10, 13, 14, 15, 18, 19, 20, 21, 22, 24, 25, 26, 27, 28, 29], "22": [0, 1, 2, 3, 4, 5, 6, 8, 9, 10, 13, 14, 15, 16, 18, 19, 20, 21, 22, 23, 24, 25, 26, 27, 28, 29], "23": [8, 16, 23], "24": [16, 23], "25": [0, 1, 2, 3, 4, 5, 6, 7, 8, 9, 10, 11, 12, 13, 14, 15, 16, 17, 18, 19, 20, 21, 22, 23, 24, 25, 26, 27, 28, 29], "26": [7, 11, 12, 17], "27": [12, 17], "28": [7, 12, 17]}, "join_predecessors": {"0": [1], "2": [3], "3": [4], "4": [5], "6": [], "7": [6], "8": [7], "5": [8], "9": [2], "10": [9], "11": [10], "12": [11], "13": [12], "14": [13], "1": [14], "15": [0], "16": [15], "17": [16], "18": [17], "19": [18], "20": [19], "21": [20], "22": [21, 23], "24": [], "23": [24], "25": [22, 26], "27": [], "28": [27], "26": [28]}, "intermediate_costs": [[[0, 1, 2, 3, 4, 5, 9, 14, 15, 18, 19, 20, 21, 24, 25, 27], 404.1932679164969], [[1, 2, 3, 4, 5, 9, 14, 15, 18, 19, 20, 21, 24, 25, 27], 232.61257857944975], [[2, 5, 14, 15, 18, 21, 25, 27], 4.905349094128565], [[5, 14, 15, 18, 21, 25, 27], 2.95281443060043], [[5, 14, 15, 18, 25, 27], 1.6993399189502392], [[14, 15, 18, 25, 27], 0.008452504351105238], [[15, 27], 25.0], [[15, 25, 27], 43.440607734806626], [[14, 15, 25, 27], 0.011350272924920603], [[2, 5, 14, 15, 18, 21, 24, 25, 27], 8.450802450217854], [[2, 3, 5, 14, 15, 18, 21, 24, 25, 27], 14.684320420897084], [[2, 3, 4, 5, 14, 15, 18, 21, 24, 25, 27], 25.51583280537884], [[2, 3, 4, 5, 9, 14, 15, 18, 21, 24, 25, 27], 44.33692202510189], [[1, 2, 3, 4, 5, 9, 14, 15, 18, 21, 24, 25, 27], 77.04091288667762], [[1, 2, 3, 4, 5, 9, 14, 15, 18, 19, 21, 24, 25, 27], 133.86816195883662], [[0, 1, 2, 3, 4, 5, 9, 13, 14, 15, 18, 19, 20, 21, 24, 25, 27], 702.3360664608308], [[0, 1, 2, 3, 4, 5, 6, 9, 13, 14, 15, 18, 19, 20, 21, 24, 25, 27], 1220.396200015745], [[0, 1, 2, 3, 4, 5, 6, 9, 13, 14, 15, 18, 19, 20, 21, 22, 24, 25, 27], 2120.590160345948], [[0, 1, 2, 3, 4, 5, 6, 9, 13, 14, 15, 18, 19, 20, 21, 22, 24, 25, 27, 28], 3684.7891758632554], [[0, 1, 2, 3, 4, 5, 6, 9, 10, 13, 14, 15, 18, 19, 20, 21, 22, 24, 25, 27, 28], 6402.779593897168], [[0, 1, 2, 3, 4, 5, 6, 9, 10, 13, 14, 15, 18, 19, 20, 21, 22, 24, 25, 26, 27, 28], 11125.626146964547], [[0, 1, 2, 3, 4, 5, 6, 9, 10, 13, 14, 15, 18, 19, 20, 21, 22, 24, 25, 26, 27, 28, 29], 44997.17981609412], [[0, 1, 2, 3, 4, 5, 6, 8, 9, 10, 13, 14, 15, 16, 18, 19, 20, 21, 22, 23, 24, 25, 26, 27, 28, 29], 158799.05580028612], [[8, 16, 23], 2198202.4436878613], [[16, 23], 1265062.0], [[7, 11, 12, 17], 3487328.5515867975], [[12, 17], 1154998.0], [[7, 12, 17], 2006952.2920153453]]}