{"costs": 1725, "join_operands": {"0": [0, 1, 2, 3, 4, 5, 6, 7], "1": [0, 1, 2, 3, 4, 5, 7], "2": [], "3": [0, 1, 2, 3, 5, 7], "4": [], "5": [], "6": [], "7": [0, 1, 2, 3, 5], "8": [0, 1, 3, 5], "9": [1, 3, 5], "10": [3, 5]}, "join_predecessors": {"0": [1, 2], "1": [3, 5], "2": [4, 6], "3": [7], "4": [], "5": [], "6": [], "7": [8], "8": [9], "9": [10], "10": []}, "leaf_joins": [], "opt_time": 0.3242528438568115, "status": 2, "intermediate_costs": [[[0, 1, 2, 3, 4, 5, 7], 2.286428339923271e-16], [[0, 1, 2, 3, 5, 7], 2.286428339923271e-13], [[0, 1, 2, 3, 5], 5.7160807628891713e-11], [[0, 1, 3, 5], 0.03194766667207703], [[1, 3, 5], 575.0580000973865], [[3, 5], 1150.06]]}