{"costs": 9.118520357192695e+21, "join_operands": {"0": [0, 1, 2, 3, 4, 5, 6, 7, 8, 9, 10, 11, 12, 13, 14, 15, 16, 17, 18, 19, 20, 21, 22, 23, 24, 25, 26, 27, 28, 29, 30, 31, 32, 33, 34, 35, 36, 37, 38, 39, 40, 41, 42, 43, 44, 45, 46, 47, 48, 49], "1": [1, 2, 3, 4, 5, 6, 7, 8, 9, 10, 11, 12, 13, 14, 15, 16, 17, 18, 19, 20, 21, 22, 23, 24, 25, 26, 27, 28, 29, 30, 31, 32, 33, 34, 35, 36, 38, 39, 40, 41, 42, 43, 46, 47, 48, 49], "2": [0, 37, 44, 45], "3": [1, 2, 5, 6, 7, 8, 9, 10, 11, 12, 13, 16, 18, 19, 20, 21, 22, 23, 24, 26, 27, 29, 30, 31, 32, 33, 34, 35, 36, 38, 39, 40, 41, 42, 43, 46, 47, 48, 49], "4": [0, 37, 44], "5": [3, 4, 14, 15, 17, 25, 28], "6": [], "7": [1, 2, 5, 6, 8, 9, 10, 11, 12, 13, 16, 18, 19, 20, 21, 22, 23, 24, 26, 27, 29, 30, 31, 32, 33, 34, 35, 36, 38, 39, 40, 41, 42, 43, 46, 47, 48, 49], "8": [0, 44], "9": [3, 4, 28], "10": [], "11": [], "12": [], "13": [14, 15, 17, 25], "14": [], "15": [1, 2, 5, 6, 8, 9, 10, 11, 12, 13, 16, 18, 19, 20, 21, 23, 24, 26, 27, 29, 30, 31, 32, 33, 34, 35, 36, 38, 39, 40, 41, 42, 43, 46, 47, 48, 49], "16": [], "17": [], "18": [], "19": [], "20": [], "21": [17, 25], "22": [], "23": [], "24": [], "25": [3, 4], "26": [], "27": [], "28": [], "29": [14, 15], "30": [], "31": [1, 2, 5, 6, 8, 9, 10, 11, 12, 13, 16, 18, 19, 20, 21, 23, 24, 26, 27, 29, 30, 31, 32, 33, 34, 35, 36, 38, 39, 40, 41, 43, 46, 47, 48, 49], "32": [], "33": [], "34": [], "35": [], "36": [], "37": [], "38": [], "39": [], "40": [], "41": [], "42": [], "43": [], "44": [], "45": [], "46": [], "47": [], "48": []}, "join_predecessors": {"0": [1, 2], "1": [3, 5], "2": [4, 6], "3": [7, 11], "4": [8, 12], "5": [9, 13], "6": [10, 14], "7": [15, 23], "8": [16, 24], "9": [17, 25], "10": [18, 26], "11": [19, 27], "12": [20, 28], "13": [21, 29], "14": [22, 30], "15": [31, 47], "16": [32, 48], "17": [33], "18": [34], "19": [35], "20": [36], "21": [37], "22": [38], "23": [39], "24": [40], "25": [41], "26": [42], "27": [43], "28": [44], "29": [45], "30": [46], "31": [], "32": [], "33": [], "34": [], "35": [], "36": [], "37": [], "38": [], "39": [], "40": [], "41": [], "42": [], "43": [], "44": [], "45": [], "46": [], "47": [], "48": []}, "leaf_joins": [31, 32], "opt_time": 10.00702714920044, "status": 9, "intermediate_costs": [[[1, 2, 3, 4, 5, 6, 7, 8, 9, 10, 11, 12, 13, 14, 15, 16, 17, 18, 19, 20, 21, 22, 23, 24, 25, 26, 27, 28, 29, 30, 31, 32, 33, 34, 35, 36, 38, 39, 40, 41, 42, 43, 46, 47, 48, 49], 95462.34779114484], [[0, 37, 44, 45], 4.515942981e+16], [[1, 2, 5, 6, 7, 8, 9, 10, 11, 12, 13, 16, 18, 19, 20, 21, 22, 23, 24, 26, 27, 29, 30, 31, 32, 33, 34, 35, 36, 38, 39, 40, 41, 42, 43, 46, 47, 48, 49], 51860.06037496345], [[0, 37, 44], 59498590000.0], [[3, 4, 14, 15, 17, 25, 28], 7163148260324.974], [[1, 2, 5, 6, 8, 9, 10, 11, 12, 13, 16, 18, 19, 20, 21, 22, 23, 24, 26, 27, 29, 30, 31, 32, 33, 34, 35, 36, 38, 39, 40, 41, 42, 43, 46, 47, 48, 49], 16021.009327522319], [[0, 44], 804035.0], [[3, 4, 28], 41732.71374466463], [[14, 15, 17, 25], 9.118474634381113e+21], [[1, 2, 5, 6, 8, 9, 10, 11, 12, 13, 16, 18, 19, 20, 21, 23, 24, 26, 27, 29, 30, 31, 32, 33, 34, 35, 36, 38, 39, 40, 41, 42, 43, 46, 47, 48, 49], 1087.2104620597447], [[17, 25], 553891041000000.0], [[3, 4], 13069.0], [[14, 15], 2268084000000.0], [[1, 2, 5, 6, 8, 9, 10, 11, 12, 13, 16, 18, 19, 20, 21, 23, 24, 26, 27, 29, 30, 31, 32, 33, 34, 35, 36, 38, 39, 40, 41, 43, 46, 47, 48, 49], 356.8612689911774]]}