{"costs": 838201403, "root_join": 18, "join_operands": {"0": [15, 16], "1": [0, 15, 16], "2": [0, 4, 15, 16], "3": [0, 4, 5, 15, 16], "4": [0, 4, 5, 8, 15, 16], "5": [0, 4, 5, 8, 9, 15, 16], "6": [0, 4, 5, 8, 9, 15, 16, 19], "7": [0, 4, 5, 8, 9, 13, 15, 16, 19], "8": [0, 4, 5, 8, 9, 13, 15, 16, 17, 19], "9": [0, 4, 5, 8, 9, 10, 13, 15, 16, 17, 19], "10": [0, 3, 4, 5, 8, 9, 10, 13, 15, 16, 17, 19], "11": [0, 3, 4, 5, 8, 9, 10, 12, 13, 15, 16, 17, 19], "12": [0, 3, 4, 5, 6, 8, 9, 10, 12, 13, 15, 16, 17, 19], "13": [0, 1, 3, 4, 5, 6, 8, 9, 10, 12, 13, 15, 16, 17, 19], "14": [0, 1, 2, 3, 4, 5, 6, 8, 9, 10, 12, 13, 15, 16, 17, 19], "15": [0, 1, 2, 3, 4, 5, 6, 8, 9, 10, 12, 13, 15, 16, 17, 18, 19], "16": [0, 1, 2, 3, 4, 5, 6, 8, 9, 10, 12, 13, 14, 15, 16, 17, 18, 19], "17": [0, 1, 2, 3, 4, 5, 6, 8, 9, 10, 11, 12, 13, 14, 15, 16, 17, 18, 19], "18": [0, 1, 2, 3, 4, 5, 6, 7, 8, 9, 10, 11, 12, 13, 14, 15, 16, 17, 18, 19]}, "join_predecessors": {"0": [], "1": [0], "2": [1], "3": [2], "4": [3], "5": [4], "6": [5], "7": [6], "8": [7], "9": [8], "10": [9], "11": [10], "12": [11], "13": [12], "14": [13], "15": [14], "16": [15], "17": [16], "18": [17]}, "intermediate_costs": [[[15, 16], 7459.0], [[0, 15, 16], 10075.341131007635], [[0, 4, 15, 16], 131659.446507434], [[0, 4, 5, 15, 16], 598460.3842754076], [[0, 4, 5, 8, 15, 16], 808378.036629036], [[0, 4, 5, 8, 9, 15, 16], 1091926.8321388147], [[0, 4, 5, 8, 9, 15, 16, 19], 343448972.1624609], [[0, 4, 5, 8, 9, 13, 15, 16, 19], 463918123.9511529], [[0, 4, 5, 8, 9, 13, 15, 16, 17, 19], 673429.5347678026], [[0, 4, 5, 8, 9, 10, 13, 15, 16, 17, 19], 909643.6201736402], [[0, 3, 4, 5, 8, 9, 10, 13, 15, 16, 17, 19], 1124659.6782097335], [[0, 3, 4, 5, 8, 9, 10, 12, 13, 15, 16, 17, 19], 1519147.3437238235], [[0, 3, 4, 5, 6, 8, 9, 10, 12, 13, 15, 16, 17, 19], 1758863.9983535723], [[0, 1, 3, 4, 5, 6, 8, 9, 10, 12, 13, 15, 16, 17, 19], 2267816.575496588], [[0, 1, 2, 3, 4, 5, 6, 8, 9, 10, 12, 13, 15, 16, 17, 19], 3002016.8827309404], [[0, 1, 2, 3, 4, 5, 6, 8, 9, 10, 12, 13, 15, 16, 17, 18, 19], 4054983.1338102375], [[0, 1, 2, 3, 4, 5, 6, 8, 9, 10, 12, 13, 14, 15, 16, 17, 18, 19], 5477280.39441516], [[0, 1, 2, 3, 4, 5, 6, 8, 9, 10, 11, 12, 13, 14, 15, 16, 17, 18, 19], 7398507.058945408]]}