{"costs": 4523861, "root_join": 7, "join_operands": {"0": [0, 1, 4, 5, 7, 8, 15, 16], "1": [0, 1, 4, 5, 8, 15, 16], "2": [0, 1, 4, 5, 15, 16], "3": [0, 4, 5, 15, 16], "4": [0, 4, 15, 16], "5": [0, 15, 16], "6": [15, 16], "7": [0, 1, 2, 3, 4, 5, 6, 7, 8, 9, 10, 11, 12, 13, 14, 15, 16, 17, 18, 19], "8": [2, 3, 6, 9, 10, 11, 12, 13, 14, 17, 18, 19], "9": [2, 3, 6, 10, 11, 12, 13, 14, 17, 18, 19], "10": [13, 17, 19], "11": [13, 17], "12": [10, 13, 17, 19], "13": [3, 10, 13, 17, 19], "14": [3, 10, 12, 13, 17, 19], "15": [3, 6, 10, 12, 13, 17, 19], "16": [2, 3, 6, 10, 12, 13, 17, 19], "17": [2, 3, 6, 10, 12, 13, 17, 18, 19], "18": [2, 3, 6, 10, 12, 13, 14, 17, 18, 19]}, "join_predecessors": {"0": [1], "2": [3], "3": [4], "4": [5], "5": [6], "6": [], "1": [2], "7": [0, 8], "8": [9], "10": [11], "11": [], "12": [10], "13": [12], "14": [13], "15": [14], "16": [15], "17": [16], "18": [17], "9": [18]}, "intermediate_costs": [[[0, 1, 4, 5, 7, 8, 15, 16], 1407891.8553087136], [[0, 1, 4, 5, 8, 15, 16], 1042293.8399164331], [[0, 1, 4, 5, 15, 16], 771633.4978191978], [[0, 4, 5, 15, 16], 598460.3842754076], [[0, 4, 15, 16], 131659.446507434], [[0, 15, 16], 10075.341131007635], [[15, 16], 7459.0], [[2, 3, 6, 9, 10, 11, 12, 13, 14, 17, 18, 19], 147140.73463854994], [[2, 3, 6, 10, 11, 12, 13, 14, 17, 18, 19], 108931.57965986338], [[13, 17, 19], 12784.317096774193], [[13, 17], 135.0], [[10, 13, 17, 19], 17268.581024393527], [[3, 10, 13, 17, 19], 21350.42377840878], [[3, 10, 12, 13, 17, 19], 28839.33708904525], [[3, 6, 10, 12, 13, 17, 19], 33390.0934309412], [[2, 3, 6, 10, 12, 13, 17, 19], 44200.05801117302], [[2, 3, 6, 10, 12, 13, 17, 18, 19], 59703.35835876258], [[2, 3, 6, 10, 12, 13, 14, 17, 18, 19], 80644.48690121138]]}