{"costs": 4537954, "root_join": 7, "join_operands": {"0": [0, 15, 16], "1": [15, 16], "2": [0, 4, 15, 16], "3": [0, 4, 5, 15, 16], "4": [0, 1, 4, 5, 15, 16], "5": [0, 1, 4, 5, 8, 15, 16], "6": [0, 1, 4, 5, 7, 8, 15, 16], "7": [0, 1, 2, 3, 4, 5, 6, 7, 8, 9, 10, 11, 12, 13, 14, 15, 16, 17, 18, 19], "8": [2, 3, 6, 9, 10, 11, 12, 13, 14, 17, 18, 19], "9": [2, 3, 6, 10, 11, 12, 13, 14, 17, 18, 19], "10": [13, 14, 17, 18, 19], "11": [13, 14, 17, 18], "12": [13, 17], "13": [13, 14, 17], "14": [10, 13, 14, 17, 18, 19], "15": [2, 10, 13, 14, 17, 18, 19], "16": [2, 3, 10, 13, 14, 17, 18, 19], "17": [2, 3, 10, 11, 13, 14, 17, 18, 19], "18": [2, 3, 10, 11, 12, 13, 14, 17, 18, 19]}, "join_predecessors": {"0": [1], "1": [], "2": [0], "3": [2], "4": [3], "5": [4], "6": [5], "7": [6, 8], "8": [9], "10": [11], "12": [], "13": [12], "11": [13], "14": [10], "15": [14], "16": [15], "17": [16], "18": [17], "9": [18]}, "intermediate_costs": [[[0, 15, 16], 10075.341131007635], [[15, 16], 7459.0], [[0, 4, 15, 16], 131659.446507434], [[0, 4, 5, 15, 16], 598460.3842754076], [[0, 1, 4, 5, 15, 16], 771633.4978191978], [[0, 1, 4, 5, 8, 15, 16], 1042293.8399164331], [[0, 1, 4, 5, 7, 8, 15, 16], 1407891.8553087136], [[2, 3, 6, 9, 10, 11, 12, 13, 14, 17, 18, 19], 147140.73463854994], [[2, 3, 6, 10, 11, 12, 13, 14, 17, 18, 19], 108931.57965986338], [[13, 14, 17, 18, 19], 23325.414921200412], [[13, 14, 17, 18], 246.31202359307957], [[13, 17], 135.0], [[13, 14, 17], 182.35164705882352], [[10, 13, 14, 17, 18, 19], 31507.104716292037], [[2, 10, 13, 14, 17, 18, 19], 41707.4561083358], [[2, 3, 10, 13, 14, 17, 18, 19], 51566.01236514316], [[2, 3, 10, 11, 13, 14, 17, 18, 19], 69653.4555496157], [[2, 3, 10, 11, 12, 13, 14, 17, 18, 19], 94085.22776225225]]}