{"costs": 3.0329616305204466e+43, "join_operands": {"0": [0, 1, 2, 3, 4, 5, 6, 7, 8, 9, 10, 11, 12, 13, 14, 15, 16, 17, 18, 19, 20, 21, 22, 23, 24, 25, 26, 27, 28, 29, 30, 31, 32, 33, 34, 35, 36, 37, 38, 39, 40, 41, 42, 43, 44, 45, 46, 47, 48, 49], "1": [1, 4, 6, 11, 12, 14, 15, 20, 21, 22, 24, 25, 27, 28, 34, 36, 37, 38, 39, 42, 44, 46], "2": [0, 2, 3, 5, 7, 8, 9, 10, 13, 16, 17, 18, 19, 23, 26, 29, 30, 31, 32, 33, 35, 40, 41, 43, 45, 47, 48, 49], "3": [4, 6, 11, 14, 15, 21, 22, 24, 25, 27, 28, 34, 36, 37, 39, 42, 44], "4": [0, 3, 5, 7, 8, 9, 10, 13, 17, 19, 23, 26, 29, 31, 32, 33, 43, 45, 48, 49], "5": [1, 12, 20, 38, 46], "6": [2, 16, 18, 30, 35, 40, 41, 47], "7": [4, 6, 11, 15, 21, 22, 24, 25, 27, 28, 34, 36, 37, 39, 42], "8": [3, 10, 13, 17, 19, 23, 26, 29, 31, 32, 33, 43, 45, 48, 49], "9": [20, 38], "10": [16, 30, 35, 40], "11": [14, 44], "12": [0, 5, 7, 8, 9], "13": [1, 12, 46], "14": [2, 18, 41, 47], "15": [4, 6, 11, 15, 21, 22, 24, 28, 34, 36, 37, 39, 42], "16": [3, 10, 13, 17, 19, 23, 26, 29, 31, 32, 43, 48, 49], "17": [], "18": [16, 30], "19": [], "20": [5, 8, 9], "21": [], "22": [41, 47], "23": [25, 27], "24": [33, 45], "25": [], "26": [35, 40], "27": [], "28": [0, 7], "29": [12, 46], "30": [2, 18], "31": [4, 6, 11, 15, 21, 22, 24, 28, 36, 37, 39, 42], "32": [3, 10, 13, 19, 23, 26, 29, 31, 32, 43, 48, 49], "33": [], "34": [], "35": [], "36": [5, 8], "37": [], "38": [], "39": [], "40": [], "41": [], "42": [], "43": [], "44": [], "45": [], "46": [], "47": [], "48": []}, "join_predecessors": {"0": [1, 2], "1": [3, 5], "2": [4, 6], "3": [7, 11], "4": [8, 12], "5": [9, 13], "6": [10, 14], "7": [15, 23], "8": [16, 24], "9": [17, 25], "10": [18, 26], "11": [19, 27], "12": [20, 28], "13": [21, 29], "14": [22, 30], "15": [31, 47], "16": [32, 48], "17": [33], "18": [34], "19": [35], "20": [36], "21": [37], "22": [38], "23": [39], "24": [40], "25": [41], "26": [42], "27": [43], "28": [44], "29": [45], "30": [46], "31": [], "32": [], "33": [], "34": [], "35": [], "36": [], "37": [], "38": [], "39": [], "40": [], "41": [], "42": [], "43": [], "44": [], "45": [], "46": [], "47": [], "48": []}, "leaf_joins": [31, 32], "opt_time": 10.023287057876587, "status": 9, "intermediate_costs": [[[1, 4, 6, 11, 12, 14, 15, 20, 21, 22, 24, 25, 27, 28, 34, 36, 37, 38, 39, 42, 44, 46], 29973470406585.92], [[0, 2, 3, 5, 7, 8, 9, 10, 13, 16, 17, 18, 19, 23, 26, 29, 30, 31, 32, 33, 35, 40, 41, 43, 45, 47, 48, 49], 30657.820192845375], [[4, 6, 11, 14, 15, 21, 22, 24, 25, 27, 28, 34, 36, 37, 39, 42, 44], 1.0900009453600959e+23], [[0, 3, 5, 7, 8, 9, 10, 13, 17, 19, 23, 26, 29, 31, 32, 33, 43, 45, 48, 49], 283341401023.7122], [[1, 12, 20, 38, 46], 1.2627703742523868e+18], [[2, 16, 18, 30, 35, 40, 41, 47], 3.0329616305204466e+43], [[4, 6, 11, 15, 21, 22, 24, 25, 27, 28, 34, 36, 37, 39, 42], 1.761572802820184e+16], [[3, 10, 13, 17, 19, 23, 26, 29, 31, 32, 33, 43, 45, 48, 49], 94101450745.25659], [[20, 38], 395241.0], [[16, 30, 35, 40], 6.43409057984e+25], [[14, 44], 1483020000000.0], [[0, 5, 7, 8, 9], 97679.63944060763], [[1, 12, 46], 3194937706999.9995], [[2, 18, 41, 47], 4.71389327347e+17], [[4, 6, 11, 15, 21, 22, 24, 28, 34, 36, 37, 39, 42], 9.104609080776675e+22], [[3, 10, 13, 17, 19, 23, 26, 29, 31, 32, 43, 48, 49], 6.176381234000318e+25], [[16, 30], 16052960000000.0], [[5, 8, 9], 23330.026913194444], [[41, 47], 1578649000000.0], [[25, 27], 48381723000000.0], [[33, 45], 61959.0], [[35, 40], 4008040000000.0], [[0, 7], 1467360000000.0], [[12, 46], 7212048.999999999], [[2, 18], 298603.0], [[4, 6, 11, 15, 21, 22, 24, 28, 36, 37, 39, 42], 1.869529585375087e+17], [[3, 10, 13, 19, 23, 26, 29, 31, 32, 43, 48, 49], 2.990540448184547e+25], [[5, 8], 221.0]]}