{"costs": 58613, "root_join": 28, "join_operands": {"0": [13, 26], "1": [13, 26, 29], "2": [13, 26, 28, 29], "3": [13, 19, 26, 28, 29], "4": [2, 13, 19, 26, 28, 29], "5": [2, 13, 17, 19, 26, 28, 29], "6": [2, 8, 13, 17, 19, 26, 28, 29], "7": [2, 8, 13, 15, 17, 19, 26, 28, 29], "8": [2, 8, 13, 15, 17, 18, 19, 26, 28, 29], "9": [2, 8, 13, 15, 17, 18, 19, 20, 26, 28, 29], "10": [2, 8, 13, 15, 17, 18, 19, 20, 23, 26, 28, 29], "11": [0, 2, 8, 13, 15, 17, 18, 19, 20, 23, 26, 28, 29], "12": [0, 2, 8, 13, 15, 17, 18, 19, 20, 21, 23, 26, 28, 29], "13": [0, 2, 8, 12, 13, 15, 17, 18, 19, 20, 21, 23, 26, 28, 29], "14": [0, 2, 8, 9, 12, 13, 15, 17, 18, 19, 20, 21, 23, 26, 28, 29], "15": [0, 2, 8, 9, 12, 13, 15, 17, 18, 19, 20, 21, 22, 23, 26, 28, 29], "16": [0, 2, 8, 9, 12, 13, 15, 17, 18, 19, 20, 21, 22, 23, 26, 27, 28, 29], "17": [0, 1, 2, 8, 9, 12, 13, 15, 17, 18, 19, 20, 21, 22, 23, 26, 27, 28, 29], "18": [0, 1, 2, 3, 8, 9, 12, 13, 15, 17, 18, 19, 20, 21, 22, 23, 26, 27, 28, 29], "19": [0, 1, 2, 3, 7, 8, 9, 12, 13, 15, 17, 18, 19, 20, 21, 22, 23, 26, 27, 28, 29], "20": [0, 1, 2, 3, 7, 8, 9, 12, 13, 15, 17, 18, 19, 20, 21, 22, 23, 24, 26, 27, 28, 29], "21": [0, 1, 2, 3, 6, 7, 8, 9, 12, 13, 15, 17, 18, 19, 20, 21, 22, 23, 24, 26, 27, 28, 29], "22": [0, 1, 2, 3, 6, 7, 8, 9, 12, 13, 15, 17, 18, 19, 20, 21, 22, 23, 24, 25, 26, 27, 28, 29], "23": [0, 1, 2, 3, 5, 6, 7, 8, 9, 12, 13, 15, 17, 18, 19, 20, 21, 22, 23, 24, 25, 26, 27, 28, 29], "24": [0, 1, 2, 3, 4, 5, 6, 7, 8, 9, 12, 13, 15, 17, 18, 19, 20, 21, 22, 23, 24, 25, 26, 27, 28, 29], "25": [0, 1, 2, 3, 4, 5, 6, 7, 8, 9, 12, 13, 15, 16, 17, 18, 19, 20, 21, 22, 23, 24, 25, 26, 27, 28, 29], "26": [0, 1, 2, 3, 4, 5, 6, 7, 8, 9, 11, 12, 13, 15, 16, 17, 18, 19, 20, 21, 22, 23, 24, 25, 26, 27, 28, 29], "27": [0, 1, 2, 3, 4, 5, 6, 7, 8, 9, 10, 11, 12, 13, 15, 16, 17, 18, 19, 20, 21, 22, 23, 24, 25, 26, 27, 28, 29], "28": [0, 1, 2, 3, 4, 5, 6, 7, 8, 9, 10, 11, 12, 13, 14, 15, 16, 17, 18, 19, 20, 21, 22, 23, 24, 25, 26, 27, 28, 29]}, "join_predecessors": {"0": [], "1": [0], "2": [1], "3": [2], "4": [3], "5": [4], "6": [5], "7": [6], "8": [7], "9": [8], "10": [9], "11": [10], "12": [11], "13": [12], "14": [13], "15": [14], "16": [15], "17": [16], "18": [17], "19": [18], "20": [19], "21": [20], "22": [21], "23": [22], "24": [23], "25": [24], "26": [25], "27": [26], "28": [27]}, "intermediate_costs": [[[13, 26], 1005.0], [[13, 26, 29], 121.61216461438755], [[13, 26, 28, 29], 129.7536688584479], [[13, 19, 26, 28, 29], 12.153149924453817], [[2, 13, 19, 26, 28, 29], 12.293108666318034], [[2, 13, 17, 19, 26, 28, 29], 12.848895481899227], [[2, 8, 13, 17, 19, 26, 28, 29], 13.462247736325622], [[2, 8, 13, 15, 17, 19, 26, 28, 29], 14.418298989523723], [[2, 8, 13, 15, 17, 18, 19, 26, 28, 29], 15.442261967151667], [[2, 8, 13, 15, 17, 18, 19, 20, 26, 28, 29], 16.53895155096649], [[2, 8, 13, 15, 17, 18, 19, 20, 23, 26, 28, 29], 17.71353040711585], [[0, 2, 8, 13, 15, 17, 18, 19, 20, 23, 26, 28, 29], 18.971526612004737], [[0, 2, 8, 13, 15, 17, 18, 19, 20, 21, 23, 26, 28, 29], 68.56144747781886], [[0, 2, 8, 12, 13, 15, 17, 18, 19, 20, 21, 23, 26, 28, 29], 73.43011685400845], [[0, 2, 8, 9, 12, 13, 15, 17, 18, 19, 20, 21, 23, 26, 28, 29], 74.01886612054392], [[0, 2, 8, 9, 12, 13, 15, 17, 18, 19, 20, 21, 22, 23, 26, 28, 29], 79.2756035660707], [[0, 2, 8, 9, 12, 13, 15, 17, 18, 19, 20, 21, 22, 23, 26, 27, 28, 29], 84.90566817050357], [[0, 1, 2, 8, 9, 12, 13, 15, 17, 18, 19, 20, 21, 22, 23, 26, 27, 28, 29], 90.72473878547488], [[0, 1, 2, 3, 8, 9, 12, 13, 15, 17, 18, 19, 20, 21, 22, 23, 26, 27, 28, 29], 87.4511127389386], [[0, 1, 2, 3, 7, 8, 9, 12, 13, 15, 17, 18, 19, 20, 21, 22, 23, 26, 27, 28, 29], 93.6611705800237], [[0, 1, 2, 3, 7, 8, 9, 12, 13, 15, 17, 18, 19, 20, 21, 22, 23, 24, 26, 27, 28, 29], 100.31221558732986], [[0, 1, 2, 3, 6, 7, 8, 9, 12, 13, 15, 17, 18, 19, 20, 21, 22, 23, 24, 26, 27, 28, 29], 107.43627682389646], [[0, 1, 2, 3, 6, 7, 8, 9, 12, 13, 15, 17, 18, 19, 20, 21, 22, 23, 24, 25, 26, 27, 28, 29], 115.06608899594566], [[0, 1, 2, 3, 5, 6, 7, 8, 9, 12, 13, 15, 17, 18, 19, 20, 21, 22, 23, 24, 25, 26, 27, 28, 29], 123.23774825635005], [[0, 1, 2, 3, 4, 5, 6, 7, 8, 9, 12, 13, 15, 17, 18, 19, 20, 21, 22, 23, 24, 25, 26, 27, 28, 29], 131.98981603488681], [[0, 1, 2, 3, 4, 5, 6, 7, 8, 9, 12, 13, 15, 16, 17, 18, 19, 20, 21, 22, 23, 24, 25, 26, 27, 28, 29], 2519.6761602619868], [[0, 1, 2, 3, 4, 5, 6, 7, 8, 9, 11, 12, 13, 15, 16, 17, 18, 19, 20, 21, 22, 23, 24, 25, 26, 27, 28, 29], 2698.620595755446], [[0, 1, 2, 3, 4, 5, 6, 7, 8, 9, 10, 11, 12, 13, 15, 16, 17, 18, 19, 20, 21, 22, 23, 24, 25, 26, 27, 28, 29], 50775.36782845047]]}