{"costs": 2937788, "root_join": 28, "join_operands": {"0": [0, 2, 8, 13, 15, 18, 26, 28, 29], "1": [2, 8, 13, 15, 18, 26, 28, 29], "2": [13, 26], "3": [13, 26, 29], "4": [2, 13, 26, 29], "5": [2, 13, 15, 26, 29], "6": [2, 8, 13, 15, 26, 29], "7": [2, 8, 13, 15, 26, 28, 29], "8": [0, 2, 8, 13, 15, 17, 18, 26, 28, 29], "9": [0, 2, 8, 13, 15, 17, 18, 23, 26, 28, 29], "10": [0, 2, 8, 13, 15, 17, 18, 20, 23, 26, 28, 29], "11": [0, 2, 8, 13, 14, 15, 17, 18, 20, 23, 26, 28, 29], "12": [0, 2, 4, 5, 6, 7, 8, 9, 12, 13, 14, 15, 17, 18, 19, 20, 21, 22, 23, 24, 25, 26, 28, 29], "13": [4, 5, 6, 7, 9, 12, 19, 21, 22, 24, 25], "14": [19, 21], "15": [12, 19, 21], "16": [9, 12, 19, 21], "17": [9, 12, 19, 21, 24], "18": [7, 9, 12, 19, 21, 24], "19": [7, 9, 12, 19, 21, 22, 24], "20": [6, 7, 9, 12, 19, 21, 22, 24], "21": [5, 6, 7, 9, 12, 19, 21, 22, 24], "22": [4, 25], "23": [0, 1, 2, 3, 4, 5, 6, 7, 8, 9, 11, 12, 13, 14, 15, 16, 17, 18, 19, 20, 21, 22, 23, 24, 25, 26, 27, 28, 29], "24": [1, 3, 11, 16, 27], "25": [1, 27], "26": [1, 3, 27], "27": [1, 3, 16, 27], "28": [0, 1, 2, 3, 4, 5, 6, 7, 8, 9, 10, 11, 12, 13, 14, 15, 16, 17, 18, 19, 20, 21, 22, 23, 24, 25, 26, 27, 28, 29]}, "join_predecessors": {"0": [1], "2": [], "3": [2], "4": [3], "5": [4], "6": [5], "7": [6], "1": [7], "8": [0], "9": [8], "10": [9], "11": [10], "12": [11, 13], "14": [], "15": [14], "16": [15], "17": [16], "18": [17], "19": [18], "20": [19], "21": [20], "13": [21, 22], "22": [], "23": [12, 24], "25": [], "26": [25], "27": [26], "24": [27], "28": [23]}, "intermediate_costs": [[[0, 2, 8, 13, 15, 18, 26, 28, 29], 168.94089211753757], [[2, 8, 13, 15, 18, 26, 28, 29], 157.73847253998375], [[13, 26], 1005.0], [[13, 26, 29], 121.61216461438755], [[2, 13, 26, 29], 123.01268099578805], [[2, 13, 15, 26, 29], 131.74869819950806], [[2, 8, 13, 15, 26, 29], 138.0378271890192], [[2, 8, 13, 15, 26, 28, 29], 147.27897144020298], [[0, 2, 8, 13, 15, 17, 18, 26, 28, 29], 176.57892111411806], [[0, 2, 8, 13, 15, 17, 18, 23, 26, 28, 29], 189.1193694335394], [[0, 2, 8, 13, 15, 17, 18, 20, 23, 26, 28, 29], 202.55038381450098], [[0, 2, 8, 13, 14, 15, 17, 18, 20, 23, 26, 28, 29], 39864.03037477846], [[0, 2, 4, 5, 6, 7, 8, 9, 12, 13, 14, 15, 17, 18, 19, 20, 21, 22, 23, 24, 25, 26, 28, 29], 23548.47435265323], [[4, 5, 6, 7, 9, 12, 19, 21, 22, 24, 25], 145057.50308574695], [[19, 21], 83120.0], [[12, 19, 21], 89022.49788235294], [[9, 12, 19, 21], 89736.26401236735], [[9, 12, 19, 21, 24], 96108.59447799853], [[7, 9, 12, 19, 21, 24], 102933.43537528322], [[7, 9, 12, 19, 21, 22, 24], 110243.6533304294], [[6, 7, 9, 12, 19, 21, 22, 24], 118073.03415578921], [[5, 6, 7, 9, 12, 19, 21, 22, 24], 126458.23792331445], [[4, 25], 181002.0], [[0, 1, 2, 3, 4, 5, 6, 7, 8, 9, 11, 12, 13, 14, 15, 16, 17, 18, 19, 20, 21, 22, 23, 24, 25, 26, 27, 28, 29], 531116.7096958922], [[1, 3, 11, 16, 27], 589641.5703893041], [[1, 27], 29919.000000000004], [[1, 3, 27], 28839.430976187065], [[1, 3, 16, 27], 550542.6773760555]]}