{"costs": 171842.36798634595, "intermediate_costs": [[[0, 2, 3, 4, 5, 10, 11, 12, 13, 15, 16, 20, 21, 23, 26, 28, 29, 30, 34, 36, 37, 39, 40, 44, 45], 6.363746925711576e-05], [[0, 2, 3, 4, 5, 10, 11, 12, 13, 15, 16, 21, 23, 26, 28, 29, 30, 34, 36, 37, 39, 40, 44, 45], 4.2678737510709255e-05], [[0, 2, 3, 4, 5, 10, 12, 13, 15, 16, 21, 23, 26, 28, 29, 30, 34, 36, 37, 39, 40, 44, 45], 0.00020211351574523482], [[0, 2, 3, 4, 5, 10, 12, 13, 15, 16, 21, 23, 26, 28, 29, 30, 34, 36, 37, 40, 44, 45], 1.1226190683052157e-07], [[0, 2, 3, 5, 10, 12, 13, 15, 16, 21, 23, 26, 28, 29, 30, 34, 36, 37, 40, 44, 45], 5.22840037691157e-08], [[0, 2, 3, 5, 10, 12, 13, 15, 16, 21, 23, 26, 28, 29, 30, 36, 37, 40, 44, 45], 3.967348374021356e-08], [[0, 2, 3, 5, 10, 12, 13, 15, 16, 21, 23, 26, 28, 30, 36, 37, 40, 44, 45], 9.335628364990068e-09], [[0, 2, 3, 5, 10, 12, 15, 16, 21, 23, 26, 28, 30, 36, 37, 40, 44, 45], 4.393668876928238e-09], [[0, 3, 5, 10, 12, 15, 16, 21, 23, 26, 28, 30, 36, 37, 40, 44, 45], 2.0462728891223242e-09], [[10, 12, 15, 36, 37], 2.3338259068932863], [[36, 37], 9.0], [[10, 36, 37], 19.32441209829868], [[10, 15, 36, 37], 0.04176566485761327], [[10, 12, 15, 36, 37, 44], 5.011091235044921], [[10, 12, 15, 23, 36, 37, 44], 11.762825493197475], [[10, 12, 15, 23, 26, 36, 37, 44], 33.603708804368445], [[10, 12, 15, 23, 26, 36, 37, 44, 45], 72.15244030852845], [[5, 10, 12, 15, 23, 26, 36, 37, 44, 45], 0.15440622226025089], [[5, 10, 12, 15, 16, 23, 26, 36, 37, 44, 45], 0.3315344367032614], [[5, 10, 12, 15, 16, 23, 26, 36, 37, 40, 44, 45], 0.00015854090632309197], [[5, 10, 12, 15, 16, 23, 26, 30, 36, 37, 40, 44, 45], 1.3256959730656803e-07], [[5, 10, 12, 15, 16, 23, 26, 28, 30, 36, 37, 40, 44, 45], 1.8606602747012879e-09], [[3, 5, 10, 12, 15, 16, 23, 26, 28, 30, 36, 37, 40, 44, 45], 3.995108251278167e-09], [[3, 5, 10, 12, 15, 16, 21, 23, 26, 28, 30, 36, 37, 40, 44, 45], 9.530149137594463e-10], [[0, 2, 3, 4, 5, 10, 11, 12, 13, 15, 16, 20, 21, 23, 26, 28, 29, 30, 31, 34, 36, 37, 39, 40, 44, 45], 0.00013663965230506319], [[0, 2, 3, 4, 5, 10, 11, 12, 13, 15, 16, 20, 21, 23, 26, 28, 29, 30, 31, 34, 36, 37, 39, 40, 44, 45, 48], 0.000214874842248222], [[0, 2, 3, 4, 5, 10, 11, 12, 13, 15, 16, 20, 21, 23, 26, 28, 29, 30, 31, 34, 36, 37, 39, 40, 42, 44, 45, 48], 0.00046137003267638824], [[0, 2, 3, 4, 5, 10, 11, 12, 13, 15, 16, 20, 21, 23, 26, 28, 29, 30, 31, 32, 34, 36, 37, 39, 40, 42, 44, 45, 48], 0.0008137249176318128], [[0, 2, 3, 4, 5, 10, 11, 12, 13, 15, 16, 20, 21, 23, 24, 26, 28, 29, 30, 31, 32, 34, 36, 37, 39, 40, 42, 44, 45, 48], 0.0015530624735723018], [[0, 2, 3, 4, 5, 10, 11, 12, 13, 15, 16, 20, 21, 23, 24, 25, 26, 28, 29, 30, 31, 32, 34, 36, 37, 39, 40, 42, 44, 45, 48], 0.0030613350236279257], [[0, 2, 3, 4, 5, 10, 11, 12, 13, 15, 16, 20, 21, 23, 24, 25, 26, 28, 29, 30, 31, 32, 34, 36, 37, 38, 39, 40, 42, 44, 45, 48], 0.006122947824346843], [[0, 2, 3, 4, 5, 10, 11, 12, 13, 15, 16, 17, 20, 21, 23, 24, 25, 26, 28, 29, 30, 31, 32, 34, 36, 37, 38, 39, 40, 42, 44, 45, 48], 0.012838799717308967], [[0, 2, 3, 4, 5, 10, 11, 12, 13, 15, 16, 17, 19, 20, 21, 23, 24, 25, 26, 28, 29, 30, 31, 32, 34, 36, 37, 38, 39, 40, 42, 44, 45, 48], 0.026940383394716563], [[0, 1, 2, 3, 4, 5, 10, 11, 12, 13, 15, 16, 17, 19, 20, 21, 23, 24, 25, 26, 28, 29, 30, 31, 32, 34, 36, 37, 38, 39, 40, 42, 44, 45, 48], 0.0569413576181238], [[0, 1, 2, 3, 4, 5, 10, 11, 12, 13, 15, 16, 17, 19, 20, 21, 23, 24, 25, 26, 28, 29, 30, 31, 32, 34, 35, 36, 37, 38, 39, 40, 42, 44, 45, 48], 0.12051483045264216], [[0, 1, 2, 3, 4, 5, 7, 10, 11, 12, 13, 15, 16, 17, 19, 20, 21, 23, 24, 25, 26, 28, 29, 30, 31, 32, 34, 35, 36, 37, 38, 39, 40, 42, 44, 45, 48], 0.2565463117562897], [[0, 1, 2, 3, 4, 5, 7, 10, 11, 12, 13, 15, 16, 17, 19, 20, 21, 23, 24, 25, 26, 28, 29, 30, 31, 32, 33, 34, 35, 36, 37, 38, 39, 40, 42, 44, 45, 48], 0.550841580813862], [[0, 1, 2, 3, 4, 5, 7, 8, 10, 11, 12, 13, 15, 16, 17, 19, 20, 21, 23, 24, 25, 26, 28, 29, 30, 31, 32, 33, 34, 35, 36, 37, 38, 39, 40, 42, 44, 45, 48], 1.1827369964191166], [[0, 1, 2, 3, 4, 5, 7, 8, 10, 11, 12, 13, 15, 16, 17, 19, 20, 21, 23, 24, 25, 26, 27, 28, 29, 30, 31, 32, 33, 34, 35, 36, 37, 38, 39, 40, 42, 44, 45, 48], 2.539513741861306], [[0, 1, 2, 3, 4, 5, 7, 8, 10, 11, 12, 13, 15, 16, 17, 19, 20, 21, 23, 24, 25, 26, 27, 28, 29, 30, 31, 32, 33, 34, 35, 36, 37, 38, 39, 40, 42, 44, 45, 46, 48], 5.452731897553472], [[0, 1, 2, 3, 4, 5, 7, 8, 10, 11, 12, 13, 15, 16, 17, 19, 20, 21, 23, 24, 25, 26, 27, 28, 29, 30, 31, 32, 33, 34, 35, 36, 37, 38, 39, 40, 41, 42, 44, 45, 46, 48], 11.707869152089721], [[0, 1, 2, 3, 4, 5, 6, 7, 8, 10, 11, 12, 13, 15, 16, 17, 19, 20, 21, 23, 24, 25, 26, 27, 28, 29, 30, 31, 32, 33, 34, 35, 36, 37, 38, 39, 40, 41, 42, 44, 45, 46, 48], 25.138635291544446], [[0, 1, 2, 3, 4, 5, 6, 7, 8, 10, 11, 12, 13, 15, 16, 17, 19, 20, 21, 23, 24, 25, 26, 27, 28, 29, 30, 31, 32, 33, 34, 35, 36, 37, 38, 39, 40, 41, 42, 44, 45, 46, 48, 49], 53.97660246132643], [[0, 1, 2, 3, 4, 5, 6, 7, 8, 10, 11, 12, 13, 14, 15, 16, 17, 19, 20, 21, 23, 24, 25, 26, 27, 28, 29, 30, 31, 32, 33, 34, 35, 36, 37, 38, 39, 40, 41, 42, 44, 45, 46, 48, 49], 115.89625237164728], [[0, 1, 2, 3, 4, 5, 6, 7, 8, 10, 11, 12, 13, 14, 15, 16, 17, 19, 20, 21, 22, 23, 24, 25, 26, 27, 28, 29, 30, 31, 32, 33, 34, 35, 36, 37, 38, 39, 40, 41, 42, 44, 45, 46, 48, 49], 1082.3963332193694], [[0, 1, 2, 3, 4, 5, 6, 7, 8, 10, 11, 12, 13, 14, 15, 16, 17, 19, 20, 21, 22, 23, 24, 25, 26, 27, 28, 29, 30, 31, 32, 33, 34, 35, 36, 37, 38, 39, 40, 41, 42, 43, 44, 45, 46, 48, 49], 2229.214858527888], [[0, 1, 2, 3, 4, 5, 6, 7, 8, 10, 11, 12, 13, 14, 15, 16, 17, 18, 19, 20, 21, 22, 23, 24, 25, 26, 27, 28, 29, 30, 31, 32, 33, 34, 35, 36, 37, 38, 39, 40, 41, 42, 43, 44, 45, 46, 48, 49], 4722.654348346496], [[0, 1, 2, 3, 4, 5, 6, 7, 8, 9, 10, 11, 12, 13, 14, 15, 16, 17, 18, 19, 20, 21, 22, 23, 24, 25, 26, 27, 28, 29, 30, 31, 32, 33, 34, 35, 36, 37, 38, 39, 40, 41, 42, 43, 44, 45, 46, 48, 49], 163437.4546396211]]}