{"costs": 277, "join_operands": {"0": [0, 1, 2, 3], "1": [1, 2, 3], "2": [], "3": [2, 3]}, "join_predecessors": {"0": [1, 2], "1": [3], "2": [], "3": []}, "leaf_joins": [], "opt_time": 0.033924102783203125, "status": 2, "intermediate_costs": [[[1, 2, 3], 93.10066946366963], [[2, 3], 184.40300000000002]]}