{"costs": 11953, "join_operands": {"0": [0, 1, 2, 3], "1": [0, 1, 3], "2": [], "3": [1, 3]}, "join_predecessors": {"0": [1, 2], "1": [3], "2": [], "3": []}, "leaf_joins": [], "opt_time": 0.03718996047973633, "status": 2, "intermediate_costs": [[[0, 1, 3], 2228.240600451326], [[1, 3], 9724.979999999998]]}