{"costs": 512649193938.7202, "join_operands": {"0": [0, 1, 2, 3, 4, 5, 6, 7, 8, 9, 10, 11, 12, 13, 14, 15, 16, 17, 18, 19, 20, 21, 22, 23, 24, 25, 26, 27, 28, 29, 30, 31, 32, 33, 34, 35, 36, 37, 38, 39, 40, 41, 42, 43, 44, 45, 46, 47, 48, 49], "1": [1, 2, 3, 4, 5, 6, 8, 9, 10, 11, 13, 14, 15, 17, 18, 19, 20, 21, 22, 24, 25, 27, 28, 29, 30, 31, 32, 33, 35, 36, 37, 38, 41, 43, 44, 45, 46, 47, 48], "2": [0, 7, 12, 16, 23, 26, 34, 39, 40, 42, 49], "3": [1, 2, 5, 6, 8, 10, 13, 14, 19, 22, 24, 27, 28, 29, 30, 31, 32, 33, 35, 36, 37, 38, 41, 43, 44, 45, 46, 47], "4": [0, 7, 12, 23, 26, 39, 40], "5": [3, 4, 9, 11, 15, 17, 18, 20, 21, 25, 48], "6": [16, 34, 42, 49], "7": [1, 2, 5, 6, 8, 10, 13, 14, 19, 22, 24, 27, 28, 29, 30, 31, 33, 35, 36, 37, 38, 41, 43, 44, 45, 46, 47], "8": [12, 23, 40], "9": [3, 4, 9, 17, 21, 25], "10": [34, 42, 49], "11": [], "12": [0, 7, 26, 39], "13": [11, 15, 18, 20, 48], "14": [], "15": [1, 5, 8, 10, 13, 14, 19, 22, 24, 27, 28, 29, 30, 31, 33, 35, 36, 37, 38, 41, 43, 44, 45, 46, 47], "16": [], "17": [4, 9, 25], "18": [], "19": [], "20": [7, 26], "21": [11, 15, 48], "22": [], "23": [2, 6], "24": [12, 40], "25": [3, 17, 21], "26": [34, 42], "27": [], "28": [0, 39], "29": [18, 20], "30": [], "31": [1, 5, 8, 10, 13, 14, 22, 24, 27, 28, 29, 30, 31, 33, 35, 36, 37, 38, 41, 43, 44, 45, 46, 47], "32": [], "33": [4, 25], "34": [], "35": [], "36": [], "37": [11, 15], "38": [], "39": [], "40": [], "41": [3, 17], "42": [], "43": [], "44": [], "45": [], "46": [], "47": [], "48": []}, "join_predecessors": {"0": [1, 2], "1": [3, 5], "2": [4, 6], "3": [7, 11], "4": [8, 12], "5": [9, 13], "6": [10, 14], "7": [15, 23], "8": [16, 24], "9": [17, 25], "10": [18, 26], "11": [19, 27], "12": [20, 28], "13": [21, 29], "14": [22, 30], "15": [31, 47], "16": [32, 48], "17": [33], "18": [34], "19": [35], "20": [36], "21": [37], "22": [38], "23": [39], "24": [40], "25": [41], "26": [42], "27": [43], "28": [44], "29": [45], "30": [46], "31": [], "32": [], "33": [], "34": [], "35": [], "36": [], "37": [], "38": [], "39": [], "40": [], "41": [], "42": [], "43": [], "44": [], "45": [], "46": [], "47": [], "48": []}, "leaf_joins": [31, 32], "opt_time": 20.031059980392456, "status": 9, "intermediate_costs": [[[1, 2, 3, 4, 5, 6, 8, 9, 10, 11, 13, 14, 15, 17, 18, 19, 20, 21, 22, 24, 25, 27, 28, 29, 30, 31, 32, 33, 35, 36, 37, 38, 41, 43, 44, 45, 46, 47, 48], 494865520407.34235], [[0, 7, 12, 16, 23, 26, 34, 39, 40, 42, 49], 1291659526.015791], [[1, 2, 5, 6, 8, 10, 13, 14, 19, 22, 24, 27, 28, 29, 30, 31, 32, 33, 35, 36, 37, 38, 41, 43, 44, 45, 46, 47], 1772083.9435317088], [[0, 7, 12, 23, 26, 39, 40], 61078849.78423701], [[3, 4, 9, 11, 15, 17, 18, 20, 21, 25, 48], 16196862619.511835], [[16, 34, 42, 49], 1564908.3973063973], [[1, 2, 5, 6, 8, 10, 13, 14, 19, 22, 24, 27, 28, 29, 30, 31, 33, 35, 36, 37, 38, 41, 43, 44, 45, 46, 47], 17154.28443534674], [[12, 23, 40], 8912307.0], [[3, 4, 9, 17, 21, 25], 4412857.998921467], [[34, 42, 49], 1564908.3973063973], [[0, 7, 26, 39], 536125.07061072], [[11, 15, 18, 20, 48], 62396448.799858786], [[1, 5, 8, 10, 13, 14, 19, 22, 24, 27, 28, 29, 30, 31, 33, 35, 36, 37, 38, 41, 43, 44, 45, 46, 47], 20750.08699536492], [[4, 9, 25], 4623000.0], [[7, 26], 285482.0], [[11, 15, 48], 62647615.0], [[2, 6], 375833.0], [[12, 40], 9655000.0], [[3, 17, 21], 188231.0], [[34, 42], 74000.0], [[0, 39], 7143518.0], [[18, 20], 108563.0], [[1, 5, 8, 10, 13, 14, 22, 24, 27, 28, 29, 30, 31, 33, 35, 36, 37, 38, 41, 43, 44, 45, 46, 47], 20750.08699536492], [[4, 25], 4623000.0], [[11, 15], 62939000.0], [[3, 17], 191000.0]]}