{"costs": 13659.0, "root_join": 0, "join_operands": {"0": [0, 1, 2, 3, 4, 5, 6, 7, 8, 9, 10, 11], "1": [1], "2": [0, 2, 3, 4, 5, 6, 7, 8, 9, 10, 11], "3": [2], "4": [0, 3, 4, 5, 6, 7, 8, 9, 10, 11], "5": [4], "6": [0, 3, 5, 6, 7, 8, 9, 10, 11], "7": [5], "8": [0, 3, 6, 7, 8, 9, 10, 11], "9": [6], "10": [0, 3, 7, 8, 9, 10, 11], "11": [8], "12": [0, 3, 7, 9, 10, 11], "13": [9], "14": [0, 3, 7, 10, 11], "15": [10], "16": [0, 3, 7, 11], "17": [3], "18": [0, 7, 11], "19": [11], "20": [0, 7], "21": [0], "22": [7]}, "join_predecessors": {"0": [1, 2], "2": [3, 4], "4": [5, 6], "6": [7, 8], "8": [9, 10], "10": [11, 12], "12": [13, 14], "14": [15, 16], "16": [17, 18], "18": [19, 20], "20": [21, 22]}, "intermediate_costs": [[[0, 2, 3, 4, 5, 6, 7, 8, 9, 10, 11], 8.529613092653535e-61], [[0, 3, 4, 5, 6, 7, 8, 9, 10, 11], 4.685390835370021e-60], [[0, 3, 5, 6, 7, 8, 9, 10, 11], 4.7365515839252944e-60], [[0, 3, 6, 7, 8, 9, 10, 11], 1.421238386232595e-59], [[0, 3, 7, 8, 9, 10, 11], 8.381238069490867e-58], [[0, 3, 7, 9, 10, 11], 9.8185566208905e-34], [[0, 3, 7, 10, 11], 1.3534238257881091e-16], [[0, 3, 7, 11], 3.0162567803275363e-16], [[0, 7, 11], 0.001910770677248933], [[0, 7], 13659.0]]}