{"costs": 15322709.200885113, "join_operands": {"0": [0, 1, 2, 3, 4, 5, 6, 7, 8, 9, 10, 11, 12, 13, 14, 15, 16, 17, 18, 19, 20, 21, 22, 23, 24, 25, 26, 27, 28, 29], "1": [0, 1, 2, 3, 4, 5, 6, 7, 8, 12, 13, 14, 15, 16, 17, 18, 19, 20, 21, 22, 23, 24, 25, 26, 27, 28, 29], "2": [9, 10, 11], "3": [0, 1, 3, 4, 5, 6, 7, 8, 14, 16, 17, 18, 19, 20, 21, 22, 23, 24, 25, 26, 27, 28, 29], "4": [], "5": [2, 12, 13, 15], "6": [10, 11], "7": [0, 1, 3, 4, 5, 6, 7, 8, 14, 16, 17, 18, 19, 20, 21, 23, 24, 25, 26, 27, 28, 29], "8": [], "9": [13, 15], "10": [], "11": [], "12": [], "13": [2, 12], "14": [], "15": [0, 1, 3, 4, 5, 6, 7, 8, 14, 16, 17, 18, 19, 20, 21, 23, 25, 26, 27, 28, 29], "16": [], "17": [], "18": [], "19": [], "20": [], "21": [], "22": [], "23": [], "24": [], "25": [], "26": [], "27": [], "28": []}, "join_predecessors": {"0": [1, 2], "1": [3, 5], "2": [4, 6], "3": [7, 11], "4": [8, 12], "5": [9, 13], "6": [10, 14], "7": [15, 23], "8": [16, 24], "9": [17, 25], "10": [18, 26], "11": [19, 27], "12": [20, 28], "13": [21], "14": [22], "15": [], "16": [], "17": [], "18": [], "19": [], "20": [], "21": [], "22": [], "23": [], "24": [], "25": [], "26": [], "27": [], "28": []}, "leaf_joins": [15, 16], "opt_time": 4.582329988479614, "status": 2, "intermediate_costs": [[[0, 1, 2, 3, 4, 5, 6, 7, 8, 12, 13, 14, 15, 16, 17, 18, 19, 20, 21, 22, 23, 24, 25, 26, 27, 28, 29], 6731064.599098562], [[9, 10, 11], 1039622.878639201], [[0, 1, 3, 4, 5, 6, 7, 8, 14, 16, 17, 18, 19, 20, 21, 22, 23, 24, 25, 26, 27, 28, 29], 3436524.0982666933], [[2, 12, 13, 15], 877354.733280653], [[10, 11], 953122.0], [[0, 1, 3, 4, 5, 6, 7, 8, 14, 16, 17, 18, 19, 20, 21, 23, 24, 25, 26, 27, 28, 29], 381537.1805563963], [[13, 15], 634225.0], [[2, 12], 943602.9999999999], [[0, 1, 3, 4, 5, 6, 7, 8, 14, 16, 17, 18, 19, 20, 21, 23, 25, 26, 27, 28, 29], 325655.71104360704]]}