{"costs": 1988, "join_operands": {"0": [0, 1, 2, 3, 4, 5, 6, 7, 8], "1": [0, 3, 4, 5, 6, 7, 8], "2": [1, 2], "3": [0, 3, 5, 6, 7, 8], "4": [], "5": [], "6": [], "7": [3, 5, 6, 7, 8], "8": [3, 5, 7, 8], "9": [5, 7, 8], "10": [5, 7], "11": []}, "join_predecessors": {"0": [1, 2], "1": [3, 5], "2": [4, 6], "3": [7], "4": [], "5": [], "6": [], "7": [8], "8": [9], "9": [10], "10": [11], "11": []}, "leaf_joins": [], "opt_time": 0.4450809955596924, "status": 2, "intermediate_costs": [[[0, 3, 4, 5, 6, 7, 8], 6.057670108601376e-36], [[1, 2], 1.0], [[0, 3, 5, 6, 7, 8], 3.5458573259266936e-12], [[3, 5, 6, 7, 8], 7.341015539577437e-17], [[3, 5, 7, 8], 2.376090521719983e-05], [[5, 7, 8], 0.0003078859066092196], [[5, 7], 1987.0]]}