{"costs": 2328, "join_operands": {"0": [0, 1, 2, 3, 4, 5, 6, 7, 8, 9, 10, 11, 12, 13], "1": [0, 1, 2, 3, 4, 5, 6, 7, 9, 10, 11, 12, 13], "2": [], "3": [0, 2, 3, 4, 5, 6, 7, 9, 10, 11, 12, 13], "4": [], "5": [], "6": [], "7": [2, 3, 4, 5, 6, 7, 9, 10, 11, 12, 13], "8": [], "9": [], "10": [], "11": [], "12": [], "13": [2, 3, 5, 6, 7, 9, 10, 11, 12, 13], "14": [2, 3, 5, 6, 9, 10, 11, 12, 13], "15": [2, 3, 5, 6, 9, 10, 11, 13], "16": [2, 3, 5, 6, 10, 11, 13], "17": [2, 5, 6, 10, 11, 13], "18": [5, 6, 10, 11, 13], "19": [5, 6, 11, 13], "20": [5, 6, 11], "21": [5, 6]}, "join_predecessors": {"0": [1, 2], "1": [3, 5], "2": [4, 6], "3": [7, 11], "4": [8, 12], "5": [9], "6": [10], "7": [13], "8": [], "9": [], "10": [], "11": [], "12": [], "13": [14], "14": [15], "15": [16], "16": [17], "17": [18], "18": [19], "19": [20], "20": [21], "21": []}, "leaf_joins": [], "opt_time": 4.768757104873657, "status": 2, "intermediate_costs": [[[0, 1, 2, 3, 4, 5, 6, 7, 9, 10, 11, 12, 13], 4.9874519764387155e-22], [[0, 2, 3, 4, 5, 6, 7, 9, 10, 11, 12, 13], 2.1223470837664804e-27], [[2, 3, 4, 5, 6, 7, 9, 10, 11, 12, 13], 4.799340827411715e-27], [[2, 3, 5, 6, 7, 9, 10, 11, 12, 13], 1.335603113564183e-25], [[2, 3, 5, 6, 9, 10, 11, 12, 13], 6.04576104597169e-14], [[2, 3, 5, 6, 9, 10, 11, 13], 1.5285558110140686e-07], [[2, 3, 5, 6, 10, 11, 13], 2.1953516050205304e-07], [[2, 5, 6, 10, 11, 13], 5.789084963122951e-06], [[5, 6, 10, 11, 13], 5.789084963122951e-06], [[5, 6, 11, 13], 11.852570898322506], [[5, 6, 11], 2315.0], [[5, 6], 2.0]]}