{"costs": 7880476, "root_join": 1, "join_operands": {"0": [0, 10], "1": [0, 1, 2, 3, 4, 5, 6, 7, 8, 9, 10, 11, 12, 13, 14, 15, 16, 17, 18, 19], "2": [1, 2, 3, 4, 5, 6, 7, 8, 9, 11, 12, 13, 14, 15, 16, 17, 18, 19], "3": [1, 2, 3, 4, 5, 7, 8, 9, 11, 12, 13, 14, 16, 17, 18, 19], "4": [1, 2, 3, 4, 5, 7, 8, 11, 12, 13, 14, 16, 17, 18, 19], "5": [12, 14], "6": [2, 12, 14], "7": [2, 3, 12, 14], "8": [2, 3, 5, 12, 14], "9": [2, 3, 5, 12, 14, 19], "10": [2, 3, 5, 7, 12, 14, 19], "11": [2, 3, 4, 5, 7, 12, 14, 19], "12": [2, 3, 4, 5, 7, 12, 14, 16, 19], "13": [2, 3, 4, 5, 7, 11, 12, 14, 16, 19], "14": [1, 2, 3, 4, 5, 7, 11, 12, 14, 16, 19], "15": [1, 2, 3, 4, 5, 7, 11, 12, 14, 16, 17, 19], "16": [1, 2, 3, 4, 5, 7, 11, 12, 14, 16, 17, 18, 19], "17": [1, 2, 3, 4, 5, 7, 11, 12, 13, 14, 16, 17, 18, 19], "18": [1, 2, 3, 4, 5, 7, 8, 9, 11, 12, 13, 14, 15, 16, 17, 18, 19]}, "join_predecessors": {"0": [], "1": [0, 2], "3": [4], "5": [], "6": [5], "7": [6], "8": [7], "9": [8], "10": [9], "11": [10], "12": [11], "13": [12], "14": [13], "15": [14], "16": [15], "17": [16], "4": [17], "18": [3], "2": [18]}, "intermediate_costs": [[[0, 10], 2741305.0], [[1, 2, 3, 4, 5, 6, 7, 8, 9, 11, 12, 13, 14, 15, 16, 17, 18, 19], 4702943.516347001], [[1, 2, 3, 4, 5, 7, 8, 9, 11, 12, 13, 14, 16, 17, 18, 19], 172505.80994209822], [[1, 2, 3, 4, 5, 7, 8, 11, 12, 13, 14, 16, 17, 18, 19], 1133.809046255241], [[12, 14], 232.0], [[2, 12, 14], 344.4147971360382], [[2, 3, 12, 14], 507.75994032700464], [[2, 3, 5, 12, 14], 1.41706245504938], [[2, 3, 5, 12, 14, 19], 1.5388511004916794], [[2, 3, 5, 7, 12, 14, 19], 2.236264118683029], [[2, 3, 4, 5, 7, 12, 14, 19], 3.3616499698724525], [[2, 3, 4, 5, 7, 12, 14, 16, 19], 5.066106852358081], [[2, 3, 4, 5, 7, 11, 12, 14, 16, 19], 7.634816481657895], [[1, 2, 3, 4, 5, 7, 11, 12, 14, 16, 19], 17.099553777139104], [[1, 2, 3, 4, 5, 7, 11, 12, 14, 16, 17, 19], 240.748907007933], [[1, 2, 3, 4, 5, 7, 11, 12, 14, 16, 17, 18, 19], 499.21835797088835], [[1, 2, 3, 4, 5, 7, 11, 12, 13, 14, 16, 17, 18, 19], 752.3418706439782], [[1, 2, 3, 4, 5, 7, 8, 9, 11, 12, 13, 14, 15, 16, 17, 18, 19], 259973.11809140784]]}