{"costs": 1296798, "root_join": 0, "join_operands": {"0": [0, 1, 2, 3, 4, 5, 6, 7, 8, 9, 10, 11, 12, 13, 14, 15, 16, 17, 18, 19], "1": [0, 1, 2, 3, 4, 5, 7, 8, 9, 10, 11, 12, 13, 14, 15, 16, 17, 18, 19], "2": [], "3": [0, 1, 2, 3, 4, 5, 7, 8, 9, 10, 11, 12, 14, 15, 16, 17, 18, 19], "4": [], "5": [], "6": [], "7": [0, 1, 2, 3, 4, 5, 7, 9, 10, 11, 12, 14, 15, 16, 17, 18, 19], "8": [], "9": [], "10": [], "11": [], "12": [], "13": [], "14": [], "15": [0, 1, 2, 3, 4, 5, 7, 9, 10, 11, 12, 14, 15, 16, 17, 19], "16": [], "17": [], "18": [], "19": [0, 2, 3, 4, 5, 7, 9, 11, 12, 14, 16, 19], "20": [2, 3, 4, 5, 7, 9, 11, 12, 14, 16, 19], "21": [2, 12, 14], "22": [12, 14], "23": [2, 3, 12, 14], "24": [2, 3, 5, 12, 14], "25": [2, 3, 5, 12, 14, 19], "26": [2, 3, 5, 7, 12, 14, 19], "27": [2, 3, 4, 5, 7, 12, 14, 19], "28": [2, 3, 4, 5, 7, 12, 14, 16, 19], "29": [2, 3, 4, 5, 7, 11, 12, 14, 16, 19], "30": [0, 2, 3, 4, 5, 7, 9, 10, 11, 12, 14, 16, 19], "31": [0, 2, 3, 4, 5, 7, 9, 10, 11, 12, 14, 15, 16, 19], "32": [0, 1, 2, 3, 4, 5, 7, 9, 10, 11, 12, 14, 15, 16, 19]}, "join_predecessors": {"0": [1], "1": [3], "2": [], "3": [7], "4": [], "5": [], "6": [], "7": [15], "8": [], "9": [], "10": [], "11": [], "12": [], "13": [], "14": [], "15": [32], "16": [], "17": [], "18": [], "19": [20], "21": [22], "22": [], "23": [21], "24": [23], "25": [24], "26": [25], "27": [26], "28": [27], "29": [28], "20": [29], "30": [19], "31": [30], "32": [31]}, "intermediate_costs": [[[0, 1, 2, 3, 4, 5, 7, 8, 9, 10, 11, 12, 13, 14, 15, 16, 17, 18, 19], 551935.6459755404], [[0, 1, 2, 3, 4, 5, 7, 8, 9, 10, 11, 12, 14, 15, 16, 17, 18, 19], 366238.29889151506], [[0, 1, 2, 3, 4, 5, 7, 9, 10, 11, 12, 14, 15, 16, 17, 18, 19], 243018.35286952066], [[0, 1, 2, 3, 4, 5, 7, 9, 10, 11, 12, 14, 15, 16, 17, 19], 117196.01633643659], [[0, 2, 3, 4, 5, 7, 9, 11, 12, 14, 16, 19], 1636.4312040799034], [[2, 3, 4, 5, 7, 9, 11, 12, 14, 16, 19], 1161.615534183332], [[2, 12, 14], 344.4147971360382], [[12, 14], 232.0], [[2, 3, 12, 14], 507.75994032700464], [[2, 3, 5, 12, 14], 1.41706245504938], [[2, 3, 5, 12, 14, 19], 1.5388511004916794], [[2, 3, 5, 7, 12, 14, 19], 2.236264118683029], [[2, 3, 4, 5, 7, 12, 14, 19], 3.3616499698724525], [[2, 3, 4, 5, 7, 12, 14, 16, 19], 5.066106852358081], [[2, 3, 4, 5, 7, 11, 12, 14, 16, 19], 7.634816481657895], [[0, 2, 3, 4, 5, 7, 9, 10, 11, 12, 14, 16, 19], 2466.1665980760085], [[0, 2, 3, 4, 5, 7, 9, 10, 11, 12, 14, 15, 16, 19], 3716.61117066085], [[0, 1, 2, 3, 4, 5, 7, 9, 10, 11, 12, 14, 15, 16, 19], 8324.023600843744]], "time_in_s": 10}