{"costs": 3063862.9842825774, "int_costs": [[[1, 2, 3, 4, 5, 6, 7, 8, 9, 10, 11, 12, 13, 14, 15, 16, 17, 18, 19, 20, 21, 22, 23, 24, 25, 26, 27, 28, 29, 30, 31, 32, 33, 34, 35, 36, 37, 38, 39, 40, 41, 42, 43, 44, 45, 46, 47, 48, 49], 2338452.7754886663], [[1, 2, 3, 4, 5, 6, 7, 8, 9, 10, 11, 12, 13, 14, 15, 16, 17, 18, 19, 20, 21, 22, 23, 24, 25, 27, 28, 29, 30, 31, 32, 33, 34, 35, 36, 37, 38, 39, 40, 41, 42, 43, 44, 45, 46, 47, 48, 49], 553067.0336849676], [[1, 2, 3, 4, 5, 6, 7, 8, 9, 10, 11, 12, 13, 14, 15, 16, 17, 18, 19, 20, 21, 22, 23, 24, 25, 27, 28, 29, 30, 31, 32, 33, 34, 35, 36, 37, 38, 40, 41, 42, 43, 44, 45, 46, 47, 48, 49], 130805.71931038774], [[1, 2, 3, 4, 5, 6, 7, 8, 9, 10, 11, 12, 13, 14, 15, 16, 17, 18, 19, 20, 21, 22, 23, 24, 25, 27, 28, 29, 30, 31, 32, 33, 34, 35, 36, 37, 38, 40, 41, 42, 43, 44, 46, 47, 48, 49], 31309.55659516923], [[1, 2, 3, 4, 5, 6, 7, 8, 9, 10, 11, 12, 13, 14, 15, 16, 17, 18, 19, 20, 21, 22, 23, 24, 25, 27, 29, 30, 31, 32, 33, 34, 35, 36, 37, 38, 40, 41, 42, 43, 44, 46, 47, 48, 49], 7405.014052249048], [[1, 2, 3, 4, 5, 6, 7, 8, 9, 10, 11, 12, 13, 14, 15, 16, 17, 18, 19, 20, 21, 22, 23, 24, 25, 27, 29, 30, 31, 32, 33, 34, 35, 36, 37, 38, 40, 42, 43, 44, 46, 47, 48, 49], 1751.3600162452594], [[4, 10, 15, 21, 24, 29, 31, 33, 37], 0.000425721410926962], [[4, 10, 21, 24, 29, 31, 33, 37], 0.4783879772272048], [[4, 10, 21, 24, 29, 33, 37], 0.32334105837826776], [[4, 10, 24, 29, 33, 37], 0.028769845247336064], [[4, 24], 418.0], [[4, 24, 29], 8.762518518518519], [[4, 24, 29, 37], 83.6517144571734], [[4, 10, 24, 29, 37], 0.006804360736493287], [[4, 10, 15, 21, 24, 29, 30, 31, 33, 37], 0.0005419387784604428], [[4, 10, 15, 21, 23, 24, 29, 30, 31, 33, 37], 3.184148460508256], [[2, 4, 10, 15, 21, 23, 24, 29, 30, 31, 33, 37], 13.463077661765297], [[2, 4, 9, 10, 15, 21, 23, 24, 29, 30, 31, 33, 37], 0.0801674997233804], [[2, 4, 9, 10, 15, 21, 23, 24, 29, 30, 31, 33, 35, 37], 0.3389607262700117], [[2, 4, 9, 10, 15, 19, 21, 23, 24, 29, 30, 31, 33, 35, 37], 1.4197835767382256], [[2, 4, 9, 10, 11, 15, 19, 21, 23, 24, 29, 30, 31, 33, 35, 37], 0.005599520274612441], [[2, 4, 9, 10, 11, 13, 15, 19, 21, 23, 24, 29, 30, 31, 33, 35, 37], 0.8812601948158298], [[2, 4, 9, 10, 11, 13, 15, 19, 21, 23, 24, 25, 29, 30, 31, 33, 35, 37], 0.0010917103905927444], [[2, 4, 9, 10, 11, 13, 15, 18, 19, 21, 23, 24, 25, 29, 30, 31, 33, 35, 37], 0.00461592221396794], [[2, 4, 9, 10, 11, 13, 15, 17, 18, 19, 21, 23, 24, 25, 29, 30, 31, 33, 35, 37], 0.019241955303697076], [[2, 4, 9, 10, 11, 13, 15, 17, 18, 19, 21, 23, 24, 25, 29, 30, 31, 33, 35, 36, 37], 0.00011458580220228435], [[2, 3, 4, 9, 10, 11, 13, 15, 17, 18, 19, 21, 23, 24, 25, 29, 30, 31, 33, 35, 36, 37], 2.817074121712965e-08], [[2, 3, 4, 9, 10, 11, 13, 15, 17, 18, 19, 21, 23, 24, 25, 29, 30, 31, 33, 35, 36, 37, 42], 1.020945426386922e-07], [[2, 3, 4, 6, 9, 10, 11, 13, 15, 17, 18, 19, 21, 23, 24, 25, 29, 30, 31, 33, 35, 36, 37, 42], 4.316716665092272e-07], [[2, 3, 4, 6, 9, 10, 11, 13, 15, 17, 18, 19, 21, 23, 24, 25, 29, 30, 31, 33, 35, 36, 37, 38, 42], 2.2629283449609436e-05], [[2, 3, 4, 6, 9, 10, 11, 13, 15, 17, 18, 19, 21, 23, 24, 25, 29, 30, 31, 33, 35, 36, 37, 38, 42, 43], 7.303590397888417e-08], [[2, 3, 4, 6, 9, 10, 11, 13, 15, 17, 18, 19, 21, 23, 24, 25, 29, 30, 31, 32, 33, 35, 36, 37, 38, 42, 43], 1.137559216767004e-09], [[2, 3, 4, 6, 9, 10, 11, 13, 15, 16, 17, 18, 19, 21, 23, 24, 25, 29, 30, 31, 32, 33, 35, 36, 37, 38, 42, 43], 3.935272968432465e-09], [[2, 3, 4, 6, 9, 10, 11, 13, 15, 16, 17, 18, 19, 21, 23, 24, 25, 29, 30, 31, 32, 33, 35, 36, 37, 38, 42, 43, 44], 1.437000187033833e-08], [[2, 3, 4, 6, 9, 10, 11, 13, 15, 16, 17, 18, 19, 21, 23, 24, 25, 29, 30, 31, 32, 33, 35, 36, 37, 38, 40, 42, 43, 44], 5.8588580234336086e-08], [[2, 3, 4, 6, 9, 10, 11, 13, 15, 16, 17, 18, 19, 21, 23, 24, 25, 29, 30, 31, 32, 33, 35, 36, 37, 38, 40, 42, 43, 44, 46], 2.429578000196203e-07], [[2, 3, 4, 6, 9, 10, 11, 13, 15, 16, 17, 18, 19, 20, 21, 23, 24, 25, 29, 30, 31, 32, 33, 35, 36, 37, 38, 40, 42, 43, 44, 46], 9.882535698560305e-07], [[2, 3, 4, 6, 9, 10, 11, 13, 15, 16, 17, 18, 19, 20, 21, 23, 24, 25, 29, 30, 31, 32, 33, 34, 35, 36, 37, 38, 40, 42, 43, 44, 46], 4.178486971758909e-06], [[2, 3, 4, 6, 7, 9, 10, 11, 13, 15, 16, 17, 18, 19, 20, 21, 23, 24, 25, 29, 30, 31, 32, 33, 34, 35, 36, 37, 38, 40, 42, 43, 44, 46], 1.7667289741205297e-05], [[2, 3, 4, 6, 7, 8, 9, 10, 11, 13, 15, 16, 17, 18, 19, 20, 21, 23, 24, 25, 29, 30, 31, 32, 33, 34, 35, 36, 37, 38, 40, 42, 43, 44, 46], 7.470005622846931e-05], [[2, 3, 4, 5, 6, 7, 8, 9, 10, 11, 13, 15, 16, 17, 18, 19, 20, 21, 23, 24, 25, 29, 30, 31, 32, 33, 34, 35, 36, 37, 38, 40, 42, 43, 44, 46], 0.00031584349838988145], [[2, 3, 4, 5, 6, 7, 8, 9, 10, 11, 13, 15, 16, 17, 18, 19, 20, 21, 23, 24, 25, 29, 30, 31, 32, 33, 34, 35, 36, 37, 38, 40, 42, 43, 44, 46, 48], 0.0013354356845689018], [[2, 3, 4, 5, 6, 7, 8, 9, 10, 11, 13, 15, 16, 17, 18, 19, 20, 21, 23, 24, 25, 27, 29, 30, 31, 32, 33, 34, 35, 36, 37, 38, 40, 42, 43, 44, 46, 48], 0.005646430832711247], [[2, 3, 4, 5, 6, 7, 8, 9, 10, 11, 13, 15, 16, 17, 18, 19, 20, 21, 23, 24, 25, 27, 29, 30, 31, 32, 33, 34, 35, 36, 37, 38, 40, 42, 43, 44, 46, 48, 49], 0.023873992347177502], [[2, 3, 4, 5, 6, 7, 8, 9, 10, 11, 12, 13, 15, 16, 17, 18, 19, 20, 21, 23, 24, 25, 27, 29, 30, 31, 32, 33, 34, 35, 36, 37, 38, 40, 42, 43, 44, 46, 48, 49], 5.494303364631111], [[2, 3, 4, 5, 6, 7, 8, 9, 10, 11, 12, 13, 15, 16, 17, 18, 19, 20, 21, 23, 24, 25, 27, 29, 30, 31, 32, 33, 34, 35, 36, 37, 38, 40, 42, 43, 44, 46, 47, 48, 49], 23.16980077604365], [[2, 3, 4, 5, 6, 7, 8, 9, 10, 11, 12, 13, 15, 16, 17, 18, 19, 20, 21, 22, 23, 24, 25, 27, 29, 30, 31, 32, 33, 34, 35, 36, 37, 38, 40, 42, 43, 44, 46, 47, 48, 49], 97.96554132042596], [[2, 3, 4, 5, 6, 7, 8, 9, 10, 11, 12, 13, 14, 15, 16, 17, 18, 19, 20, 21, 22, 23, 24, 25, 27, 29, 30, 31, 32, 33, 34, 35, 36, 37, 38, 40, 42, 43, 44, 46, 47, 48, 49], 414.21363091817346]]}