{"costs": 70.0, "root_join": 0, "join_operands": {"0": [0, 1, 2, 3, 4, 5, 6, 7], "1": [0], "2": [1, 2, 3, 4, 5, 6, 7], "3": [1], "4": [2, 3, 4, 5, 6, 7], "5": [2], "6": [3, 4, 5, 6, 7], "7": [3], "8": [4, 5, 6, 7], "9": [6], "10": [4, 5, 7], "11": [4], "12": [5, 7], "13": [5], "14": [7]}, "join_predecessors": {"0": [1, 2], "2": [3, 4], "4": [5, 6], "6": [7, 8], "8": [9, 10], "10": [11, 12], "12": [13, 14]}, "intermediate_costs": [[[1, 2, 3, 4, 5, 6, 7], 3.4369044998834794e-20], [[2, 3, 4, 5, 6, 7], 4.938929960580763e-20], [[3, 4, 5, 6, 7], 1.1441711090009284e-17], [[4, 5, 6, 7], 4.95807480567069e-17], [[4, 5, 7], 1.7253826266283837e-05], [[5, 7], 70.0]]}