{"costs": 2369, "join_operands": {"0": [0, 1, 2, 3, 4, 5, 6, 7, 8], "1": [0, 1, 2, 3, 5, 6, 7, 8], "2": [], "3": [1, 2, 3, 5, 6, 7, 8], "4": [], "5": [], "6": [], "7": [1, 2, 3, 6, 7, 8], "8": [1, 2, 3, 6, 7], "9": [1, 2, 3, 7], "10": [1, 2, 3], "11": [1, 2]}, "join_predecessors": {"0": [1, 2], "1": [3, 5], "2": [4, 6], "3": [7], "4": [], "5": [], "6": [], "7": [8], "8": [9], "9": [10], "10": [11], "11": []}, "leaf_joins": [], "opt_time": 0.3572077751159668, "status": 2, "intermediate_costs": [[[0, 1, 2, 3, 5, 6, 7, 8], 2.8336995056269653e-13], [[1, 2, 3, 5, 6, 7, 8], 5.866629757829832e-18], [[1, 2, 3, 6, 7, 8], 1.8561935584128305e-05], [[1, 2, 3, 6, 7], 51.83756752573219], [[1, 2, 3, 7], 2315.0], [[1, 2, 3], 2.0], [[1, 2], 1.0]]}