{"costs": 167950.0, "root_join": 0, "join_operands": {"0": [0, 1, 2, 3, 4, 5], "1": [3, 4], "2": [3], "3": [4], "4": [0, 1, 2, 5], "5": [2], "6": [0, 1, 5], "7": [0], "8": [1, 5], "9": [1], "10": [5]}, "join_predecessors": {"0": [1, 4], "1": [2, 3], "4": [5, 6], "6": [7, 8], "8": [9, 10]}, "intermediate_costs": [[[3, 4], 70746.7], [[0, 1, 2, 5], 83214.35336792273], [[0, 1, 5], 9576.637325553374], [[1, 5], 4412.87]]}