{"costs": 90126163, "root_join": 36, "join_operands": {"0": [0, 4, 9, 10, 12, 14, 15, 17, 18, 19, 21, 22, 23, 24, 29, 30, 32, 36, 37, 39], "1": [4, 9, 10, 12, 14, 15, 17, 18, 19, 21, 22, 23, 24, 29, 30, 32, 36, 37, 39], "2": [18, 19], "3": [4, 12, 14, 17, 18, 19, 22, 23, 29, 30, 32, 36, 37], "4": [4, 12, 14, 17, 22, 23, 29, 30, 32, 36, 37], "5": [14, 37], "6": [14, 17, 29, 30, 37], "7": [17, 29, 30], "8": [17, 29], "9": [12, 14, 17, 29, 30, 37], "10": [12, 14, 17, 29, 30, 32, 37], "11": [12, 14, 17, 22, 23, 29, 30, 32, 37], "12": [22, 23], "13": [4, 12, 14, 17, 22, 23, 29, 30, 32, 37], "14": [4, 12, 14, 17, 18, 19, 22, 23, 24, 29, 30, 32, 36, 37], "15": [4, 9, 12, 14, 17, 18, 19, 22, 23, 24, 29, 30, 32, 36, 37], "16": [4, 9, 10, 12, 14, 17, 18, 19, 22, 23, 24, 29, 30, 32, 36, 37], "17": [4, 9, 10, 12, 14, 17, 18, 19, 22, 23, 24, 29, 30, 32, 36, 37, 39], "18": [15, 21], "19": [0, 1, 3, 4, 5, 6, 8, 9, 10, 11, 12, 14, 15, 16, 17, 18, 19, 20, 21, 22, 23, 24, 25, 26, 27, 28, 29, 30, 31, 32, 33, 34, 35, 36, 37, 38, 39], "20": [1, 3, 5, 6, 8, 11, 16, 20, 25, 26, 27, 28, 31, 33, 34, 35, 38], "21": [1, 11], "22": [1, 6, 11], "23": [1, 6, 11, 28], "24": [1, 6, 11, 20, 28, 31, 33, 34, 35, 38], "25": [20, 31, 33, 34, 35, 38], "26": [20, 33, 38], "27": [20, 33], "28": [20, 33, 34, 38], "29": [20, 31, 33, 34, 38], "30": [1, 3, 6, 11, 16, 20, 28, 31, 33, 34, 35, 38], "31": [3, 16], "32": [1, 3, 5, 6, 11, 16, 20, 28, 31, 33, 34, 35, 38], "33": [1, 3, 5, 6, 11, 16, 20, 27, 28, 31, 33, 34, 35, 38], "34": [1, 3, 5, 6, 11, 16, 20, 25, 26, 27, 28, 31, 33, 34, 35, 38], "35": [25, 26], "36": [0, 1, 2, 3, 4, 5, 6, 7, 8, 9, 10, 11, 12, 13, 14, 15, 16, 17, 18, 19, 20, 21, 22, 23, 24, 25, 26, 27, 28, 29, 30, 31, 32, 33, 34, 35, 36, 37, 38, 39], "37": [2, 7, 13], "38": [2, 13]}, "join_predecessors": {"0": [1], "2": [], "3": [2, 4], "5": [], "6": [5, 7], "7": [8], "8": [], "9": [6], "10": [9], "11": [10, 12], "12": [], "13": [11], "4": [13], "14": [3], "15": [14], "16": [15], "17": [16], "1": [17, 18], "18": [], "19": [0, 20], "21": [], "22": [21], "23": [22], "24": [23, 25], "26": [27], "27": [], "28": [26], "29": [28], "25": [29], "30": [24, 31], "31": [], "32": [30], "33": [32], "34": [33, 35], "35": [], "20": [34], "36": [19, 37], "38": [], "37": [38]}, "intermediate_costs": [[[0, 4, 9, 10, 12, 14, 15, 17, 18, 19, 21, 22, 23, 24, 29, 30, 32, 36, 37, 39], 97668.40472431395], [[4, 9, 10, 12, 14, 15, 17, 18, 19, 21, 22, 23, 24, 29, 30, 32, 36, 37, 39], 14953.40910551161], [[18, 19], 1640881.0], [[4, 12, 14, 17, 18, 19, 22, 23, 29, 30, 32, 36, 37], 380.10448242681616], [[4, 12, 14, 17, 22, 23, 29, 30, 32, 36, 37], 114.55512034575115], [[14, 37], 61679016.0], [[14, 17, 29, 30, 37], 120208.01888470117], [[17, 29, 30], 35552.95041077441], [[17, 29], 112.0], [[12, 14, 17, 29, 30, 37], 221686.71984811], [[12, 14, 17, 29, 30, 32, 37], 408832.97267790406], [[12, 14, 17, 22, 23, 29, 30, 32, 37], 1390446.4938470353], [[22, 23], 73767.0], [[4, 12, 14, 17, 22, 23, 29, 30, 32, 37], 2474277.1785569917], [[4, 12, 14, 17, 18, 19, 22, 23, 24, 29, 30, 32, 36, 37], 700.9858111309707], [[4, 9, 12, 14, 17, 18, 19, 22, 23, 24, 29, 30, 32, 36, 37], 1292.7522892423563], [[4, 9, 10, 12, 14, 17, 18, 19, 22, 23, 24, 29, 30, 32, 36, 37], 2384.083909524033], [[4, 9, 10, 12, 14, 17, 18, 19, 22, 23, 24, 29, 30, 32, 36, 37, 39], 4396.7091858206], [[15, 21], 536660.0], [[0, 1, 3, 4, 5, 6, 8, 9, 10, 11, 12, 14, 15, 16, 17, 18, 19, 20, 21, 22, 23, 24, 25, 26, 27, 28, 29, 30, 31, 32, 33, 34, 35, 36, 37, 38, 39], 144449.60004686375], [[1, 3, 5, 6, 8, 11, 16, 20, 25, 26, 27, 28, 31, 33, 34, 35, 38], 213322.98309408274], [[1, 11], 165353.0], [[1, 6, 11], 304942.72923013207], [[1, 6, 11, 28], 562373.0652638533], [[1, 6, 11, 20, 28, 31, 33, 34, 35, 38], 3822.503749271539], [[20, 31, 33, 34, 35, 38], 23219.804365436903], [[20, 33, 38], 10251.805781234574], [[20, 33], 58993.0], [[20, 33, 34, 38], 6827.254627941607], [[20, 31, 33, 34, 38], 12590.770967671795], [[1, 3, 6, 11, 16, 20, 28, 31, 33, 34, 35, 38], 13000.484186799998], [[3, 16], 95898.0], [[1, 3, 5, 6, 11, 16, 20, 28, 31, 33, 34, 35, 38], 23975.386745222753], [[1, 3, 5, 6, 11, 16, 20, 27, 28, 31, 33, 34, 35, 38], 44215.174028677], [[1, 3, 5, 6, 11, 16, 20, 25, 26, 27, 28, 31, 33, 34, 35, 38], 115673.06601798712], [[25, 26], 73767.0], [[2, 7, 13], 12676445.0885521], [[2, 13], 6873711.0]]}