{"costs": 4079835, "root_join": 27, "join_operands": {"0": [0, 4, 5, 7, 8, 10, 14, 15, 16, 18, 20, 21, 22, 27], "1": [4, 5, 7, 8, 10, 14, 15, 16, 18, 20, 21, 22, 27], "2": [4, 5, 7, 8, 10, 14, 15, 18, 20, 21, 22, 27], "3": [4, 5, 7, 8, 10, 14, 15, 18, 20, 21, 27], "4": [4, 5, 7, 8, 10, 15, 18, 20, 21, 27], "5": [4, 5, 7, 8, 10, 15, 18, 20, 21], "6": [5, 7, 8, 10, 15, 18, 20, 21], "7": [5, 7, 8, 10, 15, 18, 20], "8": [5, 7, 8, 10, 15, 18], "9": [5, 7, 18], "10": [7, 18], "11": [5, 7, 10, 18], "12": [5, 7, 8, 10, 18], "13": [0, 4, 5, 7, 8, 10, 14, 15, 16, 17, 18, 20, 21, 22, 27], "14": [0, 3, 4, 5, 7, 8, 10, 14, 15, 16, 17, 18, 20, 21, 22, 27], "15": [0, 1, 3, 4, 5, 7, 8, 9, 10, 14, 15, 16, 17, 18, 20, 21, 22, 27], "16": [1, 9], "17": [0, 1, 3, 4, 5, 7, 8, 9, 10, 13, 14, 15, 16, 17, 18, 20, 21, 22, 27], "18": [0, 1, 2, 3, 4, 5, 7, 8, 9, 10, 13, 14, 15, 16, 17, 18, 20, 21, 22, 27], "19": [0, 1, 2, 3, 4, 5, 7, 8, 9, 10, 13, 14, 15, 16, 17, 18, 19, 20, 21, 22, 27], "20": [0, 1, 2, 3, 4, 5, 7, 8, 9, 10, 13, 14, 15, 16, 17, 18, 19, 20, 21, 22, 26, 27], "21": [0, 1, 2, 3, 4, 5, 6, 7, 8, 9, 10, 13, 14, 15, 16, 17, 18, 19, 20, 21, 22, 26, 27], "22": [0, 1, 2, 3, 4, 5, 6, 7, 8, 9, 10, 13, 14, 15, 16, 17, 18, 19, 20, 21, 22, 24, 26, 27], "23": [0, 1, 2, 3, 4, 5, 6, 7, 8, 9, 10, 13, 14, 15, 16, 17, 18, 19, 20, 21, 22, 23, 24, 26, 27], "24": [0, 1, 2, 3, 4, 5, 6, 7, 8, 9, 10, 13, 14, 15, 16, 17, 18, 19, 20, 21, 22, 23, 24, 26, 27, 29], "25": [0, 1, 2, 3, 4, 5, 6, 7, 8, 9, 10, 11, 13, 14, 15, 16, 17, 18, 19, 20, 21, 22, 23, 24, 26, 27, 29], "26": [0, 1, 2, 3, 4, 5, 6, 7, 8, 9, 10, 11, 12, 13, 14, 15, 16, 17, 18, 19, 20, 21, 22, 23, 24, 26, 27, 29], "27": [0, 1, 2, 3, 4, 5, 6, 7, 8, 9, 10, 11, 12, 13, 14, 15, 16, 17, 18, 19, 20, 21, 22, 23, 24, 25, 26, 27, 28, 29], "28": [25, 28]}, "join_predecessors": {"0": [1], "1": [2], "2": [3], "3": [4], "4": [5], "5": [6], "6": [7], "7": [8], "9": [10], "10": [], "11": [9], "12": [11], "8": [12], "13": [0], "14": [13], "15": [14, 16], "16": [], "17": [15], "18": [17], "19": [18], "20": [19], "21": [20], "22": [21], "23": [22], "24": [23], "25": [24], "26": [25], "27": [26, 28], "28": []}, "intermediate_costs": [[[0, 4, 5, 7, 8, 10, 14, 15, 16, 18, 20, 21, 22, 27], 5.096902484482547], [[4, 5, 7, 8, 10, 14, 15, 16, 18, 20, 21, 22, 27], 1.7760209350556448], [[4, 5, 7, 8, 10, 14, 15, 18, 20, 21, 22, 27], 0.7235099444523747], [[4, 5, 7, 8, 10, 14, 15, 18, 20, 21, 27], 0.4193835263203368], [[4, 5, 7, 8, 10, 15, 18, 20, 21, 27], 0.1701673547499118], [[4, 5, 7, 8, 10, 15, 18, 20, 21], 0.0006906777526176507], [[5, 7, 8, 10, 15, 18, 20, 21], 0.00020512895918553154], [[5, 7, 8, 10, 15, 18, 20], 0.0044818422210830666], [[5, 7, 8, 10, 15, 18], 0.0001824631828032861], [[5, 7, 18], 0.006975907780979828], [[7, 18], 246.00000000000003], [[5, 7, 10, 18], 0.0644326346750953], [[5, 7, 8, 10, 18], 0.09581225707871299], [[0, 4, 5, 7, 8, 10, 14, 15, 16, 17, 18, 20, 21, 22, 27], 76.1558677129138], [[0, 3, 4, 5, 7, 8, 10, 14, 15, 16, 17, 18, 20, 21, 22, 27], 2007.8441586813587], [[0, 1, 3, 4, 5, 7, 8, 9, 10, 14, 15, 16, 17, 18, 20, 21, 22, 27], 29.659495149362744], [[1, 9], 274.0], [[0, 1, 3, 4, 5, 7, 8, 9, 10, 13, 14, 15, 16, 17, 18, 20, 21, 22, 27], 33.29969194258403], [[0, 1, 2, 3, 4, 5, 7, 8, 9, 10, 13, 14, 15, 16, 17, 18, 20, 21, 22, 27], 79.50364808960943], [[0, 1, 2, 3, 4, 5, 7, 8, 9, 10, 13, 14, 15, 16, 17, 18, 19, 20, 21, 22, 27], 85.72352162306596], [[0, 1, 2, 3, 4, 5, 7, 8, 9, 10, 13, 14, 15, 16, 17, 18, 19, 20, 21, 22, 26, 27], 202.08295638714017], [[0, 1, 2, 3, 4, 5, 6, 7, 8, 9, 10, 13, 14, 15, 16, 17, 18, 19, 20, 21, 22, 26, 27], 490.2483782092409], [[0, 1, 2, 3, 4, 5, 6, 7, 8, 9, 10, 13, 14, 15, 16, 17, 18, 19, 20, 21, 22, 24, 26, 27], 1194.0176145030778], [[0, 1, 2, 3, 4, 5, 6, 7, 8, 9, 10, 13, 14, 15, 16, 17, 18, 19, 20, 21, 22, 23, 24, 26, 27], 2929.4437200987136], [[0, 1, 2, 3, 4, 5, 6, 7, 8, 9, 10, 13, 14, 15, 16, 17, 18, 19, 20, 21, 22, 23, 24, 26, 27, 29], 7199.2080163069395], [[0, 1, 2, 3, 4, 5, 6, 7, 8, 9, 10, 11, 13, 14, 15, 16, 17, 18, 19, 20, 21, 22, 23, 24, 26, 27, 29], 685620.8749600012], [[0, 1, 2, 3, 4, 5, 6, 7, 8, 9, 10, 11, 12, 13, 14, 15, 16, 17, 18, 19, 20, 21, 22, 23, 24, 26, 27, 29], 1636932.7017338483], [[25, 28], 1742426.0]]}