{"costs": 25026024410.150723, "join_operands": {"0": [0, 1, 2, 3, 4, 5, 6, 7, 8, 9, 10, 11, 12, 13, 14, 15, 16, 17, 18, 19, 20, 21, 22, 23, 24, 25, 26, 27, 28, 29, 30, 31, 32, 33, 34, 35, 36, 37, 38, 39, 40, 41, 42, 43, 44, 45, 46, 47, 48, 49], "1": [0, 1, 2, 5, 6, 7, 8, 10, 12, 13, 14, 16, 19, 22, 23, 24, 26, 27, 28, 29, 30, 31, 32, 33, 34, 35, 36, 37, 38, 39, 40, 41, 42, 43, 44, 45, 46, 47, 49], "2": [3, 4, 9, 11, 15, 17, 18, 20, 21, 25, 48], "3": [0, 1, 2, 5, 6, 7, 8, 10, 12, 13, 14, 16, 19, 22, 23, 24, 26, 27, 29, 30, 31, 32, 33, 34, 35, 36, 37, 38, 39, 40, 41, 42, 43, 44, 45, 47, 49], "4": [11, 15, 18, 20, 48], "5": [28, 46], "6": [3, 4, 9, 17, 21, 25], "7": [0, 1, 2, 5, 6, 7, 8, 10, 12, 13, 14, 16, 19, 22, 23, 24, 26, 27, 29, 30, 31, 32, 33, 34, 35, 36, 37, 38, 39, 40, 42, 43, 44, 45, 47, 49], "8": [18, 20], "9": [], "10": [4, 9, 25], "11": [], "12": [11, 15, 48], "13": [], "14": [3, 17, 21], "15": [0, 1, 2, 5, 6, 7, 8, 10, 12, 13, 14, 19, 22, 23, 24, 26, 27, 29, 30, 31, 32, 33, 34, 35, 36, 37, 38, 39, 40, 42, 43, 44, 45, 47], "16": [], "17": [], "18": [], "19": [], "20": [11, 15], "21": [], "22": [], "23": [16, 49], "24": [], "25": [], "26": [9, 25], "27": [], "28": [], "29": [], "30": [3, 17]}, "join_predecessors": {"0": [1, 2], "1": [3, 5], "2": [4, 6], "3": [7, 11], "4": [8, 12], "5": [9, 13], "6": [10, 14], "7": [15, 23], "8": [16, 24], "9": [17, 25], "10": [18, 26], "11": [19, 27], "12": [20, 28], "13": [21, 29], "14": [22, 30], "15": [], "16": [], "17": [], "18": [], "19": [], "20": [], "21": [], "22": [], "23": [], "24": [], "25": [], "26": [], "27": [], "28": [], "29": [], "30": []}, "leaf_joins": [15, 16], "opt_time": 3.2339611053466797, "status": 2, "intermediate_costs": [[[0, 1, 2, 5, 6, 7, 8, 10, 12, 13, 14, 16, 19, 22, 23, 24, 26, 27, 28, 29, 30, 31, 32, 33, 34, 35, 36, 37, 38, 39, 40, 41, 42, 43, 44, 45, 46, 47, 49], 2781201830.57395], [[3, 4, 9, 11, 15, 17, 18, 20, 21, 25, 48], 16196862619.511835], [[0, 1, 2, 5, 6, 7, 8, 10, 12, 13, 14, 16, 19, 22, 23, 24, 26, 27, 29, 30, 31, 32, 33, 34, 35, 36, 37, 38, 39, 40, 41, 42, 43, 44, 45, 47, 49], 2781201830.57395], [[11, 15, 18, 20, 48], 62396448.799858786], [[28, 46], 297000.0], [[3, 4, 9, 17, 21, 25], 4412857.998921467], [[0, 1, 2, 5, 6, 7, 8, 10, 12, 13, 14, 16, 19, 22, 23, 24, 26, 27, 29, 30, 31, 32, 33, 34, 35, 36, 37, 38, 39, 40, 42, 43, 44, 45, 47, 49], 2837961412.103892], [[18, 20], 108563.0], [[4, 9, 25], 4623000.0], [[11, 15, 48], 62647615.0], [[3, 17, 21], 188231.0], [[0, 1, 2, 5, 6, 7, 8, 10, 12, 13, 14, 19, 22, 23, 24, 26, 27, 29, 30, 31, 32, 33, 34, 35, 36, 37, 38, 39, 40, 42, 43, 44, 45, 47], 134199001.58831455], [[11, 15], 62939000.0], [[16, 49], 6302000.0], [[9, 25], 90492000.0], [[3, 17], 191000.0]]}