{"costs": 10740168, "root_join": 17, "join_operands": {"0": [0, 3], "1": [0, 1, 2, 3, 4, 5, 6, 7, 8, 9, 10, 11, 12, 13, 16, 18, 19], "2": [1, 2, 4, 5, 6, 7, 8, 9, 10, 11, 12, 13, 16, 18, 19], "3": [1, 5, 6, 7, 8, 9, 10, 11, 18, 19], "4": [5, 6, 7, 8, 9, 10, 11, 18, 19], "5": [6, 19], "6": [6, 8, 19], "7": [5, 6, 7, 8, 9, 11, 18, 19], "8": [5, 7, 9, 11, 18], "9": [5, 7, 9, 18], "10": [5, 9, 18], "11": [5, 18], "12": [1, 4, 5, 6, 7, 8, 9, 10, 11, 18, 19], "13": [1, 4, 5, 6, 7, 8, 9, 10, 11, 12, 18, 19], "14": [1, 4, 5, 6, 7, 8, 9, 10, 11, 12, 13, 18, 19], "15": [1, 2, 4, 5, 6, 7, 8, 9, 10, 11, 12, 13, 18, 19], "16": [0, 1, 2, 3, 4, 5, 6, 7, 8, 9, 10, 11, 12, 13, 14, 16, 18, 19], "17": [0, 1, 2, 3, 4, 5, 6, 7, 8, 9, 10, 11, 12, 13, 14, 15, 16, 17, 18, 19], "18": [15, 17]}, "join_predecessors": {"0": [], "1": [0, 2], "3": [4], "5": [], "6": [5], "7": [6, 8], "9": [10], "10": [11], "11": [], "8": [9], "4": [7], "12": [3], "13": [12], "14": [13], "15": [14], "2": [15], "16": [1], "17": [16, 18], "18": []}, "intermediate_costs": [[[0, 3], 384143.0], [[0, 1, 2, 3, 4, 5, 6, 7, 8, 9, 10, 11, 12, 13, 16, 18, 19], 776395.4995390273], [[1, 2, 4, 5, 6, 7, 8, 9, 10, 11, 12, 13, 16, 18, 19], 336773.3648052303], [[1, 5, 6, 7, 8, 9, 10, 11, 18, 19], 3733.326524543722], [[5, 6, 7, 8, 9, 10, 11, 18, 19], 2516.6533313404916], [[6, 19], 1063181.0], [[6, 8, 19], 1614284.7978707387], [[5, 6, 7, 8, 9, 11, 18, 19], 2131.0562254183747], [[5, 7, 9, 11, 18], 35512.74205815096], [[5, 7, 9, 18], 23388.978252087498], [[5, 9, 18], 111.67430271084336], [[5, 18], 223.0], [[1, 4, 5, 6, 7, 8, 9, 10, 11, 18, 19], 5302.798480460755], [[1, 4, 5, 6, 7, 8, 9, 10, 11, 12, 18, 19], 8051.344988853172], [[1, 4, 5, 6, 7, 8, 9, 10, 11, 12, 13, 18, 19], 146083.60347775198], [[1, 2, 4, 5, 6, 7, 8, 9, 10, 11, 12, 13, 18, 19], 221806.57885375302], [[0, 1, 2, 3, 4, 5, 6, 7, 8, 9, 10, 11, 12, 13, 14, 16, 18, 19], 1178842.808467663], [[15, 17], 4937686.0]]}