{"costs": 11180798, "root_join": 18, "join_operands": {"0": [4, 6], "1": [4, 6, 16], "2": [4, 6, 16, 17], "3": [0, 4, 6, 16, 17], "4": [0, 1, 4, 6, 16, 17], "5": [0, 1, 4, 6, 12, 16, 17], "6": [0, 1, 4, 5, 6, 12, 16, 17], "7": [0, 1, 4, 5, 6, 12, 14, 16, 17], "8": [0, 1, 4, 5, 6, 12, 13, 14, 16, 17], "9": [0, 1, 2, 4, 5, 6, 12, 13, 14, 16, 17], "10": [0, 1, 2, 4, 5, 6, 11, 12, 13, 14, 16, 17], "11": [0, 1, 2, 4, 5, 6, 11, 12, 13, 14, 15, 16, 17], "12": [0, 1, 2, 4, 5, 6, 9, 11, 12, 13, 14, 15, 16, 17], "13": [0, 1, 2, 3, 4, 5, 6, 9, 11, 12, 13, 14, 15, 16, 17], "14": [0, 1, 2, 3, 4, 5, 6, 9, 11, 12, 13, 14, 15, 16, 17, 18], "15": [0, 1, 2, 3, 4, 5, 6, 7, 9, 11, 12, 13, 14, 15, 16, 17, 18], "16": [0, 1, 2, 3, 4, 5, 6, 7, 9, 10, 11, 12, 13, 14, 15, 16, 17, 18], "17": [0, 1, 2, 3, 4, 5, 6, 7, 9, 10, 11, 12, 13, 14, 15, 16, 17, 18, 19], "18": [0, 1, 2, 3, 4, 5, 6, 7, 8, 9, 10, 11, 12, 13, 14, 15, 16, 17, 18, 19]}, "join_predecessors": {"0": [], "1": [0], "2": [1], "3": [2], "4": [3], "5": [4], "6": [5], "7": [6], "8": [7], "9": [8], "10": [9], "11": [10], "12": [11], "13": [12], "14": [13], "15": [14], "16": [15], "17": [16], "18": [17]}, "intermediate_costs": [[[4, 6], 144.0], [[4, 6, 16], 606.2452554744526], [[4, 6, 16, 17], 10879.005967017925], [[0, 4, 6, 16, 17], 14560.98484747882], [[0, 1, 4, 6, 16, 17], 29866.754786946804], [[0, 1, 4, 6, 12, 16, 17], 61261.117499823406], [[0, 1, 4, 5, 6, 12, 16, 17], 1610677.8498867925], [[0, 1, 4, 5, 6, 12, 14, 16, 17], 3753.6790175375886], [[0, 1, 4, 5, 6, 12, 13, 14, 16, 17], 7618.310258696167], [[0, 1, 2, 4, 5, 6, 12, 13, 14, 16, 17], 15507.904653137217], [[0, 1, 2, 4, 5, 6, 11, 12, 13, 14, 16, 17], 31724.87929280094], [[0, 1, 2, 4, 5, 6, 11, 12, 13, 14, 15, 16, 17], 65072.293889432935], [[0, 1, 2, 4, 5, 6, 9, 11, 12, 13, 14, 15, 16, 17], 133472.86875927474], [[0, 1, 2, 3, 4, 5, 6, 9, 11, 12, 13, 14, 15, 16, 17], 273772.7475284152], [[0, 1, 2, 3, 4, 5, 6, 9, 11, 12, 13, 14, 15, 16, 17, 18], 561548.7782951992], [[0, 1, 2, 3, 4, 5, 6, 7, 9, 11, 12, 13, 14, 15, 16, 17, 18], 1151820.3811433117], [[0, 1, 2, 3, 4, 5, 6, 7, 9, 10, 11, 12, 13, 14, 15, 16, 17, 18], 2362555.640470385], [[0, 1, 2, 3, 4, 5, 6, 7, 9, 10, 11, 12, 13, 14, 15, 16, 17, 18, 19], 4845954.967556942]]}