{"costs": 515574282, "root_join": 18, "join_operands": {"0": [5, 14], "1": [5, 7, 14], "2": [5, 7, 14, 18], "3": [5, 7, 12, 14, 18], "4": [1, 5, 7, 12, 14, 18], "5": [1, 5, 7, 9, 12, 14, 18], "6": [0, 1, 5, 7, 9, 12, 14, 18], "7": [0, 1, 5, 7, 9, 11, 12, 14, 18], "8": [0, 1, 5, 7, 9, 11, 12, 14, 17, 18], "9": [0, 1, 5, 7, 9, 10, 11, 12, 14, 17, 18], "10": [0, 1, 5, 7, 9, 10, 11, 12, 14, 16, 17, 18], "11": [0, 1, 5, 6, 7, 9, 10, 11, 12, 14, 16, 17, 18], "12": [0, 1, 4, 5, 6, 7, 9, 10, 11, 12, 14, 16, 17, 18], "13": [0, 1, 4, 5, 6, 7, 9, 10, 11, 12, 13, 14, 16, 17, 18], "14": [0, 1, 2, 4, 5, 6, 7, 9, 10, 11, 12, 13, 14, 16, 17, 18], "15": [0, 1, 2, 4, 5, 6, 7, 9, 10, 11, 12, 13, 14, 15, 16, 17, 18], "16": [0, 1, 2, 3, 4, 5, 6, 7, 9, 10, 11, 12, 13, 14, 15, 16, 17, 18], "17": [0, 1, 2, 3, 4, 5, 6, 7, 9, 10, 11, 12, 13, 14, 15, 16, 17, 18, 19], "18": [0, 1, 2, 3, 4, 5, 6, 7, 8, 9, 10, 11, 12, 13, 14, 15, 16, 17, 18, 19]}, "join_predecessors": {"0": [], "1": [0], "2": [1], "3": [2], "4": [3], "5": [4], "6": [5], "7": [6], "8": [7], "9": [8], "10": [9], "11": [10], "12": [11], "13": [12], "14": [13], "15": [14], "16": [15], "17": [16], "18": [17]}, "intermediate_costs": [[[5, 14], 1643.0], [[5, 7, 14], 3370.0382929577463], [[5, 7, 14, 18], 6912.451671333878], [[5, 7, 12, 14, 18], 1842428.082495401], [[1, 5, 7, 12, 14, 18], 82487.51859644547], [[1, 5, 7, 9, 12, 14, 18], 169194.0622626412], [[0, 1, 5, 7, 9, 12, 14, 18], 7327931.493337587], [[0, 1, 5, 7, 9, 11, 12, 14, 18], 14990918.972733026], [[0, 1, 5, 7, 9, 11, 12, 14, 17, 18], 30748613.89386918], [[0, 1, 5, 7, 9, 10, 11, 12, 14, 17, 18], 63069999.7854683], [[0, 1, 5, 7, 9, 10, 11, 12, 14, 16, 17, 18], 129366002.57303788], [[0, 1, 5, 6, 7, 9, 10, 11, 12, 14, 16, 17, 18], 258631113.11633942], [[0, 1, 4, 5, 6, 7, 9, 10, 11, 12, 14, 16, 17, 18], 135922.92076187182], [[0, 1, 4, 5, 6, 7, 9, 10, 11, 12, 13, 14, 16, 17, 18], 275863.4866737763], [[0, 1, 2, 4, 5, 6, 7, 9, 10, 11, 12, 13, 14, 16, 17, 18], 561550.3311558592], [[0, 1, 2, 4, 5, 6, 7, 9, 10, 11, 12, 13, 14, 15, 16, 17, 18], 1151820.5584150003], [[0, 1, 2, 3, 4, 5, 6, 7, 9, 10, 11, 12, 13, 14, 15, 16, 17, 18], 2362555.640470385], [[0, 1, 2, 3, 4, 5, 6, 7, 9, 10, 11, 12, 13, 14, 15, 16, 17, 18, 19], 4845954.967556942]]}