{"costs": 5291675, "root_join": 17, "join_operands": {"0": [0, 3, 4, 6, 8, 13, 16, 17, 19], "1": [3, 4, 6, 8, 13, 16, 17, 19], "2": [3, 4, 6, 8, 13, 16, 19], "3": [4, 6, 8, 13, 16], "4": [4, 6, 8, 13], "5": [4, 6], "6": [4, 6, 13], "7": [3, 4, 6, 8, 13, 16], "8": [0, 3, 4, 6, 8, 11, 13, 16, 17, 19], "9": [0, 3, 4, 6, 8, 10, 11, 13, 16, 17, 19], "10": [0, 1, 3, 4, 5, 6, 7, 8, 9, 10, 11, 12, 13, 14, 16, 17, 18, 19], "11": [1, 5, 7, 9, 12, 14, 18], "12": [1, 12], "13": [1, 5, 7, 12, 14, 18], "14": [5, 7, 14, 18], "15": [5, 14], "16": [5, 7, 14], "17": [0, 1, 2, 3, 4, 5, 6, 7, 8, 9, 10, 11, 12, 13, 14, 15, 16, 17, 18, 19], "18": [2, 15]}, "join_predecessors": {"0": [1], "1": [2], "3": [4], "5": [], "6": [5], "4": [6], "7": [3], "2": [7], "8": [0], "9": [8], "10": [9, 11], "12": [], "13": [12, 14], "15": [], "16": [15], "14": [16], "11": [13], "17": [10, 18], "18": []}, "intermediate_costs": [[[0, 3, 4, 6, 8, 13, 16, 17, 19], 255025.81855507422], [[3, 4, 6, 8, 13, 16, 17, 19], 190538.44440231426], [[3, 4, 6, 8, 13, 16, 19], 10617.97633484058], [[4, 6, 8, 13, 16], 2523.755072655785], [[4, 6, 8, 13], 599.4615663887002], [[4, 6], 144.0], [[4, 6, 13], 292.2563895652174], [[3, 4, 6, 8, 13, 16], 5176.597811618833], [[0, 3, 4, 6, 8, 11, 13, 16, 17, 19], 521712.21652247896], [[0, 3, 4, 6, 8, 10, 11, 13, 16, 17, 19], 1070109.6803166661], [[0, 1, 3, 4, 5, 6, 7, 8, 9, 10, 11, 12, 13, 14, 16, 17, 18, 19], 2380598.186921043], [[1, 5, 7, 9, 12, 14, 18], 169194.0622626412], [[1, 12], 319979.0], [[1, 5, 7, 12, 14, 18], 82487.51859644547], [[5, 7, 14, 18], 6912.451671333878], [[5, 14], 1643.0], [[5, 7, 14], 3370.0382929577463], [[2, 15], 270751.0]]}