{"costs": 2907170, "root_join": 1, "join_operands": {"0": [5, 23], "1": [0, 1, 2, 3, 4, 5, 6, 7, 8, 9, 10, 11, 12, 13, 14, 15, 16, 17, 18, 19, 20, 21, 22, 23, 24, 25, 26, 27, 28, 29], "2": [0, 1, 2, 3, 4, 6, 7, 8, 9, 10, 11, 12, 13, 14, 15, 16, 17, 18, 19, 20, 21, 22, 24, 25, 26, 27, 28, 29], "3": [0, 6], "4": [0, 6, 7, 10], "5": [7, 10], "6": [0, 6, 7, 10, 21, 22], "7": [21, 22], "8": [0, 6, 7, 10, 21, 22, 28], "9": [0, 6, 7, 10, 11, 21, 22, 28], "10": [0, 6, 7, 10, 11, 20, 21, 22, 28], "11": [0, 6, 7, 10, 11, 14, 20, 21, 22, 28], "12": [0, 6, 7, 10, 11, 14, 16, 20, 21, 22, 28], "13": [0, 6, 7, 10, 11, 14, 16, 20, 21, 22, 27, 28], "14": [0, 6, 7, 10, 11, 12, 14, 16, 20, 21, 22, 27, 28], "15": [0, 6, 7, 10, 11, 12, 14, 16, 20, 21, 22, 27, 28, 29], "16": [0, 6, 7, 9, 10, 11, 12, 14, 16, 20, 21, 22, 27, 28, 29], "17": [0, 6, 7, 9, 10, 11, 12, 14, 16, 18, 20, 21, 22, 27, 28, 29], "18": [0, 2, 6, 7, 9, 10, 11, 12, 14, 16, 18, 20, 21, 22, 27, 28, 29], "19": [0, 2, 6, 7, 8, 9, 10, 11, 12, 14, 16, 18, 20, 21, 22, 27, 28, 29], "20": [0, 2, 3, 6, 7, 8, 9, 10, 11, 12, 14, 16, 18, 20, 21, 22, 27, 28, 29], "21": [0, 2, 3, 6, 7, 8, 9, 10, 11, 12, 13, 14, 16, 18, 20, 21, 22, 27, 28, 29], "22": [0, 2, 3, 6, 7, 8, 9, 10, 11, 12, 13, 14, 16, 18, 20, 21, 22, 24, 27, 28, 29], "23": [0, 2, 3, 6, 7, 8, 9, 10, 11, 12, 13, 14, 16, 18, 20, 21, 22, 24, 26, 27, 28, 29], "24": [0, 2, 3, 6, 7, 8, 9, 10, 11, 12, 13, 14, 15, 16, 18, 20, 21, 22, 24, 26, 27, 28, 29], "25": [0, 2, 3, 4, 6, 7, 8, 9, 10, 11, 12, 13, 14, 15, 16, 18, 20, 21, 22, 24, 26, 27, 28, 29], "26": [0, 2, 3, 4, 6, 7, 8, 9, 10, 11, 12, 13, 14, 15, 16, 18, 20, 21, 22, 24, 25, 26, 27, 28, 29], "27": [0, 1, 2, 3, 4, 6, 7, 8, 9, 10, 11, 12, 13, 14, 15, 16, 18, 20, 21, 22, 24, 25, 26, 27, 28, 29], "28": [0, 1, 2, 3, 4, 6, 7, 8, 9, 10, 11, 12, 13, 14, 15, 16, 17, 18, 20, 21, 22, 24, 25, 26, 27, 28, 29]}, "join_predecessors": {"0": [], "1": [0, 2], "3": [], "4": [3, 5], "5": [], "6": [4, 7], "7": [], "8": [6], "9": [8], "10": [9], "11": [10], "12": [11], "13": [12], "14": [13], "15": [14], "16": [15], "17": [16], "18": [17], "19": [18], "20": [19], "21": [20], "22": [21], "23": [22], "24": [23], "25": [24], "26": [25], "27": [26], "28": [27], "2": [28]}, "intermediate_costs": [[[5, 23], 169291.0], [[0, 1, 2, 3, 4, 6, 7, 8, 9, 10, 11, 12, 13, 14, 15, 16, 17, 18, 19, 20, 21, 22, 24, 25, 26, 27, 28, 29], 1254429.2087010622], [[0, 6], 780164.0], [[0, 6, 7, 10], 2097.9497523105847], [[7, 10], 11924.0], [[0, 6, 7, 10, 21, 22], 3.1201184914156608], [[21, 22], 282.0], [[0, 6, 7, 10, 21, 22, 28], 21.28031923278808], [[0, 6, 7, 10, 11, 21, 22, 28], 60.04276905387044], [[0, 6, 7, 10, 11, 20, 21, 22, 28], 164.63953814525456], [[0, 6, 7, 10, 11, 14, 20, 21, 22, 28], 1.740061277054245], [[0, 6, 7, 10, 11, 14, 16, 20, 21, 22, 28], 4.909611376354456], [[0, 6, 7, 10, 11, 14, 16, 20, 21, 22, 27, 28], 13.852552235023373], [[0, 6, 7, 10, 11, 12, 14, 16, 20, 21, 22, 27, 28], 39.08520018787049], [[0, 6, 7, 10, 11, 12, 14, 16, 20, 21, 22, 27, 28, 29], 2.0932296100615084], [[0, 6, 7, 9, 10, 11, 12, 14, 16, 20, 21, 22, 27, 28, 29], 1.7718249859160309], [[0, 6, 7, 9, 10, 11, 12, 14, 16, 18, 20, 21, 22, 27, 28, 29], 4.927816573463172], [[0, 2, 6, 7, 9, 10, 11, 12, 14, 16, 18, 20, 21, 22, 27, 28, 29], 13.90390536586193], [[0, 2, 6, 7, 8, 9, 10, 11, 12, 14, 16, 18, 20, 21, 22, 27, 28, 29], 39.23009387713767], [[0, 2, 3, 6, 7, 8, 9, 10, 11, 12, 14, 16, 18, 20, 21, 22, 27, 28, 29], 110.68835203361871], [[0, 2, 3, 6, 7, 8, 9, 10, 11, 12, 13, 14, 16, 18, 20, 21, 22, 27, 28, 29], 312.30900819355406], [[0, 2, 3, 6, 7, 8, 9, 10, 11, 12, 13, 14, 16, 18, 20, 21, 22, 24, 27, 28, 29], 881.1850100471015], [[0, 2, 3, 6, 7, 8, 9, 10, 11, 12, 13, 14, 16, 18, 20, 21, 22, 24, 26, 27, 28, 29], 2486.2787084915726], [[0, 2, 3, 6, 7, 8, 9, 10, 11, 12, 13, 14, 15, 16, 18, 20, 21, 22, 24, 26, 27, 28, 29], 7015.078407755849], [[0, 2, 3, 4, 6, 7, 8, 9, 10, 11, 12, 13, 14, 15, 16, 18, 20, 21, 22, 24, 26, 27, 28, 29], 19793.165265315725], [[0, 2, 3, 4, 6, 7, 8, 9, 10, 11, 12, 13, 14, 15, 16, 18, 20, 21, 22, 24, 25, 26, 27, 28, 29], 55846.758717188655], [[0, 1, 2, 3, 4, 6, 7, 8, 9, 10, 11, 12, 13, 14, 15, 16, 18, 20, 21, 22, 24, 25, 26, 27, 28, 29], 157572.5986521515], [[0, 1, 2, 3, 4, 6, 7, 8, 9, 10, 11, 12, 13, 14, 15, 16, 17, 18, 20, 21, 22, 24, 25, 26, 27, 28, 29], 444593.82597180456]]}