{"costs": 1605051.3014229015, "int_costs": [[[0, 1, 2, 3, 4, 5, 6, 7, 8, 9, 10, 11, 12, 13, 14, 15, 16, 17, 18, 19, 20, 21, 23, 24, 25, 26, 27, 28, 29, 30, 31, 32, 33, 35, 36, 37, 38, 39, 40, 41, 42, 43, 44, 45, 46, 47, 48, 49], 253454.58245682193], [[22, 34], 1011125.0], [[0, 1, 2, 3, 4, 5, 6, 7, 8, 9, 10, 11, 12, 13, 14, 15, 16, 17, 18, 19, 20, 21, 23, 24, 25, 26, 27, 28, 29, 30, 31, 33, 35, 36, 37, 38, 39, 40, 41, 42, 43, 44, 45, 46, 47, 48, 49], 192429.97888000365], [[0, 1, 2, 3, 4, 5, 6, 7, 8, 9, 10, 11, 13, 14, 15, 16, 17, 18, 19, 20, 21, 23, 24, 25, 26, 27, 28, 29, 30, 31, 33, 35, 36, 37, 38, 39, 40, 41, 42, 43, 44, 45, 46, 47, 48, 49], 118472.2773633081], [[0, 1, 2, 3, 4, 5, 6, 7, 8, 9, 10, 11, 13, 14, 15, 16, 17, 18, 19, 20, 21, 23, 24, 25, 26, 27, 28, 29, 30, 31, 33, 35, 36, 37, 38, 39, 40, 41, 42, 43, 44, 45, 47, 48, 49], 6431.205711147908], [[0, 1, 2, 3, 4, 5, 6, 7, 8, 9, 10, 11, 13, 14, 15, 16, 17, 18, 19, 20, 21, 23, 25, 26, 27, 28, 29, 30, 31, 33, 35, 36, 37, 38, 39, 40, 41, 42, 43, 44, 45, 47, 48, 49], 5099.781772072973], [[0, 1, 2, 3, 4, 5, 6, 7, 8, 9, 10, 11, 13, 14, 15, 16, 17, 18, 19, 20, 21, 23, 25, 26, 27, 28, 30, 31, 33, 35, 36, 37, 38, 39, 40, 41, 42, 43, 44, 45, 47, 48, 49], 3871.9000686009426], [[0, 1, 2, 3, 4, 5, 6, 7, 8, 9, 10, 11, 13, 14, 15, 16, 17, 18, 19, 20, 21, 23, 25, 26, 27, 28, 30, 31, 33, 35, 37, 38, 39, 40, 41, 42, 43, 44, 45, 47, 48, 49], 2939.657440440913], [[0, 1, 2, 3, 4, 5, 6, 7, 8, 9, 10, 11, 13, 14, 15, 16, 17, 19, 20, 21, 23, 25, 26, 27, 28, 30, 31, 33, 35, 37, 38, 39, 40, 41, 42, 43, 44, 45, 47, 48, 49], 2231.8717234940473], [[0, 1, 2, 3, 4, 5, 6, 7, 8, 9, 10, 11, 14, 15, 16, 17, 19, 20, 21, 23, 25, 26, 27, 28, 30, 31, 33, 35, 37, 38, 39, 40, 41, 42, 43, 44, 45, 47, 48, 49], 1694.5006580106926], [[0, 1, 2, 3, 4, 5, 6, 7, 8, 9, 10, 11, 14, 15, 16, 17, 19, 20, 21, 23, 25, 26, 27, 28, 30, 31, 35, 37, 38, 39, 40, 41, 42, 43, 44, 45, 47, 48, 49], 1305.3632720455178], [[0, 1, 2, 3, 4, 5, 6, 7, 8, 9, 10, 11, 14, 15, 16, 17, 19, 20, 21, 23, 25, 26, 27, 28, 30, 31, 35, 37, 39, 40, 41, 42, 43, 44, 45, 47, 48, 49], 991.0690723632373], [[0, 1, 2, 3, 4, 5, 6, 7, 8, 9, 10, 11, 14, 15, 16, 17, 19, 21, 23, 25, 26, 27, 28, 30, 31, 35, 37, 39, 40, 41, 42, 43, 44, 45, 47, 48, 49], 752.447951924153], [[0, 1, 2, 3, 4, 5, 6, 7, 8, 9, 10, 11, 14, 15, 16, 17, 19, 23, 25, 26, 27, 28, 30, 31, 35, 37, 39, 40, 41, 42, 43, 44, 45, 47, 48, 49], 571.2803098032492], [[0, 1, 2, 6, 11, 14, 15, 16, 17, 23, 28, 31, 39, 40, 41, 42, 43, 45, 48, 49], 0.1034210776344214], [[17, 45, 49], 2.015121951219512], [[17, 45], 1377.0000000000002], [[16, 17, 45, 49], 1.9906274916279636], [[16, 17, 43, 45, 49], 0.6669766563440467], [[16, 17, 31, 43, 45, 49], 92.13857022284647], [[0, 16, 17, 31, 43, 45, 49], 113.26760330009881], [[0, 1, 16, 17, 31, 43, 45, 49], 149.18774856718434], [[0, 1, 6, 16, 17, 28, 31, 41, 43, 45, 49], 1.0219638171131948], [[6, 28, 41], 202.83339999999998], [[6, 28], 154.0], [[0, 1, 2, 6, 16, 17, 28, 31, 41, 43, 45, 49], 21.342929598192363], [[0, 1, 2, 6, 16, 17, 28, 31, 39, 41, 43, 45, 49], 289.330692618675], [[0, 1, 2, 6, 11, 16, 17, 23, 28, 31, 39, 41, 43, 45, 49], 0.15248330271299232], [[11, 23], 356.0], [[0, 1, 2, 6, 11, 16, 17, 23, 28, 31, 39, 41, 43, 45, 48, 49], 0.2008398021466521], [[0, 1, 2, 6, 11, 16, 17, 23, 28, 31, 39, 41, 42, 43, 45, 48, 49], 0.04635284226514725], [[0, 1, 2, 6, 11, 15, 16, 17, 23, 28, 31, 39, 41, 42, 43, 45, 48, 49], 0.06017620039181687], [[0, 1, 2, 6, 11, 14, 15, 16, 17, 23, 28, 31, 39, 41, 42, 43, 45, 48, 49], 0.07884469745073955], [[0, 1, 2, 6, 10, 11, 14, 15, 16, 17, 23, 28, 31, 39, 40, 41, 42, 43, 45, 48, 49], 0.1358720181455412], [[0, 1, 2, 6, 7, 10, 11, 14, 15, 16, 17, 23, 28, 31, 39, 40, 41, 42, 43, 45, 48, 49], 0.1789570350994923], [[0, 1, 2, 6, 7, 10, 11, 14, 15, 16, 17, 23, 28, 31, 39, 40, 41, 42, 43, 44, 45, 48, 49], 0.23570903783496105], [[0, 1, 2, 4, 6, 7, 10, 11, 14, 15, 16, 17, 23, 28, 31, 39, 40, 41, 42, 43, 44, 45, 48, 49], 0.3104586017420785], [[0, 1, 2, 4, 5, 6, 7, 10, 11, 14, 15, 16, 17, 23, 28, 31, 39, 40, 41, 42, 43, 44, 45, 48, 49], 0.4089132544041426], [[0, 1, 2, 4, 5, 6, 7, 9, 10, 11, 14, 15, 16, 17, 23, 28, 31, 39, 40, 41, 42, 43, 44, 45, 48, 49], 0.5385904925226549], [[0, 1, 2, 4, 5, 6, 7, 9, 10, 11, 14, 15, 16, 17, 23, 26, 28, 31, 39, 40, 41, 42, 43, 44, 45, 48, 49], 1.2558610467662092], [[0, 1, 2, 4, 5, 6, 7, 9, 10, 11, 14, 15, 16, 17, 23, 26, 28, 31, 39, 40, 41, 42, 43, 44, 45, 47, 48, 49], 4.063789847945097], [[0, 1, 2, 4, 5, 6, 7, 9, 10, 11, 14, 15, 16, 17, 23, 25, 26, 28, 31, 39, 40, 41, 42, 43, 44, 45, 47, 48, 49], 4.058505579958], [[0, 1, 2, 4, 5, 6, 7, 9, 10, 11, 14, 15, 16, 17, 23, 25, 26, 28, 31, 35, 39, 40, 41, 42, 43, 44, 45, 47, 48, 49], 5.345565301105781], [[0, 1, 2, 4, 5, 6, 7, 9, 10, 11, 14, 15, 16, 17, 23, 25, 26, 27, 28, 31, 35, 39, 40, 41, 42, 43, 44, 45, 47, 48, 49], 7.040785783195067], [[0, 1, 2, 4, 5, 6, 7, 9, 10, 11, 14, 15, 16, 17, 19, 23, 25, 26, 27, 28, 31, 35, 39, 40, 41, 42, 43, 44, 45, 47, 48, 49], 28.690215987882723], [[0, 1, 2, 4, 5, 6, 7, 9, 10, 11, 14, 15, 16, 17, 19, 23, 25, 26, 27, 28, 30, 31, 35, 39, 40, 41, 42, 43, 44, 45, 47, 48, 49], 37.78863695806022], [[0, 1, 2, 4, 5, 6, 7, 8, 9, 10, 11, 14, 15, 16, 17, 19, 23, 25, 26, 27, 28, 30, 31, 35, 39, 40, 41, 42, 43, 44, 45, 47, 48, 49], 395.16264733170084], [[0, 1, 2, 3, 4, 5, 6, 7, 8, 9, 10, 11, 14, 15, 16, 17, 19, 23, 25, 26, 27, 28, 30, 31, 35, 39, 40, 41, 42, 43, 44, 45, 47, 48, 49], 433.7324824419677]]}