{"costs": 2644632, "root_join": 27, "join_operands": {"0": [0, 2, 4, 7, 9, 10, 11, 17, 18, 19, 20, 21, 24, 29], "1": [2, 4, 7, 9, 10, 11, 17, 18, 19, 20, 21, 24, 29], "2": [4, 7, 9, 10, 11, 17, 18, 19, 20, 21, 24, 29], "3": [4, 18, 19, 20], "4": [18, 19, 20], "5": [18, 20], "6": [4, 17, 18, 19, 20], "7": [4, 17, 18, 19, 20, 29], "8": [4, 17, 18, 19, 20, 24, 29], "9": [4, 10, 17, 18, 19, 20, 24, 29], "10": [4, 10, 11, 17, 18, 19, 20, 24, 29], "11": [4, 7, 10, 11, 17, 18, 19, 20, 24, 29], "12": [4, 7, 10, 11, 17, 18, 19, 20, 21, 24, 29], "13": [0, 2, 4, 7, 9, 10, 11, 16, 17, 18, 19, 20, 21, 24, 29], "14": [0, 2, 4, 7, 9, 10, 11, 16, 17, 18, 19, 20, 21, 22, 24, 29], "15": [0, 2, 4, 7, 9, 10, 11, 16, 17, 18, 19, 20, 21, 22, 24, 25, 29], "16": [0, 2, 4, 7, 9, 10, 11, 16, 17, 18, 19, 20, 21, 22, 24, 25, 27, 29], "17": [0, 2, 4, 6, 7, 9, 10, 11, 16, 17, 18, 19, 20, 21, 22, 24, 25, 27, 29], "18": [0, 1, 2, 4, 6, 7, 9, 10, 11, 16, 17, 18, 19, 20, 21, 22, 24, 25, 27, 29], "19": [0, 1, 2, 4, 6, 7, 8, 9, 10, 11, 16, 17, 18, 19, 20, 21, 22, 24, 25, 27, 29], "20": [0, 1, 2, 4, 6, 7, 8, 9, 10, 11, 15, 16, 17, 18, 19, 20, 21, 22, 24, 25, 27, 29], "21": [0, 1, 2, 4, 5, 6, 7, 8, 9, 10, 11, 15, 16, 17, 18, 19, 20, 21, 22, 24, 25, 27, 29], "22": [0, 1, 2, 3, 4, 5, 6, 7, 8, 9, 10, 11, 15, 16, 17, 18, 19, 20, 21, 22, 24, 25, 27, 29], "23": [0, 1, 2, 3, 4, 5, 6, 7, 8, 9, 10, 11, 15, 16, 17, 18, 19, 20, 21, 22, 23, 24, 25, 27, 29], "24": [0, 1, 2, 3, 4, 5, 6, 7, 8, 9, 10, 11, 13, 15, 16, 17, 18, 19, 20, 21, 22, 23, 24, 25, 27, 29], "25": [0, 1, 2, 3, 4, 5, 6, 7, 8, 9, 10, 11, 13, 14, 15, 16, 17, 18, 19, 20, 21, 22, 23, 24, 25, 27, 29], "26": [0, 1, 2, 3, 4, 5, 6, 7, 8, 9, 10, 11, 13, 14, 15, 16, 17, 18, 19, 20, 21, 22, 23, 24, 25, 26, 27, 29], "27": [0, 1, 2, 3, 4, 5, 6, 7, 8, 9, 10, 11, 12, 13, 14, 15, 16, 17, 18, 19, 20, 21, 22, 23, 24, 25, 26, 27, 28, 29], "28": [12, 28]}, "join_predecessors": {"0": [1], "1": [2], "3": [4], "5": [], "4": [5], "6": [3], "7": [6], "8": [7], "9": [8], "10": [9], "11": [10], "12": [11], "2": [12], "13": [0], "14": [13], "15": [14], "16": [15], "17": [16], "18": [17], "19": [18], "20": [19], "21": [20], "22": [21], "23": [22], "24": [23], "25": [24], "26": [25], "27": [26, 28], "28": []}, "intermediate_costs": [[[0, 2, 4, 7, 9, 10, 11, 17, 18, 19, 20, 21, 24, 29], 0.005325223193712256], [[2, 4, 7, 9, 10, 11, 17, 18, 19, 20, 21, 24, 29], 83.39017685028377], [[4, 7, 9, 10, 11, 17, 18, 19, 20, 21, 24, 29], 4.6433486503618635], [[4, 18, 19, 20], 0.3505587165723754], [[18, 19, 20], 1.348789893078636], [[18, 20], 1739.0], [[4, 17, 18, 19, 20], 3.044635254246666], [[4, 17, 18, 19, 20, 29], 1.2119661585793748], [[4, 17, 18, 19, 20, 24, 29], 3.1143213876294067], [[4, 10, 17, 18, 19, 20, 24, 29], 4.024271086289582], [[4, 10, 11, 17, 18, 19, 20, 24, 29], 0.012837424765263766], [[4, 7, 10, 11, 17, 18, 19, 20, 24, 29], 0.03289785846343822], [[4, 7, 10, 11, 17, 18, 19, 20, 21, 24, 29], 0.020004662471691737], [[0, 2, 4, 7, 9, 10, 11, 16, 17, 18, 19, 20, 21, 24, 29], 0.013279457121297678], [[0, 2, 4, 7, 9, 10, 11, 16, 17, 18, 19, 20, 21, 22, 24, 29], 0.033767692132479064], [[0, 2, 4, 7, 9, 10, 11, 16, 17, 18, 19, 20, 21, 22, 24, 25, 29], 0.08691053779373038], [[0, 2, 4, 7, 9, 10, 11, 16, 17, 18, 19, 20, 21, 22, 24, 25, 27, 29], 0.22460895418443025], [[0, 2, 4, 6, 7, 9, 10, 11, 16, 17, 18, 19, 20, 21, 22, 24, 25, 27, 29], 0.5804726164276824], [[0, 1, 2, 4, 6, 7, 9, 10, 11, 16, 17, 18, 19, 20, 21, 22, 24, 25, 27, 29], 1.4695405145068765], [[0, 1, 2, 4, 6, 7, 8, 9, 10, 11, 16, 17, 18, 19, 20, 21, 22, 24, 25, 27, 29], 3.758439591200657], [[0, 1, 2, 4, 6, 7, 8, 9, 10, 11, 15, 16, 17, 18, 19, 20, 21, 22, 24, 25, 27, 29], 9.633227605132625], [[0, 1, 2, 4, 5, 6, 7, 8, 9, 10, 11, 15, 16, 17, 18, 19, 20, 21, 22, 24, 25, 27, 29], 24.895819508683857], [[0, 1, 2, 3, 4, 5, 6, 7, 8, 9, 10, 11, 15, 16, 17, 18, 19, 20, 21, 22, 24, 25, 27, 29], 64.34000611874689], [[0, 1, 2, 3, 4, 5, 6, 7, 8, 9, 10, 11, 15, 16, 17, 18, 19, 20, 21, 22, 23, 24, 25, 27, 29], 720.2691860805834], [[0, 1, 2, 3, 4, 5, 6, 7, 8, 9, 10, 11, 13, 15, 16, 17, 18, 19, 20, 21, 22, 23, 24, 25, 27, 29], 13166.205198227179], [[0, 1, 2, 3, 4, 5, 6, 7, 8, 9, 10, 11, 13, 14, 15, 16, 17, 18, 19, 20, 21, 22, 23, 24, 25, 27, 29], 34026.34370005102], [[0, 1, 2, 3, 4, 5, 6, 7, 8, 9, 10, 11, 13, 14, 15, 16, 17, 18, 19, 20, 21, 22, 23, 24, 25, 26, 27, 29], 87936.6566267627], [[12, 28], 2506838.0]]}