{"costs": 323567.01915368665, "intermediate_costs": [[[13, 24], 847.0], [[13, 19, 21, 24, 40], 3.107537660331657], [[19, 21, 40], 870.494218606852], [[21, 40], 401.0], [[13, 19, 21, 24, 40, 44], 617.5067499696356], [[13, 19, 21, 24, 40, 41, 44], 8.585526399755324], [[5, 13, 19, 21, 24, 40, 41, 44], 19.225925252213063], [[5, 13, 19, 20, 21, 24, 40, 41, 44], 0.06239670404279277], [[5, 13, 19, 20, 21, 24, 25, 40, 41, 44], 0.1380246804755985], [[5, 13, 18, 19, 20, 21, 24, 25, 40, 41, 44], 0.3090869990617989], [[5, 13, 18, 19, 20, 21, 24, 25, 27, 40, 41, 44], 9.594402429578698e-05], [[5, 13, 18, 19, 20, 21, 24, 25, 27, 40, 41, 44, 45], 0.00021441617351585545], [[5, 13, 18, 19, 20, 21, 24, 25, 27, 40, 41, 44, 45, 48], 0.00047375301323789064], [[5, 10, 13, 18, 19, 20, 21, 24, 25, 27, 40, 41, 44, 45, 48], 0.01842267732325642], [[5, 7, 10, 13, 18, 19, 20, 21, 24, 25, 27, 40, 41, 44, 45, 48], 0.02991114197809774], [[5, 7, 10, 13, 18, 19, 20, 21, 24, 25, 27, 30, 40, 41, 44, 45, 48], 0.0024787444198173863], [[5, 7, 10, 13, 18, 19, 20, 21, 24, 25, 27, 30, 40, 41, 42, 44, 45, 48], 0.005550801310094854], [[5, 7, 10, 13, 18, 19, 20, 21, 24, 25, 27, 30, 38, 40, 41, 42, 44, 45, 48], 0.011897515463422388], [[0, 5, 7, 10, 13, 18, 19, 20, 21, 24, 25, 27, 30, 38, 40, 41, 42, 44, 45, 48], 3.806003179056435e-05], [[0, 5, 7, 10, 13, 18, 19, 20, 21, 22, 24, 25, 27, 30, 38, 40, 41, 42, 44, 45, 48], 8.523010903768021e-05], [[0, 5, 7, 10, 13, 16, 18, 19, 20, 21, 22, 24, 25, 27, 30, 38, 40, 41, 42, 44, 45, 48], 4.771440215135808e-07], [[0, 3, 5, 7, 10, 13, 16, 18, 19, 20, 21, 22, 24, 25, 27, 30, 38, 40, 41, 42, 44, 45, 48], 1.0350999475488763e-06], [[0, 3, 5, 7, 10, 13, 16, 18, 19, 20, 21, 22, 24, 25, 27, 30, 32, 38, 40, 41, 42, 44, 45, 48], 1.3635069370031918e-06], [[0, 3, 5, 7, 10, 13, 16, 18, 19, 20, 21, 22, 24, 25, 27, 28, 30, 32, 38, 40, 41, 42, 44, 45, 48], 3.0533576196847333e-06], [[0, 3, 5, 7, 10, 11, 13, 16, 18, 19, 20, 21, 22, 24, 25, 27, 28, 30, 32, 38, 40, 41, 42, 44, 45, 48], 4.558378095441836e-06], [[0, 3, 5, 7, 10, 11, 13, 14, 16, 18, 19, 20, 21, 22, 24, 25, 27, 28, 30, 32, 38, 40, 41, 42, 44, 45, 48], 8.035967971413212e-06], [[0, 3, 5, 7, 10, 11, 13, 14, 16, 18, 19, 20, 21, 22, 24, 25, 26, 27, 28, 30, 32, 38, 40, 41, 42, 44, 45, 48], 1.6834430483553652e-05], [[0, 3, 5, 7, 10, 11, 13, 14, 16, 18, 19, 20, 21, 22, 23, 24, 25, 26, 27, 28, 30, 32, 38, 40, 41, 42, 44, 45, 48], 3.7152003424935987e-05], [[0, 3, 5, 7, 10, 11, 13, 14, 16, 18, 19, 20, 21, 22, 23, 24, 25, 26, 27, 28, 30, 32, 38, 40, 41, 42, 44, 45, 47, 48], 7.850958434706107e-05], [[0, 3, 5, 7, 10, 11, 13, 14, 16, 18, 19, 20, 21, 22, 23, 24, 25, 26, 27, 28, 30, 32, 38, 40, 41, 42, 44, 45, 47, 48, 49], 0.0001685612835775387], [[0, 3, 5, 7, 8, 10, 11, 13, 14, 16, 18, 19, 20, 21, 22, 23, 24, 25, 26, 27, 28, 30, 32, 38, 40, 41, 42, 44, 45, 47, 48, 49], 0.000364886741794918], [[0, 3, 5, 7, 8, 10, 11, 13, 14, 16, 18, 19, 20, 21, 22, 23, 24, 25, 26, 27, 28, 30, 32, 34, 38, 40, 41, 42, 44, 45, 47, 48, 49], 0.0008039336648844039], [[0, 3, 5, 7, 8, 10, 11, 13, 14, 16, 18, 19, 20, 21, 22, 23, 24, 25, 26, 27, 28, 30, 31, 32, 34, 38, 40, 41, 42, 44, 45, 47, 48, 49], 0.001784504816705394], [[0, 2, 3, 5, 7, 8, 10, 11, 13, 14, 16, 18, 19, 20, 21, 22, 23, 24, 25, 26, 27, 28, 30, 31, 32, 34, 38, 40, 41, 42, 44, 45, 47, 48, 49], 0.003967807037894001], [[0, 2, 3, 5, 7, 8, 10, 11, 13, 14, 16, 18, 19, 20, 21, 22, 23, 24, 25, 26, 27, 28, 30, 31, 32, 34, 35, 38, 40, 41, 42, 44, 45, 47, 48, 49], 0.008867995640178535], [[0, 2, 3, 5, 7, 8, 10, 11, 13, 14, 16, 18, 19, 20, 21, 22, 23, 24, 25, 26, 27, 28, 29, 30, 31, 32, 34, 35, 38, 40, 41, 42, 44, 45, 47, 48, 49], 0.01983601748378408], [[0, 1, 2, 3, 5, 7, 8, 10, 11, 13, 14, 16, 18, 19, 20, 21, 22, 23, 24, 25, 26, 27, 28, 29, 30, 31, 32, 34, 35, 38, 40, 41, 42, 44, 45, 47, 48, 49], 0.04441973065226331], [[0, 1, 2, 3, 5, 6, 7, 8, 10, 11, 13, 14, 16, 18, 19, 20, 21, 22, 23, 24, 25, 26, 27, 28, 29, 30, 31, 32, 34, 35, 38, 40, 41, 42, 44, 45, 47, 48, 49], 0.09947172247475425], [[0, 1, 2, 3, 5, 6, 7, 8, 10, 11, 13, 14, 15, 16, 18, 19, 20, 21, 22, 23, 24, 25, 26, 27, 28, 29, 30, 31, 32, 34, 35, 38, 40, 41, 42, 44, 45, 47, 48, 49], 0.22275178548096597], [[0, 1, 2, 3, 5, 6, 7, 8, 10, 11, 13, 14, 15, 16, 18, 19, 20, 21, 22, 23, 24, 25, 26, 27, 28, 29, 30, 31, 32, 34, 35, 36, 38, 40, 41, 42, 44, 45, 47, 48, 49], 0.4988215207655466], [[0, 1, 2, 3, 5, 6, 7, 8, 10, 11, 12, 13, 14, 15, 16, 18, 19, 20, 21, 22, 23, 24, 25, 26, 27, 28, 29, 30, 31, 32, 34, 35, 36, 38, 40, 41, 42, 44, 45, 47, 48, 49], 1.1170404920501726], [[0, 1, 2, 3, 5, 6, 7, 8, 10, 11, 12, 13, 14, 15, 16, 18, 19, 20, 21, 22, 23, 24, 25, 26, 27, 28, 29, 30, 31, 32, 34, 35, 36, 38, 39, 40, 41, 42, 44, 45, 47, 48, 49], 2.501455622924925], [[0, 1, 2, 3, 5, 6, 7, 8, 10, 11, 12, 13, 14, 15, 16, 18, 19, 20, 21, 22, 23, 24, 25, 26, 27, 28, 29, 30, 31, 32, 34, 35, 36, 37, 38, 39, 40, 41, 42, 44, 45, 47, 48, 49], 5.601660262008616], [[0, 1, 2, 3, 5, 6, 7, 8, 10, 11, 12, 13, 14, 15, 16, 18, 19, 20, 21, 22, 23, 24, 25, 26, 27, 28, 29, 30, 31, 32, 34, 35, 36, 37, 38, 39, 40, 41, 42, 44, 45, 46, 47, 48, 49], 12.54413530505369], [[0, 1, 2, 3, 5, 6, 7, 8, 10, 11, 12, 13, 14, 15, 16, 17, 18, 19, 20, 21, 22, 23, 24, 25, 26, 27, 28, 29, 30, 31, 32, 34, 35, 36, 37, 38, 39, 40, 41, 42, 44, 45, 46, 47, 48, 49], 28.090838064665494], [[0, 1, 2, 3, 4, 5, 6, 7, 8, 10, 11, 12, 13, 14, 15, 16, 17, 18, 19, 20, 21, 22, 23, 24, 25, 26, 27, 28, 29, 30, 31, 32, 34, 35, 36, 37, 38, 39, 40, 41, 42, 44, 45, 46, 47, 48, 49], 38859.34847340275], [[0, 1, 2, 3, 4, 5, 6, 7, 8, 10, 11, 12, 13, 14, 15, 16, 17, 18, 19, 20, 21, 22, 23, 24, 25, 26, 27, 28, 29, 30, 31, 32, 33, 34, 35, 36, 37, 38, 39, 40, 41, 42, 44, 45, 46, 47, 48, 49], 87020.08512927871], [[0, 1, 2, 3, 4, 5, 6, 7, 8, 10, 11, 12, 13, 14, 15, 16, 17, 18, 19, 20, 21, 22, 23, 24, 25, 26, 27, 28, 29, 30, 31, 32, 33, 34, 35, 36, 37, 38, 39, 40, 41, 42, 43, 44, 45, 46, 47, 48, 49], 194869.33037721677]]}