{"costs": 155297.38234419384, "int_costs": [[[0, 1, 2, 3, 4, 5, 6, 7, 8, 9, 10, 11, 12, 13, 14, 15, 16, 17, 18, 19, 20, 21, 22, 23, 24, 25, 26, 27, 28, 29, 30, 31, 32, 33, 34, 35, 36, 37, 38, 39, 40, 41, 42, 44, 45, 46, 47, 48, 49], 144042.3860573029], [[0, 1, 2, 3, 4, 5, 6, 7, 8, 9, 10, 11, 12, 13, 14, 15, 16, 17, 18, 19, 20, 21, 22, 23, 24, 25, 26, 27, 28, 29, 30, 31, 32, 33, 34, 36, 37, 38, 39, 40, 41, 42, 44, 45, 46, 47, 48, 49], 3909.2019791756816], [[0, 1, 2, 3, 4, 5, 6, 7, 8, 9, 10, 11, 12, 13, 14, 15, 16, 17, 18, 19, 20, 21, 22, 23, 24, 25, 26, 27, 28, 29, 30, 31, 32, 33, 34, 36, 37, 39, 40, 41, 42, 44, 45, 46, 47, 48, 49], 2190.570356876186], [[0, 1, 2, 3, 4, 5, 6, 7, 8, 9, 10, 11, 12, 13, 15, 16, 17, 18, 19, 20, 21, 22, 23, 24, 25, 26, 27, 28, 29, 30, 31, 32, 33, 34, 36, 37, 39, 40, 41, 42, 44, 45, 46, 47, 48, 49], 1301.1642882669064], [[0, 1, 2, 3, 4, 5, 6, 7, 9, 10, 11, 12, 13, 15, 16, 17, 18, 19, 20, 21, 22, 23, 24, 25, 26, 27, 28, 29, 30, 31, 32, 33, 34, 36, 37, 39, 40, 41, 42, 44, 45, 46, 47, 48, 49], 735.8634633704985], [[0, 1, 2, 3, 4, 5, 6, 7, 9, 10, 11, 12, 13, 15, 16, 17, 18, 19, 20, 21, 22, 23, 24, 25, 26, 27, 28, 29, 30, 31, 32, 33, 36, 37, 39, 40, 41, 42, 44, 45, 46, 47, 48, 49], 412.3505399804658], [[0, 1, 2, 3, 4, 5, 6, 7, 9, 10, 12, 13, 15, 16, 17, 18, 19, 20, 21, 22, 23, 24, 25, 26, 27, 28, 29, 30, 31, 32, 33, 36, 37, 39, 40, 41, 42, 44, 45, 46, 47, 48, 49], 231.06581152539204], [[0, 1, 2, 3, 4, 5, 6, 7, 9, 10, 12, 13, 15, 16, 17, 18, 19, 20, 21, 22, 23, 25, 26, 27, 28, 29, 30, 31, 32, 33, 36, 37, 39, 40, 41, 42, 44, 45, 46, 47, 48, 49], 142.42872288016062], [[0, 1, 2, 3, 4, 5, 6, 7, 9, 10, 12, 13, 15, 16, 17, 18, 19, 20, 21, 22, 23, 25, 26, 27, 28, 29, 30, 31, 32, 33, 36, 37, 40, 41, 42, 44, 45, 46, 47, 48, 49], 82.56383998114785], [[1, 2, 3, 4, 5, 6, 7, 9, 10, 12, 13, 15, 16, 17, 18, 19, 20, 21, 22, 23, 25, 26, 27, 28, 29, 30, 31, 32, 33, 36, 37, 40, 41, 42, 44, 45, 46, 47, 48, 49], 48.468805919486705], [[1, 2, 3, 4, 5, 6, 7, 9, 10, 12, 13, 15, 16, 17, 18, 19, 20, 21, 22, 23, 25, 26, 27, 28, 29, 30, 31, 32, 33, 37, 40, 41, 42, 44, 45, 46, 47, 48, 49], 27.714388075183145], [[1, 2, 3, 4, 5, 6, 7, 9, 10, 12, 15, 16, 17, 18, 19, 20, 21, 22, 23, 25, 26, 27, 28, 29, 30, 31, 32, 33, 37, 40, 41, 42, 44, 45, 46, 47, 48, 49], 15.530134653922442], [[1, 2, 3, 4, 5, 6, 7, 9, 10, 12, 15, 16, 17, 18, 19, 20, 21, 22, 23, 25, 26, 27, 29, 30, 31, 32, 33, 37, 40, 41, 42, 44, 45, 46, 47, 48, 49], 8.70250477233929], [[1, 2, 3, 4, 5, 6, 7, 9, 10, 12, 15, 16, 17, 18, 19, 20, 21, 22, 23, 25, 26, 27, 29, 30, 31, 32, 33, 37, 40, 41, 42, 44, 45, 46, 47, 48], 4.87655713510734], [[17, 32, 33, 44], 4.952433315445851], [[17, 33, 44], 4.518767850892544], [[17, 44], 1719.0], [[17, 32, 33, 37, 44], 8.83791027821702], [[17, 19, 32, 33, 37, 44], 15.727962147189519], [[7, 17, 19, 32, 33, 37, 44], 28.067477756624786], [[7, 9, 17, 19, 32, 33, 37, 44], 49.38259175973189], [[7, 9, 17, 19, 31, 32, 33, 37, 44], 17.376916046398417], [[1, 7, 9, 17, 19, 20, 23, 31, 32, 33, 37, 44], 0.32011874779590815], [[1, 20, 23], 144.52268148148147], [[1, 23], 145.0], [[1, 7, 9, 17, 19, 20, 23, 30, 31, 32, 33, 37, 44], 0.5712701615507573], [[1, 7, 9, 17, 19, 20, 22, 23, 30, 31, 32, 33, 37, 44], 0.00024381796671146957], [[1, 7, 9, 16, 17, 19, 20, 22, 23, 30, 31, 32, 33, 37, 44], 0.0004351070663347721], [[1, 7, 9, 16, 17, 19, 20, 22, 23, 30, 31, 32, 33, 37, 40, 44], 0.000102800804879917], [[1, 7, 9, 16, 17, 19, 20, 22, 23, 29, 30, 31, 32, 33, 37, 40, 44], 0.00014056807079186435], [[1, 7, 9, 16, 17, 19, 20, 21, 22, 23, 29, 30, 31, 32, 33, 37, 40, 44], 0.000209043357635611], [[1, 3, 7, 9, 16, 17, 19, 20, 21, 22, 23, 29, 30, 31, 32, 33, 37, 40, 44], 0.00032531791856048526], [[1, 3, 7, 9, 16, 17, 19, 20, 21, 22, 23, 26, 29, 30, 31, 32, 33, 37, 40, 44], 0.0005805490741625549], [[1, 3, 7, 9, 15, 16, 17, 19, 20, 21, 22, 23, 26, 29, 30, 31, 32, 33, 37, 40, 44], 0.0008676702339677793], [[1, 3, 7, 9, 15, 16, 17, 19, 20, 21, 22, 23, 26, 29, 30, 31, 32, 33, 37, 40, 44, 46], 0.0015005631720017302], [[1, 3, 7, 9, 15, 16, 17, 19, 20, 21, 22, 23, 26, 29, 30, 31, 32, 33, 37, 40, 44, 46, 47], 0.002646706059068135], [[1, 3, 7, 9, 15, 16, 17, 18, 19, 20, 21, 22, 23, 26, 29, 30, 31, 32, 33, 37, 40, 44, 46, 47], 0.004680134517523916], [[1, 3, 7, 9, 15, 16, 17, 18, 19, 20, 21, 22, 23, 26, 29, 30, 31, 32, 33, 37, 40, 41, 44, 46, 47], 0.008342069055298868], [[1, 3, 7, 9, 12, 15, 16, 17, 18, 19, 20, 21, 22, 23, 26, 29, 30, 31, 32, 33, 37, 40, 41, 44, 46, 47], 0.014886885677461681], [[1, 3, 7, 9, 12, 15, 16, 17, 18, 19, 20, 21, 22, 23, 26, 29, 30, 31, 32, 33, 37, 40, 41, 44, 45, 46, 47], 0.026566526222479903], [[1, 3, 7, 9, 12, 15, 16, 17, 18, 19, 20, 21, 22, 23, 26, 27, 29, 30, 31, 32, 33, 37, 40, 41, 44, 45, 46, 47], 0.04740953596966265], [[1, 3, 7, 9, 12, 15, 16, 17, 18, 19, 20, 21, 22, 23, 26, 27, 29, 30, 31, 32, 33, 37, 40, 41, 42, 44, 45, 46, 47], 0.08460512194478514], [[1, 3, 7, 9, 10, 12, 15, 16, 17, 18, 19, 20, 21, 22, 23, 26, 27, 29, 30, 31, 32, 33, 37, 40, 41, 42, 44, 45, 46, 47], 0.15098284581128119], [[1, 3, 7, 9, 10, 12, 15, 16, 17, 18, 19, 20, 21, 22, 23, 25, 26, 27, 29, 30, 31, 32, 33, 37, 40, 41, 42, 44, 45, 46, 47], 0.26943782139226014], [[1, 3, 5, 7, 9, 10, 12, 15, 16, 17, 18, 19, 20, 21, 22, 23, 25, 26, 27, 29, 30, 31, 32, 33, 37, 40, 41, 42, 44, 45, 46, 47], 0.48082773393294215], [[1, 3, 5, 6, 7, 9, 10, 12, 15, 16, 17, 18, 19, 20, 21, 22, 23, 25, 26, 27, 29, 30, 31, 32, 33, 37, 40, 41, 42, 44, 45, 46, 47], 0.8580655406446579], [[1, 3, 4, 5, 6, 7, 9, 10, 12, 15, 16, 17, 18, 19, 20, 21, 22, 23, 25, 26, 27, 29, 30, 31, 32, 33, 37, 40, 41, 42, 44, 45, 46, 47], 1.5312687275153245], [[1, 3, 4, 5, 6, 7, 9, 10, 12, 15, 16, 17, 18, 19, 20, 21, 22, 23, 25, 26, 27, 29, 30, 31, 32, 33, 37, 40, 41, 42, 44, 45, 46, 47, 48], 2.7326396467393197]]}