{"costs": 4121536, "root_join": 13, "join_operands": {"0": [0, 1, 2, 6, 7, 9, 13, 14, 16, 18], "1": [1, 2, 6, 7, 9, 13, 14, 16, 18], "2": [1, 2, 6, 7, 9, 14, 16, 18], "3": [1, 2, 6, 7, 9, 14, 16], "4": [1, 2, 7, 9, 14, 16], "5": [2, 7, 9, 14, 16], "6": [2, 16], "7": [2, 7, 16], "8": [2, 7, 9, 16], "9": [0, 1, 2, 6, 7, 9, 11, 13, 14, 16, 18], "10": [0, 1, 2, 6, 7, 9, 10, 11, 13, 14, 16, 18], "11": [0, 1, 2, 5, 6, 7, 8, 9, 10, 11, 13, 14, 16, 18], "12": [5, 8], "13": [0, 1, 2, 3, 4, 5, 6, 7, 8, 9, 10, 11, 12, 13, 14, 15, 16, 17, 18, 19], "14": [3, 4, 12, 15, 17, 19], "15": [12, 17], "16": [12, 15, 17], "17": [4, 12, 15, 17], "18": [3, 4, 12, 15, 17]}, "join_predecessors": {"0": [1], "1": [2], "3": [4], "4": [5], "6": [], "7": [6], "8": [7], "5": [8], "2": [3], "9": [0], "10": [9], "11": [10, 12], "12": [], "13": [11, 14], "15": [], "16": [15], "17": [16], "18": [17], "14": [18]}, "intermediate_costs": [[[0, 1, 2, 6, 7, 9, 13, 14, 16, 18], 195710.6217756997], [[1, 2, 6, 7, 9, 13, 14, 16, 18], 117698.76208632105], [[1, 2, 6, 7, 9, 14, 16, 18], 70783.06466160942], [[1, 2, 6, 7, 9, 14, 16], 42568.35122203779], [[1, 2, 7, 9, 14, 16], 12781.325560361764], [[2, 7, 9, 14, 16], 504.8122715433108], [[2, 16], 122.0], [[2, 7, 16], 202.86276943005183], [[2, 7, 9, 16], 303.5899455642574], [[0, 1, 2, 6, 7, 9, 11, 13, 14, 16, 18], 315776.8591847296], [[0, 1, 2, 6, 7, 9, 10, 11, 13, 14, 16, 18], 525076.7668065686], [[0, 1, 2, 5, 6, 7, 8, 9, 10, 11, 13, 14, 16, 18], 1451801.467801694], [[5, 8], 646832.0], [[3, 4, 12, 15, 17, 19], 313219.57101777475], [[12, 17], 46948.99999999999], [[12, 15, 17], 77512.799], [[4, 12, 15, 17], 115321.75686542229], [[3, 4, 12, 15, 17], 188370.8822298632]]}