{"costs": 9805897, "root_join": 17, "join_operands": {"0": [0, 1, 2, 3, 4, 6, 7, 9, 12, 13, 14, 15, 16, 17, 19], "1": [1, 2, 3, 4, 6, 7, 9, 12, 13, 14, 15, 16, 17, 19], "2": [1, 2, 3, 4, 6, 7, 9, 12, 14, 15, 16, 17, 19], "3": [1, 2, 6, 7, 9, 14, 16], "4": [1, 2, 7, 9, 14, 16], "5": [2, 7, 9, 14, 16], "6": [2, 16], "7": [2, 7, 16], "8": [2, 7, 9, 16], "9": [1, 2, 6, 7, 9, 12, 14, 16, 17], "10": [12, 17], "11": [1, 2, 3, 6, 7, 9, 12, 14, 16, 17], "12": [1, 2, 3, 6, 7, 9, 12, 14, 15, 16, 17], "13": [1, 2, 3, 4, 6, 7, 9, 12, 14, 15, 16, 17], "14": [0, 1, 2, 3, 4, 6, 7, 9, 11, 12, 13, 14, 15, 16, 17, 19], "15": [0, 1, 2, 3, 4, 6, 7, 9, 10, 11, 12, 13, 14, 15, 16, 17, 19], "16": [0, 1, 2, 3, 4, 6, 7, 9, 10, 11, 12, 13, 14, 15, 16, 17, 18, 19], "17": [0, 1, 2, 3, 4, 5, 6, 7, 8, 9, 10, 11, 12, 13, 14, 15, 16, 17, 18, 19], "18": [5, 8]}, "join_predecessors": {"0": [1], "1": [2], "3": [4], "4": [5], "6": [], "7": [6], "8": [7], "5": [8], "9": [3, 10], "10": [], "11": [9], "12": [11], "13": [12], "2": [13], "14": [0], "15": [14], "16": [15], "17": [16, 18], "18": []}, "intermediate_costs": [[[0, 1, 2, 3, 4, 6, 7, 9, 12, 13, 14, 15, 16, 17, 19], 806584.1758611067], [[1, 2, 3, 4, 6, 7, 9, 12, 13, 14, 15, 16, 17, 19], 485073.1051586448], [[1, 2, 3, 4, 6, 7, 9, 12, 14, 15, 16, 17, 19], 291718.9642391526], [[1, 2, 6, 7, 9, 14, 16], 42568.35122203779], [[1, 2, 7, 9, 14, 16], 12781.325560361764], [[2, 7, 9, 14, 16], 504.8122715433108], [[2, 16], 122.0], [[2, 7, 16], 202.86276943005183], [[2, 7, 9, 16], 303.5899455642574], [[1, 2, 6, 7, 9, 12, 14, 16, 17], 43726.23845809032], [[12, 17], 46948.99999999999], [[1, 2, 3, 6, 7, 9, 12, 14, 16, 17], 71424.07763138691], [[1, 2, 3, 6, 7, 9, 12, 14, 15, 16, 17], 117921.15216941979], [[1, 2, 3, 4, 6, 7, 9, 12, 14, 15, 16, 17], 175440.37391518132], [[0, 1, 2, 3, 4, 6, 7, 9, 11, 12, 13, 14, 15, 16, 17, 19], 1301414.3811439704], [[0, 1, 2, 3, 4, 6, 7, 9, 10, 11, 12, 13, 14, 15, 16, 17, 19], 2164004.2189630233], [[0, 1, 2, 3, 4, 6, 7, 9, 10, 11, 12, 13, 14, 15, 16, 17, 18, 19], 3598327.0707359714], [[5, 8], 646832.0]]}