{"costs": 3815886.465085469, "join_operands": {"0": [0, 1, 2, 3, 4, 5, 6, 7, 8, 9, 10, 11, 12, 13, 14, 15, 16, 17, 18, 19], "1": [0, 1, 2, 3, 5, 7, 8, 9, 10, 11, 13, 14, 15, 16, 17, 18, 19], "2": [4, 6, 12], "3": [0, 2, 3, 5, 7, 8, 9, 10, 11, 13, 14, 15, 16, 17, 18, 19], "4": [], "5": [], "6": [4, 6], "7": [0, 2, 3, 5, 7, 8, 9, 10, 11, 13, 14, 15, 16, 17, 18], "8": [], "9": [], "10": [], "11": [], "12": [], "13": [], "14": []}, "join_predecessors": {"0": [1, 2], "1": [3, 5], "2": [4, 6], "3": [7, 11], "4": [8, 12], "5": [9, 13], "6": [10, 14], "7": [], "8": [], "9": [], "10": [], "11": [], "12": [], "13": [], "14": []}, "leaf_joins": [7, 8], "opt_time": 1.2944798469543457, "status": 2, "intermediate_costs": [[[0, 1, 2, 3, 5, 7, 8, 9, 10, 11, 13, 14, 15, 16, 17, 18, 19], 2123870.6937836693], [[4, 6, 12], 1334215.5673736264], [[0, 2, 3, 5, 7, 8, 9, 10, 11, 13, 14, 15, 16, 17, 18, 19], 128229.99157654951], [[4, 6], 152513.0], [[0, 2, 3, 5, 7, 8, 9, 10, 11, 13, 14, 15, 16, 17, 18], 77057.2123516241]]}