{"costs": 1.1630840062611364e+26, "join_operands": {"0": [0, 1, 2, 3, 4, 5, 6, 7, 8, 9, 10, 11, 12, 13, 14, 15, 16, 17, 18, 19, 20, 21, 22, 23, 24, 25, 26, 27, 28, 29, 30, 31, 32, 33, 34, 35, 36, 37, 38, 39], "1": [1, 3, 4, 13, 17, 19, 21, 23, 24, 25, 28, 36], "2": [0, 2, 5, 6, 7, 8, 9, 10, 11, 12, 14, 15, 16, 18, 20, 22, 26, 27, 29, 30, 31, 32, 33, 34, 35, 37, 38, 39], "3": [1, 13, 17, 19, 36], "4": [0, 9, 10, 11, 12, 14, 15, 16, 18, 22, 26, 27, 29, 30, 32, 34, 35, 37, 38, 39], "5": [3, 4, 21, 23, 24, 25, 28], "6": [2, 5, 6, 7, 8, 20, 31, 33], "7": [1, 13], "8": [0, 9, 14, 15, 16, 18, 22, 26, 27, 29, 32, 34, 35, 38, 39], "9": [4, 21, 25], "10": [6, 7, 20], "11": [17, 19, 36], "12": [10, 11, 12, 30, 37], "13": [3, 23, 24, 28], "14": [2, 5, 8, 31, 33], "15": [], "16": [0, 9, 15, 16, 18, 22, 27, 29, 32, 34, 35, 38, 39], "17": [4, 21], "18": [], "19": [17, 36], "20": [10, 12, 37], "21": [23, 24, 28], "22": [5, 8, 33], "23": [], "24": [14, 26], "25": [], "26": [7, 20], "27": [], "28": [11, 30], "29": [], "30": [2, 31], "31": [], "32": [0, 15, 16, 18, 22, 27, 29, 32, 34, 35, 38, 39], "33": [], "34": [], "35": [], "36": [10, 37], "37": [24, 28], "38": [5, 8]}, "join_predecessors": {"0": [1, 2], "1": [3, 5], "2": [4, 6], "3": [7, 11], "4": [8, 12], "5": [9, 13], "6": [10, 14], "7": [15, 23], "8": [16, 24], "9": [17, 25], "10": [18, 26], "11": [19, 27], "12": [20, 28], "13": [21, 29], "14": [22, 30], "15": [31], "16": [32], "17": [33], "18": [34], "19": [35], "20": [36], "21": [37], "22": [38], "23": [], "24": [], "25": [], "26": [], "27": [], "28": [], "29": [], "30": [], "31": [], "32": [], "33": [], "34": [], "35": [], "36": [], "37": [], "38": []}, "leaf_joins": [31, 32], "opt_time": 30.016157865524292, "status": 9, "intermediate_costs": [[[1, 3, 4, 13, 17, 19, 21, 23, 24, 25, 28, 36], 432369.329743516], [[0, 2, 5, 6, 7, 8, 9, 10, 11, 12, 14, 15, 16, 18, 20, 22, 26, 27, 29, 30, 31, 32, 33, 34, 35, 37, 38, 39], 119383808856.63583], [[1, 13, 17, 19, 36], 31058308.087901868], [[0, 9, 10, 11, 12, 14, 15, 16, 18, 22, 26, 27, 29, 30, 32, 34, 35, 37, 38, 39], 2.772822828962779], [[3, 4, 21, 23, 24, 25, 28], 2779.1332792930107], [[2, 5, 6, 7, 8, 20, 31, 33], 1.1630840062570696e+26], [[1, 13], 1569900.0], [[0, 9, 14, 15, 16, 18, 22, 26, 27, 29, 32, 34, 35, 38, 39], 241818.79793899035], [[4, 21, 25], 483535.2363603781], [[6, 7, 20], 286282587000.0], [[17, 19, 36], 2050418.8899930313], [[10, 11, 12, 30, 37], 118662.41860895725], [[3, 23, 24, 28], 109900.19966209993], [[2, 5, 8, 31, 33], 406271306419719.3], [[0, 9, 15, 16, 18, 22, 27, 29, 32, 34, 35, 38, 39], 30225.358414657632], [[4, 21], 168170.0], [[17, 36], 873573.0], [[10, 12, 37], 14353.37956891289], [[23, 24, 28], 38222.50084946236], [[5, 8, 33], 479405021.91839194], [[14, 26], 2964409.0], [[7, 20], 4149023.0], [[11, 30], 1932185.0], [[2, 31], 847449.0], [[0, 15, 16, 18, 22, 27, 29, 32, 34, 35, 38, 39], 10573.274855216328], [[10, 37], 4992.0], [[24, 28], 13489.0], [[5, 8], 166733542.0]]}