{"costs": 1824282, "root_join": 0, "join_operands": {"0": [0, 1, 2, 3, 4, 5, 6, 7, 8, 9, 10, 11, 12, 13, 14, 15, 16, 17, 18, 19, 20, 21, 22, 23, 24, 25, 26, 27, 28, 29], "1": [0, 1, 2, 3, 4, 6, 7, 8, 9, 10, 11, 12, 13, 14, 15, 16, 17, 18, 19, 20, 21, 22, 23, 24, 25, 27, 28, 29], "2": [5, 26], "3": [0, 1, 2, 3, 4, 6, 7, 8, 9, 10, 11, 12, 13, 14, 15, 16, 18, 19, 20, 21, 22, 23, 24, 25, 27, 29], "4": [], "5": [17, 28], "6": [], "7": [0, 1, 2, 3, 4, 6, 7, 8, 9, 10, 11, 12, 13, 14, 15, 18, 19, 20, 21, 22, 23, 24, 25, 27, 29], "8": [0, 1, 2, 4, 6, 7, 8, 9, 10, 11, 12, 13, 14, 15, 18, 19, 20, 21, 22, 23, 24, 25, 27, 29], "9": [0, 1, 2, 4, 6, 7, 8, 9, 10, 11, 12, 13, 14, 15, 18, 19, 20, 21, 22, 23, 24, 27, 29], "10": [1, 4, 7, 8, 9, 10, 11, 12, 13, 14, 15, 18, 19, 21, 22, 23, 27, 29], "11": [1, 4, 7, 8, 9, 10, 11, 12, 13, 14, 15, 18, 19, 21, 23, 27, 29], "12": [1, 4, 7, 8, 10, 11, 12, 13, 14, 15, 18, 19, 21, 23, 27, 29], "13": [1, 4, 7, 8, 10, 11, 12, 13, 14, 15, 19, 21, 23, 27, 29], "14": [1, 4, 7, 8, 10, 11, 12, 14, 15, 19, 23], "15": [1, 4, 7, 8, 10, 11, 14, 15, 19, 23], "16": [1, 4, 7, 8, 10, 11, 15, 19, 23], "17": [4, 7, 8, 10, 11, 15, 19, 23], "18": [7, 8, 10, 11, 15, 19, 23], "19": [7, 8, 10, 11, 23], "20": [8, 10, 11, 23], "21": [8, 10, 23], "22": [8, 10], "23": [7, 8, 10, 11, 19, 23], "24": [1, 4, 7, 8, 10, 11, 12, 14, 15, 19, 23, 27], "25": [1, 4, 7, 8, 10, 11, 12, 14, 15, 19, 23, 27, 29], "26": [13, 21], "27": [1, 4, 7, 8, 9, 10, 11, 12, 13, 14, 15, 18, 19, 20, 21, 22, 23, 27, 29], "28": [0, 1, 4, 7, 8, 9, 10, 11, 12, 13, 14, 15, 18, 19, 20, 21, 22, 23, 27, 29], "29": [0, 1, 4, 6, 7, 8, 9, 10, 11, 12, 13, 14, 15, 18, 19, 20, 21, 22, 23, 27, 29], "30": [0, 1, 4, 6, 7, 8, 9, 10, 11, 12, 13, 14, 15, 18, 19, 20, 21, 22, 23, 24, 27, 29]}, "join_predecessors": {"0": [1, 2], "1": [3, 5], "2": [], "3": [7], "4": [], "5": [], "6": [], "7": [8], "8": [9], "10": [11], "11": [12], "12": [13], "14": [15], "15": [16], "16": [17], "17": [18], "19": [20], "20": [21], "21": [22], "22": [], "23": [19], "18": [23], "24": [14], "25": [24], "13": [25, 26], "26": [], "27": [10], "28": [27], "29": [28], "30": [29], "9": [30]}, "intermediate_costs": [[[0, 1, 2, 3, 4, 6, 7, 8, 9, 10, 11, 12, 13, 14, 15, 16, 17, 18, 19, 20, 21, 22, 23, 24, 25, 27, 28, 29], 1229519.8217234835], [[5, 26], 196093.0], [[0, 1, 2, 3, 4, 6, 7, 8, 9, 10, 11, 12, 13, 14, 15, 16, 18, 19, 20, 21, 22, 23, 24, 25, 27, 29], 142240.89372156505], [[17, 28], 182283.0], [[0, 1, 2, 3, 4, 6, 7, 8, 9, 10, 11, 12, 13, 14, 15, 18, 19, 20, 21, 22, 23, 24, 25, 27, 29], 48380.22561626825], [[0, 1, 2, 4, 6, 7, 8, 9, 10, 11, 12, 13, 14, 15, 18, 19, 20, 21, 22, 23, 24, 25, 27, 29], 16455.508646523456], [[0, 1, 2, 4, 6, 7, 8, 9, 10, 11, 12, 13, 14, 15, 18, 19, 20, 21, 22, 23, 24, 27, 29], 5596.99252478293], [[1, 4, 7, 8, 9, 10, 11, 12, 13, 14, 15, 18, 19, 21, 22, 23, 27, 29], 25.846477024100828], [[1, 4, 7, 8, 9, 10, 11, 12, 13, 14, 15, 18, 19, 21, 23, 27, 29], 49.14330837482373], [[1, 4, 7, 8, 10, 11, 12, 13, 14, 15, 18, 19, 21, 23, 27, 29], 0.9990182140599386], [[1, 4, 7, 8, 10, 11, 12, 13, 14, 15, 19, 21, 23, 27, 29], 0.37454661918600307], [[1, 4, 7, 8, 10, 11, 12, 14, 15, 19, 23], 2.981463880696012], [[1, 4, 7, 8, 10, 11, 14, 15, 19, 23], 0.004212217705609594], [[1, 4, 7, 8, 10, 11, 15, 19, 23], 0.055810711659887116], [[4, 7, 8, 10, 11, 15, 19, 23], 0.0008181865990503988], [[7, 8, 10, 11, 15, 19, 23], 0.00027828883919565217], [[7, 8, 10, 11, 23], 0.00799374333953482], [[8, 10, 11, 23], 22.00739031707317], [[8, 10, 23], 1.029], [[8, 10], 294.0], [[7, 8, 10, 11, 19, 23], 0.059756682240742695], [[1, 4, 7, 8, 10, 11, 12, 14, 15, 19, 23, 27], 8.76569059455275], [[1, 4, 7, 8, 10, 11, 12, 14, 15, 19, 23, 27, 29], 25.77167925384979], [[13, 21], 434.99999999999994], [[1, 4, 7, 8, 9, 10, 11, 12, 13, 14, 15, 18, 19, 20, 21, 22, 23, 27, 29], 75.14592541634525], [[0, 1, 4, 7, 8, 9, 10, 11, 12, 13, 14, 15, 18, 19, 20, 21, 22, 23, 27, 29], 220.23453831005472], [[0, 1, 4, 6, 7, 8, 9, 10, 11, 12, 13, 14, 15, 18, 19, 20, 21, 22, 23, 27, 29], 647.5026758838453], [[0, 1, 4, 6, 7, 8, 9, 10, 11, 12, 13, 14, 15, 18, 19, 20, 21, 22, 23, 24, 27, 29], 1903.6984285614587]]}