{"costs": 10166665, "root_join": 17, "join_operands": {"0": [0, 13], "1": [0, 2, 3, 4, 5, 6, 7, 8, 9, 11, 12, 13, 14, 17, 19], "2": [2, 3, 4, 5, 6, 7, 8, 9, 11, 12, 14, 17, 19], "3": [4, 12], "4": [4, 8, 12], "5": [2, 4, 8, 12], "6": [2, 3, 4, 8, 12], "7": [2, 3, 4, 7, 8, 9, 12, 14], "8": [7, 9, 14], "9": [7, 9], "10": [2, 3, 4, 7, 8, 9, 11, 12, 14], "11": [2, 3, 4, 5, 7, 8, 9, 11, 12, 14], "12": [2, 3, 4, 5, 7, 8, 9, 11, 12, 14, 17], "13": [2, 3, 4, 5, 6, 7, 8, 9, 11, 12, 14, 17], "14": [0, 2, 3, 4, 5, 6, 7, 8, 9, 11, 12, 13, 14, 17, 18, 19], "15": [0, 1, 2, 3, 4, 5, 6, 7, 8, 9, 11, 12, 13, 14, 17, 18, 19], "16": [0, 1, 2, 3, 4, 5, 6, 7, 8, 9, 11, 12, 13, 14, 15, 17, 18, 19], "17": [0, 1, 2, 3, 4, 5, 6, 7, 8, 9, 10, 11, 12, 13, 14, 15, 16, 17, 18, 19], "18": [10, 16]}, "join_predecessors": {"0": [], "1": [0, 2], "3": [], "4": [3], "5": [4], "6": [5], "7": [6, 8], "9": [], "8": [9], "10": [7], "11": [10], "12": [11], "13": [12], "2": [13], "14": [1], "15": [14], "16": [15], "17": [16, 18], "18": []}, "intermediate_costs": [[[0, 13], 41196.0], [[0, 2, 3, 4, 5, 6, 7, 8, 9, 11, 12, 13, 14, 17, 19], 44529.95804979737], [[2, 3, 4, 5, 6, 7, 8, 9, 11, 12, 14, 17, 19], 28573.42309780234], [[4, 12], 121.0], [[4, 8, 12], 151.0547111348733], [[2, 4, 8, 12], 16.38735576390854], [[2, 3, 4, 8, 12], 237.2995485234604], [[2, 3, 4, 7, 8, 9, 12, 14], 9816.277277201852], [[7, 9, 14], 2286390.8303761063], [[7, 9], 282135.0], [[2, 3, 4, 7, 8, 9, 11, 12, 14], 11764.323364917394], [[2, 3, 4, 5, 7, 8, 9, 11, 12, 14], 14686.414793097316], [[2, 3, 4, 5, 7, 8, 9, 11, 12, 14, 17], 18334.31063874287], [[2, 3, 4, 5, 6, 7, 8, 9, 11, 12, 14, 17], 22888.29463833046], [[0, 2, 3, 4, 5, 6, 7, 8, 9, 11, 12, 13, 14, 17, 18, 19], 50536.773541417395], [[0, 1, 2, 3, 4, 5, 6, 7, 8, 9, 11, 12, 13, 14, 17, 18, 19], 60986.25773429542], [[0, 1, 2, 3, 4, 5, 6, 7, 8, 9, 11, 12, 13, 14, 15, 17, 18, 19], 76134.38266776087], [[10, 16], 7218168.0]]}