{"costs": 14576976155, "root_join": 18, "join_operands": {"0": [1, 10], "1": [1, 10, 16], "2": [1, 3, 10, 16], "3": [1, 3, 10, 14, 16], "4": [1, 3, 10, 12, 14, 16], "5": [1, 3, 10, 12, 14, 16, 17], "6": [1, 3, 8, 10, 12, 14, 16, 17], "7": [1, 3, 8, 10, 12, 14, 15, 16, 17], "8": [1, 3, 6, 8, 10, 12, 14, 15, 16, 17], "9": [0, 1, 3, 6, 8, 10, 12, 14, 15, 16, 17], "10": [0, 1, 2, 3, 6, 8, 10, 12, 14, 15, 16, 17], "11": [0, 1, 2, 3, 6, 8, 9, 10, 12, 14, 15, 16, 17], "12": [0, 1, 2, 3, 5, 6, 8, 9, 10, 12, 14, 15, 16, 17], "13": [0, 1, 2, 3, 5, 6, 8, 9, 10, 12, 13, 14, 15, 16, 17], "14": [0, 1, 2, 3, 4, 5, 6, 8, 9, 10, 12, 13, 14, 15, 16, 17], "15": [0, 1, 2, 3, 4, 5, 6, 7, 8, 9, 10, 12, 13, 14, 15, 16, 17], "16": [0, 1, 2, 3, 4, 5, 6, 7, 8, 9, 10, 12, 13, 14, 15, 16, 17, 19], "17": [0, 1, 2, 3, 4, 5, 6, 7, 8, 9, 10, 11, 12, 13, 14, 15, 16, 17, 19], "18": [0, 1, 2, 3, 4, 5, 6, 7, 8, 9, 10, 11, 12, 13, 14, 15, 16, 17, 18, 19]}, "join_predecessors": {"0": [], "1": [0], "2": [1], "3": [2], "4": [3], "5": [4], "6": [5], "7": [6], "8": [7], "9": [8], "10": [9], "11": [10], "12": [11], "13": [12], "14": [13], "15": [14], "16": [15], "17": [16], "18": [17]}, "intermediate_costs": [[[1, 10], 16813.0], [[1, 10, 16], 16741.792], [[1, 3, 10, 16], 16741.792], [[1, 3, 10, 14, 16], 3962880.647529412], [[1, 3, 10, 12, 14, 16], 3962879.662718118], [[1, 3, 10, 12, 14, 16, 17], 3962879.6627181186], [[1, 3, 8, 10, 12, 14, 16, 17], 3962879.6627181186], [[1, 3, 8, 10, 12, 14, 15, 16, 17], 73643185.46182857], [[1, 3, 6, 8, 10, 12, 14, 15, 16, 17], 73643185.46182857], [[0, 1, 3, 6, 8, 10, 12, 14, 15, 16, 17], 72328120.18125154], [[0, 1, 2, 3, 6, 8, 10, 12, 14, 15, 16, 17], 72328120.18125154], [[0, 1, 2, 3, 6, 8, 9, 10, 12, 14, 15, 16, 17], 72328120.18125154], [[0, 1, 2, 3, 5, 6, 8, 9, 10, 12, 14, 15, 16, 17], 71102211.16196239], [[0, 1, 2, 3, 5, 6, 8, 9, 10, 12, 13, 14, 15, 16, 17], 71102211.16196239], [[0, 1, 2, 3, 4, 5, 6, 8, 9, 10, 12, 13, 14, 15, 16, 17], 735540115.4685764], [[0, 1, 2, 3, 4, 5, 6, 7, 8, 9, 10, 12, 13, 14, 15, 16, 17], 4679669667.970076], [[0, 1, 2, 3, 4, 5, 6, 7, 8, 9, 10, 12, 13, 14, 15, 16, 17, 19], 4319694700.926165], [[0, 1, 2, 3, 4, 5, 6, 7, 8, 9, 10, 11, 12, 13, 14, 15, 16, 17, 19], 4319694700.926165]]}