{"costs": 2000, "join_operands": {"0": [0, 1, 2, 3, 4, 5], "1": [0, 1, 2, 3, 5], "2": [], "3": [0, 1, 2, 3], "4": [], "5": [1, 2, 3], "6": [2, 3]}, "join_predecessors": {"0": [1, 2], "1": [3], "2": [4], "3": [5], "4": [], "5": [6], "6": []}, "leaf_joins": [], "opt_time": 0.07572197914123535, "status": 2, "intermediate_costs": [[[0, 1, 2, 3, 5], 0.0056587880049979175], [[0, 1, 2, 3], 0.0056587880049979175], [[1, 2, 3], 1000.0], [[2, 3], 1000.0000000000001]]}