{"costs": 3271181.2123512686, "int_costs": [[[0, 1, 2, 3, 5, 6, 7, 8, 9, 10, 11, 12, 15, 16, 17, 18, 19, 20, 22, 23, 24, 25, 26, 27, 28, 29, 30, 31, 32, 33, 34, 35, 38, 39, 40, 41, 42, 43, 44, 45, 46, 47, 48, 49], 302521.6064025645], [[4, 13, 14, 21, 36, 37], 483340.20743042184], [[0, 1, 2, 3, 5, 6, 7, 8, 9, 10, 11, 12, 15, 16, 17, 18, 19, 20, 23, 24, 25, 26, 27, 28, 29, 30, 31, 32, 33, 34, 35, 38, 39, 40, 41, 42, 43, 44, 45, 46, 47, 48, 49], 147949.63689210225], [[13, 14, 21, 36, 37], 258833.61312192387], [[0, 1, 2, 3, 5, 6, 7, 8, 9, 10, 11, 12, 15, 16, 17, 18, 19, 20, 23, 24, 26, 27, 28, 29, 30, 31, 32, 33, 34, 35, 38, 39, 40, 41, 42, 43, 44, 45, 46, 47, 48, 49], 72186.0045348678], [[13, 21, 36, 37], 127587.91747371071], [[0, 1, 2, 3, 5, 6, 7, 8, 9, 10, 12, 15, 16, 17, 18, 19, 20, 23, 24, 26, 27, 28, 29, 30, 31, 32, 33, 34, 35, 38, 39, 40, 41, 42, 43, 44, 45, 46, 47, 48, 49], 35220.266271122535], [[13, 37], 504192.00000000006], [[21, 36], 1231959.0000000002], [[0, 1, 2, 3, 5, 6, 7, 8, 9, 10, 12, 15, 16, 17, 18, 19, 20, 23, 24, 26, 27, 28, 29, 30, 31, 32, 33, 34, 38, 39, 40, 41, 42, 43, 44, 45, 46, 47, 48, 49], 17517.162817636836], [[0, 1, 2, 3, 5, 6, 7, 8, 9, 10, 12, 15, 16, 17, 18, 19, 20, 23, 24, 26, 27, 28, 30, 31, 32, 33, 34, 38, 39, 40, 41, 42, 43, 44, 45, 46, 47, 48, 49], 8546.831263470634], [[0, 1, 2, 3, 5, 6, 7, 8, 9, 10, 12, 15, 16, 17, 18, 19, 20, 23, 24, 26, 27, 28, 30, 31, 32, 33, 34, 38, 40, 41, 42, 43, 44, 45, 46, 47, 48, 49], 4170.078503089422], [[1, 2, 3, 5, 6, 7, 8, 9, 10, 12, 15, 16, 17, 18, 19, 20, 23, 24, 26, 27, 28, 30, 31, 32, 33, 34, 38, 40, 41, 42, 43, 44, 45, 46, 47, 48, 49], 50096.919138221645], [[1, 2, 3, 5, 6, 8, 9, 10, 12, 15, 16, 17, 18, 19, 20, 23, 24, 26, 27, 28, 30, 31, 32, 33, 34, 38, 40, 41, 42, 43, 44, 45, 46, 47, 48, 49], 24442.758113824002], [[1, 2, 3, 5, 6, 8, 9, 10, 12, 16, 17, 18, 19, 20, 23, 24, 26, 27, 28, 30, 31, 32, 33, 34, 38, 40, 41, 42, 43, 44, 45, 46, 47, 48, 49], 0.274637731616], [[1, 2, 3, 5, 6, 9, 10, 12, 16, 17, 18, 19, 20, 23, 24, 26, 27, 28, 30, 31, 32, 33, 34, 38, 40, 41, 42, 43, 44, 45, 46, 47, 48, 49], 0.23449702490276736], [[1, 2, 3, 5, 6, 9, 10, 12, 17, 18, 19, 20, 23, 24, 26, 27, 28, 30, 31, 32, 33, 34, 38, 40, 41, 42, 43, 44, 45, 46, 47, 48, 49], 0.13011705900741463], [[1, 2, 3, 5, 6, 9, 12, 17, 18, 19, 20, 23, 24, 26, 27, 28, 30, 31, 32, 33, 34, 38, 40, 41, 42, 43, 44, 45, 46, 47, 48, 49], 376.74416431558615], [[2, 5, 9, 12, 17, 18, 31, 32, 33, 34, 42, 43, 47], 5.553176738476047e-07], [[9, 33], 2221.0], [[9, 33, 34], 0.06341603412660579], [[2, 9, 33, 34], 0.012301805682703367], [[2, 9, 32, 33, 34], 0.024847881276575473], [[2, 9, 12, 32, 33, 34], 5.9913145868007195e-05], [[2, 9, 12, 17, 32, 33, 34], 9.52279511474729e-05], [[2, 9, 12, 17, 32, 33, 34, 43], 1.0585790930857285e-05], [[2, 9, 12, 17, 31, 32, 33, 34, 43], 0.0015082264415602878], [[2, 9, 12, 17, 31, 32, 33, 34, 42, 43], 0.0003642224474910362], [[2, 9, 12, 17, 31, 32, 33, 34, 42, 43, 47], 3.8562151251321195e-06], [[2, 9, 12, 17, 18, 31, 32, 33, 34, 42, 43, 47], 2.748291611062432e-07], [[2, 5, 6, 9, 12, 17, 18, 31, 32, 33, 34, 42, 43, 47], 1.1368743395531539e-06], [[2, 5, 6, 9, 12, 17, 18, 23, 31, 32, 33, 34, 42, 43, 47], 2.330023958914189e-06], [[2, 5, 6, 9, 12, 17, 18, 23, 26, 31, 32, 33, 34, 42, 43, 47], 4.775461771259928e-06], [[2, 5, 6, 9, 12, 17, 18, 20, 23, 26, 31, 32, 33, 34, 42, 43, 47], 9.787599892442048e-06], [[2, 5, 6, 9, 12, 17, 18, 20, 23, 26, 27, 31, 32, 33, 34, 42, 43, 47], 2.00601753595546e-05], [[2, 5, 6, 9, 12, 17, 18, 20, 23, 26, 27, 31, 32, 33, 34, 42, 43, 44, 47], 4.111455176401587e-05], [[2, 5, 6, 9, 12, 17, 18, 20, 23, 26, 27, 30, 31, 32, 33, 34, 42, 43, 44, 47], 8.42667800261752e-05], [[2, 5, 6, 9, 12, 17, 18, 20, 23, 26, 27, 30, 31, 32, 33, 34, 38, 42, 43, 44, 47], 0.0001727099286173457], [[2, 5, 6, 9, 12, 17, 18, 20, 23, 26, 27, 30, 31, 32, 33, 34, 38, 42, 43, 44, 45, 47], 0.000353979581777727], [[2, 5, 6, 9, 12, 17, 18, 20, 23, 24, 26, 27, 30, 31, 32, 33, 34, 38, 42, 43, 44, 45, 47], 0.0007255028451173419], [[2, 5, 6, 9, 12, 17, 18, 20, 23, 24, 26, 27, 28, 30, 31, 32, 33, 34, 38, 42, 43, 44, 45, 47], 0.00148696256887913], [[1, 2, 5, 6, 9, 12, 17, 18, 20, 23, 24, 26, 27, 28, 30, 31, 32, 33, 34, 38, 42, 43, 44, 45, 47], 0.003047620886338636], [[1, 2, 5, 6, 9, 12, 17, 18, 20, 23, 24, 26, 27, 28, 30, 31, 32, 33, 34, 38, 42, 43, 44, 45, 47, 49], 0.006246285886565804], [[1, 2, 5, 6, 9, 12, 17, 18, 19, 20, 23, 24, 26, 27, 28, 30, 31, 32, 33, 34, 38, 42, 43, 44, 45, 47, 49], 0.012802145918724542], [[1, 2, 3, 5, 6, 9, 12, 17, 18, 19, 20, 23, 24, 26, 27, 28, 30, 31, 32, 33, 34, 38, 42, 43, 44, 45, 47, 49], 0.04263786703596006], [[1, 2, 3, 5, 6, 9, 12, 17, 18, 19, 20, 23, 24, 26, 27, 28, 30, 31, 32, 33, 34, 38, 41, 42, 43, 44, 45, 47, 49], 0.08738860437534823], [[1, 2, 3, 5, 6, 9, 12, 17, 18, 19, 20, 23, 24, 26, 27, 28, 30, 31, 32, 33, 34, 38, 41, 42, 43, 44, 45, 47, 48, 49], 1.0704212974638598], [[1, 2, 3, 5, 6, 9, 12, 17, 18, 19, 20, 23, 24, 26, 27, 28, 30, 31, 32, 33, 34, 38, 41, 42, 43, 44, 45, 46, 47, 48, 49], 17.49891714993878]]}