{"costs": 6.474797480812987e+38, "join_operands": {"0": [0, 1, 2, 3, 4, 5, 6, 7, 8, 9, 10, 11, 12, 13, 14, 15, 16, 17, 18, 19, 20, 21, 22, 23, 24, 25, 26, 27, 28, 29, 30, 31, 32, 33, 34, 35, 36, 37, 38, 39], "1": [6, 7, 9, 12, 15, 18, 19, 21, 24, 25, 27, 31, 32, 33, 34, 35, 36, 38, 39], "2": [0, 1, 2, 3, 4, 5, 8, 10, 11, 13, 14, 16, 17, 20, 22, 23, 26, 28, 29, 30, 37], "3": [7, 9, 12, 15, 19, 21, 24, 25, 27, 31, 32, 33, 34, 35, 36, 38, 39], "4": [0, 1, 3, 4, 5, 8, 10, 13, 14, 16, 17, 20, 23, 28, 29, 37], "5": [6, 18], "6": [2, 11, 22, 26, 30], "7": [9, 12, 15, 19, 21, 24, 25, 27, 31, 32, 33, 34, 35, 36, 38, 39], "8": [0, 1, 3, 5, 8, 10, 13, 16, 20, 23, 28, 29, 37], "9": [], "10": [11, 26, 30], "11": [], "12": [4, 14, 17], "13": [], "14": [2, 22], "15": [12, 15, 19, 21, 24, 25, 27, 31, 32, 33, 34, 35, 36, 38, 39], "16": [0, 1, 3, 5, 8, 10, 13, 16, 20, 23, 28, 29], "17": [], "18": [26, 30], "19": [], "20": [], "21": [], "22": [], "23": [], "24": [], "25": [], "26": [], "27": [], "28": [4, 17], "29": [], "30": [], "31": [12, 15, 19, 21, 24, 25, 27, 31, 33, 34, 35, 36, 38, 39], "32": [0, 1, 3, 5, 8, 10, 13, 20, 23, 28, 29], "33": [], "34": [], "35": [], "36": [], "37": [], "38": []}, "join_predecessors": {"0": [1, 2], "1": [3, 5], "2": [4, 6], "3": [7, 11], "4": [8, 12], "5": [9, 13], "6": [10, 14], "7": [15, 23], "8": [16, 24], "9": [17, 25], "10": [18, 26], "11": [19, 27], "12": [20, 28], "13": [21, 29], "14": [22, 30], "15": [31], "16": [32], "17": [33], "18": [34], "19": [35], "20": [36], "21": [37], "22": [38], "23": [], "24": [], "25": [], "26": [], "27": [], "28": [], "29": [], "30": [], "31": [], "32": [], "33": [], "34": [], "35": [], "36": [], "37": [], "38": []}, "leaf_joins": [31, 32], "opt_time": 30.019490003585815, "status": 9, "intermediate_costs": [[[6, 7, 9, 12, 15, 18, 19, 21, 24, 25, 27, 31, 32, 33, 34, 35, 36, 38, 39], 2.943360138016998e+37], [[0, 1, 2, 3, 4, 5, 8, 10, 11, 13, 14, 16, 17, 20, 22, 23, 26, 28, 29, 30, 37], 245.10878458358252], [[7, 9, 12, 15, 19, 21, 24, 25, 27, 31, 32, 33, 34, 35, 36, 38, 39], 5.226176375192858e+35], [[0, 1, 3, 4, 5, 8, 10, 13, 14, 16, 17, 20, 23, 28, 29, 37], 3989.2999573627126], [[6, 18], 183884886.0], [[2, 11, 22, 26, 30], 0.06144155295497548], [[9, 12, 15, 19, 21, 24, 25, 27, 31, 32, 33, 34, 35, 36, 38, 39], 8.103855443003346e+28], [[0, 1, 3, 5, 8, 10, 13, 16, 20, 23, 28, 29, 37], 261952.73399654694], [[11, 26, 30], 7.029609947993065], [[4, 14, 17], 979.2018929810848], [[2, 22], 284425.0], [[12, 15, 19, 21, 24, 25, 27, 31, 32, 33, 34, 35, 36, 38, 39], 4.896511998535428e+38], [[0, 1, 3, 5, 8, 10, 13, 16, 20, 23, 28, 29], 132622.5124565204], [[26, 30], 145924.0], [[4, 17], 496.99999999999994], [[12, 15, 19, 21, 24, 25, 27, 31, 33, 34, 35, 36, 38, 39], 1.2787232912902806e+38], [[0, 1, 3, 5, 8, 10, 13, 20, 23, 28, 29], 67144.67548408305]]}