{"costs": 28330, "root_join": 18, "join_operands": {"0": [0, 1, 2, 3, 4, 5, 6, 7, 8, 9, 10, 11, 12, 13, 15, 16, 17, 18, 19], "1": [1, 2, 3, 4, 5, 6, 7, 8, 9, 10, 11, 12, 13, 15, 16, 17, 18, 19], "2": [1, 2, 3, 5, 6, 8, 9, 10, 12, 13, 16, 18, 19], "3": [2, 3, 5, 6, 8, 9, 10, 12, 13, 16, 18, 19], "4": [2, 3, 5, 9, 10, 19], "5": [3, 5, 9, 10, 19], "6": [3, 9, 19], "7": [9, 19], "8": [3, 9, 10, 19], "9": [2, 3, 5, 9, 10, 16, 19], "10": [2, 3, 5, 9, 10, 12, 16, 19], "11": [2, 3, 5, 9, 10, 12, 13, 16, 19], "12": [2, 3, 5, 6, 9, 10, 12, 13, 16, 19], "13": [2, 3, 5, 6, 9, 10, 12, 13, 16, 18, 19], "14": [1, 2, 3, 5, 6, 8, 9, 10, 12, 13, 15, 16, 18, 19], "15": [1, 2, 3, 5, 6, 8, 9, 10, 11, 12, 13, 15, 16, 18, 19], "16": [1, 2, 3, 5, 6, 8, 9, 10, 11, 12, 13, 15, 16, 17, 18, 19], "17": [1, 2, 3, 4, 5, 6, 8, 9, 10, 11, 12, 13, 15, 16, 17, 18, 19], "18": [0, 1, 2, 3, 4, 5, 6, 7, 8, 9, 10, 11, 12, 13, 14, 15, 16, 17, 18, 19]}, "join_predecessors": {"0": [1], "2": [3], "4": [5], "6": [7], "7": [], "8": [6], "5": [8], "9": [4], "10": [9], "11": [10], "12": [11], "13": [12], "3": [13], "14": [2], "15": [14], "16": [15], "17": [16], "1": [17], "18": [0]}, "intermediate_costs": [[[0, 1, 2, 3, 4, 5, 6, 7, 8, 9, 10, 11, 12, 13, 15, 16, 17, 18, 19], 24697.648492139917], [[1, 2, 3, 4, 5, 6, 7, 8, 9, 10, 11, 12, 13, 15, 16, 17, 18, 19], 3128.302105719315], [[1, 2, 3, 5, 6, 8, 9, 10, 12, 13, 16, 18, 19], 0.0003817612214261127], [[2, 3, 5, 6, 8, 9, 10, 12, 13, 16, 18, 19], 4.835538937006605e-05], [[2, 3, 5, 9, 10, 19], 0.020537557793588117], [[3, 5, 9, 10, 19], 8.79308005655812], [[3, 9, 19], 0.002184143222506394], [[9, 19], 49.0], [[3, 9, 10, 19], 0.056363413215253656], [[2, 3, 5, 9, 10, 16, 19], 2.9451350598220692e-05], [[2, 3, 5, 9, 10, 12, 16, 19], 1.9776581926705194e-06], [[2, 3, 5, 9, 10, 12, 13, 16, 19], 1.561342380162147e-05], [[2, 3, 5, 6, 9, 10, 12, 13, 16, 19], 0.00010085436127813017], [[2, 3, 5, 6, 9, 10, 12, 13, 16, 18, 19], 6.124885581447278e-06], [[1, 2, 3, 5, 6, 8, 9, 10, 12, 13, 15, 16, 18, 19], 0.003013968679812745], [[1, 2, 3, 5, 6, 8, 9, 10, 11, 12, 13, 15, 16, 18, 19], 0.023794997495152737], [[1, 2, 3, 5, 6, 8, 9, 10, 11, 12, 13, 15, 16, 17, 18, 19], 50.18972933913714], [[1, 2, 3, 4, 5, 6, 8, 9, 10, 11, 12, 13, 15, 16, 17, 18, 19], 396.2431540315148]]}