{"costs": 65438, "root_join": 28, "join_operands": {"0": [0, 1, 2, 3, 5, 6, 7, 8, 9, 10, 12, 13, 14, 16, 18, 20, 21, 22, 23, 24, 26, 27, 28, 29], "1": [1, 2, 3, 5, 6, 7, 8, 9, 10, 12, 13, 14, 16, 18, 20, 21, 22, 23, 24, 26, 27, 28, 29], "2": [1, 3, 5, 6, 7, 8, 10, 12, 13, 14, 16, 20, 21, 22, 23, 24, 26, 27, 28, 29], "3": [1, 3, 5, 6, 8, 10, 12, 13, 14, 16, 20, 21, 22, 23, 24, 26, 27, 28, 29], "4": [1, 3, 5, 6, 8, 10, 12, 13, 16, 20, 21, 22, 23, 24, 26, 27, 28], "5": [1, 3, 5, 6, 10, 12, 13, 16, 20, 21, 22, 23, 24, 26, 27, 28], "6": [1, 5, 6, 10, 12, 21, 26], "7": [1, 5, 6, 12, 21, 26], "8": [5, 6, 12, 21, 26], "9": [5, 26], "10": [5, 21, 26], "11": [6, 12], "12": [1, 5, 6, 10, 12, 16, 21, 26], "13": [1, 3, 5, 6, 10, 12, 16, 21, 22, 23, 26, 28], "14": [3, 22, 23, 28], "15": [22, 23, 28], "16": [23, 28], "17": [1, 3, 5, 6, 10, 12, 16, 21, 22, 23, 26, 27, 28], "18": [1, 3, 5, 6, 10, 12, 16, 20, 21, 22, 23, 26, 27, 28], "19": [1, 3, 5, 6, 10, 12, 13, 16, 20, 21, 22, 23, 26, 27, 28], "20": [1, 3, 5, 6, 8, 10, 12, 13, 14, 16, 20, 21, 22, 23, 24, 26, 27, 28], "21": [1, 2, 3, 5, 6, 7, 8, 10, 12, 13, 14, 16, 20, 21, 22, 23, 24, 26, 27, 28, 29], "22": [1, 2, 3, 5, 6, 7, 8, 10, 12, 13, 14, 16, 18, 20, 21, 22, 23, 24, 26, 27, 28, 29], "23": [0, 1, 2, 3, 5, 6, 7, 8, 9, 10, 12, 13, 14, 16, 17, 18, 20, 21, 22, 23, 24, 26, 27, 28, 29], "24": [0, 1, 2, 3, 5, 6, 7, 8, 9, 10, 12, 13, 14, 15, 16, 17, 18, 20, 21, 22, 23, 24, 26, 27, 28, 29], "25": [0, 1, 2, 3, 5, 6, 7, 8, 9, 10, 12, 13, 14, 15, 16, 17, 18, 19, 20, 21, 22, 23, 24, 26, 27, 28, 29], "26": [0, 1, 2, 3, 5, 6, 7, 8, 9, 10, 12, 13, 14, 15, 16, 17, 18, 19, 20, 21, 22, 23, 24, 25, 26, 27, 28, 29], "27": [0, 1, 2, 3, 5, 6, 7, 8, 9, 10, 11, 12, 13, 14, 15, 16, 17, 18, 19, 20, 21, 22, 23, 24, 25, 26, 27, 28, 29], "28": [0, 1, 2, 3, 4, 5, 6, 7, 8, 9, 10, 11, 12, 13, 14, 15, 16, 17, 18, 19, 20, 21, 22, 23, 24, 25, 26, 27, 28, 29]}, "join_predecessors": {"0": [1], "2": [3], "4": [5], "6": [7], "7": [8], "9": [], "10": [9], "8": [10, 11], "11": [], "12": [6], "13": [12, 14], "14": [15], "15": [16], "16": [], "17": [13], "18": [17], "19": [18], "5": [19], "20": [4], "3": [20], "21": [2], "22": [21], "1": [22], "23": [0], "24": [23], "25": [24], "26": [25], "27": [26], "28": [27]}, "intermediate_costs": [[[0, 1, 2, 3, 5, 6, 7, 8, 9, 10, 12, 13, 14, 16, 18, 20, 21, 22, 23, 24, 26, 27, 28, 29], 91.02480678987355], [[1, 2, 3, 5, 6, 7, 8, 9, 10, 12, 13, 14, 16, 18, 20, 21, 22, 23, 24, 26, 27, 28, 29], 44.32166743229971], [[1, 3, 5, 6, 7, 8, 10, 12, 13, 14, 16, 20, 21, 22, 23, 24, 26, 27, 28, 29], 5.1735744763845695], [[1, 3, 5, 6, 8, 10, 12, 13, 14, 16, 20, 21, 22, 23, 24, 26, 27, 28, 29], 2.5820868804505146], [[1, 3, 5, 6, 8, 10, 12, 13, 16, 20, 21, 22, 23, 24, 26, 27, 28], 0.4421128331601861], [[1, 3, 5, 6, 10, 12, 13, 16, 20, 21, 22, 23, 24, 26, 27, 28], 0.002024819791518417], [[1, 5, 6, 10, 12, 21, 26], 0.5772360515645831], [[1, 5, 6, 12, 21, 26], 5.436245607528407], [[5, 6, 12, 21, 26], 2.647009107367746], [[5, 26], 2088.0], [[5, 21, 26], 2228.5409312112224], [[6, 12], 561.0], [[1, 5, 6, 10, 12, 16, 21, 26], 1.1157531396015619], [[1, 3, 5, 6, 10, 12, 16, 21, 22, 23, 26, 28], 0.0001320819250355006], [[3, 22, 23, 28], 2.3632812377662917], [[22, 23, 28], 0.6769076382230744], [[23, 28], 1922.0], [[1, 3, 5, 6, 10, 12, 16, 21, 22, 23, 26, 27, 28], 0.0003911563188172933], [[1, 3, 5, 6, 10, 12, 16, 20, 21, 22, 23, 26, 27, 28], 0.0004842503962557261], [[1, 3, 5, 6, 10, 12, 13, 16, 20, 21, 22, 23, 26, 27, 28], 0.0009859222043081478], [[1, 3, 5, 6, 8, 10, 12, 13, 14, 16, 20, 21, 22, 23, 24, 26, 27, 28], 1.5430110108099786], [[1, 2, 3, 5, 6, 7, 8, 10, 12, 13, 14, 16, 20, 21, 22, 23, 24, 26, 27, 28, 29], 10.50837023392492], [[1, 2, 3, 5, 6, 7, 8, 10, 12, 13, 14, 16, 18, 20, 21, 22, 23, 24, 26, 27, 28, 29], 21.581373828845358], [[0, 1, 2, 3, 5, 6, 7, 8, 9, 10, 12, 13, 14, 16, 17, 18, 20, 21, 22, 23, 24, 26, 27, 28, 29], 186.9405176100321], [[0, 1, 2, 3, 5, 6, 7, 8, 9, 10, 12, 13, 14, 15, 16, 17, 18, 20, 21, 22, 23, 24, 26, 27, 28, 29], 383.92441452866314], [[0, 1, 2, 3, 5, 6, 7, 8, 9, 10, 12, 13, 14, 15, 16, 17, 18, 19, 20, 21, 22, 23, 24, 26, 27, 28, 29], 788.4777871507208], [[0, 1, 2, 3, 5, 6, 7, 8, 9, 10, 12, 13, 14, 15, 16, 17, 18, 19, 20, 21, 22, 23, 24, 25, 26, 27, 28, 29], 18694.890140620868], [[0, 1, 2, 3, 5, 6, 7, 8, 9, 10, 11, 12, 13, 14, 15, 16, 17, 18, 19, 20, 21, 22, 23, 24, 25, 26, 27, 28, 29], 38394.29125449693]]}