{"costs": 1293.0, "root_join": 0, "join_operands": {"0": [0, 1, 2, 3, 4, 5, 6, 7], "1": [6], "2": [0, 1, 2, 3, 4, 5, 7], "3": [7], "4": [0, 1, 2, 3, 4, 5], "5": [4], "6": [0, 1, 2, 3, 5], "7": [0], "8": [1, 2, 3, 5], "9": [2], "10": [1, 3, 5], "11": [1], "12": [3, 5], "13": [3], "14": [5]}, "join_predecessors": {"0": [1, 2], "2": [3, 4], "4": [5, 6], "6": [7, 8], "8": [9, 10], "10": [11, 12], "12": [13, 14]}, "intermediate_costs": [[[0, 1, 2, 3, 4, 5, 7], 2.1542913731449474e-16], [[0, 1, 2, 3, 4, 5], 4.287045661429797e-14], [[0, 1, 2, 3, 5], 4.287045661429797e-11], [[1, 2, 3, 5], 0.013890027943032538], [[1, 3, 5], 431.29200000000003], [[3, 5], 862.542]]}