{"costs": 569964.5946200123, "int_costs": [[[0, 1, 2, 3, 4, 5, 6, 7, 8, 9, 10, 11, 12, 13, 14, 15, 16, 17, 18, 19, 20, 21, 22, 23, 24, 25, 26, 27, 28, 29, 30, 31, 32, 33, 34, 36, 37, 38, 39], 148499.3259457672], [[0, 1, 2, 3, 4, 5, 6, 7, 8, 9, 10, 11, 12, 13, 14, 15, 16, 17, 18, 19, 20, 21, 22, 23, 24, 25, 26, 27, 28, 29, 30, 31, 32, 33, 36, 37, 38, 39], 39392.82994097234], [[0, 1, 2, 3, 4, 5, 6, 7, 8, 9, 10, 11, 12, 13, 14, 15, 16, 17, 18, 19, 21, 22, 23, 24, 26, 27, 28, 29, 30, 31, 32, 33, 36, 37, 38, 39], 30320.091356833556], [[20, 25], 25076.0], [[0, 1, 2, 3, 4, 5, 6, 7, 8, 9, 10, 11, 12, 13, 14, 15, 16, 17, 18, 19, 21, 22, 23, 24, 26, 27, 29, 30, 31, 32, 33, 36, 37, 38, 39], 26599.878723357622], [[0, 1, 2, 3, 4, 5, 6, 7, 8, 9, 10, 11, 12, 13, 14, 15, 16, 17, 18, 19, 21, 22, 24, 26, 27, 29, 30, 31, 32, 33, 36, 37, 38, 39], 23336.114454551334], [[0, 1, 3, 4, 5, 6, 7, 8, 9, 10, 11, 12, 13, 14, 15, 16, 17, 18, 19, 21, 22, 24, 26, 27, 29, 30, 31, 32, 33, 36, 37, 38, 39], 20472.82137313071], [[0, 1, 3, 4, 5, 6, 7, 8, 9, 10, 11, 12, 14, 15, 16, 17, 18, 19, 21, 22, 24, 26, 27, 29, 30, 31, 32, 33, 36, 37, 38, 39], 17960.83605858852], [[0, 1, 3, 4, 5, 6, 7, 8, 9, 10, 11, 12, 14, 15, 16, 17, 18, 19, 21, 22, 24, 26, 29, 30, 31, 32, 33, 36, 37, 38, 39], 15827.10032904564], [[0, 1, 3, 4, 5, 6, 7, 8, 9, 10, 11, 12, 14, 15, 16, 17, 18, 19, 21, 22, 24, 26, 29, 31, 32, 33, 36, 37, 38, 39], 13885.13942501371], [[0, 1, 3, 4, 5, 6, 7, 8, 9, 10, 11, 12, 14, 15, 16, 17, 18, 19, 21, 22, 24, 26, 29, 32, 33, 36, 37, 38, 39], 12181.454024360024], [[0, 1, 3, 4, 5, 6, 7, 8, 9, 10, 11, 12, 14, 15, 17, 18, 19, 21, 22, 24, 26, 29, 32, 33, 36, 37, 38, 39], 1891.6429171987475], [[0, 1, 3, 4, 5, 6, 7, 8, 9, 10, 11, 14, 15, 17, 18, 19, 21, 22, 24, 26, 29, 32, 33, 36, 37, 38, 39], 1659.5785207183044], [[0, 1, 3, 4, 5, 6, 7, 8, 9, 10, 11, 14, 15, 17, 18, 21, 22, 24, 26, 29, 32, 33, 36, 37, 38, 39], 1457.8176120062826], [[0, 1, 5, 6, 7, 9, 10, 14, 15, 17, 18, 21, 24, 29, 33, 37, 38], 463.92621947711353], [[24, 38], 3295.0], [[6, 24, 38], 3693.2382350669013], [[6, 24, 37, 38], 1262.9303173190476], [[6, 9, 24, 37, 38], 3669.93517653834], [[6, 9, 14, 24, 37, 38], 59982.913380329686], [[6, 9, 14, 17, 24, 37, 38], 68372.01303891196], [[0, 1, 5, 6, 9, 10, 14, 17, 18, 21, 24, 29, 33, 37, 38], 493.08912835672317], [[0, 1, 5, 10, 18, 21, 29, 33], 5660.488817515834], [[0, 5, 10, 18, 21, 29, 33], 2253.7196165130244], [[18, 33], 13857.0], [[0, 5, 10, 18, 29, 33], 1977.1967832015837], [[0, 5, 10, 29], 7260.3495919478755], [[0, 5, 29], 6369.531641509433], [[5, 29], 5588.0], [[0, 1, 5, 6, 9, 10, 14, 15, 17, 18, 21, 24, 29, 33, 37, 38], 421.5389778947822], [[0, 1, 5, 6, 7, 9, 10, 11, 14, 15, 17, 18, 21, 24, 29, 33, 37, 38], 528.8090848283047], [[0, 1, 5, 6, 7, 9, 10, 11, 14, 15, 17, 18, 21, 24, 26, 29, 33, 37, 38], 583.1123353288635], [[0, 1, 5, 6, 7, 9, 10, 11, 14, 15, 17, 18, 21, 24, 26, 29, 32, 33, 37, 38], 664.6616752622629], [[0, 1, 5, 6, 7, 9, 10, 11, 14, 15, 17, 18, 21, 24, 26, 29, 32, 33, 37, 38, 39], 757.6185985177419], [[0, 1, 5, 6, 7, 9, 10, 11, 14, 15, 17, 18, 21, 24, 26, 29, 32, 33, 36, 37, 38, 39], 863.5735532536023], [[0, 1, 3, 5, 6, 7, 9, 10, 11, 14, 15, 17, 18, 21, 24, 26, 29, 32, 33, 36, 37, 38, 39], 984.3513368140092], [[0, 1, 3, 5, 6, 7, 8, 9, 10, 11, 14, 15, 17, 18, 21, 24, 26, 29, 32, 33, 36, 37, 38, 39], 1122.0208996648764], [[0, 1, 3, 5, 6, 7, 8, 9, 10, 11, 14, 15, 17, 18, 21, 22, 24, 26, 29, 32, 33, 36, 37, 38, 39], 1278.9455302165907]]}