{"costs": 8052552, "root_join": 28, "join_operands": {"0": [0, 1, 2, 3, 4, 5, 6, 7, 8, 10, 11, 12, 13, 14, 15, 16, 17, 18, 20, 21, 22, 23, 24, 25, 26, 28, 29], "1": [1, 2, 3, 4, 5, 6, 7, 8, 10, 11, 12, 13, 14, 15, 16, 17, 18, 20, 21, 22, 23, 24, 25, 26, 28, 29], "2": [1, 2, 4, 6, 17, 21, 25], "3": [2, 4, 6, 17, 21, 25], "4": [4, 6, 17, 21], "5": [6, 17, 21], "6": [6, 21], "7": [4, 6, 17, 21, 25], "8": [1, 2, 4, 6, 17, 21, 25, 28], "9": [3, 5, 7, 8, 10, 11, 12, 13, 14, 15, 16, 18, 20, 22, 23, 24, 26, 29], "10": [3, 7, 8, 12], "11": [3, 7, 8], "12": [3, 7], "13": [3, 7, 8, 12, 13], "14": [5, 10, 11, 14, 15, 16, 18, 20, 22, 23, 24, 26, 29], "15": [10, 11, 14, 20, 23], "16": [10, 11, 20, 23], "17": [10, 11, 23], "18": [11, 23], "19": [10, 11, 14, 20, 23, 26], "20": [10, 11, 14, 16, 20, 23, 26], "21": [10, 11, 14, 16, 20, 22, 23, 26], "22": [10, 11, 14, 16, 20, 22, 23, 26, 29], "23": [10, 11, 14, 16, 20, 22, 23, 24, 26, 29], "24": [10, 11, 14, 15, 16, 20, 22, 23, 24, 26, 29], "25": [5, 10, 11, 14, 15, 16, 20, 22, 23, 24, 26, 29], "26": [0, 1, 2, 3, 4, 5, 6, 7, 8, 9, 10, 11, 12, 13, 14, 15, 16, 17, 18, 20, 21, 22, 23, 24, 25, 26, 28, 29], "27": [0, 1, 2, 3, 4, 5, 6, 7, 8, 9, 10, 11, 12, 13, 14, 15, 16, 17, 18, 20, 21, 22, 23, 24, 25, 26, 27, 28, 29], "28": [0, 1, 2, 3, 4, 5, 6, 7, 8, 9, 10, 11, 12, 13, 14, 15, 16, 17, 18, 19, 20, 21, 22, 23, 24, 25, 26, 27, 28, 29]}, "join_predecessors": {"0": [1], "2": [3], "4": [5], "5": [6], "6": [], "7": [4], "3": [7], "8": [2], "1": [8, 9], "10": [11], "12": [], "11": [12], "13": [10], "9": [13, 14], "15": [16], "16": [17], "17": [18], "18": [], "19": [15], "20": [19], "21": [20], "22": [21], "23": [22], "24": [23], "25": [24], "14": [25], "26": [0], "27": [26], "28": [27]}, "intermediate_costs": [[[0, 1, 2, 3, 4, 5, 6, 7, 8, 10, 11, 12, 13, 14, 15, 16, 17, 18, 20, 21, 22, 23, 24, 25, 26, 28, 29], 10954.907278752013], [[1, 2, 3, 4, 5, 6, 7, 8, 10, 11, 12, 13, 14, 15, 16, 17, 18, 20, 21, 22, 23, 24, 25, 26, 28, 29], 5878.254319897909], [[1, 2, 4, 6, 17, 21, 25], 559548.5115161542], [[2, 4, 6, 17, 21, 25], 1113.960107393076], [[4, 6, 17, 21], 294.57481227481554], [[6, 17, 21], 575.6194790532844], [[6, 21], 304.0], [[4, 6, 17, 21, 25], 572.8301799496063], [[1, 2, 4, 6, 17, 21, 25, 28], 1088131.7643767148], [[3, 5, 7, 8, 10, 11, 12, 13, 14, 15, 16, 18, 20, 22, 23, 24, 26, 29], 1352.8576023188812], [[3, 7, 8, 12], 140605.9011351537], [[3, 7, 8], 4136.292453498173], [[3, 7], 2127.0], [[3, 7, 8, 12, 13], 273430.7201365739], [[5, 10, 11, 14, 15, 16, 18, 20, 22, 23, 24, 26, 29], 1611.3629685648511], [[10, 11, 14, 20, 23], 8.213778038940795], [[10, 11, 20, 23], 2744.6845675140603], [[10, 11, 23], 418.6322863340564], [[11, 23], 296.0], [[10, 11, 14, 20, 23, 26], 15.873169290663817], [[10, 11, 14, 16, 20, 23, 26], 29.872179987771865], [[10, 11, 14, 16, 20, 22, 23, 26], 58.091216687370114], [[10, 11, 14, 16, 20, 22, 23, 26, 29], 112.9673079588508], [[10, 11, 14, 16, 20, 22, 23, 24, 26, 29], 219.68286978051603], [[10, 11, 14, 15, 16, 20, 22, 23, 24, 26, 29], 427.20844848515964], [[5, 10, 11, 14, 15, 16, 20, 22, 23, 24, 26, 29], 828.6089887697633], [[0, 1, 2, 3, 4, 5, 6, 7, 8, 9, 10, 11, 12, 13, 14, 15, 16, 17, 18, 20, 21, 22, 23, 24, 25, 26, 28, 29], 831700.4322320801], [[0, 1, 2, 3, 4, 5, 6, 7, 8, 9, 10, 11, 12, 13, 14, 15, 16, 17, 18, 20, 21, 22, 23, 24, 25, 26, 27, 28, 29], 5125053.997077053]]}