{"costs": 16243525, "root_join": 28, "join_operands": {"0": [0, 15, 17, 18, 29], "1": [15, 17, 18, 29], "2": [15, 17, 18], "3": [15, 18], "4": [0, 9, 14, 15, 17, 18, 21, 23, 26, 27, 29], "5": [9, 14, 21, 23, 26, 27], "6": [9, 21, 23, 26, 27], "7": [9, 21], "8": [9, 21, 27], "9": [9, 21, 23, 27], "10": [0, 9, 10, 14, 15, 17, 18, 21, 23, 26, 27, 29], "11": [0, 7, 9, 10, 14, 15, 17, 18, 21, 23, 26, 27, 29], "12": [0, 7, 9, 10, 14, 15, 17, 18, 21, 23, 26, 27, 28, 29], "13": [0, 7, 8, 9, 10, 14, 15, 17, 18, 21, 23, 26, 27, 28, 29], "14": [0, 1, 7, 8, 9, 10, 14, 15, 17, 18, 21, 23, 26, 27, 28, 29], "15": [0, 1, 7, 8, 9, 10, 14, 15, 17, 18, 21, 23, 25, 26, 27, 28, 29], "16": [0, 1, 5, 7, 8, 9, 10, 14, 15, 17, 18, 21, 23, 25, 26, 27, 28, 29], "17": [0, 1, 4, 5, 7, 8, 9, 10, 14, 15, 17, 18, 21, 23, 25, 26, 27, 28, 29], "18": [0, 1, 4, 5, 7, 8, 9, 10, 12, 14, 15, 17, 18, 21, 23, 25, 26, 27, 28, 29], "19": [0, 1, 4, 5, 6, 7, 8, 9, 10, 12, 14, 15, 17, 18, 21, 23, 25, 26, 27, 28, 29], "20": [0, 1, 4, 5, 6, 7, 8, 9, 10, 12, 13, 14, 15, 17, 18, 21, 23, 25, 26, 27, 28, 29], "21": [0, 1, 4, 5, 6, 7, 8, 9, 10, 12, 13, 14, 15, 16, 17, 18, 21, 23, 25, 26, 27, 28, 29], "22": [0, 1, 4, 5, 6, 7, 8, 9, 10, 11, 12, 13, 14, 15, 16, 17, 18, 21, 22, 23, 25, 26, 27, 28, 29], "23": [11, 22], "24": [0, 1, 4, 5, 6, 7, 8, 9, 10, 11, 12, 13, 14, 15, 16, 17, 18, 19, 21, 22, 23, 25, 26, 27, 28, 29], "25": [0, 1, 3, 4, 5, 6, 7, 8, 9, 10, 11, 12, 13, 14, 15, 16, 17, 18, 19, 21, 22, 23, 25, 26, 27, 28, 29], "26": [0, 1, 2, 3, 4, 5, 6, 7, 8, 9, 10, 11, 12, 13, 14, 15, 16, 17, 18, 19, 21, 22, 23, 25, 26, 27, 28, 29], "27": [0, 1, 2, 3, 4, 5, 6, 7, 8, 9, 10, 11, 12, 13, 14, 15, 16, 17, 18, 19, 20, 21, 22, 23, 25, 26, 27, 28, 29], "28": [0, 1, 2, 3, 4, 5, 6, 7, 8, 9, 10, 11, 12, 13, 14, 15, 16, 17, 18, 19, 20, 21, 22, 23, 24, 25, 26, 27, 28, 29]}, "join_predecessors": {"0": [1], "1": [2], "3": [], "2": [3], "4": [0, 5], "5": [6], "7": [], "8": [7], "9": [8], "6": [9], "10": [4], "11": [10], "12": [11], "13": [12], "14": [13], "15": [14], "16": [15], "17": [16], "18": [17], "19": [18], "20": [19], "21": [20], "22": [21, 23], "23": [], "24": [22], "25": [24], "26": [25], "27": [26], "28": [27]}, "intermediate_costs": [[[0, 15, 17, 18, 29], 13280.442859890638], [[15, 17, 18, 29], 11345.433227876696], [[15, 17, 18], 9649.562374117648], [[15, 18], 10031.0], [[0, 9, 14, 15, 17, 18, 21, 23, 26, 27, 29], 907.2218712721667], [[9, 14, 21, 23, 26, 27], 46364.99252692247], [[9, 21, 23, 26, 27], 321.8115824596616], [[9, 21], 197.99999999999997], [[9, 21, 27], 232.79752941176469], [[9, 21, 23, 27], 273.71055404152247], [[0, 9, 10, 14, 15, 17, 18, 21, 23, 26, 27, 29], 40.12786709580577], [[0, 7, 9, 10, 14, 15, 17, 18, 21, 23, 26, 27, 29], 41.28265980332979], [[0, 7, 9, 10, 14, 15, 17, 18, 21, 23, 26, 27, 28, 29], 48.537923169510556], [[0, 7, 8, 9, 10, 14, 15, 17, 18, 21, 23, 26, 27, 28, 29], 57.06827023338463], [[0, 1, 7, 8, 9, 10, 14, 15, 17, 18, 21, 23, 26, 27, 28, 29], 67.09769811864224], [[0, 1, 7, 8, 9, 10, 14, 15, 17, 18, 21, 23, 25, 26, 27, 28, 29], 78.88985185666218], [[0, 1, 5, 7, 8, 9, 10, 14, 15, 17, 18, 21, 23, 25, 26, 27, 28, 29], 9891.637536754413], [[0, 1, 4, 5, 7, 8, 9, 10, 14, 15, 17, 18, 21, 23, 25, 26, 27, 28, 29], 11630.056943596128], [[0, 1, 4, 5, 7, 8, 9, 10, 12, 14, 15, 17, 18, 21, 23, 25, 26, 27, 28, 29], 13673.924982368742], [[0, 1, 4, 5, 6, 7, 8, 9, 10, 12, 14, 15, 17, 18, 21, 23, 25, 26, 27, 28, 29], 16076.982712144238], [[0, 1, 4, 5, 6, 7, 8, 9, 10, 12, 13, 14, 15, 17, 18, 21, 23, 25, 26, 27, 28, 29], 27585.185482810186], [[0, 1, 4, 5, 6, 7, 8, 9, 10, 12, 13, 14, 15, 16, 17, 18, 21, 23, 25, 26, 27, 28, 29], 32341.303331209176], [[0, 1, 4, 5, 6, 7, 8, 9, 10, 11, 12, 13, 14, 15, 16, 17, 18, 21, 22, 23, 25, 26, 27, 28, 29], 1773.0670368598578], [[11, 22], 16460.0], [[0, 1, 4, 5, 6, 7, 8, 9, 10, 11, 12, 13, 14, 15, 16, 17, 18, 19, 21, 22, 23, 25, 26, 27, 28, 29], 2084.6771360835664], [[0, 1, 3, 4, 5, 6, 7, 8, 9, 10, 11, 12, 13, 14, 15, 16, 17, 18, 19, 21, 22, 23, 25, 26, 27, 28, 29], 2451.051579756528], [[0, 1, 2, 3, 4, 5, 6, 7, 8, 9, 10, 11, 12, 13, 14, 15, 16, 17, 18, 19, 21, 22, 23, 25, 26, 27, 28, 29], 7531006.018173636], [[0, 1, 2, 3, 4, 5, 6, 7, 8, 9, 10, 11, 12, 13, 14, 15, 16, 17, 18, 19, 20, 21, 22, 23, 25, 26, 27, 28, 29], 8485613.271225918]]}