{"costs": 74835868, "root_join": 28, "join_operands": {"0": [0, 1, 7, 8, 9, 10, 14, 15, 17, 18, 21, 23, 25, 26, 27, 28, 29], "1": [1, 7, 8, 9, 10, 14, 15, 17, 18, 21, 23, 25, 26, 27, 28, 29], "2": [15, 17, 18, 29], "3": [15, 17, 18], "4": [15, 18], "5": [1, 7, 8, 9, 10, 14, 21, 23, 25, 26, 27, 28], "6": [9, 14, 21], "7": [9, 21], "8": [9, 10, 14, 21], "9": [9, 10, 14, 21, 23], "10": [9, 10, 14, 21, 23, 26], "11": [9, 10, 14, 21, 23, 26, 27], "12": [9, 10, 14, 21, 23, 26, 27, 28], "13": [7, 9, 10, 14, 21, 23, 26, 27, 28], "14": [7, 9, 10, 14, 21, 23, 25, 26, 27, 28], "15": [1, 8], "16": [0, 1, 5, 7, 8, 9, 10, 14, 15, 17, 18, 21, 23, 25, 26, 27, 28, 29], "17": [0, 1, 4, 5, 6, 7, 8, 9, 10, 12, 14, 15, 17, 18, 21, 23, 25, 26, 27, 28, 29], "18": [4, 6, 12], "19": [4, 12], "20": [0, 1, 3, 4, 5, 6, 7, 8, 9, 10, 11, 12, 13, 14, 15, 16, 17, 18, 19, 21, 22, 23, 25, 26, 27, 28, 29], "21": [3, 11, 13, 16, 19, 22], "22": [11, 13, 16, 22], "23": [11, 16, 22], "24": [11, 22], "25": [3, 11, 13, 16, 22], "26": [0, 1, 2, 3, 4, 5, 6, 7, 8, 9, 10, 11, 12, 13, 14, 15, 16, 17, 18, 19, 20, 21, 22, 23, 25, 26, 27, 28, 29], "27": [2, 20], "28": [0, 1, 2, 3, 4, 5, 6, 7, 8, 9, 10, 11, 12, 13, 14, 15, 16, 17, 18, 19, 20, 21, 22, 23, 24, 25, 26, 27, 28, 29]}, "join_predecessors": {"0": [1], "2": [3], "4": [], "3": [4], "1": [2, 5], "6": [7], "7": [], "8": [6], "9": [8], "10": [9], "11": [10], "12": [11], "13": [12], "14": [13], "5": [14, 15], "15": [], "16": [0], "17": [16, 18], "19": [], "18": [19], "20": [17, 21], "22": [23], "23": [24], "24": [], "25": [22], "21": [25], "26": [20, 27], "27": [], "28": [26]}, "intermediate_costs": [[[0, 1, 7, 8, 9, 10, 14, 15, 17, 18, 21, 23, 25, 26, 27, 28, 29], 78.88985185666218], [[1, 7, 8, 9, 10, 14, 15, 17, 18, 21, 23, 25, 26, 27, 28, 29], 67.3953087287494], [[15, 17, 18, 29], 11345.433227876696], [[15, 17, 18], 9649.562374117648], [[15, 18], 10031.0], [[1, 7, 8, 9, 10, 14, 21, 23, 25, 26, 27, 28], 4031.7892542152395], [[9, 14, 21], 28526.84309919571], [[9, 21], 197.99999999999997], [[9, 10, 14, 21], 1261.7876671582278], [[9, 10, 14, 21, 23], 1483.540664427624], [[9, 10, 14, 21, 23, 26], 1744.2534159288784], [[9, 10, 14, 21, 23, 26, 27], 2050.797403516536], [[9, 10, 14, 21, 23, 26, 27, 28], 2411.216895479407], [[7, 9, 10, 14, 21, 23, 26, 27, 28], 2480.6064715690213], [[7, 9, 10, 14, 21, 23, 25, 26, 27, 28], 2916.56319879603], [[1, 8], 418565.0], [[0, 1, 5, 7, 8, 9, 10, 14, 15, 17, 18, 21, 23, 25, 26, 27, 28, 29], 9891.637536754413], [[0, 1, 4, 5, 6, 7, 8, 9, 10, 12, 14, 15, 17, 18, 21, 23, 25, 26, 27, 28, 29], 16076.982712144238], [[4, 6, 12], 175560.34457480314], [[4, 12], 149319.0], [[0, 1, 3, 4, 5, 6, 7, 8, 9, 10, 11, 12, 13, 14, 15, 16, 17, 18, 19, 21, 22, 23, 25, 26, 27, 28, 29], 2451.051579756528], [[3, 11, 13, 16, 19, 22], 4922862.012635505], [[11, 13, 16, 22], 3561150.827548326], [[11, 16, 22], 346320.7514285714], [[11, 22], 16460.0], [[3, 11, 13, 16, 22], 4187010.1660018866], [[0, 1, 2, 3, 4, 5, 6, 7, 8, 9, 10, 11, 12, 13, 14, 15, 16, 17, 18, 19, 20, 21, 22, 23, 25, 26, 27, 28, 29], 8485613.271225918], [[2, 20], 52466310.0]]}