{"costs": 2191340.3910847283, "int_costs": [[[0, 1, 2, 3, 4, 5, 6, 7, 8, 9, 10, 11, 12, 13, 14, 15, 17, 18, 19, 20, 21, 22, 23, 24, 26, 28, 29, 30, 31, 32, 33, 34, 35, 36, 37, 38, 39, 40, 41, 42, 43, 44, 45, 46, 47, 48, 49], 1188291.225827306], [[16, 25, 27], 255380.49991846015], [[0, 1, 2, 3, 4, 5, 6, 7, 8, 9, 10, 11, 12, 13, 14, 15, 17, 18, 19, 20, 21, 22, 23, 24, 26, 28, 29, 30, 31, 33, 34, 35, 37, 38, 39, 40, 41, 42, 43, 44, 45, 46, 47, 48, 49], 322717.81791649724], [[25, 27], 124023.0], [[32, 36], 78247.0], [[0, 1, 2, 3, 4, 5, 6, 7, 8, 9, 10, 11, 12, 13, 14, 15, 17, 18, 19, 20, 21, 23, 24, 26, 29, 30, 31, 33, 34, 35, 37, 38, 39, 40, 41, 42, 43, 44, 45, 46, 47, 48, 49], 76112.55038261088], [[22, 28], 70010.0], [[0, 1, 2, 3, 4, 5, 6, 7, 8, 9, 10, 11, 12, 13, 14, 15, 17, 18, 19, 20, 21, 23, 24, 26, 29, 31, 33, 34, 35, 37, 38, 39, 40, 41, 42, 43, 44, 45, 46, 47, 48, 49], 41070.362776796], [[0, 2, 3, 4, 5, 6, 7, 8, 9, 10, 11, 12, 13, 14, 15, 17, 18, 19, 20, 21, 23, 24, 26, 29, 31, 33, 34, 35, 37, 38, 39, 40, 41, 42, 43, 44, 45, 46, 47, 48, 49], 20301.581190353034], [[0, 2, 3, 4, 5, 6, 7, 8, 9, 10, 11, 12, 13, 14, 15, 17, 18, 19, 20, 21, 23, 24, 26, 29, 31, 33, 34, 35, 37, 38, 39, 40, 41, 42, 43, 45, 46, 47, 48, 49], 9859.261096014272], [[0, 2, 3, 4, 5, 6, 7, 8, 9, 11, 13, 14, 15, 17, 18, 19, 20, 21, 23, 24, 26, 29, 31, 33, 34, 35, 37, 38, 39, 40, 41, 42, 45, 46, 47, 48, 49], 20.87616072871376], [[2, 33], 389.00000000000006], [[2, 5, 33], 0.2403913969335605], [[0, 2, 5, 33], 52.758908770890244], [[0, 2, 5, 33, 48], 0.014194122190176715], [[0, 2, 5, 7, 33, 48], 1.188957279892644e-05], [[0, 2, 5, 7, 21, 33, 48], 2.448202916626e-05], [[0, 2, 5, 7, 21, 33, 39, 48], 0.005668049162955406], [[0, 2, 5, 7, 21, 33, 39, 48, 49], 0.005855069214087677], [[0, 2, 5, 7, 21, 33, 37, 39, 48, 49], 0.012056397163759235], [[0, 2, 5, 6, 7, 21, 33, 37, 39, 48, 49], 0.02482578820716986], [[0, 2, 5, 6, 7, 17, 21, 33, 37, 39, 48, 49], 0.1257427641674704], [[0, 2, 5, 6, 7, 17, 21, 33, 34, 37, 39, 48, 49], 1.1219938709211865], [[0, 2, 5, 6, 7, 17, 21, 33, 34, 37, 39, 41, 48, 49], 13.75156742446595], [[0, 2, 5, 6, 7, 17, 21, 33, 34, 37, 39, 41, 42, 48, 49], 0.004125950547543224], [[0, 2, 5, 6, 7, 17, 21, 29, 33, 34, 37, 39, 41, 42, 48, 49], 0.023684757702984515], [[0, 2, 5, 6, 7, 17, 21, 29, 33, 34, 37, 39, 40, 41, 42, 48, 49], 0.04877018476265823], [[0, 2, 5, 6, 7, 17, 21, 29, 33, 34, 37, 39, 40, 41, 42, 47, 48, 49], 1.5240682738330697e-05], [[0, 2, 5, 6, 7, 17, 21, 29, 31, 33, 34, 37, 39, 40, 41, 42, 47, 48, 49], 3.0373580482526168e-05], [[0, 2, 5, 6, 7, 11, 17, 21, 29, 31, 33, 34, 37, 39, 40, 41, 42, 47, 48, 49], 0.003362663099454555], [[0, 2, 5, 6, 7, 11, 17, 21, 23, 29, 31, 33, 34, 37, 39, 40, 41, 42, 47, 48, 49], 2.2336038661989057e-05], [[0, 2, 5, 6, 7, 8, 11, 17, 21, 23, 29, 31, 33, 34, 37, 39, 40, 41, 42, 47, 48, 49], 2.299649306257875e-05], [[0, 2, 5, 6, 7, 8, 9, 11, 17, 21, 23, 29, 31, 33, 34, 37, 39, 40, 41, 42, 47, 48, 49], 3.419933137223715e-05], [[0, 2, 5, 6, 7, 8, 9, 11, 17, 21, 23, 29, 31, 33, 34, 35, 37, 39, 40, 41, 42, 47, 48, 49], 7.042115119050494e-05], [[0, 2, 5, 6, 7, 8, 9, 11, 14, 17, 21, 23, 29, 31, 33, 34, 35, 37, 39, 40, 41, 42, 47, 48, 49], 0.00010000474081109381], [[0, 2, 5, 6, 7, 8, 9, 11, 14, 17, 21, 23, 29, 31, 33, 34, 35, 37, 39, 40, 41, 42, 45, 47, 48, 49], 0.00018533118695625712], [[0, 2, 5, 6, 7, 8, 9, 11, 14, 15, 17, 21, 23, 29, 31, 33, 34, 35, 37, 39, 40, 41, 42, 45, 47, 48, 49], 0.0003580741452533016], [[0, 2, 5, 6, 7, 8, 9, 11, 14, 15, 17, 21, 23, 29, 31, 33, 34, 35, 37, 38, 39, 40, 41, 42, 45, 47, 48, 49], 0.0007089655457766356], [[0, 2, 5, 6, 7, 8, 9, 11, 14, 15, 17, 20, 21, 23, 29, 31, 33, 34, 35, 37, 38, 39, 40, 41, 42, 45, 47, 48, 49], 0.0014169210917945323], [[0, 2, 5, 6, 7, 8, 9, 11, 14, 15, 17, 18, 20, 21, 23, 29, 31, 33, 34, 35, 37, 38, 39, 40, 41, 42, 45, 47, 48, 49], 0.0029176072246039765], [[0, 2, 5, 6, 7, 8, 9, 11, 14, 15, 17, 18, 20, 21, 23, 24, 29, 31, 33, 34, 35, 37, 38, 39, 40, 41, 42, 45, 47, 48, 49], 0.0060077179763626636], [[0, 2, 5, 6, 7, 8, 9, 11, 14, 15, 17, 18, 19, 20, 21, 23, 24, 29, 31, 33, 34, 35, 37, 38, 39, 40, 41, 42, 45, 47, 48, 49], 0.012370720417892632], [[0, 2, 5, 6, 7, 8, 9, 11, 14, 15, 17, 18, 19, 20, 21, 23, 24, 26, 29, 31, 33, 34, 35, 37, 38, 39, 40, 41, 42, 45, 47, 48, 49], 0.02547300695097433], [[0, 2, 5, 6, 7, 8, 9, 11, 14, 15, 17, 18, 19, 20, 21, 23, 24, 26, 29, 31, 33, 34, 35, 37, 38, 39, 40, 41, 42, 45, 46, 47, 48, 49], 0.05245242141988147], [[0, 2, 3, 5, 6, 7, 8, 9, 11, 14, 15, 17, 18, 19, 20, 21, 23, 24, 26, 29, 31, 33, 34, 35, 37, 38, 39, 40, 41, 42, 45, 46, 47, 48, 49], 0.10800678894066672], [[0, 2, 3, 5, 6, 7, 8, 9, 11, 13, 14, 15, 17, 18, 19, 20, 21, 23, 24, 26, 29, 31, 33, 34, 35, 37, 38, 39, 40, 41, 42, 45, 46, 47, 48, 49], 0.22240081376441254], [[0, 2, 3, 4, 5, 6, 7, 8, 9, 11, 12, 13, 14, 15, 17, 18, 19, 20, 21, 23, 24, 26, 29, 31, 33, 34, 35, 37, 38, 39, 40, 41, 42, 45, 46, 47, 48, 49], 42.98690005069471], [[0, 2, 3, 4, 5, 6, 7, 8, 9, 10, 11, 12, 13, 14, 15, 17, 18, 19, 20, 21, 23, 24, 26, 29, 31, 33, 34, 35, 37, 38, 39, 40, 41, 42, 45, 46, 47, 48, 49], 4805.6551383894775]]}