{"costs": 2.2752615869910768e+52, "join_operands": {"0": [0, 1, 2, 3, 4, 5, 6, 7, 8, 9, 10, 11, 12, 13, 14, 15, 16, 17, 18, 19, 20, 21, 22, 23, 24, 25, 26, 27, 28, 29, 30, 31, 32, 33, 34, 35, 36, 37, 38, 39, 40, 41, 42, 43, 44, 45, 46, 47, 48, 49], "1": [2, 3, 4, 7, 8, 15, 17, 18, 21, 22, 28, 32, 38, 40, 45, 47], "2": [0, 1, 5, 6, 9, 10, 11, 12, 13, 14, 16, 19, 20, 23, 24, 25, 26, 27, 29, 30, 31, 33, 34, 35, 36, 37, 39, 41, 42, 43, 44, 46, 48, 49], "3": [3, 4, 7, 15, 17, 22, 28, 32, 38, 40, 45, 47], "4": [0, 1, 5, 9, 11, 12, 13, 19, 20, 24, 26, 27, 30, 31, 34, 36, 37, 39, 41, 42, 44, 46, 48, 49], "5": [2, 8, 18, 21], "6": [6, 10, 14, 16, 23, 25, 29, 33, 35, 43], "7": [3, 4, 7, 15, 17, 22, 28, 38, 40, 47], "8": [0, 1, 9, 12, 13, 19, 20, 24, 26, 27, 30, 34, 36, 37, 39, 41, 42, 44, 46, 48, 49], "9": [8, 21], "10": [10, 16, 23, 29, 43], "11": [32, 45], "12": [5, 11, 31], "13": [2, 18], "14": [6, 14, 25, 33, 35], "15": [3, 4, 7, 15, 22, 38, 40, 47], "16": [0, 1, 9, 13, 19, 24, 26, 27, 30, 34, 36, 37, 39, 41, 42, 44, 46, 49], "17": [], "18": [10, 16], "19": [], "20": [], "21": [], "22": [14, 25, 35], "23": [17, 28], "24": [12, 20, 48], "25": [], "26": [23, 29, 43], "27": [], "28": [5, 11], "29": [], "30": [6, 33], "31": [3, 4, 7, 15, 22, 38], "32": [0, 1, 9, 19, 24, 26, 27, 30, 34, 36, 37, 39, 41, 42, 44, 49], "33": [], "34": [], "35": [], "36": [], "37": [], "38": [14, 25], "39": [], "40": [12, 20], "41": [], "42": [29, 43], "43": [], "44": [], "45": [], "46": [], "47": [40, 47], "48": [13, 46]}, "join_predecessors": {"0": [1, 2], "1": [3, 5], "2": [4, 6], "3": [7, 11], "4": [8, 12], "5": [9, 13], "6": [10, 14], "7": [15, 23], "8": [16, 24], "9": [17, 25], "10": [18, 26], "11": [19, 27], "12": [20, 28], "13": [21, 29], "14": [22, 30], "15": [31, 47], "16": [32, 48], "17": [33], "18": [34], "19": [35], "20": [36], "21": [37], "22": [38], "23": [39], "24": [40], "25": [41], "26": [42], "27": [43], "28": [44], "29": [45], "30": [46], "31": [], "32": [], "33": [], "34": [], "35": [], "36": [], "37": [], "38": [], "39": [], "40": [], "41": [], "42": [], "43": [], "44": [], "45": [], "46": [], "47": [], "48": []}, "leaf_joins": [31, 32], "opt_time": 20.024455070495605, "status": 9, "intermediate_costs": [[[2, 3, 4, 7, 8, 15, 17, 18, 21, 22, 28, 32, 38, 40, 45, 47], 3.2163685455792505e+20], [[0, 1, 5, 6, 9, 10, 11, 12, 13, 14, 16, 19, 20, 23, 24, 25, 26, 27, 29, 30, 31, 33, 34, 35, 36, 37, 39, 41, 42, 43, 44, 46, 48, 49], 5.364684890165759e+35], [[3, 4, 7, 15, 17, 22, 28, 32, 38, 40, 45, 47], 365404256562.6089], [[0, 1, 5, 9, 11, 12, 13, 19, 20, 24, 26, 27, 30, 31, 34, 36, 37, 39, 41, 42, 44, 46, 48, 49], 1.759240943313615e+36], [[2, 8, 18, 21], 880221970.0], [[6, 10, 14, 16, 23, 25, 29, 33, 35, 43], 4.770513714510462e+25], [[3, 4, 7, 15, 17, 22, 28, 38, 40, 47], 0.713227456326763], [[0, 1, 9, 12, 13, 19, 20, 24, 26, 27, 30, 34, 36, 37, 39, 41, 42, 44, 46, 48, 49], 2.1692953348663052e+27], [[8, 21], 1181506.0], [[10, 16, 23, 29, 43], 288995.0456904665], [[32, 45], 512325000000.0], [[5, 11, 31], 810973459.9240439], [[2, 18], 745.0000000000001], [[6, 14, 25, 33, 35], 1.6507250853082133e+20], [[3, 4, 7, 15, 22, 38, 40, 47], 0.0690702260659221], [[0, 1, 9, 13, 19, 24, 26, 27, 30, 34, 36, 37, 39, 41, 42, 44, 46, 49], 5.215616237380448e+29], [[10, 16], 1718515000000.0], [[14, 25, 35], 117994818036000.0], [[17, 28], 29737323.0], [[12, 20, 48], 2100.8151286034868], [[23, 29, 43], 214094.49159347374], [[5, 11], 250532167.0], [[6, 33], 1398981.0], [[3, 4, 7, 15, 22, 38], 277900052857.2437], [[0, 1, 9, 19, 24, 26, 27, 30, 34, 36, 37, 39, 41, 42, 44, 49], 2.2752615869910765e+52], [[14, 25], 206645916.0], [[12, 20], 649.0], [[29, 43], 71891.0], [[40, 47], 1131.0], [[13, 46], 2852.0]]}