{"costs": 575273136, "root_join": 28, "join_operands": {"0": [26, 28], "1": [5, 26, 28], "2": [5, 11, 26, 28], "3": [0, 5, 11, 26, 28], "4": [0, 5, 11, 21, 26, 28], "5": [0, 5, 6, 11, 21, 26, 28], "6": [0, 5, 6, 9, 11, 21, 26, 28], "7": [0, 5, 6, 9, 11, 21, 24, 26, 28], "8": [0, 5, 6, 7, 9, 11, 21, 24, 26, 28], "9": [0, 4, 5, 6, 7, 9, 11, 21, 24, 26, 28], "10": [0, 3, 4, 5, 6, 7, 9, 11, 21, 24, 26, 28], "11": [0, 3, 4, 5, 6, 7, 9, 10, 11, 21, 24, 26, 28], "12": [0, 3, 4, 5, 6, 7, 8, 9, 10, 11, 21, 24, 26, 28], "13": [0, 3, 4, 5, 6, 7, 8, 9, 10, 11, 17, 21, 24, 26, 28], "14": [0, 2, 3, 4, 5, 6, 7, 8, 9, 10, 11, 17, 21, 24, 26, 28], "15": [0, 2, 3, 4, 5, 6, 7, 8, 9, 10, 11, 17, 21, 24, 25, 26, 28], "16": [0, 2, 3, 4, 5, 6, 7, 8, 9, 10, 11, 16, 17, 21, 24, 25, 26, 28], "17": [0, 2, 3, 4, 5, 6, 7, 8, 9, 10, 11, 16, 17, 21, 23, 24, 25, 26, 28], "18": [0, 2, 3, 4, 5, 6, 7, 8, 9, 10, 11, 16, 17, 19, 21, 23, 24, 25, 26, 28], "19": [0, 2, 3, 4, 5, 6, 7, 8, 9, 10, 11, 16, 17, 19, 21, 22, 23, 24, 25, 26, 28], "20": [0, 2, 3, 4, 5, 6, 7, 8, 9, 10, 11, 16, 17, 19, 21, 22, 23, 24, 25, 26, 27, 28], "21": [0, 1, 2, 3, 4, 5, 6, 7, 8, 9, 10, 11, 16, 17, 19, 21, 22, 23, 24, 25, 26, 27, 28], "22": [0, 1, 2, 3, 4, 5, 6, 7, 8, 9, 10, 11, 16, 17, 18, 19, 21, 22, 23, 24, 25, 26, 27, 28], "23": [0, 1, 2, 3, 4, 5, 6, 7, 8, 9, 10, 11, 15, 16, 17, 18, 19, 21, 22, 23, 24, 25, 26, 27, 28], "24": [0, 1, 2, 3, 4, 5, 6, 7, 8, 9, 10, 11, 12, 15, 16, 17, 18, 19, 21, 22, 23, 24, 25, 26, 27, 28], "25": [0, 1, 2, 3, 4, 5, 6, 7, 8, 9, 10, 11, 12, 15, 16, 17, 18, 19, 20, 21, 22, 23, 24, 25, 26, 27, 28], "26": [0, 1, 2, 3, 4, 5, 6, 7, 8, 9, 10, 11, 12, 14, 15, 16, 17, 18, 19, 20, 21, 22, 23, 24, 25, 26, 27, 28], "27": [0, 1, 2, 3, 4, 5, 6, 7, 8, 9, 10, 11, 12, 13, 14, 15, 16, 17, 18, 19, 20, 21, 22, 23, 24, 25, 26, 27, 28], "28": [0, 1, 2, 3, 4, 5, 6, 7, 8, 9, 10, 11, 12, 13, 14, 15, 16, 17, 18, 19, 20, 21, 22, 23, 24, 25, 26, 27, 28, 29]}, "join_predecessors": {"0": [], "1": [0], "2": [1], "3": [2], "4": [3], "5": [4], "6": [5], "7": [6], "8": [7], "9": [8], "10": [9], "11": [10], "12": [11], "13": [12], "14": [13], "15": [14], "16": [15], "17": [16], "18": [17], "19": [18], "20": [19], "21": [20], "22": [21], "23": [22], "24": [23], "25": [24], "26": [25], "27": [26], "28": [27]}, "intermediate_costs": [[[26, 28], 1106.0], [[5, 26, 28], 1065.0894386590585], [[5, 11, 26, 28], 1595.5214520478526], [[0, 5, 11, 26, 28], 2346.060003318374], [[0, 5, 11, 21, 26, 28], 310405.2928653014], [[0, 5, 6, 11, 21, 26, 28], 464992.2539322948], [[0, 5, 6, 9, 11, 21, 26, 28], 696566.0740548718], [[0, 5, 6, 9, 11, 21, 24, 26, 28], 924214.0513575714], [[0, 5, 6, 7, 9, 11, 21, 24, 26, 28], 1384472.6489336418], [[0, 4, 5, 6, 7, 9, 11, 21, 24, 26, 28], 3350843.054666778], [[0, 3, 4, 5, 6, 7, 9, 11, 21, 24, 26, 28], 445967701.5389248], [[0, 3, 4, 5, 6, 7, 9, 10, 11, 21, 24, 26, 28], 1166160.0965750804], [[0, 3, 4, 5, 6, 7, 8, 9, 10, 11, 21, 24, 26, 28], 1746926.9420481026], [[0, 3, 4, 5, 6, 7, 8, 9, 10, 11, 17, 21, 24, 26, 28], 2616925.4086491526], [[0, 2, 3, 4, 5, 6, 7, 8, 9, 10, 11, 17, 21, 24, 26, 28], 15439.85991103], [[0, 2, 3, 4, 5, 6, 7, 8, 9, 10, 11, 17, 21, 24, 25, 26, 28], 23128.910146722937], [[0, 2, 3, 4, 5, 6, 7, 8, 9, 10, 11, 16, 17, 21, 24, 25, 26, 28], 34647.48936000772], [[0, 2, 3, 4, 5, 6, 7, 8, 9, 10, 11, 16, 17, 21, 23, 24, 25, 26, 28], 4171577.8745834064], [[0, 2, 3, 4, 5, 6, 7, 8, 9, 10, 11, 16, 17, 19, 21, 23, 24, 25, 26, 28], 86617663.06842875], [[0, 2, 3, 4, 5, 6, 7, 8, 9, 10, 11, 16, 17, 19, 21, 22, 23, 24, 25, 26, 28], 1399360.4236736072], [[0, 2, 3, 4, 5, 6, 7, 8, 9, 10, 11, 16, 17, 19, 21, 22, 23, 24, 25, 26, 27, 28], 15774771.87622157], [[0, 1, 2, 3, 4, 5, 6, 7, 8, 9, 10, 11, 16, 17, 19, 21, 22, 23, 24, 25, 26, 27, 28], 2035.6683337536872], [[0, 1, 2, 3, 4, 5, 6, 7, 8, 9, 10, 11, 16, 17, 18, 19, 21, 22, 23, 24, 25, 26, 27, 28], 3049.464535575052], [[0, 1, 2, 3, 4, 5, 6, 7, 8, 9, 10, 11, 15, 16, 17, 18, 19, 21, 22, 23, 24, 25, 26, 27, 28], 23989.49473013799], [[0, 1, 2, 3, 4, 5, 6, 7, 8, 9, 10, 11, 12, 15, 16, 17, 18, 19, 21, 22, 23, 24, 25, 26, 27, 28], 81946.85103959375], [[0, 1, 2, 3, 4, 5, 6, 7, 8, 9, 10, 11, 12, 15, 16, 17, 18, 19, 20, 21, 22, 23, 24, 25, 26, 27, 28], 119037.79919426423], [[0, 1, 2, 3, 4, 5, 6, 7, 8, 9, 10, 11, 12, 14, 15, 16, 17, 18, 19, 20, 21, 22, 23, 24, 25, 26, 27, 28], 1804893.2985944354], [[0, 1, 2, 3, 4, 5, 6, 7, 8, 9, 10, 11, 12, 13, 14, 15, 16, 17, 18, 19, 20, 21, 22, 23, 24, 25, 26, 27, 28], 6566274.112407995]]}