{"costs": 11392380, "root_join": 1, "join_operands": {"0": [0, 2], "1": [0, 1, 2, 3, 4, 5, 6, 7, 8, 9, 10, 11, 12, 13, 14, 15, 16, 17, 18, 19, 20, 21, 22, 23, 24, 25, 26, 27, 28, 29], "2": [1, 3, 4, 5, 6, 7, 8, 9, 10, 11, 12, 13, 14, 15, 16, 17, 18, 19, 20, 21, 22, 23, 24, 25, 26, 27, 28, 29], "3": [5, 6, 19, 28], "4": [5, 19, 28], "5": [5, 19], "6": [5, 6, 7, 19, 28], "7": [3, 4, 5, 6, 7, 16, 19, 28], "8": [3, 4, 16], "9": [3, 4], "10": [3, 4, 5, 6, 7, 16, 19, 28, 29], "11": [3, 4, 5, 6, 7, 14, 16, 19, 28, 29], "12": [3, 4, 5, 6, 7, 11, 14, 16, 19, 28, 29], "13": [3, 4, 5, 6, 7, 11, 14, 16, 19, 24, 28, 29], "14": [3, 4, 5, 6, 7, 11, 12, 14, 16, 19, 24, 28, 29], "15": [3, 4, 5, 6, 7, 11, 12, 14, 16, 19, 23, 24, 28, 29], "16": [3, 4, 5, 6, 7, 11, 12, 13, 14, 16, 19, 23, 24, 28, 29], "17": [3, 4, 5, 6, 7, 10, 11, 12, 13, 14, 16, 19, 23, 24, 28, 29], "18": [3, 4, 5, 6, 7, 10, 11, 12, 13, 14, 16, 19, 23, 24, 26, 28, 29], "19": [3, 4, 5, 6, 7, 8, 10, 11, 12, 13, 14, 16, 19, 23, 24, 26, 28, 29], "20": [3, 4, 5, 6, 7, 8, 10, 11, 12, 13, 14, 16, 19, 23, 24, 26, 27, 28, 29], "21": [3, 4, 5, 6, 7, 8, 10, 11, 12, 13, 14, 15, 16, 19, 23, 24, 26, 27, 28, 29], "22": [3, 4, 5, 6, 7, 8, 10, 11, 12, 13, 14, 15, 16, 19, 23, 24, 25, 26, 27, 28, 29], "23": [3, 4, 5, 6, 7, 8, 10, 11, 12, 13, 14, 15, 16, 18, 19, 23, 24, 25, 26, 27, 28, 29], "24": [3, 4, 5, 6, 7, 8, 10, 11, 12, 13, 14, 15, 16, 18, 19, 22, 23, 24, 25, 26, 27, 28, 29], "25": [3, 4, 5, 6, 7, 8, 10, 11, 12, 13, 14, 15, 16, 18, 19, 21, 22, 23, 24, 25, 26, 27, 28, 29], "26": [3, 4, 5, 6, 7, 8, 10, 11, 12, 13, 14, 15, 16, 18, 19, 20, 21, 22, 23, 24, 25, 26, 27, 28, 29], "27": [3, 4, 5, 6, 7, 8, 10, 11, 12, 13, 14, 15, 16, 17, 18, 19, 20, 21, 22, 23, 24, 25, 26, 27, 28, 29], "28": [1, 3, 4, 5, 6, 7, 8, 10, 11, 12, 13, 14, 15, 16, 17, 18, 19, 20, 21, 22, 23, 24, 25, 26, 27, 28, 29]}, "join_predecessors": {"0": [], "1": [0, 2], "3": [4], "4": [5], "5": [], "6": [3], "7": [6, 8], "8": [9], "9": [], "10": [7], "11": [10], "12": [11], "13": [12], "14": [13], "15": [14], "16": [15], "17": [16], "18": [17], "19": [18], "20": [19], "21": [20], "22": [21], "23": [22], "24": [23], "25": [24], "26": [25], "27": [26], "28": [27], "2": [28]}, "intermediate_costs": [[[0, 2], 989497.0], [[1, 3, 4, 5, 6, 7, 8, 9, 10, 11, 12, 13, 14, 15, 16, 17, 18, 19, 20, 21, 22, 23, 24, 25, 26, 27, 28, 29], 3878597.128453437], [[5, 6, 19, 28], 462.7943059120358], [[5, 19, 28], 1538.8127102803737], [[5, 19], 160.0], [[5, 6, 7, 19, 28], 738.9591761328215], [[3, 4, 5, 6, 7, 16, 19, 28], 32.28727934941983], [[3, 4, 16], 12505.301861111111], [[3, 4], 8169.0], [[3, 4, 5, 6, 7, 16, 19, 28, 29], 1086.047517226709], [[3, 4, 5, 6, 7, 14, 16, 19, 28, 29], 1741.7196194338255], [[3, 4, 5, 6, 7, 11, 14, 16, 19, 28, 29], 68944.17714541202], [[3, 4, 5, 6, 7, 11, 14, 16, 19, 24, 28, 29], 3255.473105460097], [[3, 4, 5, 6, 7, 11, 12, 14, 16, 19, 24, 28, 29], 3729.1978223838832], [[3, 4, 5, 6, 7, 11, 12, 14, 16, 19, 23, 24, 28, 29], 5695.810758133753], [[3, 4, 5, 6, 7, 11, 12, 13, 14, 16, 19, 23, 24, 28, 29], 9134.505906700257], [[3, 4, 5, 6, 7, 10, 11, 12, 13, 14, 16, 19, 23, 24, 28, 29], 14224.607071277182], [[3, 4, 5, 6, 7, 10, 11, 12, 13, 14, 16, 19, 23, 24, 26, 28, 29], 22812.29297045921], [[3, 4, 5, 6, 7, 8, 10, 11, 12, 13, 14, 16, 19, 23, 24, 26, 28, 29], 35582.29320284096], [[3, 4, 5, 6, 7, 8, 10, 11, 12, 13, 14, 16, 19, 23, 24, 26, 27, 28, 29], 56313.254385314765], [[3, 4, 5, 6, 7, 8, 10, 11, 12, 13, 14, 15, 16, 19, 23, 24, 26, 27, 28, 29], 89165.24813573934], [[3, 4, 5, 6, 7, 8, 10, 11, 12, 13, 14, 15, 16, 19, 23, 24, 25, 26, 27, 28, 29], 142157.6820341198], [[3, 4, 5, 6, 7, 8, 10, 11, 12, 13, 14, 15, 16, 18, 19, 23, 24, 25, 26, 27, 28, 29], 227981.17897484763], [[3, 4, 5, 6, 7, 8, 10, 11, 12, 13, 14, 15, 16, 18, 19, 22, 23, 24, 25, 26, 27, 28, 29], 365618.07440196373], [[3, 4, 5, 6, 7, 8, 10, 11, 12, 13, 14, 15, 16, 18, 19, 21, 22, 23, 24, 25, 26, 27, 28, 29], 586349.8307645271], [[3, 4, 5, 6, 7, 8, 10, 11, 12, 13, 14, 15, 16, 18, 19, 20, 21, 22, 23, 24, 25, 26, 27, 28, 29], 940342.7356756246], [[3, 4, 5, 6, 7, 8, 10, 11, 12, 13, 14, 15, 16, 17, 18, 19, 20, 21, 22, 23, 24, 25, 26, 27, 28, 29], 1508049.7566213314], [[1, 3, 4, 5, 6, 7, 8, 10, 11, 12, 13, 14, 15, 16, 17, 18, 19, 20, 21, 22, 23, 24, 25, 26, 27, 28, 29], 2418494.8552951417]]}