{"costs": 1713139.803743804, "join_operands": {"0": [0, 1, 2, 3, 4, 5, 6, 7, 8, 9, 10, 11, 12, 13, 14, 15, 16, 17, 18, 19], "1": [0, 1, 2, 3, 4, 5, 6, 7, 8, 9, 10, 12, 13, 14, 16, 17, 18, 19], "2": [11, 15], "3": [0, 1, 2, 3, 4, 5, 6, 7, 8, 9, 10, 12, 13, 14, 17, 18, 19], "4": [], "5": [], "6": [], "7": [0, 1, 2, 3, 4, 5, 6, 8, 9, 10, 12, 13, 14, 17, 18, 19], "8": [], "9": [], "10": [], "11": [], "12": [], "13": [], "14": [], "15": [0, 2, 3, 4, 5, 6, 8, 9, 10, 12, 13, 14, 17, 18, 19], "16": [], "17": [], "18": []}, "join_predecessors": {"0": [1, 2], "1": [3, 5], "2": [4, 6], "3": [7, 11], "4": [8, 12], "5": [9, 13], "6": [10, 14], "7": [15], "8": [16], "9": [17], "10": [18], "11": [], "12": [], "13": [], "14": [], "15": [], "16": [], "17": [], "18": []}, "leaf_joins": [15, 16], "opt_time": 3.2564220428466797, "status": 2, "intermediate_costs": [[[0, 1, 2, 3, 4, 5, 6, 7, 8, 9, 10, 12, 13, 14, 16, 17, 18, 19], 791579.5350289209], [[11, 15], 616333.0], [[0, 1, 2, 3, 4, 5, 6, 7, 8, 9, 10, 12, 13, 14, 17, 18, 19], 223946.2227243994], [[0, 1, 2, 3, 4, 5, 6, 8, 9, 10, 12, 13, 14, 17, 18, 19], 63356.75501097179], [[0, 2, 3, 4, 5, 6, 8, 9, 10, 12, 13, 14, 17, 18, 19], 17924.290979512083]]}