{"costs": 1123475, "root_join": 0, "join_operands": {"0": [0, 1, 2, 3, 4, 5, 6, 7, 8, 9, 10, 11, 12, 13, 14, 15, 16, 17, 18, 19], "1": [0, 1, 2, 3, 4, 5, 6, 7, 8, 9, 10, 11, 13, 14, 15, 16, 17, 18, 19], "2": [], "3": [0, 1, 2, 4, 5, 6, 7, 8, 9, 10, 11, 13, 14, 15, 16, 17, 18, 19], "4": [], "5": [], "6": [], "7": [0, 1, 2, 4, 5, 6, 7, 8, 10, 11, 13, 14, 15, 16, 17, 18, 19], "8": [], "9": [], "10": [], "11": [], "12": [], "13": [], "14": [], "15": [0, 1, 2, 4, 5, 6, 7, 8, 10, 11, 13, 14, 15, 16, 17, 19], "16": [], "17": [], "18": [], "19": [0, 1, 2, 4, 5, 7, 8, 10, 11, 13, 15, 16, 17, 19], "20": [1, 2, 4, 5, 7, 8, 10, 11, 13, 15, 16, 17, 19], "21": [1, 2, 4, 7, 8, 10, 11, 16, 19], "22": [2, 4, 7, 8, 10, 11, 16, 19], "23": [2, 7, 8, 11, 19], "24": [7, 8, 11, 19], "25": [7, 8, 11], "26": [8, 11], "27": [2, 7, 8, 10, 11, 19], "28": [2, 7, 8, 10, 11, 16, 19], "29": [1, 2, 4, 7, 8, 10, 11, 13, 16, 19], "30": [1, 2, 4, 7, 8, 10, 11, 13, 15, 16, 19], "31": [1, 2, 4, 5, 7, 8, 10, 11, 13, 15, 16, 19], "32": [0, 1, 2, 4, 5, 7, 8, 10, 11, 13, 14, 15, 16, 17, 19]}, "join_predecessors": {"0": [1], "1": [3], "2": [], "3": [7], "4": [], "5": [], "6": [], "7": [15], "8": [], "9": [], "10": [], "11": [], "12": [], "13": [], "14": [], "15": [32], "16": [], "17": [], "18": [], "19": [20], "21": [22], "23": [24], "25": [26], "26": [], "24": [25], "27": [23], "28": [27], "22": [28], "29": [21], "30": [29], "31": [30], "20": [31], "32": [19]}, "intermediate_costs": [[[0, 1, 2, 3, 4, 5, 6, 7, 8, 9, 10, 11, 13, 14, 15, 16, 17, 18, 19], 196758.4461788946], [[0, 1, 2, 4, 5, 6, 7, 8, 9, 10, 11, 13, 14, 15, 16, 17, 18, 19], 166214.08411372695], [[0, 1, 2, 4, 5, 6, 7, 8, 10, 11, 13, 14, 15, 16, 17, 18, 19], 140411.36362092008], [[0, 1, 2, 4, 5, 6, 7, 8, 10, 11, 13, 14, 15, 16, 17, 19], 118614.2026258495], [[0, 1, 2, 4, 5, 7, 8, 10, 11, 13, 15, 16, 17, 19], 84645.88122336025], [[1, 2, 4, 5, 7, 8, 10, 11, 13, 15, 16, 17, 19], 71506.20104720865], [[1, 2, 4, 7, 8, 10, 11, 16, 19], 73395.97002147703], [[2, 4, 7, 8, 10, 11, 16, 19], 2753.7675475538285], [[2, 7, 8, 11, 19], 10.610611190571808], [[7, 8, 11, 19], 8.96344267649184], [[7, 8, 11], 8.286314814814814], [[8, 11], 7.0], [[2, 7, 8, 10, 11, 19], 12.560461146997733], [[2, 7, 8, 10, 11, 16, 19], 14.868636350474004], [[1, 2, 4, 7, 8, 10, 11, 13, 16, 19], 57476.81792985945], [[1, 2, 4, 7, 8, 10, 11, 13, 15, 16, 19], 51029.28174978085], [[1, 2, 4, 5, 7, 8, 10, 11, 13, 15, 16, 19], 60406.20895317372], [[0, 1, 2, 4, 5, 7, 8, 10, 11, 13, 14, 15, 16, 17, 19], 100200.82710392773]]}