{"costs": 15781289, "root_join": 18, "join_operands": {"0": [3, 18], "1": [3, 10, 18], "2": [3, 9, 10, 18], "3": [3, 6, 9, 10, 18], "4": [3, 6, 9, 10, 12, 18], "5": [3, 6, 9, 10, 11, 12, 18], "6": [3, 6, 9, 10, 11, 12, 13, 18], "7": [3, 6, 9, 10, 11, 12, 13, 14, 18], "8": [1, 3, 6, 9, 10, 11, 12, 13, 14, 18], "9": [1, 3, 6, 9, 10, 11, 12, 13, 14, 18, 19], "10": [1, 3, 6, 9, 10, 11, 12, 13, 14, 16, 18, 19], "11": [1, 3, 6, 7, 9, 10, 11, 12, 13, 14, 16, 18, 19], "12": [1, 3, 6, 7, 9, 10, 11, 12, 13, 14, 15, 16, 18, 19], "13": [1, 3, 4, 6, 7, 9, 10, 11, 12, 13, 14, 15, 16, 18, 19], "14": [0, 1, 3, 4, 6, 7, 9, 10, 11, 12, 13, 14, 15, 16, 18, 19], "15": [0, 1, 2, 3, 4, 6, 7, 9, 10, 11, 12, 13, 14, 15, 16, 18, 19], "16": [0, 1, 2, 3, 4, 6, 7, 8, 9, 10, 11, 12, 13, 14, 15, 16, 18, 19], "17": [0, 1, 2, 3, 4, 5, 6, 7, 8, 9, 10, 11, 12, 13, 14, 15, 16, 18, 19], "18": [0, 1, 2, 3, 4, 5, 6, 7, 8, 9, 10, 11, 12, 13, 14, 15, 16, 17, 18, 19]}, "join_predecessors": {"0": [], "1": [0], "2": [1], "3": [2], "4": [3], "5": [4], "6": [5], "7": [6], "8": [7], "9": [8], "10": [9], "11": [10], "12": [11], "13": [12], "14": [13], "15": [14], "16": [15], "17": [16], "18": [17]}, "intermediate_costs": [[[3, 18], 777.0], [[3, 10, 18], 0.09171848433678817], [[3, 9, 10, 18], 0.4286579766614351], [[3, 6, 9, 10, 18], 2.0033878591998535], [[3, 6, 9, 10, 12, 18], 104.2170883434978], [[3, 6, 9, 10, 11, 12, 18], 91.06726209012301], [[3, 6, 9, 10, 11, 12, 13, 18], 425.61447694645756], [[3, 6, 9, 10, 11, 12, 13, 14, 18], 1989.1636113732084], [[1, 3, 6, 9, 10, 11, 12, 13, 14, 18], 6.779394348965832], [[1, 3, 6, 9, 10, 11, 12, 13, 14, 18, 19], 31.684365256702616], [[1, 3, 6, 9, 10, 11, 12, 13, 14, 16, 18, 19], 148.08092729895324], [[1, 3, 6, 7, 9, 10, 11, 12, 13, 14, 16, 18, 19], 692.075134689975], [[1, 3, 6, 7, 9, 10, 11, 12, 13, 14, 15, 16, 18, 19], 3234.5015714899087], [[1, 3, 4, 6, 7, 9, 10, 11, 12, 13, 14, 15, 16, 18, 19], 15042.020362197058], [[0, 1, 3, 4, 6, 7, 9, 10, 11, 12, 13, 14, 15, 16, 18, 19], 70300.80242064652], [[0, 1, 2, 3, 4, 6, 7, 9, 10, 11, 12, 13, 14, 15, 16, 18, 19], 13090513.544207228], [[0, 1, 2, 3, 4, 6, 7, 8, 9, 10, 11, 12, 13, 14, 15, 16, 18, 19], 460666.7576762331], [[0, 1, 2, 3, 4, 5, 6, 7, 8, 9, 10, 11, 12, 13, 14, 15, 16, 18, 19], 2137263.4222388836]]}