{"costs": 2893406, "root_join": 18, "join_operands": {"0": [0, 1, 4, 14, 15], "1": [1, 4, 14, 15], "2": [1, 14, 15], "3": [1, 14], "4": [0, 1, 3, 4, 9, 10, 11, 12, 14, 15, 16, 18, 19], "5": [3, 9, 10, 11, 12, 16, 18, 19], "6": [3, 9, 10, 11, 12, 18], "7": [3, 9, 10, 12, 18], "8": [3, 9, 10, 18], "9": [3, 10, 18], "10": [3, 18], "11": [3, 9, 10, 11, 12, 18, 19], "12": [0, 1, 3, 4, 6, 9, 10, 11, 12, 14, 15, 16, 18, 19], "13": [0, 1, 3, 4, 6, 9, 10, 11, 12, 13, 14, 15, 16, 18, 19], "14": [0, 1, 3, 4, 6, 7, 9, 10, 11, 12, 13, 14, 15, 16, 18, 19], "15": [0, 1, 2, 3, 4, 5, 6, 7, 8, 9, 10, 11, 12, 13, 14, 15, 16, 18, 19], "16": [2, 5, 8], "17": [2, 8], "18": [0, 1, 2, 3, 4, 5, 6, 7, 8, 9, 10, 11, 12, 13, 14, 15, 16, 17, 18, 19]}, "join_predecessors": {"0": [1], "2": [3], "3": [], "1": [2], "4": [0, 5], "6": [7], "7": [8], "9": [10], "10": [], "8": [9], "11": [6], "5": [11], "12": [4], "13": [12], "14": [13], "15": [14, 16], "17": [], "16": [17], "18": [15]}, "intermediate_costs": [[[0, 1, 4, 14, 15], 50891.4426300282], [[1, 4, 14, 15], 10889.066553209728], [[1, 14, 15], 2341.4875149970007], [[1, 14], 500.99999999999994], [[0, 1, 3, 4, 9, 10, 11, 12, 14, 15, 16, 18, 19], 688.6490009921157], [[3, 9, 10, 11, 12, 16, 18, 19], 425.6144657455974], [[3, 9, 10, 11, 12, 18], 19.485347347188117], [[3, 9, 10, 12, 18], 22.298970225721668], [[3, 9, 10, 18], 0.4286579766614351], [[3, 10, 18], 0.09171848433678817], [[3, 18], 777.0], [[3, 9, 10, 11, 12, 18, 19], 91.0672592155977], [[0, 1, 3, 4, 6, 9, 10, 11, 12, 14, 15, 16, 18, 19], 3218.4891520807505], [[0, 1, 3, 4, 6, 9, 10, 11, 12, 13, 14, 15, 16, 18, 19], 15042.019992487138], [[0, 1, 3, 4, 6, 7, 9, 10, 11, 12, 13, 14, 15, 16, 18, 19], 70300.80242064652], [[0, 1, 2, 3, 4, 5, 6, 7, 8, 9, 10, 11, 12, 13, 14, 15, 16, 18, 19], 2137263.4222388836], [[2, 5, 8], 494375.841], [[2, 8], 106558.0]]}