{"costs": 6204416, "root_join": 0, "join_operands": {"0": [0, 1, 2, 3, 4, 5, 6, 7, 8, 9, 10, 11, 12, 13, 14, 15, 16, 17, 18, 19, 20, 21, 22, 23, 24, 25, 26, 27, 28, 29], "1": [0, 1, 2, 3, 4, 5, 7, 8, 10, 11, 12, 13, 14, 15, 16, 17, 19, 21, 22, 23, 24, 25, 26, 27, 28, 29], "2": [6, 9, 18, 20], "3": [0, 1, 2, 3, 4, 5, 7, 10, 11, 12, 13, 14, 15, 16, 17, 19, 21, 22, 23, 24, 25, 27, 28, 29], "4": [6, 9, 18], "5": [8, 26], "6": [], "7": [0, 25, 29], "8": [25, 29], "9": [0, 3, 25, 29], "10": [0, 3, 25, 28, 29], "11": [0, 3, 7, 10, 11, 15, 19, 22, 23, 25, 28, 29], "12": [7, 10, 11, 15, 19, 22, 23], "13": [7, 10, 23], "14": [10, 23], "15": [7, 10, 11, 23], "16": [7, 10, 11, 15, 23], "17": [7, 10, 11, 15, 19, 23], "18": [0, 3, 4, 7, 10, 11, 15, 19, 22, 23, 25, 28, 29], "19": [0, 3, 4, 7, 10, 11, 15, 17, 19, 22, 23, 25, 28, 29], "20": [0, 3, 4, 7, 10, 11, 13, 15, 17, 19, 22, 23, 25, 28, 29], "21": [0, 3, 4, 5, 7, 10, 11, 13, 15, 17, 19, 22, 23, 25, 28, 29], "22": [0, 3, 4, 5, 7, 10, 11, 13, 14, 15, 17, 19, 22, 23, 25, 28, 29], "23": [0, 3, 4, 5, 7, 10, 11, 13, 14, 15, 16, 17, 19, 22, 23, 25, 28, 29], "24": [0, 2, 3, 4, 5, 7, 10, 11, 13, 14, 15, 16, 17, 19, 22, 23, 25, 28, 29], "25": [0, 2, 3, 4, 5, 7, 10, 11, 13, 14, 15, 16, 17, 19, 22, 23, 25, 27, 28, 29], "26": [0, 2, 3, 4, 5, 7, 10, 11, 12, 13, 14, 15, 16, 17, 19, 22, 23, 25, 27, 28, 29], "27": [0, 2, 3, 4, 5, 7, 10, 11, 12, 13, 14, 15, 16, 17, 19, 21, 22, 23, 25, 27, 28, 29], "28": [0, 2, 3, 4, 5, 7, 10, 11, 12, 13, 14, 15, 16, 17, 19, 21, 22, 23, 24, 25, 27, 28, 29], "30": [9, 18]}, "join_predecessors": {"0": [1, 2], "1": [3, 5], "2": [4], "3": [28], "4": [30], "5": [], "6": [], "7": [8], "8": [], "9": [7], "10": [9], "11": [10, 12], "13": [14], "14": [], "15": [13], "16": [15], "17": [16], "12": [17], "18": [11], "19": [18], "20": [19], "21": [20], "22": [21], "23": [22], "24": [23], "25": [24], "26": [25], "27": [26], "28": [27], "30": []}, "intermediate_costs": [[[0, 1, 2, 3, 4, 5, 7, 8, 10, 11, 12, 13, 14, 15, 16, 17, 19, 21, 22, 23, 24, 25, 26, 27, 28, 29], 3684130.2648360087], [[6, 9, 18, 20], 200659.49036453394], [[0, 1, 2, 3, 4, 5, 7, 10, 11, 12, 13, 14, 15, 16, 17, 19, 21, 22, 23, 24, 25, 27, 28, 29], 1014610.4201357744], [[6, 9, 18], 105302.6938275862], [[8, 26], 36205.0], [[0, 25, 29], 0.31584679607597577], [[25, 29], 887.0], [[0, 3, 25, 29], 165.36235041032413], [[0, 3, 25, 28, 29], 289.1566473861762], [[0, 3, 7, 10, 11, 15, 19, 22, 23, 25, 28, 29], 59.107586792471956], [[7, 10, 11, 15, 19, 22, 23], 9118.178840498847], [[7, 10, 23], 721.2747540983607], [[10, 23], 5760.0], [[7, 10, 11, 23], 1.717272658727478], [[7, 10, 11, 15, 23], 2668.0583209999813], [[7, 10, 11, 15, 19, 23], 5084.124578822751], [[0, 3, 4, 7, 10, 11, 15, 19, 22, 23, 25, 28, 29], 108.60967224356378], [[0, 3, 4, 7, 10, 11, 15, 17, 19, 22, 23, 25, 28, 29], 203.87217924129249], [[0, 3, 4, 7, 10, 11, 13, 15, 17, 19, 22, 23, 25, 28, 29], 387.95250786890495], [[0, 3, 4, 5, 7, 10, 11, 13, 15, 17, 19, 22, 23, 25, 28, 29], 739.2625833757328], [[0, 3, 4, 5, 7, 10, 11, 13, 14, 15, 17, 19, 22, 23, 25, 28, 29], 1408.7034907602354], [[0, 3, 4, 5, 7, 10, 11, 13, 14, 15, 16, 17, 19, 22, 23, 25, 28, 29], 2684.3581302060643], [[0, 2, 3, 4, 5, 7, 10, 11, 13, 14, 15, 16, 17, 19, 22, 23, 25, 28, 29], 42565.641564839294], [[0, 2, 3, 4, 5, 7, 10, 11, 13, 14, 15, 16, 17, 19, 22, 23, 25, 27, 28, 29], 75703.63292111595], [[0, 2, 3, 4, 5, 7, 10, 11, 12, 13, 14, 15, 16, 17, 19, 22, 23, 25, 27, 28, 29], 147043.26006721056], [[0, 2, 3, 4, 5, 7, 10, 11, 12, 13, 14, 15, 16, 17, 19, 21, 22, 23, 25, 27, 28, 29], 280198.51639464154], [[0, 2, 3, 4, 5, 7, 10, 11, 12, 13, 14, 15, 16, 17, 19, 21, 22, 23, 24, 25, 27, 28, 29], 532449.7281234695], [[9, 18], 55261.0]]}