{"costs": 3383, "join_operands": {"0": [0, 1, 2, 3], "1": [0, 1], "2": [2, 3], "3": []}, "join_predecessors": {"0": [1, 2], "1": [3], "2": [], "3": []}, "leaf_joins": [], "opt_time": 0.021316051483154297, "status": 2, "intermediate_costs": [[[0, 1], 82.35], [[2, 3], 3301.06455525]]}