{"costs": 1697900, "root_join": 1, "join_operands": {"0": [1, 12], "1": [0, 1, 2, 3, 4, 5, 6, 7, 8, 9, 10, 11, 12, 13, 14, 15, 16, 17, 18, 19], "2": [0, 2, 3, 4, 5, 6, 7, 8, 9, 10, 11, 13, 14, 15, 16, 17, 18, 19], "3": [0, 15], "4": [0, 3, 6, 9, 14, 15, 17, 19], "5": [3, 6, 9, 14, 17, 19], "6": [3, 6, 9, 14, 19], "7": [3, 6, 14, 19], "8": [3, 14], "9": [3, 14, 19], "10": [0, 3, 6, 8, 9, 14, 15, 17, 19], "11": [0, 3, 6, 8, 9, 13, 14, 15, 17, 19], "12": [0, 3, 5, 6, 8, 9, 13, 14, 15, 17, 19], "13": [0, 2, 3, 5, 6, 8, 9, 13, 14, 15, 17, 19], "14": [0, 2, 3, 5, 6, 8, 9, 11, 13, 14, 15, 17, 19], "15": [0, 2, 3, 4, 5, 6, 8, 9, 11, 13, 14, 15, 17, 19], "16": [0, 2, 3, 4, 5, 6, 8, 9, 11, 13, 14, 15, 16, 17, 19], "17": [0, 2, 3, 4, 5, 6, 8, 9, 11, 13, 14, 15, 16, 17, 18, 19], "18": [0, 2, 3, 4, 5, 6, 7, 8, 9, 11, 13, 14, 15, 16, 17, 18, 19]}, "join_predecessors": {"0": [], "1": [0, 2], "3": [], "4": [3, 5], "5": [6], "6": [7], "8": [], "9": [8], "7": [9], "10": [4], "11": [10], "12": [11], "13": [12], "14": [13], "15": [14], "16": [15], "17": [16], "18": [17], "2": [18]}, "intermediate_costs": [[[1, 12], 523183.0], [[0, 2, 3, 4, 5, 6, 7, 8, 9, 10, 11, 13, 14, 15, 16, 17, 18, 19], 830720.7616850482], [[0, 15], 397.00000000000006], [[0, 3, 6, 9, 14, 15, 17, 19], 5.614464458847933], [[3, 6, 9, 14, 17, 19], 1612.2707324705605], [[3, 6, 9, 14, 19], 335.6395941560199], [[3, 6, 14, 19], 8.067486213343178], [[3, 14], 894.0], [[3, 14, 19], 3050.231928358209], [[0, 3, 6, 8, 9, 14, 15, 17, 19], 14.721144800268815], [[0, 3, 6, 8, 9, 13, 14, 15, 17, 19], 50.64648402604216], [[0, 3, 5, 6, 8, 9, 13, 14, 15, 17, 19], 175.4794436554989], [[0, 2, 3, 5, 6, 8, 9, 13, 14, 15, 17, 19], 607.9994683505428], [[0, 2, 3, 5, 6, 8, 9, 11, 13, 14, 15, 17, 19], 1755.4915019927603], [[0, 2, 3, 4, 5, 6, 8, 9, 11, 13, 14, 15, 17, 19], 5913.452245206364], [[0, 2, 3, 4, 5, 6, 8, 9, 11, 13, 14, 15, 16, 17, 19], 20215.68693756967], [[0, 2, 3, 4, 5, 6, 8, 9, 11, 13, 14, 15, 16, 17, 18, 19], 69199.22168242448], [[0, 2, 3, 4, 5, 6, 7, 8, 9, 11, 13, 14, 15, 16, 17, 18, 19], 239760.7625336524]]}