{"costs": 1693316726, "root_join": 31, "join_operands": {"0": [0, 18], "1": [0, 1, 3, 4, 6, 8, 9, 10, 11, 12, 13, 14, 15, 16, 18, 20, 21, 23, 25, 26, 27, 28, 29, 31, 32, 33, 34, 35, 36, 37, 38, 39], "2": [1, 3, 4, 6, 8, 9, 10, 11, 12, 13, 14, 15, 16, 20, 21, 23, 25, 26, 27, 28, 29, 31, 32, 33, 34, 35, 36, 37, 38, 39], "3": [3, 4, 10, 12, 13, 32, 33, 36], "4": [3, 4, 10, 12, 13, 32, 36], "5": [3, 10, 12, 32], "6": [10, 12, 32], "7": [10, 12], "8": [3, 4, 10, 12, 32], "9": [3, 4, 10, 12, 13, 32], "10": [1, 6, 8, 9, 11, 14, 15, 16, 20, 21, 23, 25, 26, 27, 28, 29, 31, 34, 35, 37, 38, 39], "11": [1, 21], "12": [6, 8, 9, 11, 14, 15, 16, 20, 23, 25, 26, 27, 28, 29, 31, 34, 35, 37, 38, 39], "13": [6, 39], "14": [6, 11, 23, 26, 37, 38, 39], "15": [11, 23, 26, 37, 38], "16": [11, 23, 37, 38], "17": [23, 37, 38], "18": [37, 38], "19": [6, 11, 23, 26, 27, 29, 31, 34, 37, 38, 39], "20": [27, 29, 31, 34], "21": [29, 31, 34], "22": [31, 34], "23": [8, 9, 14, 15, 16, 20, 25, 28, 35], "24": [8, 9, 35], "25": [8, 35], "26": [8, 9, 16, 35], "27": [8, 9, 14, 16, 35], "28": [8, 9, 14, 16, 20, 35], "29": [8, 9, 14, 15, 16, 20, 35], "30": [8, 9, 14, 15, 16, 20, 25, 35], "31": [0, 1, 2, 3, 4, 5, 6, 7, 8, 9, 10, 11, 12, 13, 14, 15, 16, 17, 18, 19, 20, 21, 22, 23, 24, 25, 26, 27, 28, 29, 30, 31, 32, 33, 34, 35, 36, 37, 38, 39], "32": [2, 5, 7, 17, 19, 22, 24, 30], "33": [2, 19], "34": [5, 7, 17, 22, 24, 30], "35": [7, 17], "36": [7, 17, 30], "37": [7, 17, 22, 30], "38": [5, 24]}, "join_predecessors": {"0": [], "1": [0, 2], "3": [4], "5": [6], "6": [7], "7": [], "8": [5], "9": [8], "4": [9], "2": [3, 10], "11": [], "10": [11, 12], "13": [], "14": [13, 15], "16": [17], "17": [18], "18": [], "15": [16], "19": [14, 20], "20": [21], "22": [], "21": [22], "12": [19, 23], "24": [25], "25": [], "26": [24], "27": [26], "28": [27], "29": [28], "30": [29], "23": [30], "31": [1, 32], "33": [], "32": [33, 34], "35": [], "36": [35], "37": [36], "34": [37, 38], "38": []}, "intermediate_costs": [[[0, 18], 55844642.0], [[0, 1, 3, 4, 6, 8, 9, 10, 11, 12, 13, 14, 15, 16, 18, 20, 21, 23, 25, 26, 27, 28, 29, 31, 32, 33, 34, 35, 36, 37, 38, 39], 623460922.0895636], [[1, 3, 4, 6, 8, 9, 10, 11, 12, 13, 14, 15, 16, 20, 21, 23, 25, 26, 27, 28, 29, 31, 32, 33, 34, 35, 36, 37, 38, 39], 7357209.81218062], [[3, 4, 10, 12, 13, 32, 33, 36], 77490395.92982456], [[3, 4, 10, 12, 13, 32, 36], 77490395.92982456], [[3, 10, 12, 32], 77490395.92982456], [[10, 12, 32], 59933.9649122807], [[10, 12], 48116.00000000001], [[3, 4, 10, 12, 32], 77490395.92982456], [[3, 4, 10, 12, 13, 32], 77490395.92982456], [[1, 6, 8, 9, 11, 14, 15, 16, 20, 21, 23, 25, 26, 27, 28, 29, 31, 34, 35, 37, 38, 39], 4462.344751675709], [[1, 21], 4411859.0], [[6, 8, 9, 11, 14, 15, 16, 20, 23, 25, 26, 27, 28, 29, 31, 34, 35, 37, 38, 39], 636.1977680619486], [[6, 39], 28317533.0], [[6, 11, 23, 26, 37, 38, 39], 27715028.955509443], [[11, 23, 26, 37, 38], 7409914.0], [[11, 23, 37, 38], 7409913.999999999], [[23, 37, 38], 531000.0], [[37, 38], 458000.0], [[6, 11, 23, 26, 27, 29, 31, 34, 37, 38, 39], 98915890.43726768], [[27, 29, 31, 34], 321213.09633730236], [[29, 31, 34], 38908.80901753856], [[31, 34], 40651.0], [[8, 9, 14, 15, 16, 20, 25, 28, 35], 0.263699880527107], [[8, 9, 35], 31.74242321323095], [[8, 35], 1485.0], [[8, 9, 16, 35], 31.645480136931084], [[8, 9, 14, 16, 35], 0.26369988052710697], [[8, 9, 14, 16, 20, 35], 0.26369988052710697], [[8, 9, 14, 15, 16, 20, 35], 0.26369988052710697], [[8, 9, 14, 15, 16, 20, 25, 35], 0.263699880527107], [[2, 5, 7, 17, 19, 22, 24, 30], 409995507.84220797], [[2, 19], 31336000.0], [[5, 7, 17, 22, 24, 30], 667276.3243538616], [[7, 17], 33000.0], [[7, 17, 30], 682727.0], [[7, 17, 22, 30], 762601.5135472703], [[5, 24], 40250.0]]}