{"costs": 1127840, "root_join": 28, "join_operands": {"0": [0, 1, 4, 7, 9, 10, 12, 14, 16, 17, 18, 20, 21, 24, 27, 28, 29], "1": [1, 4, 7, 9, 10, 12, 14, 16, 17, 18, 20, 21, 24, 27, 28, 29], "2": [1, 4, 7, 9, 10, 12, 16, 18, 20, 21, 27, 29], "3": [1, 4, 7, 10, 12, 16, 18, 20, 21, 27, 29], "4": [1, 4, 10, 21], "5": [1, 10, 21], "6": [10, 21], "7": [1, 4, 10, 20, 21, 29], "8": [20, 29], "9": [1, 4, 7, 10, 20, 21, 29], "10": [1, 4, 7, 10, 12, 20, 21, 29], "11": [1, 4, 7, 10, 12, 18, 20, 21, 29], "12": [1, 4, 7, 10, 12, 16, 18, 20, 21, 29], "13": [1, 4, 7, 9, 10, 12, 16, 18, 20, 21, 27, 28, 29], "14": [1, 4, 7, 9, 10, 12, 14, 16, 18, 20, 21, 27, 28, 29], "15": [1, 4, 7, 9, 10, 12, 14, 16, 18, 20, 21, 24, 27, 28, 29], "16": [0, 1, 4, 7, 8, 9, 10, 12, 14, 16, 17, 18, 20, 21, 24, 27, 28, 29], "17": [0, 1, 4, 5, 7, 8, 9, 10, 12, 14, 16, 17, 18, 20, 21, 24, 27, 28, 29], "18": [0, 1, 4, 5, 7, 8, 9, 10, 12, 14, 16, 17, 18, 20, 21, 22, 24, 27, 28, 29], "19": [0, 1, 4, 5, 7, 8, 9, 10, 12, 14, 16, 17, 18, 20, 21, 22, 24, 26, 27, 28, 29], "20": [0, 1, 2, 4, 5, 7, 8, 9, 10, 12, 14, 16, 17, 18, 19, 20, 21, 22, 24, 25, 26, 27, 28, 29], "21": [2, 19, 25], "22": [2, 25], "23": [0, 1, 2, 3, 4, 5, 6, 7, 8, 9, 10, 11, 12, 13, 14, 15, 16, 17, 18, 19, 20, 21, 22, 24, 25, 26, 27, 28, 29], "24": [3, 6, 11, 13, 15], "25": [3, 15], "26": [3, 11, 15], "27": [3, 6, 11, 15], "28": [0, 1, 2, 3, 4, 5, 6, 7, 8, 9, 10, 11, 12, 13, 14, 15, 16, 17, 18, 19, 20, 21, 22, 23, 24, 25, 26, 27, 28, 29]}, "join_predecessors": {"0": [1], "2": [3], "4": [5], "6": [], "5": [6], "7": [4, 8], "8": [], "9": [7], "10": [9], "11": [10], "12": [11], "3": [12], "13": [2], "14": [13], "15": [14], "1": [15], "16": [0], "17": [16], "18": [17], "19": [18], "20": [19, 21], "22": [], "21": [22], "23": [20, 24], "25": [], "26": [25], "27": [26], "24": [27], "28": [23]}, "intermediate_costs": [[[0, 1, 4, 7, 9, 10, 12, 14, 16, 17, 18, 20, 21, 24, 27, 28, 29], 202.0957485403133], [[1, 4, 7, 9, 10, 12, 14, 16, 17, 18, 20, 21, 24, 27, 28, 29], 138.9104575514082], [[1, 4, 7, 9, 10, 12, 16, 18, 20, 21, 27, 29], 32.11779031100628], [[1, 4, 7, 10, 12, 16, 18, 20, 21, 27, 29], 22.076153387463986], [[1, 4, 10, 21], 3316.644387724253], [[1, 10, 21], 1329.4871235521239], [[10, 21], 9935.000000000002], [[1, 4, 10, 20, 21, 29], 7.886454527850292], [[20, 29], 152.0], [[1, 4, 7, 10, 20, 21, 29], 6.29668813255506], [[1, 4, 7, 10, 12, 20, 21, 29], 9.16082177673834], [[1, 4, 7, 10, 12, 18, 20, 21, 29], 10.753062331680429], [[1, 4, 7, 10, 12, 16, 18, 20, 21, 29], 15.387756749480234], [[1, 4, 7, 9, 10, 12, 16, 18, 20, 21, 27, 28, 29], 46.046512697129614], [[1, 4, 7, 9, 10, 12, 14, 16, 18, 20, 21, 27, 28, 29], 66.25521529066383], [[1, 4, 7, 9, 10, 12, 14, 16, 18, 20, 21, 24, 27, 28, 29], 95.48006939872637], [[0, 1, 4, 7, 8, 9, 10, 12, 14, 16, 17, 18, 20, 21, 24, 27, 28, 29], 294.02173288257256], [[0, 1, 4, 5, 7, 8, 9, 10, 12, 14, 16, 17, 18, 20, 21, 24, 27, 28, 29], 427.7615080743449], [[0, 1, 4, 5, 7, 8, 9, 10, 12, 14, 16, 17, 18, 20, 21, 22, 24, 27, 28, 29], 3955.5585952592346], [[0, 1, 4, 5, 7, 8, 9, 10, 12, 14, 16, 17, 18, 20, 21, 22, 24, 26, 27, 28, 29], 4475.954055543012], [[0, 1, 2, 4, 5, 7, 8, 9, 10, 12, 14, 16, 17, 18, 19, 20, 21, 22, 24, 25, 26, 27, 28, 29], 13529.872847759343], [[2, 19, 25], 122621.59462068966], [[2, 25], 84284.0], [[0, 1, 2, 3, 4, 5, 6, 7, 8, 9, 10, 11, 12, 13, 14, 15, 16, 17, 18, 19, 20, 21, 22, 24, 25, 26, 27, 28, 29], 84351.1657001009], [[3, 6, 11, 13, 15], 321392.96892381593], [[3, 15], 104370.0], [[3, 11, 15], 151843.0424], [[3, 6, 11, 15], 220909.35637911467]]}