{"costs": 324018, "root_join": 28, "join_operands": {"0": [0, 1, 4, 5, 7, 9, 10, 12, 14, 16, 17, 18, 20, 21, 24, 27, 28, 29], "1": [1, 4, 5, 7, 9, 10, 12, 14, 16, 17, 18, 20, 21, 24, 27, 28, 29], "2": [1, 4, 5, 7, 9, 10, 12, 14, 16, 17, 18, 20, 21, 24, 27, 29], "3": [1, 4, 5, 7, 10, 12, 14, 16, 17, 18, 20, 21, 24, 27, 29], "4": [1, 4, 5, 7, 10, 12, 14, 16, 18, 21, 27], "5": [1, 5, 7, 10, 12, 14, 16, 18, 21, 27], "6": [10, 21], "7": [1, 10, 21], "8": [1, 7, 10, 21], "9": [1, 7, 10, 16, 21], "10": [1, 7, 10, 16, 21, 27], "11": [1, 7, 10, 12, 16, 21, 27], "12": [1, 7, 10, 12, 16, 18, 21, 27], "13": [1, 7, 10, 12, 14, 16, 18, 21, 27], "14": [1, 4, 5, 7, 10, 12, 14, 16, 17, 18, 20, 21, 27, 29], "15": [17, 20, 29], "16": [20, 29], "17": [0, 1, 4, 5, 7, 8, 9, 10, 12, 14, 16, 17, 18, 20, 21, 24, 27, 28, 29], "18": [0, 1, 4, 5, 7, 8, 9, 10, 12, 14, 16, 17, 18, 20, 21, 22, 24, 27, 28, 29], "19": [0, 1, 4, 5, 7, 8, 9, 10, 12, 14, 16, 17, 18, 20, 21, 22, 24, 26, 27, 28, 29], "20": [0, 1, 2, 4, 5, 7, 8, 9, 10, 12, 14, 16, 17, 18, 20, 21, 22, 24, 26, 27, 28, 29], "21": [0, 1, 2, 4, 5, 7, 8, 9, 10, 12, 14, 16, 17, 18, 20, 21, 22, 24, 25, 26, 27, 28, 29], "22": [0, 1, 2, 4, 5, 7, 8, 9, 10, 12, 14, 16, 17, 18, 19, 20, 21, 22, 24, 25, 26, 27, 28, 29], "23": [0, 1, 2, 3, 4, 5, 7, 8, 9, 10, 12, 14, 16, 17, 18, 19, 20, 21, 22, 24, 25, 26, 27, 28, 29], "24": [0, 1, 2, 3, 4, 5, 7, 8, 9, 10, 12, 14, 15, 16, 17, 18, 19, 20, 21, 22, 24, 25, 26, 27, 28, 29], "25": [0, 1, 2, 3, 4, 5, 7, 8, 9, 10, 11, 12, 14, 15, 16, 17, 18, 19, 20, 21, 22, 24, 25, 26, 27, 28, 29], "26": [0, 1, 2, 3, 4, 5, 6, 7, 8, 9, 10, 11, 12, 14, 15, 16, 17, 18, 19, 20, 21, 22, 24, 25, 26, 27, 28, 29], "27": [0, 1, 2, 3, 4, 5, 6, 7, 8, 9, 10, 11, 12, 13, 14, 15, 16, 17, 18, 19, 20, 21, 22, 24, 25, 26, 27, 28, 29], "28": [0, 1, 2, 3, 4, 5, 6, 7, 8, 9, 10, 11, 12, 13, 14, 15, 16, 17, 18, 19, 20, 21, 22, 23, 24, 25, 26, 27, 28, 29]}, "join_predecessors": {"0": [1], "2": [3], "4": [5], "6": [], "7": [6], "8": [7], "9": [8], "10": [9], "11": [10], "12": [11], "13": [12], "5": [13], "14": [4, 15], "16": [], "15": [16], "3": [14], "1": [2], "17": [0], "18": [17], "19": [18], "20": [19], "21": [20], "22": [21], "23": [22], "24": [23], "25": [24], "26": [25], "27": [26], "28": [27]}, "intermediate_costs": [[[0, 1, 4, 5, 7, 9, 10, 12, 14, 16, 17, 18, 20, 21, 24, 27, 28, 29], 294.0217422823782], [[1, 4, 5, 7, 9, 10, 12, 14, 16, 17, 18, 20, 21, 24, 27, 28, 29], 202.09576423801033], [[1, 4, 5, 7, 9, 10, 12, 14, 16, 17, 18, 20, 21, 24, 27, 29], 140.96332161422504], [[1, 4, 5, 7, 10, 12, 14, 16, 17, 18, 20, 21, 24, 27, 29], 96.89109617530688], [[1, 4, 5, 7, 10, 12, 14, 16, 18, 21, 27], 19435.069686287745], [[1, 5, 7, 10, 12, 14, 16, 18, 21, 27], 7790.607575805624], [[10, 21], 9935.000000000002], [[1, 10, 21], 1329.4871235521239], [[1, 7, 10, 21], 1061.4865987869084], [[1, 7, 10, 16, 21], 1518.9996180756352], [[1, 7, 10, 16, 21, 27], 2179.243479740452], [[1, 7, 10, 12, 16, 21, 27], 3170.5018107543697], [[1, 7, 10, 12, 16, 18, 21, 27], 3721.566080492605], [[1, 7, 10, 12, 14, 16, 18, 21, 27], 5354.871573083103], [[1, 4, 5, 7, 10, 12, 14, 16, 17, 18, 20, 21, 27, 29], 67.23435034420916], [[17, 20, 29], 221.13923545279383], [[20, 29], 152.0], [[0, 1, 4, 5, 7, 8, 9, 10, 12, 14, 16, 17, 18, 20, 21, 24, 27, 28, 29], 427.7615080743449], [[0, 1, 4, 5, 7, 8, 9, 10, 12, 14, 16, 17, 18, 20, 21, 22, 24, 27, 28, 29], 3955.5585952592346], [[0, 1, 4, 5, 7, 8, 9, 10, 12, 14, 16, 17, 18, 20, 21, 22, 24, 26, 27, 28, 29], 4475.954055543012], [[0, 1, 2, 4, 5, 7, 8, 9, 10, 12, 14, 16, 17, 18, 20, 21, 22, 24, 26, 27, 28, 29], 6399.6282840513295], [[0, 1, 2, 4, 5, 7, 8, 9, 10, 12, 14, 16, 17, 18, 20, 21, 22, 24, 25, 26, 27, 28, 29], 9299.763280913487], [[0, 1, 2, 4, 5, 7, 8, 9, 10, 12, 14, 16, 17, 18, 19, 20, 21, 22, 24, 25, 26, 27, 28, 29], 13529.872847759343], [[0, 1, 2, 3, 4, 5, 7, 8, 9, 10, 12, 14, 16, 17, 18, 19, 20, 21, 22, 24, 25, 26, 27, 28, 29], 19684.118942275876], [[0, 1, 2, 3, 4, 5, 7, 8, 9, 10, 12, 14, 15, 16, 17, 18, 19, 20, 21, 22, 24, 25, 26, 27, 28, 29], 27392.419920071112], [[0, 1, 2, 3, 4, 5, 7, 8, 9, 10, 11, 12, 14, 15, 16, 17, 18, 19, 20, 21, 22, 24, 25, 26, 27, 28, 29], 39851.95342878185], [[0, 1, 2, 3, 4, 5, 6, 7, 8, 9, 10, 11, 12, 14, 15, 16, 17, 18, 19, 20, 21, 22, 24, 25, 26, 27, 28, 29], 57978.74728570805], [[0, 1, 2, 3, 4, 5, 6, 7, 8, 9, 10, 11, 12, 13, 14, 15, 16, 17, 18, 19, 20, 21, 22, 24, 25, 26, 27, 28, 29], 84351.1657001009]]}