{"costs": 35387719.158207245, "int_costs": [[[0, 1, 2, 3, 6, 7, 8, 9, 11, 12, 13, 14, 15, 16, 17, 18, 19, 21, 22, 25, 26, 27, 28, 29, 30, 31, 32, 33, 34, 35, 36, 38, 39, 40, 41, 43, 44, 46, 47, 48, 49], 71592.18925210617], [[4, 5, 10, 20, 23, 24, 37, 42, 45], 2821115.268935274], [[0, 1, 2, 6, 7, 8, 9, 11, 12, 13, 14, 15, 16, 17, 18, 19, 21, 22, 25, 26, 27, 28, 29, 30, 31, 32, 33, 34, 35, 36, 38, 40, 41, 43, 44, 46, 47, 48, 49], 9898.054835217174], [[4, 5, 20, 23, 42, 45], 145021.4963409877], [[3, 39], 16416380.0], [[10, 24, 37], 4585798.0559475655], [[0, 1, 2, 6, 7, 8, 9, 11, 12, 13, 14, 15, 16, 17, 18, 19, 21, 22, 25, 26, 27, 28, 29, 30, 31, 32, 33, 34, 36, 38, 40, 41, 43, 44, 46, 47, 48, 49], 3680.3316964498918], [[5, 23, 45], 454.516386647102], [[4, 20, 42], 7001661.416793388], [[10, 24], 1705109.0], [[0, 2, 6, 7, 8, 9, 11, 12, 13, 14, 15, 16, 17, 18, 19, 21, 22, 25, 26, 27, 28, 29, 30, 31, 32, 33, 34, 36, 38, 40, 41, 43, 44, 46, 47, 48, 49], 31.534886482490165], [[4, 42], 2603384.0], [[5, 23], 169.0], [[0, 2, 6, 7, 8, 9, 11, 12, 13, 14, 15, 17, 18, 19, 21, 22, 25, 26, 27, 28, 29, 30, 31, 32, 33, 34, 36, 38, 40, 41, 43, 44, 46, 47, 48, 49], 11.725419262733343], [[0, 2, 6, 7, 8, 9, 11, 12, 13, 14, 15, 17, 18, 19, 21, 22, 25, 26, 27, 28, 29, 30, 31, 32, 33, 34, 36, 40, 41, 43, 44, 46, 47, 48, 49], 4.359790612940116], [[0, 2, 6, 7, 8, 9, 11, 12, 13, 14, 15, 17, 18, 19, 21, 22, 25, 26, 27, 28, 29, 30, 31, 32, 33, 34, 36, 40, 41, 43, 46, 47, 48, 49], 1.6210736281592846], [[0, 2, 6, 7, 8, 9, 11, 12, 13, 14, 15, 17, 18, 19, 21, 22, 25, 26, 27, 28, 29, 30, 32, 33, 34, 36, 40, 41, 43, 46, 47, 48, 49], 0.07671410061642224], [[0, 2, 6, 7, 8, 9, 11, 12, 13, 14, 15, 17, 18, 19, 21, 22, 25, 26, 27, 28, 29, 30, 32, 33, 34, 36, 40, 41, 46, 47, 48, 49], 23110.357495159293], [[0, 2, 6, 7, 8, 9, 11, 12, 13, 14, 15, 17, 18, 19, 21, 22, 25, 26, 27, 28, 29, 30, 32, 33, 34, 36, 40, 41, 46, 47, 48], 0.01060594653288632], [[0, 2, 6, 7, 8, 9, 11, 13, 14, 15, 17, 18, 19, 21, 22, 25, 26, 27, 28, 29, 30, 32, 33, 34, 36, 40, 41, 46, 47, 48], 0.0039435586376740045], [[0, 2, 6, 7, 8, 9, 11, 13, 14, 15, 17, 18, 19, 21, 22, 25, 26, 27, 28, 29, 30, 32, 33, 34, 36, 41, 46, 47, 48], 0.0014663087003524197], [[0, 2, 6, 7, 8, 9, 11, 13, 15, 17, 18, 19, 21, 22, 25, 26, 27, 28, 29, 30, 32, 33, 34, 36, 41, 46, 47, 48], 0.0005522660894276114], [[0, 2, 13, 21, 28], 0.06795232494179712], [[0, 13, 21, 28], 31.932116044042722], [[13, 21], 256.0], [[13, 21, 28], 0.45191571830985916], [[0, 2, 13, 21, 28, 33], 2.0809981771452226], [[0, 2, 13, 21, 27, 28, 33], 5.596733067492538], [[0, 2, 13, 17, 21, 27, 28, 33], 0.006142783962897648], [[0, 2, 13, 17, 21, 22, 27, 28, 33], 5.128235790313288e-07], [[0, 2, 13, 17, 21, 22, 27, 28, 33, 46], 3.4753119866248364e-09], [[0, 2, 13, 17, 18, 21, 22, 27, 28, 33, 46], 2.9207514881877016e-09], [[0, 2, 13, 17, 18, 21, 22, 27, 28, 33, 46, 48], 7.855204591429777e-09], [[0, 2, 13, 17, 18, 21, 22, 26, 27, 28, 33, 46, 48], 2.1125787228191243e-08], [[0, 2, 9, 13, 17, 18, 21, 22, 26, 27, 28, 33, 46, 48], 6.909099128945497e-06], [[0, 2, 9, 13, 17, 18, 21, 22, 26, 27, 28, 33, 46, 47, 48], 8.846140106109953e-10], [[0, 2, 9, 13, 17, 18, 21, 22, 26, 27, 28, 30, 33, 46, 47, 48], 1.47275595423722e-09], [[0, 2, 8, 9, 13, 17, 18, 21, 22, 26, 27, 28, 30, 33, 46, 47, 48], 3.960807205541668e-09], [[0, 2, 8, 9, 13, 17, 18, 21, 22, 26, 27, 28, 29, 30, 33, 46, 47, 48], 1.0652356016165004e-08], [[0, 2, 7, 8, 9, 13, 17, 18, 21, 22, 26, 27, 28, 29, 30, 33, 46, 47, 48], 3.336960481867725e-07], [[0, 2, 7, 8, 9, 11, 13, 17, 18, 21, 22, 26, 27, 28, 29, 30, 33, 46, 47, 48], 8.974573365275788e-07], [[0, 2, 7, 8, 9, 11, 13, 17, 18, 21, 22, 25, 26, 27, 28, 29, 30, 33, 46, 47, 48], 5.27319564965357e-10], [[0, 2, 7, 8, 9, 11, 13, 17, 18, 21, 22, 25, 26, 27, 28, 29, 30, 33, 34, 46, 47, 48], 1.4051865758804704e-09], [[0, 2, 7, 8, 9, 11, 13, 17, 18, 19, 21, 22, 25, 26, 27, 28, 29, 30, 33, 34, 46, 47, 48], 3.77914892536082e-09], [[0, 2, 7, 8, 9, 11, 13, 15, 17, 18, 19, 21, 22, 25, 26, 27, 28, 29, 30, 33, 34, 46, 47, 48], 1.0163818442795556e-08], [[0, 2, 7, 8, 9, 11, 13, 15, 17, 18, 19, 21, 22, 25, 26, 27, 28, 29, 30, 32, 33, 34, 46, 47, 48], 2.7335044977703857e-08], [[0, 2, 7, 8, 9, 11, 13, 15, 17, 18, 19, 21, 22, 25, 26, 27, 28, 29, 30, 32, 33, 34, 41, 46, 47, 48], 7.351613846100683e-08], [[0, 2, 6, 7, 8, 9, 11, 13, 15, 17, 18, 19, 21, 22, 25, 26, 27, 28, 29, 30, 32, 33, 34, 41, 46, 47, 48], 0.000205345639874889]]}