{"costs": 616196.1151096387, "join_operands": {"0": [0, 1, 2, 3, 4, 5, 6, 7, 8, 9, 10, 11, 12, 13, 14, 15, 16, 17, 18, 19], "1": [0, 1, 2, 3, 4, 5, 6, 7, 8, 9, 10, 11, 12, 13, 14, 16, 17, 18, 19], "2": [], "3": [0, 1, 3, 5, 6, 7, 8, 9, 10, 11, 12, 13, 14, 16, 17, 18, 19], "4": [], "5": [2, 4], "6": [], "7": [0, 1, 3, 5, 6, 7, 8, 9, 10, 11, 12, 14, 16, 17, 18, 19], "8": [], "9": [], "10": [], "11": [], "12": [], "13": [], "14": [], "15": [0, 1, 3, 5, 6, 7, 9, 10, 11, 12, 14, 16, 17, 18, 19], "16": [], "17": [], "18": []}, "join_predecessors": {"0": [1, 2], "1": [3, 5], "2": [4, 6], "3": [7, 11], "4": [8, 12], "5": [9, 13], "6": [10, 14], "7": [15], "8": [16], "9": [17], "10": [18], "11": [], "12": [], "13": [], "14": [], "15": [], "16": [], "17": [], "18": []}, "leaf_joins": [15, 16], "opt_time": 1.4724888801574707, "status": 2, "intermediate_costs": [[[0, 1, 2, 3, 4, 5, 6, 7, 8, 9, 10, 11, 12, 13, 14, 16, 17, 18, 19], 235895.2022884651], [[0, 1, 3, 5, 6, 7, 8, 9, 10, 11, 12, 13, 14, 16, 17, 18, 19], 126197.75075631919], [[2, 4], 41016.0], [[0, 1, 3, 5, 6, 7, 8, 9, 10, 11, 12, 14, 16, 17, 18, 19], 123070.94821032514], [[0, 1, 3, 5, 6, 7, 9, 10, 11, 12, 14, 16, 17, 18, 19], 90016.2138545292]]}