{"costs": 28337, "root_join": 0, "join_operands": {"0": [0, 1, 2, 3, 4, 5, 6, 7, 8, 9, 10, 11, 12, 13, 14, 15, 16, 17, 18, 19], "1": [0, 1, 2, 3, 4, 5, 6, 7, 8, 9, 10, 11, 12, 13, 15, 16, 17, 18, 19], "2": [], "3": [0, 1, 2, 3, 4, 5, 6, 7, 9, 10, 11, 12, 13, 15, 16, 17, 18, 19], "4": [], "5": [], "6": [], "7": [0, 1, 2, 3, 4, 5, 6, 7, 9, 10, 12, 13, 15, 16, 17, 18, 19], "8": [], "9": [], "10": [], "11": [], "12": [], "13": [], "14": [], "16": [1, 2, 3, 4, 5, 6, 7, 9, 10, 12, 13, 15, 16, 17, 18, 19], "17": [1, 2, 3, 5, 6, 9, 10, 12, 13, 16, 18, 19], "18": [2, 3, 5, 6, 9, 10, 12, 13, 16, 18, 19], "19": [2, 3, 5, 9, 10, 19], "20": [3, 5, 9, 10, 19], "21": [3, 9, 19], "22": [9, 19], "23": [3, 9, 10, 19], "24": [2, 3, 5, 9, 10, 16, 19], "25": [2, 3, 5, 9, 10, 12, 16, 19], "26": [2, 3, 5, 9, 10, 12, 13, 16, 19], "27": [2, 3, 5, 6, 9, 10, 12, 13, 16, 19], "28": [1, 2, 3, 5, 6, 9, 10, 12, 13, 15, 16, 18, 19], "29": [1, 2, 3, 5, 6, 9, 10, 12, 13, 15, 16, 17, 18, 19], "30": [1, 2, 3, 4, 5, 6, 9, 10, 12, 13, 15, 16, 17, 18, 19]}, "join_predecessors": {"0": [1], "1": [3], "2": [], "3": [7], "4": [], "5": [], "6": [], "7": [16], "8": [], "9": [], "10": [], "11": [], "12": [], "13": [], "14": [], "17": [18], "19": [20], "21": [22], "22": [], "23": [21], "20": [23], "24": [19], "25": [24], "26": [25], "27": [26], "18": [27], "28": [17], "29": [28], "30": [29], "16": [30]}, "intermediate_costs": [[[0, 1, 2, 3, 4, 5, 6, 7, 8, 9, 10, 11, 12, 13, 15, 16, 17, 18, 19], 24697.648492139917], [[0, 1, 2, 3, 4, 5, 6, 7, 9, 10, 11, 12, 13, 15, 16, 17, 18, 19], 3128.3022040724854], [[0, 1, 2, 3, 4, 5, 6, 7, 9, 10, 12, 13, 15, 16, 17, 18, 19], 396.2431543009973], [[1, 2, 3, 4, 5, 6, 7, 9, 10, 12, 13, 15, 16, 17, 18, 19], 50.18972937327085], [[1, 2, 3, 5, 6, 9, 10, 12, 13, 16, 18, 19], 4.835539184213388e-05], [[2, 3, 5, 6, 9, 10, 12, 13, 16, 18, 19], 6.124885581447278e-06], [[2, 3, 5, 9, 10, 19], 0.020537557793588117], [[3, 5, 9, 10, 19], 8.79308005655812], [[3, 9, 19], 0.002184143222506394], [[9, 19], 49.0], [[3, 9, 10, 19], 0.056363413215253656], [[2, 3, 5, 9, 10, 16, 19], 2.9451350598220692e-05], [[2, 3, 5, 9, 10, 12, 16, 19], 1.9776581926705194e-06], [[2, 3, 5, 9, 10, 12, 13, 16, 19], 1.561342380162147e-05], [[2, 3, 5, 6, 9, 10, 12, 13, 16, 19], 0.00010085436127813017], [[1, 2, 3, 5, 6, 9, 10, 12, 13, 15, 16, 18, 19], 0.00038176123800062685], [[1, 2, 3, 5, 6, 9, 10, 12, 13, 15, 16, 17, 18, 19], 0.8052319909396313], [[1, 2, 3, 4, 5, 6, 9, 10, 12, 13, 15, 16, 17, 18, 19], 6.357230214592766]]}