{"costs": 4484144, "root_join": 28, "join_operands": {"0": [0, 1, 3, 4, 5, 6, 7, 8, 11, 12, 13, 14, 16, 17, 18, 19, 20, 22, 23, 24, 25, 27, 28], "1": [1, 3, 4, 5, 6, 7, 8, 11, 12, 13, 14, 16, 17, 18, 19, 20, 22, 23, 24, 25, 27, 28], "2": [1, 12], "3": [1, 12, 27], "4": [1, 12, 19, 27], "5": [1, 7, 12, 19, 27], "6": [1, 5, 7, 12, 13, 19, 27], "7": [5, 13], "8": [1, 5, 7, 12, 13, 19, 24, 27], "9": [1, 5, 7, 12, 13, 14, 19, 24, 27], "10": [1, 3, 5, 7, 12, 13, 14, 19, 24, 27], "11": [1, 3, 5, 7, 12, 13, 14, 19, 20, 24, 27], "12": [1, 3, 5, 7, 12, 13, 14, 16, 19, 20, 24, 27], "13": [1, 3, 5, 7, 12, 13, 14, 16, 19, 20, 23, 24, 27], "14": [1, 3, 5, 7, 8, 12, 13, 14, 16, 19, 20, 23, 24, 27], "15": [1, 3, 4, 5, 7, 8, 12, 13, 14, 16, 17, 19, 20, 23, 24, 27], "16": [4, 17], "17": [1, 3, 4, 5, 7, 8, 12, 13, 14, 16, 17, 18, 19, 20, 23, 24, 27], "18": [1, 3, 4, 5, 7, 8, 12, 13, 14, 16, 17, 18, 19, 20, 23, 24, 27, 28], "19": [1, 3, 4, 5, 7, 8, 12, 13, 14, 16, 17, 18, 19, 20, 22, 23, 24, 27, 28], "20": [1, 3, 4, 5, 7, 8, 12, 13, 14, 16, 17, 18, 19, 20, 22, 23, 24, 25, 27, 28], "21": [1, 3, 4, 5, 6, 7, 8, 12, 13, 14, 16, 17, 18, 19, 20, 22, 23, 24, 25, 27, 28], "22": [0, 1, 3, 4, 5, 6, 7, 8, 11, 12, 13, 14, 16, 17, 18, 19, 20, 22, 23, 24, 25, 26, 27, 28], "23": [0, 1, 3, 4, 5, 6, 7, 8, 11, 12, 13, 14, 16, 17, 18, 19, 20, 21, 22, 23, 24, 25, 26, 27, 28], "24": [0, 1, 2, 3, 4, 5, 6, 7, 8, 11, 12, 13, 14, 16, 17, 18, 19, 20, 21, 22, 23, 24, 25, 26, 27, 28], "25": [0, 1, 2, 3, 4, 5, 6, 7, 8, 11, 12, 13, 14, 16, 17, 18, 19, 20, 21, 22, 23, 24, 25, 26, 27, 28, 29], "26": [0, 1, 2, 3, 4, 5, 6, 7, 8, 10, 11, 12, 13, 14, 16, 17, 18, 19, 20, 21, 22, 23, 24, 25, 26, 27, 28, 29], "27": [0, 1, 2, 3, 4, 5, 6, 7, 8, 9, 10, 11, 12, 13, 14, 16, 17, 18, 19, 20, 21, 22, 23, 24, 25, 26, 27, 28, 29], "28": [0, 1, 2, 3, 4, 5, 6, 7, 8, 9, 10, 11, 12, 13, 14, 15, 16, 17, 18, 19, 20, 21, 22, 23, 24, 25, 26, 27, 28, 29]}, "join_predecessors": {"0": [1], "2": [], "3": [2], "4": [3], "5": [4], "6": [5, 7], "7": [], "8": [6], "9": [8], "10": [9], "11": [10], "12": [11], "13": [12], "14": [13], "15": [14, 16], "16": [], "17": [15], "18": [17], "19": [18], "20": [19], "21": [20], "1": [21], "22": [0], "23": [22], "24": [23], "25": [24], "26": [25], "27": [26], "28": [27]}, "intermediate_costs": [[[0, 1, 3, 4, 5, 6, 7, 8, 11, 12, 13, 14, 16, 17, 18, 19, 20, 22, 23, 24, 25, 27, 28], 185.7919652253245], [[1, 3, 4, 5, 6, 7, 8, 11, 12, 13, 14, 16, 17, 18, 19, 20, 22, 23, 24, 25, 27, 28], 80.68576115859273], [[1, 12], 324.0], [[1, 12, 27], 1444.0729423728812], [[1, 12, 19, 27], 3325.210620059966], [[1, 7, 12, 19, 27], 3.0383863484774496], [[1, 5, 7, 12, 13, 19, 27], 0.029799368495875517], [[5, 13], 230.0], [[1, 5, 7, 12, 13, 19, 24, 27], 0.06861784096664376], [[1, 5, 7, 12, 13, 14, 19, 24, 27], 0.07900178550205228], [[1, 3, 5, 7, 12, 13, 14, 19, 24, 27], 0.1399340916915638], [[1, 3, 5, 7, 12, 13, 14, 19, 20, 24, 27], 0.31327015698774974], [[1, 3, 5, 7, 12, 13, 14, 16, 19, 20, 24, 27], 0.7124892048705039], [[1, 3, 5, 7, 12, 13, 14, 16, 19, 20, 23, 24, 27], 1.6406208745094095], [[1, 3, 5, 7, 8, 12, 13, 14, 16, 19, 20, 23, 24, 27], 57.42245503782588], [[1, 3, 4, 5, 7, 8, 12, 13, 14, 16, 17, 19, 20, 23, 24, 27], 0.572914617910914], [[4, 17], 3293.0], [[1, 3, 4, 5, 7, 8, 12, 13, 14, 16, 17, 18, 19, 20, 23, 24, 27], 1.2682356368857841], [[1, 3, 4, 5, 7, 8, 12, 13, 14, 16, 17, 18, 19, 20, 23, 24, 27, 28], 2.8699665525782927], [[1, 3, 4, 5, 7, 8, 12, 13, 14, 16, 17, 18, 19, 20, 22, 23, 24, 27, 28], 6.608560100569985], [[1, 3, 4, 5, 7, 8, 12, 13, 14, 16, 17, 18, 19, 20, 22, 23, 24, 25, 27, 28], 15.217273721748075], [[1, 3, 4, 5, 6, 7, 8, 12, 13, 14, 16, 17, 18, 19, 20, 22, 23, 24, 25, 27, 28], 35.04022421443525], [[0, 1, 3, 4, 5, 6, 7, 8, 11, 12, 13, 14, 16, 17, 18, 19, 20, 22, 23, 24, 25, 26, 27, 28], 427.8159349305698], [[0, 1, 3, 4, 5, 6, 7, 8, 11, 12, 13, 14, 16, 17, 18, 19, 20, 21, 22, 23, 24, 25, 26, 27, 28], 985.1151375571991], [[0, 1, 2, 3, 4, 5, 6, 7, 8, 11, 12, 13, 14, 16, 17, 18, 19, 20, 21, 22, 23, 24, 25, 26, 27, 28], 2268.3864081728407], [[0, 1, 2, 3, 4, 5, 6, 7, 8, 11, 12, 13, 14, 16, 17, 18, 19, 20, 21, 22, 23, 24, 25, 26, 27, 28, 29], 5223.325376506572], [[0, 1, 2, 3, 4, 5, 6, 7, 8, 10, 11, 12, 13, 14, 16, 17, 18, 19, 20, 21, 22, 23, 24, 25, 26, 27, 28, 29], 15821.276498290885], [[0, 1, 2, 3, 4, 5, 6, 7, 8, 9, 10, 11, 12, 13, 14, 16, 17, 18, 19, 20, 21, 22, 23, 24, 25, 26, 27, 28, 29], 4450410.62060479]]}