{"costs": 2942316, "root_join": 18, "join_operands": {"0": [0, 6, 7, 10, 13, 19], "1": [6, 7, 10, 13, 19], "2": [6, 10, 13, 19], "3": [6, 13, 19], "4": [13, 19], "5": [0, 6, 7, 10, 13, 17, 19], "6": [0, 6, 7, 10, 13, 16, 17, 19], "7": [0, 1, 2, 3, 4, 5, 6, 7, 8, 9, 10, 11, 12, 13, 15, 16, 17, 19], "8": [1, 2, 3, 4, 5, 8, 9, 11, 12, 15], "9": [9, 15], "10": [3, 9, 15], "11": [3, 8, 9, 15], "12": [3, 5, 8, 9, 15], "13": [3, 5, 8, 9, 11, 15], "14": [3, 5, 8, 9, 11, 12, 15], "15": [1, 3, 5, 8, 9, 11, 12, 15], "16": [1, 2, 3, 5, 8, 9, 11, 12, 15], "17": [0, 1, 2, 3, 4, 5, 6, 7, 8, 9, 10, 11, 12, 13, 15, 16, 17, 18, 19], "18": [0, 1, 2, 3, 4, 5, 6, 7, 8, 9, 10, 11, 12, 13, 14, 15, 16, 17, 18, 19]}, "join_predecessors": {"0": [1], "1": [2], "2": [3], "3": [4], "4": [], "5": [0], "6": [5], "7": [6, 8], "9": [], "10": [9], "11": [10], "12": [11], "13": [12], "14": [13], "15": [14], "16": [15], "8": [16], "17": [7], "18": [17]}, "intermediate_costs": [[[0, 6, 7, 10, 13, 19], 9251.92037910784], [[6, 7, 10, 13, 19], 2003.3977104867022], [[6, 10, 13, 19], 476.83819289832303], [[6, 13, 19], 1.1670170575692964], [[13, 19], 898.0], [[0, 6, 7, 10, 13, 17, 19], 43345.64853516446], [[0, 6, 7, 10, 13, 16, 17, 19], 208878.44468003462], [[0, 1, 2, 3, 4, 5, 6, 7, 8, 9, 10, 11, 12, 13, 15, 16, 17, 19], 427402.10907946463], [[1, 2, 3, 4, 5, 8, 9, 11, 12, 15], 154135.11038624393], [[9, 15], 80.0], [[3, 9, 15], 1.030252100840336], [[3, 8, 9, 15], 4.820779005719936], [[3, 5, 8, 9, 15], 23.230851950663794], [[3, 5, 8, 9, 11, 15], 111.94720543442304], [[3, 5, 8, 9, 11, 12, 15], 2843.6273085492517], [[1, 3, 5, 8, 9, 11, 12, 15], 13305.968956409271], [[1, 2, 3, 5, 8, 9, 11, 12, 15], 32060.08208034773], [[0, 1, 2, 3, 4, 5, 6, 7, 8, 9, 10, 11, 12, 13, 15, 16, 17, 18, 19], 2047493.5959982018]]}