{"costs": 2601939, "root_join": 18, "join_operands": {"0": [13, 19], "1": [6, 13, 19], "2": [6, 10, 13, 19], "3": [6, 7, 10, 13, 19], "4": [6, 7, 10, 13, 16, 19], "5": [6, 7, 10, 13, 15, 16, 19], "6": [6, 7, 9, 10, 13, 15, 16, 19], "7": [3, 6, 7, 9, 10, 13, 15, 16, 19], "8": [3, 6, 7, 9, 10, 12, 13, 15, 16, 19], "9": [1, 3, 6, 7, 9, 10, 12, 13, 15, 16, 19], "10": [1, 2, 3, 6, 7, 9, 10, 12, 13, 15, 16, 19], "11": [0, 1, 2, 3, 6, 7, 9, 10, 12, 13, 15, 16, 19], "12": [0, 1, 2, 3, 6, 7, 8, 9, 10, 12, 13, 15, 16, 19], "13": [0, 1, 2, 3, 6, 7, 8, 9, 10, 12, 13, 15, 16, 17, 19], "14": [0, 1, 2, 3, 6, 7, 8, 9, 10, 12, 13, 15, 16, 17, 18, 19], "15": [0, 1, 2, 3, 4, 6, 7, 8, 9, 10, 12, 13, 15, 16, 17, 18, 19], "16": [0, 1, 2, 3, 4, 5, 6, 7, 8, 9, 10, 12, 13, 15, 16, 17, 18, 19], "17": [0, 1, 2, 3, 4, 5, 6, 7, 8, 9, 10, 12, 13, 14, 15, 16, 17, 18, 19], "18": [0, 1, 2, 3, 4, 5, 6, 7, 8, 9, 10, 11, 12, 13, 14, 15, 16, 17, 18, 19]}, "join_predecessors": {"0": [], "1": [0], "2": [1], "3": [2], "4": [3], "5": [4], "6": [5], "7": [6], "8": [7], "9": [8], "10": [9], "11": [10], "12": [11], "13": [12], "14": [13], "15": [14], "16": [15], "17": [16], "18": [17]}, "intermediate_costs": [[[13, 19], 898.0], [[6, 13, 19], 1.1670170575692964], [[6, 10, 13, 19], 476.83819289832303], [[6, 7, 10, 13, 19], 2003.3977104867022], [[6, 7, 10, 13, 16, 19], 9654.177800627915], [[6, 7, 10, 13, 15, 16, 19], 5126.450194196275], [[6, 7, 9, 10, 13, 15, 16, 19], 10.25290038839255], [[3, 6, 7, 9, 10, 13, 15, 16, 19], 0.13203840206060155], [[3, 6, 7, 9, 10, 12, 13, 15, 16, 19], 3.353973906000501], [[1, 3, 6, 7, 9, 10, 12, 13, 15, 16, 19], 15.693994968917869], [[1, 2, 3, 6, 7, 9, 10, 12, 13, 15, 16, 19], 37.81391408024528], [[0, 1, 2, 3, 6, 7, 9, 10, 12, 13, 15, 16, 19], 174.62899176812073], [[0, 1, 2, 3, 6, 7, 8, 9, 10, 12, 13, 15, 16, 19], 817.127940451792], [[0, 1, 2, 3, 6, 7, 8, 9, 10, 12, 13, 15, 16, 17, 19], 3828.2798666390613], [[0, 1, 2, 3, 6, 7, 8, 9, 10, 12, 13, 15, 16, 17, 18, 19], 18339.587812316993], [[0, 1, 2, 3, 4, 6, 7, 8, 9, 10, 12, 13, 15, 16, 17, 18, 19], 88171.15267532197], [[0, 1, 2, 3, 4, 5, 6, 7, 8, 9, 10, 12, 13, 15, 16, 17, 18, 19], 424887.967627109], [[0, 1, 2, 3, 4, 5, 6, 7, 8, 9, 10, 12, 13, 14, 15, 16, 17, 18, 19], 2047493.5725773326]]}