{"costs": 40, "join_operands": {"0": [0, 1, 2, 3, 4, 5, 6, 7, 8, 9, 10], "1": [0, 1, 3, 4, 5, 6, 7, 8, 9, 10], "2": [], "3": [0, 1, 3, 4, 5, 6, 7, 8, 9], "4": [], "5": [], "6": [], "7": [0, 1, 3, 4, 5, 6, 8, 9], "8": [], "9": [], "10": [0, 1, 3, 4, 6, 8, 9], "11": [0, 1, 4, 6, 8, 9], "12": [0, 1, 4, 8, 9], "13": [0, 1, 8, 9], "14": [0, 8, 9], "15": [0, 8]}, "join_predecessors": {"0": [1, 2], "1": [3, 5], "2": [4, 6], "3": [7], "4": [8], "5": [9], "6": [], "7": [10], "8": [], "9": [], "10": [11], "11": [12], "12": [13], "13": [14], "14": [15], "15": []}, "leaf_joins": [], "opt_time": 0.7691280841827393, "status": 2, "intermediate_costs": [[[0, 1, 3, 4, 5, 6, 7, 8, 9, 10], 4.747442979663448e-36], [[0, 1, 3, 4, 5, 6, 7, 8, 9], 2.1512410092144524e-15], [[0, 1, 3, 4, 5, 6, 8, 9], 0.001036207283328241], [[0, 1, 3, 4, 6, 8, 9], 0.001036207283328241], [[0, 1, 4, 6, 8, 9], 0.00025905182083206025], [[0, 1, 4, 8, 9], 6.476295520801506e-05], [[0, 1, 8, 9], 6.476295520801506e-05], [[0, 8, 9], 0.00035574855917493175], [[0, 8], 40.0]]}