{"costs": 6717231, "root_join": 17, "join_operands": {"0": [0, 3, 5, 6, 7, 8, 9, 11, 12, 13, 16, 19], "1": [3, 5, 6, 7, 8, 9, 11, 12, 13, 16, 19], "2": [3, 6, 7, 8, 9, 11, 12, 13, 16, 19], "3": [13, 19], "4": [6, 13, 19], "5": [6, 9, 13, 19], "6": [3, 7, 8, 11, 12, 16], "7": [3, 7, 8, 12, 16], "8": [3, 8, 12, 16], "9": [8, 12, 16], "10": [8, 16], "11": [0, 1, 3, 5, 6, 7, 8, 9, 11, 12, 13, 16, 19], "12": [0, 1, 3, 5, 6, 7, 8, 9, 10, 11, 12, 13, 16, 19], "13": [0, 1, 2, 3, 5, 6, 7, 8, 9, 10, 11, 12, 13, 16, 19], "14": [0, 1, 2, 3, 5, 6, 7, 8, 9, 10, 11, 12, 13, 16, 17, 19], "15": [0, 1, 2, 3, 5, 6, 7, 8, 9, 10, 11, 12, 13, 14, 16, 17, 19], "16": [0, 1, 2, 3, 4, 5, 6, 7, 8, 9, 10, 11, 12, 13, 14, 16, 17, 19], "17": [0, 1, 2, 3, 4, 5, 6, 7, 8, 9, 10, 11, 12, 13, 14, 15, 16, 17, 18, 19], "18": [15, 18]}, "join_predecessors": {"0": [1], "1": [2], "3": [], "4": [3], "5": [4], "2": [5, 6], "6": [7], "7": [8], "8": [9], "10": [], "9": [10], "11": [0], "12": [11], "13": [12], "14": [13], "15": [14], "16": [15], "17": [16, 18], "18": []}, "intermediate_costs": [[[0, 3, 5, 6, 7, 8, 9, 11, 12, 13, 16, 19], 84708.09703431618], [[3, 5, 6, 7, 8, 9, 11, 12, 13, 16, 19], 52981.85408375892], [[3, 6, 7, 8, 9, 11, 12, 13, 16, 19], 7081.819947970101], [[13, 19], 2375.0], [[6, 13, 19], 4372.512703366058], [[6, 9, 13, 19], 8050.049406777919], [[3, 7, 8, 11, 12, 16], 15768.589298808745], [[3, 7, 8, 12, 16], 8564.961915668495], [[3, 8, 12, 16], 4684.279738969103], [[8, 12, 16], 2544.341682882883], [[8, 16], 1382.0], [[0, 1, 3, 5, 6, 7, 8, 9, 11, 12, 13, 16, 19], 155952.5083361718], [[0, 1, 3, 5, 6, 7, 8, 9, 10, 11, 12, 13, 16, 19], 287117.61085266736], [[0, 1, 2, 3, 5, 6, 7, 8, 9, 10, 11, 12, 13, 16, 19], 528600.1578904365], [[0, 1, 2, 3, 5, 6, 7, 8, 9, 10, 11, 12, 13, 16, 17, 19], 973183.5418939719], [[0, 1, 2, 3, 5, 6, 7, 8, 9, 10, 11, 12, 13, 14, 16, 17, 19], 1601659.8706999237], [[0, 1, 2, 3, 4, 5, 6, 7, 8, 9, 10, 11, 12, 13, 14, 16, 17, 19], 2948748.5406483025], [[15, 18], 29456.0]]}