{"costs": 6509584, "root_join": 17, "join_operands": {"0": [0, 3, 5, 6, 7, 8, 9, 11, 12, 13, 16, 19], "1": [3, 5, 6, 7, 8, 9, 11, 12, 13, 16, 19], "2": [3, 6, 7, 8, 9, 11, 12, 13, 16, 19], "3": [13, 19], "4": [9, 13, 19], "5": [3, 7, 8, 9, 11, 13, 16, 19], "6": [3, 7, 8, 11, 16], "7": [3, 7, 8, 16], "8": [3, 8, 16], "9": [8, 16], "10": [3, 7, 8, 9, 11, 12, 13, 16, 19], "11": [0, 3, 5, 6, 7, 8, 9, 11, 12, 13, 16, 17, 19], "12": [0, 3, 5, 6, 7, 8, 9, 11, 12, 13, 14, 16, 17, 19], "13": [0, 1, 3, 5, 6, 7, 8, 9, 11, 12, 13, 14, 16, 17, 19], "14": [0, 1, 3, 4, 5, 6, 7, 8, 9, 11, 12, 13, 14, 16, 17, 19], "15": [0, 1, 3, 4, 5, 6, 7, 8, 9, 10, 11, 12, 13, 14, 16, 17, 19], "16": [0, 1, 2, 3, 4, 5, 6, 7, 8, 9, 10, 11, 12, 13, 14, 16, 17, 19], "17": [0, 1, 2, 3, 4, 5, 6, 7, 8, 9, 10, 11, 12, 13, 14, 15, 16, 17, 18, 19], "18": [15, 18]}, "join_predecessors": {"0": [1], "1": [2], "3": [], "4": [3], "5": [4, 6], "6": [7], "7": [8], "8": [9], "9": [], "10": [5], "2": [10], "11": [0], "12": [11], "13": [12], "14": [13], "15": [14], "16": [15], "17": [16, 18], "18": []}, "intermediate_costs": [[[0, 3, 5, 6, 7, 8, 9, 11, 12, 13, 16, 19], 84708.09703431618], [[3, 5, 6, 7, 8, 9, 11, 12, 13, 16, 19], 52981.85408375892], [[3, 6, 7, 8, 9, 11, 12, 13, 16, 19], 7081.819947970101], [[13, 19], 2375.0], [[9, 13, 19], 4372.512703366058], [[3, 7, 8, 9, 11, 13, 16, 19], 2089.3443598516287], [[3, 7, 8, 11, 16], 8564.962228760842], [[3, 7, 8, 16], 4652.196458944981], [[3, 8, 16], 2544.341682882883], [[8, 16], 1382.0], [[3, 7, 8, 9, 11, 12, 13, 16, 19], 3846.603433188678], [[0, 3, 5, 6, 7, 8, 9, 11, 12, 13, 16, 17, 19], 155952.51849327065], [[0, 3, 5, 6, 7, 8, 9, 11, 12, 13, 14, 16, 17, 19], 256665.75712854907], [[0, 1, 3, 5, 6, 7, 8, 9, 11, 12, 13, 14, 16, 17, 19], 472536.5110254365], [[0, 1, 3, 4, 5, 6, 7, 8, 9, 11, 12, 13, 14, 16, 17, 19], 869967.0715233602], [[0, 1, 3, 4, 5, 6, 7, 8, 9, 10, 11, 12, 13, 14, 16, 17, 19], 1601659.8242706421], [[0, 1, 2, 3, 4, 5, 6, 7, 8, 9, 10, 11, 12, 13, 14, 16, 17, 19], 2948748.5406483025], [[15, 18], 29456.0]]}