{"costs": 799330, "root_join": 18, "join_operands": {"0": [0, 2, 3, 4, 7, 8, 11, 12, 14, 16, 17, 18, 19], "1": [2, 3, 4, 7, 8, 11, 12, 14, 16, 17, 18, 19], "2": [7, 18], "3": [7, 8, 18], "4": [7, 8, 16, 18], "5": [7, 8, 12, 16, 18], "6": [2, 3, 4, 7, 8, 12, 14, 16, 17, 18, 19], "7": [2, 3, 4, 14, 17, 19], "8": [2, 3, 4, 14, 19], "9": [3, 4, 14, 19], "10": [3, 4, 14], "11": [3, 4], "12": [0, 1, 2, 3, 4, 7, 8, 11, 12, 14, 16, 17, 18, 19], "13": [0, 1, 2, 3, 4, 7, 8, 9, 11, 12, 14, 16, 17, 18, 19], "14": [0, 1, 2, 3, 4, 5, 7, 8, 9, 11, 12, 14, 16, 17, 18, 19], "15": [0, 1, 2, 3, 4, 5, 7, 8, 9, 11, 12, 14, 15, 16, 17, 18, 19], "16": [0, 1, 2, 3, 4, 5, 7, 8, 9, 10, 11, 12, 14, 15, 16, 17, 18, 19], "17": [0, 1, 2, 3, 4, 5, 7, 8, 9, 10, 11, 12, 13, 14, 15, 16, 17, 18, 19], "18": [0, 1, 2, 3, 4, 5, 6, 7, 8, 9, 10, 11, 12, 13, 14, 15, 16, 17, 18, 19]}, "join_predecessors": {"0": [1], "2": [], "3": [2], "4": [3], "5": [4], "6": [5, 7], "7": [8], "8": [9], "9": [10], "11": [], "10": [11], "1": [6], "12": [0], "13": [12], "14": [13], "15": [14], "16": [15], "17": [16], "18": [17]}, "intermediate_costs": [[[0, 2, 3, 4, 7, 8, 11, 12, 14, 16, 17, 18, 19], 27.16210798247645], [[2, 3, 4, 7, 8, 11, 12, 14, 16, 17, 18, 19], 14.358692943323177], [[7, 18], 579.0], [[7, 8, 18], 1034.4357654562289], [[7, 8, 16, 18], 1931.4112756547684], [[7, 8, 12, 16, 18], 3653.5863297802703], [[2, 3, 4, 7, 8, 12, 14, 16, 17, 18, 19], 7.590430231386959], [[2, 3, 4, 14, 17, 19], 635.8827089818355], [[2, 3, 4, 14, 19], 224.13155496770528], [[3, 4, 14, 19], 0.507703573373618], [[3, 4, 14], 0.12084029675907848], [[3, 4], 19.0], [[0, 1, 2, 3, 4, 7, 8, 11, 12, 14, 16, 17, 18, 19], 51.3821219392275], [[0, 1, 2, 3, 4, 7, 8, 9, 11, 12, 14, 16, 17, 18, 19], 97.19873241827], [[0, 1, 2, 3, 4, 5, 7, 8, 9, 11, 12, 14, 16, 17, 18, 19], 183.86927698844426], [[0, 1, 2, 3, 4, 5, 7, 8, 9, 11, 12, 14, 15, 16, 17, 18, 19], 1709.2993859154471], [[0, 1, 2, 3, 4, 5, 7, 8, 9, 10, 11, 12, 14, 15, 16, 17, 18, 19], 272907.2865335523], [[0, 1, 2, 3, 4, 5, 7, 8, 9, 10, 11, 12, 13, 14, 15, 16, 17, 18, 19], 516254.3168139172]]}