{"costs": 5185717, "root_join": 18, "join_operands": {"0": [0, 1, 2, 3, 4, 7, 8, 11, 12, 14, 16, 17, 18, 19], "1": [1, 2, 3, 4, 7, 8, 11, 12, 14, 16, 17, 18, 19], "2": [7, 18], "3": [7, 8, 18], "4": [1, 2, 3, 4, 7, 8, 14, 17, 18, 19], "5": [1, 2, 3, 4, 14, 17, 19], "6": [1, 2, 3, 4, 14, 19], "7": [2, 3, 4, 14, 19], "8": [3, 4, 14, 19], "9": [3, 4, 14], "10": [3, 4], "11": [1, 2, 3, 4, 7, 8, 14, 16, 17, 18, 19], "12": [1, 2, 3, 4, 7, 8, 12, 14, 16, 17, 18, 19], "13": [0, 1, 2, 3, 4, 7, 8, 9, 11, 12, 14, 16, 17, 18, 19], "14": [0, 1, 2, 3, 4, 5, 7, 8, 9, 11, 12, 14, 16, 17, 18, 19], "15": [0, 1, 2, 3, 4, 5, 7, 8, 9, 11, 12, 14, 15, 16, 17, 18, 19], "16": [0, 1, 2, 3, 4, 5, 6, 7, 8, 9, 11, 12, 14, 15, 16, 17, 18, 19], "17": [0, 1, 2, 3, 4, 5, 6, 7, 8, 9, 10, 11, 12, 14, 15, 16, 17, 18, 19], "18": [0, 1, 2, 3, 4, 5, 6, 7, 8, 9, 10, 11, 12, 13, 14, 15, 16, 17, 18, 19]}, "join_predecessors": {"0": [1], "2": [], "3": [2], "4": [3, 5], "5": [6], "7": [8], "8": [9], "10": [], "9": [10], "6": [7], "11": [4], "12": [11], "1": [12], "13": [0], "14": [13], "15": [14], "16": [15], "17": [16], "18": [17]}, "intermediate_costs": [[[0, 1, 2, 3, 4, 7, 8, 11, 12, 14, 16, 17, 18, 19], 51.3821219392275], [[1, 2, 3, 4, 7, 8, 11, 12, 14, 16, 17, 18, 19], 27.16210804322454], [[7, 18], 579.0], [[7, 8, 18], 1034.4357654562289], [[1, 2, 3, 4, 7, 8, 14, 17, 18, 19], 4.0653609472982986], [[1, 2, 3, 4, 14, 17, 19], 1202.8890730067737], [[1, 2, 3, 4, 14, 19], 423.98605053808956], [[2, 3, 4, 14, 19], 224.13155496770528], [[3, 4, 14, 19], 0.507703573373618], [[3, 4, 14], 0.12084029675907848], [[3, 4], 19.0], [[1, 2, 3, 4, 7, 8, 14, 16, 17, 18, 19], 7.59049931897461], [[1, 2, 3, 4, 7, 8, 12, 14, 16, 17, 18, 19], 14.358694545060304], [[0, 1, 2, 3, 4, 7, 8, 9, 11, 12, 14, 16, 17, 18, 19], 97.19873241827], [[0, 1, 2, 3, 4, 5, 7, 8, 9, 11, 12, 14, 16, 17, 18, 19], 183.86927698844426], [[0, 1, 2, 3, 4, 5, 7, 8, 9, 11, 12, 14, 15, 16, 17, 18, 19], 1709.2993859154471], [[0, 1, 2, 3, 4, 5, 6, 7, 8, 9, 11, 12, 14, 15, 16, 17, 18, 19], 32242.799199754067], [[0, 1, 2, 3, 4, 5, 6, 7, 8, 9, 10, 11, 12, 14, 15, 16, 17, 18, 19], 5147895.630430153]]}