{"costs": 785887, "root_join": 18, "join_operands": {"0": [0, 2, 3, 4, 7, 11, 14, 16, 17, 18, 19], "1": [2, 3, 4, 7, 11, 14, 16, 17, 18, 19], "2": [2, 3, 4, 14, 19], "3": [3, 4, 14, 19], "4": [3, 4], "5": [3, 4, 14], "6": [2, 3, 4, 14, 17, 19], "7": [2, 3, 4, 7, 14, 17, 18, 19], "8": [7, 18], "9": [2, 3, 4, 7, 14, 16, 17, 18, 19], "10": [0, 1, 2, 3, 4, 7, 11, 14, 16, 17, 18, 19], "11": [0, 1, 2, 3, 4, 7, 9, 11, 14, 16, 17, 18, 19], "12": [0, 1, 2, 3, 4, 5, 7, 9, 11, 14, 16, 17, 18, 19], "13": [0, 1, 2, 3, 4, 5, 7, 9, 11, 14, 15, 16, 17, 18, 19], "14": [0, 1, 2, 3, 4, 5, 7, 9, 10, 11, 14, 15, 16, 17, 18, 19], "15": [0, 1, 2, 3, 4, 5, 7, 9, 10, 11, 13, 14, 15, 16, 17, 18, 19], "16": [0, 1, 2, 3, 4, 5, 7, 8, 9, 10, 11, 12, 13, 14, 15, 16, 17, 18, 19], "17": [8, 12], "18": [0, 1, 2, 3, 4, 5, 6, 7, 8, 9, 10, 11, 12, 13, 14, 15, 16, 17, 18, 19]}, "join_predecessors": {"0": [1], "2": [3], "4": [], "5": [4], "3": [5], "6": [2], "7": [6, 8], "8": [], "9": [7], "1": [9], "10": [0], "11": [10], "12": [11], "13": [12], "14": [13], "15": [14], "16": [15, 17], "17": [], "18": [16]}, "intermediate_costs": [[[0, 2, 3, 4, 7, 11, 14, 16, 17, 18, 19], 8.036998665172353], [[2, 3, 4, 7, 11, 14, 16, 17, 18, 19], 4.248594994672673], [[2, 3, 4, 14, 19], 224.13155496770528], [[3, 4, 14, 19], 0.507703573373618], [[3, 4], 19.0], [[3, 4, 14], 0.12084029675907848], [[2, 3, 4, 14, 17, 19], 635.8827089818355], [[2, 3, 4, 7, 14, 17, 18, 19], 1.2028890813803106], [[7, 18], 579.0], [[2, 3, 4, 7, 14, 16, 17, 18, 19], 2.2459331093557835], [[0, 1, 2, 3, 4, 7, 11, 14, 16, 17, 18, 19], 15.20346085457407], [[0, 1, 2, 3, 4, 7, 9, 11, 14, 16, 17, 18, 19], 28.76014200392917], [[0, 1, 2, 3, 4, 5, 7, 9, 11, 14, 16, 17, 18, 19], 54.40509752320044], [[0, 1, 2, 3, 4, 5, 7, 9, 11, 14, 15, 16, 17, 18, 19], 505.76475477695504], [[0, 1, 2, 3, 4, 5, 7, 9, 10, 11, 14, 15, 16, 17, 18, 19], 80750.56247479045], [[0, 1, 2, 3, 4, 5, 7, 9, 10, 11, 13, 14, 15, 16, 17, 18, 19], 152754.53796883955], [[0, 1, 2, 3, 4, 5, 7, 8, 9, 10, 11, 12, 13, 14, 15, 16, 17, 18, 19], 516254.3168139172], [[8, 12], 34050.0]]}