{"costs": 3021513, "root_join": 0, "join_operands": {"0": [0, 1, 2, 3, 4, 5, 6, 7, 8, 9, 10, 11, 12, 13, 14, 15, 16, 17, 18, 19], "1": [0, 1, 2, 3, 5, 6, 7, 8, 9, 10, 11, 12, 13, 14, 15, 16, 17, 18, 19], "2": [], "3": [0, 1, 2, 3, 5, 6, 7, 8, 9, 10, 11, 12, 14, 15, 16, 17, 18, 19], "4": [], "5": [], "6": [], "7": [0, 1, 2, 3, 5, 6, 7, 8, 9, 10, 11, 12, 15, 16, 17, 18, 19], "8": [], "9": [], "10": [], "11": [], "12": [], "13": [], "14": [], "15": [0, 1, 2, 3, 5, 6, 7, 9, 10, 11, 12, 15, 16, 17, 18, 19], "16": [], "17": [], "18": [], "19": [0, 1, 5, 7, 9, 12, 15, 16, 17], "20": [1, 5, 7, 9, 12, 15, 16, 17], "21": [5, 7, 9, 12, 15, 16, 17], "22": [5, 7, 16], "23": [7, 16], "24": [5, 7, 9, 16], "25": [5, 7, 9, 12, 16], "26": [5, 7, 9, 12, 15, 16], "27": [0, 1, 5, 7, 9, 12, 15, 16, 17, 19], "28": [0, 1, 5, 7, 9, 11, 12, 15, 16, 17, 19], "29": [0, 1, 5, 6, 7, 9, 11, 12, 15, 16, 17, 19], "30": [0, 1, 2, 5, 6, 7, 9, 11, 12, 15, 16, 17, 19], "31": [0, 1, 2, 3, 5, 6, 7, 9, 11, 12, 15, 16, 17, 19], "32": [0, 1, 2, 3, 5, 6, 7, 9, 10, 11, 12, 15, 16, 17, 19]}, "join_predecessors": {"0": [1], "1": [3], "2": [], "3": [7], "4": [], "5": [], "6": [], "7": [15], "8": [], "9": [], "10": [], "11": [], "12": [], "13": [], "14": [], "15": [32], "16": [], "17": [], "18": [], "19": [20], "20": [21], "22": [23], "23": [], "24": [22], "25": [24], "26": [25], "21": [26], "27": [19], "28": [27], "29": [28], "30": [29], "31": [30], "32": [31]}, "intermediate_costs": [[[0, 1, 2, 3, 5, 6, 7, 8, 9, 10, 11, 12, 13, 14, 15, 16, 17, 18, 19], 3019112.116600483], [[0, 1, 2, 3, 5, 6, 7, 8, 9, 10, 11, 12, 14, 15, 16, 17, 18, 19], 663.8104061590835], [[0, 1, 2, 3, 5, 6, 7, 8, 9, 10, 11, 12, 15, 16, 17, 18, 19], 204.0102975208282], [[0, 1, 2, 3, 5, 6, 7, 9, 10, 11, 12, 15, 16, 17, 18, 19], 66.02911950731534], [[0, 1, 5, 7, 9, 12, 15, 16, 17], 0.01760741028177187], [[1, 5, 7, 9, 12, 15, 16, 17], 0.006998449647200014], [[5, 7, 9, 12, 15, 16, 17], 0.0021712193167685674], [[5, 7, 16], 0.23509257028112449], [[7, 16], 1433.0], [[5, 7, 9, 16], 5.261511921170373], [[5, 7, 9, 12, 16], 0.001330257152891603], [[5, 7, 9, 12, 15, 16], 0.03623335754826366], [[0, 1, 5, 7, 9, 12, 15, 16, 17, 19], 0.055544573729837246], [[0, 1, 5, 7, 9, 11, 12, 15, 16, 17, 19], 0.17996235713201084], [[0, 1, 5, 6, 7, 9, 11, 12, 15, 16, 17, 19], 0.569844780777594], [[0, 1, 2, 5, 6, 7, 9, 11, 12, 15, 16, 17, 19], 1.866343905790973], [[0, 1, 2, 3, 5, 6, 7, 9, 11, 12, 15, 16, 17, 19], 6.033814675237122], [[0, 1, 2, 3, 5, 6, 7, 9, 10, 11, 12, 15, 16, 17, 19], 19.94598545123254]], "time_in_s": 10}