{"costs": 259740538.32608268, "join_operands": {"0": [0, 1, 2, 3, 4, 5, 6, 7, 8, 9, 10, 11, 12, 13, 14, 15, 16, 17, 18, 19], "1": [1, 2, 3, 4, 5, 6, 7, 8, 9, 10, 11, 12, 13, 14, 15, 16, 17, 18, 19], "2": [], "3": [3, 4, 5, 6, 7, 8, 9, 11, 12, 13, 14, 15, 16, 17, 18, 19], "4": [], "5": [1, 2, 10], "6": [], "7": [3, 4, 5, 6, 7, 8, 9, 11, 12, 13, 14, 15, 16, 17, 18], "8": [], "9": [1, 2], "10": [], "11": [], "12": [], "13": [], "14": []}, "join_predecessors": {"0": [1, 2], "1": [3, 5], "2": [4, 6], "3": [7, 11], "4": [8, 12], "5": [9, 13], "6": [10, 14], "7": [], "8": [], "9": [], "10": [], "11": [], "12": [], "13": [], "14": []}, "leaf_joins": [7, 8], "opt_time": 0.4368259906768799, "status": 2, "intermediate_costs": [[[1, 2, 3, 4, 5, 6, 7, 8, 9, 10, 11, 12, 13, 14, 15, 16, 17, 18, 19], 139090484.71569306], [[3, 4, 5, 6, 7, 8, 9, 11, 12, 13, 14, 15, 16, 17, 18, 19], 59335884.026380435], [[1, 2, 10], 925928.0], [[3, 4, 5, 6, 7, 8, 9, 11, 12, 13, 14, 15, 16, 17, 18], 59456241.5840092], [[1, 2], 932000.0]]}