{"costs": 2321, "join_operands": {"0": [0, 1, 2, 3, 4, 5, 6, 7, 8, 9, 10], "1": [1, 2, 3, 4, 5, 6, 7, 8, 9, 10], "2": [], "3": [1, 2, 3, 4, 5, 6, 7, 8, 10], "4": [], "5": [], "6": [], "7": [1, 2, 3, 5, 6, 7, 8, 10], "8": [], "9": [], "10": [1, 2, 3, 5, 6, 7, 8], "11": [1, 3, 5, 6, 7, 8], "12": [1, 3, 5, 6, 8], "13": [1, 5, 6, 8], "14": [1, 5, 6], "15": [1, 5]}, "join_predecessors": {"0": [1, 2], "1": [3, 5], "2": [4, 6], "3": [7], "4": [8], "5": [9], "6": [], "7": [10], "8": [], "9": [], "10": [11], "11": [12], "12": [13], "13": [14], "14": [15], "15": []}, "leaf_joins": [], "opt_time": 1.1448078155517578, "status": 2, "intermediate_costs": [[[1, 2, 3, 4, 5, 6, 7, 8, 9, 10], 9.401995652656463e-29], [[1, 2, 3, 4, 5, 6, 7, 8, 10], 2.256033164484249e-35], [[1, 2, 3, 5, 6, 7, 8, 10], 1.3304137593927091e-33], [[1, 2, 3, 5, 6, 7, 8], 2.1501942441894538e-14], [[1, 3, 5, 6, 7, 8], 2.1775853270669222e-14], [[1, 3, 5, 6, 8], 0.020747613329158306], [[1, 5, 6, 8], 0.020747613329158306], [[1, 5, 6], 507.5818299586452], [[1, 5], 1814.0]]}