{"costs": 92525904, "root_join": 38, "join_operands": {"0": [0, 4], "1": [0, 4, 13], "2": [0, 4, 9, 13], "3": [0, 4, 9, 13, 15], "4": [0, 4, 9, 13, 14, 15], "5": [0, 4, 9, 13, 14, 15, 22], "6": [0, 4, 9, 13, 14, 15, 20, 22], "7": [0, 4, 9, 13, 14, 15, 20, 22, 33], "8": [0, 2, 3, 4, 8, 9, 10, 13, 14, 15, 20, 22, 33], "9": [2, 3, 8, 10], "10": [2, 3, 10], "11": [2, 10], "12": [0, 2, 3, 4, 8, 9, 10, 13, 14, 15, 20, 22, 26, 30, 33, 35], "13": [26, 30, 35], "14": [30, 35], "15": [0, 2, 3, 4, 8, 9, 10, 13, 14, 15, 16, 17, 20, 22, 26, 30, 32, 33, 35, 37, 38], "16": [16, 17, 32, 37, 38], "17": [16, 17, 32, 38], "18": [17, 32], "19": [16, 17, 32], "20": [0, 2, 3, 4, 7, 8, 9, 10, 12, 13, 14, 15, 16, 17, 20, 22, 26, 27, 30, 32, 33, 35, 37, 38], "21": [7, 12, 27], "22": [7, 12], "23": [0, 2, 3, 4, 7, 8, 9, 10, 12, 13, 14, 15, 16, 17, 19, 20, 22, 26, 27, 28, 30, 32, 33, 35, 37, 38], "24": [19, 28], "25": [0, 2, 3, 4, 5, 7, 8, 9, 10, 12, 13, 14, 15, 16, 17, 19, 20, 22, 26, 27, 28, 30, 32, 33, 35, 37, 38], "26": [0, 2, 3, 4, 5, 7, 8, 9, 10, 12, 13, 14, 15, 16, 17, 19, 20, 22, 25, 26, 27, 28, 30, 32, 33, 35, 37, 38], "27": [0, 1, 2, 3, 4, 5, 6, 7, 8, 9, 10, 11, 12, 13, 14, 15, 16, 17, 18, 19, 20, 22, 23, 24, 25, 26, 27, 28, 29, 30, 31, 32, 33, 35, 36, 37, 38], "28": [1, 6, 11, 18, 23, 24, 29, 31, 36], "29": [18, 29], "30": [6, 18, 29], "31": [1, 11, 23, 24, 31, 36], "32": [23, 36], "33": [23, 24, 36], "34": [11, 23, 24, 36], "35": [1, 11, 23, 24, 36], "36": [0, 1, 2, 3, 4, 5, 6, 7, 8, 9, 10, 11, 12, 13, 14, 15, 16, 17, 18, 19, 20, 21, 22, 23, 24, 25, 26, 27, 28, 29, 30, 31, 32, 33, 35, 36, 37, 38, 39], "37": [21, 39], "38": [0, 1, 2, 3, 4, 5, 6, 7, 8, 9, 10, 11, 12, 13, 14, 15, 16, 17, 18, 19, 20, 21, 22, 23, 24, 25, 26, 27, 28, 29, 30, 31, 32, 33, 34, 35, 36, 37, 38, 39]}, "join_predecessors": {"0": [], "1": [0], "2": [1], "3": [2], "4": [3], "5": [4], "6": [5], "7": [6], "8": [7, 9], "9": [10], "10": [11], "11": [], "12": [8, 13], "14": [], "13": [14], "15": [12, 16], "16": [17], "18": [], "19": [18], "17": [19], "20": [15, 21], "22": [], "21": [22], "23": [20, 24], "24": [], "25": [23], "26": [25], "27": [26, 28], "29": [], "30": [29], "28": [30, 31], "32": [], "33": [32], "34": [33], "35": [34], "31": [35], "36": [27, 37], "37": [], "38": [36]}, "intermediate_costs": [[[0, 4], 852.0], [[0, 4, 13], 1613.2894838709678], [[0, 4, 9, 13], 265.6383538915264], [[0, 4, 9, 13, 15], 502.998906726719], [[0, 4, 9, 13, 14, 15], 952.4524469519582], [[0, 4, 9, 13, 14, 15, 22], 1803.4994325760151], [[0, 4, 9, 13, 14, 15, 20, 22], 3414.9843529837353], [[0, 4, 9, 13, 14, 15, 20, 22, 33], 6466.437356649571], [[0, 2, 3, 4, 8, 9, 10, 13, 14, 15, 20, 22, 33], 1615.8262297763092], [[2, 3, 8, 10], 4750.679876774329], [[2, 3, 10], 317.4828808982635], [[2, 10], 2769.0], [[0, 2, 3, 4, 8, 9, 10, 13, 14, 15, 20, 22, 26, 30, 33, 35], 0.09341257740144185], [[26, 30, 35], 357.8778], [[30, 35], 189.0], [[0, 2, 3, 4, 8, 9, 10, 13, 14, 15, 16, 17, 20, 22, 26, 30, 32, 33, 35, 37, 38], 0.35078700389833994], [[16, 17, 32, 37, 38], 1590509.234656929], [[16, 17, 32, 38], 166526.277593515], [[17, 32], 46445.0], [[16, 17, 32], 87944.5364], [[0, 2, 3, 4, 7, 8, 9, 10, 12, 13, 14, 15, 16, 17, 20, 22, 26, 27, 30, 32, 33, 35, 37, 38], 152.16032931541005], [[7, 12, 27], 8705068.322978033], [[7, 12], 1431346.0], [[0, 2, 3, 4, 7, 8, 9, 10, 12, 13, 14, 15, 16, 17, 19, 20, 22, 26, 27, 28, 30, 32, 33, 35, 37, 38], 3116.5496490144506], [[19, 28], 66790556.00000001], [[0, 2, 3, 4, 5, 7, 8, 9, 10, 12, 13, 14, 15, 16, 17, 19, 20, 22, 26, 27, 28, 30, 32, 33, 35, 37, 38], 5096.609113341255], [[0, 2, 3, 4, 5, 7, 8, 9, 10, 12, 13, 14, 15, 16, 17, 19, 20, 22, 25, 26, 27, 28, 30, 32, 33, 35, 37, 38], 9650.673873269394], [[0, 1, 2, 3, 4, 5, 6, 7, 8, 9, 10, 11, 12, 13, 14, 15, 16, 17, 18, 19, 20, 22, 23, 24, 25, 26, 27, 28, 29, 30, 31, 32, 33, 35, 36, 37, 38], 1466691.6974198322], [[1, 6, 11, 18, 23, 24, 29, 31, 36], 3772275.3818669133], [[18, 29], 30296.0], [[6, 18, 29], 57366.93485825204], [[1, 11, 23, 24, 31, 36], 1481712.4014040828], [[23, 36], 116164.00000000001], [[23, 24, 36], 218242.1781935484], [[11, 23, 24, 36], 413248.60447974823], [[1, 11, 23, 24, 36], 782505.842281417], [[0, 1, 2, 3, 4, 5, 6, 7, 8, 9, 10, 11, 12, 13, 14, 15, 16, 17, 18, 19, 20, 21, 22, 23, 24, 25, 26, 27, 28, 29, 30, 31, 32, 33, 35, 36, 37, 38, 39], 5258844.346887318], [[21, 39], 66274.0]]}