{"costs": 20206, "join_operands": {"0": [0, 1, 2, 3, 4, 5, 6, 7, 8, 9, 10, 11], "1": [0, 1, 2, 4, 5, 6, 7, 8, 9, 10, 11], "2": [], "3": [0, 1, 4, 5, 6, 7, 8, 9, 10, 11], "4": [], "5": [], "6": [], "7": [0, 4, 5, 6, 7, 8, 9, 10, 11], "8": [], "9": [], "10": [], "11": [4, 5, 6, 7, 8, 9, 10, 11], "12": [4, 5, 6, 7, 8, 9, 11], "13": [5, 6, 7, 8, 9, 11], "14": [6, 7, 8, 9, 11], "15": [7, 8, 9, 11], "16": [8, 9, 11], "17": [8, 11]}, "join_predecessors": {"0": [1, 2], "1": [3, 5], "2": [4, 6], "3": [7], "4": [8], "5": [9], "6": [10], "7": [11], "8": [], "9": [], "10": [], "11": [12], "12": [13], "13": [14], "14": [15], "15": [16], "16": [17], "17": []}, "leaf_joins": [], "opt_time": 1.5276789665222168, "status": 2, "intermediate_costs": [[[0, 1, 2, 4, 5, 6, 7, 8, 9, 10, 11], 1.478082237229021e-35], [[0, 1, 4, 5, 6, 7, 8, 9, 10, 11], 1.478082237229021e-35], [[0, 4, 5, 6, 7, 8, 9, 10, 11], 2.3233173584007583e-35], [[4, 5, 6, 7, 8, 9, 10, 11], 1.3815919842772124e-16], [[4, 5, 6, 7, 8, 9, 11], 1.3815919842772124e-16], [[5, 6, 7, 8, 9, 11], 6.861705060496367e-06], [[6, 7, 8, 9, 11], 2.2785328767042923e-05], [[7, 8, 9, 11], 0.010324442344660307], [[8, 9, 11], 0.048352771565610256], [[8, 11], 20206.0]]}