{"costs": 25129319962.55738, "join_operands": {"0": [0, 1, 2, 3, 4, 5, 6, 7, 8, 9, 10, 11, 12, 13, 14, 15, 16, 17, 18, 19, 20, 21, 22, 23, 24, 25, 26, 27, 28, 29, 30, 31, 32, 33, 34, 35, 36, 37, 38, 39, 40, 41, 42, 43, 44, 45, 46, 47, 48, 49], "1": [0, 1, 2, 5, 6, 7, 8, 10, 12, 13, 14, 16, 19, 22, 23, 24, 26, 27, 28, 29, 30, 31, 32, 33, 34, 35, 36, 37, 38, 39, 40, 41, 42, 43, 44, 45, 46, 47, 49], "2": [3, 4, 9, 11, 15, 17, 18, 20, 21, 25, 48], "3": [0, 1, 2, 5, 6, 7, 8, 10, 12, 13, 14, 19, 22, 23, 24, 26, 27, 28, 29, 30, 31, 32, 33, 34, 35, 36, 37, 38, 39, 40, 41, 42, 43, 44, 45, 46, 47], "4": [11, 15, 18, 20, 48], "5": [16, 49], "6": [3, 4, 9, 17, 21, 25], "7": [0, 1, 5, 7, 8, 10, 12, 13, 14, 19, 22, 23, 24, 26, 27, 28, 29, 30, 31, 32, 33, 34, 35, 37, 38, 39, 40, 42, 43, 44, 45, 46, 47], "8": [18, 20], "9": [], "10": [4, 9, 25], "11": [2, 6, 36, 41], "12": [11, 15, 48], "13": [], "14": [3, 17, 21], "15": [0, 5, 7, 8, 10, 12, 13, 14, 19, 22, 23, 24, 26, 27, 28, 29, 30, 31, 32, 33, 34, 35, 38, 39, 40, 42, 43, 44, 45, 46, 47], "16": [], "17": [], "18": [], "19": [2, 6], "20": [], "21": [], "22": [], "23": [1, 37], "24": [], "25": [], "26": [4, 25], "27": [36, 41], "28": [15, 48], "29": [], "30": [3, 21], "31": [0, 5, 7, 8, 10, 12, 13, 14, 19, 22, 23, 24, 26, 27, 28, 29, 30, 31, 32, 33, 34, 35, 38, 39, 40, 42, 43, 44, 45, 47], "32": [], "33": [], "34": [], "35": [], "36": [], "37": [], "38": [], "39": [], "40": [], "41": [], "42": [], "43": [], "44": [], "45": [], "46": [], "47": [], "48": []}, "join_predecessors": {"0": [1, 2], "1": [3, 5], "2": [4, 6], "3": [7, 11], "4": [8, 12], "5": [9, 13], "6": [10, 14], "7": [15, 23], "8": [16, 24], "9": [17, 25], "10": [18, 26], "11": [19, 27], "12": [20, 28], "13": [21, 29], "14": [22, 30], "15": [31, 47], "16": [32, 48], "17": [33], "18": [34], "19": [35], "20": [36], "21": [37], "22": [38], "23": [39], "24": [40], "25": [41], "26": [42], "27": [43], "28": [44], "29": [45], "30": [46], "31": [], "32": [], "33": [], "34": [], "35": [], "36": [], "37": [], "38": [], "39": [], "40": [], "41": [], "42": [], "43": [], "44": [], "45": [], "46": [], "47": [], "48": []}, "leaf_joins": [31, 32], "opt_time": 21.12265110015869, "status": 2, "intermediate_costs": [[[0, 1, 2, 5, 6, 7, 8, 10, 12, 13, 14, 16, 19, 22, 23, 24, 26, 27, 28, 29, 30, 31, 32, 33, 34, 35, 36, 37, 38, 39, 40, 41, 42, 43, 44, 45, 46, 47, 49], 2781201830.57395], [[3, 4, 9, 11, 15, 17, 18, 20, 21, 25, 48], 16196862619.511835], [[0, 1, 2, 5, 6, 7, 8, 10, 12, 13, 14, 19, 22, 23, 24, 26, 27, 28, 29, 30, 31, 32, 33, 34, 35, 36, 37, 38, 39, 40, 41, 42, 43, 44, 45, 46, 47], 131515004.85058516], [[11, 15, 18, 20, 48], 62396448.799858786], [[16, 49], 6302000.0], [[3, 4, 9, 17, 21, 25], 4412857.998921467], [[0, 1, 5, 7, 8, 10, 12, 13, 14, 19, 22, 23, 24, 26, 27, 28, 29, 30, 31, 32, 33, 34, 35, 37, 38, 39, 40, 42, 43, 44, 45, 46, 47], 162329181.85213456], [[18, 20], 108563.0], [[4, 9, 25], 4623000.0], [[2, 6, 36, 41], 2397456206.984479], [[11, 15, 48], 62647615.0], [[3, 17, 21], 188231.0], [[0, 5, 7, 8, 10, 12, 13, 14, 19, 22, 23, 24, 26, 27, 28, 29, 30, 31, 32, 33, 34, 35, 38, 39, 40, 42, 43, 44, 45, 46, 47], 175315769.49280858], [[2, 6], 375833.0], [[1, 37], 810185.0], [[4, 25], 4623000.0], [[36, 41], 2900000000.0], [[15, 48], 62647615.0], [[3, 21], 188231.0], [[0, 5, 7, 8, 10, 12, 13, 14, 19, 22, 23, 24, 26, 27, 28, 29, 30, 31, 32, 33, 34, 35, 38, 39, 40, 42, 43, 44, 45, 47], 175315769.49280858]]}