{"costs": 787011.0587242796, "join_operands": {"0": [0, 1, 2, 3, 4, 5, 6, 7, 8, 9, 10, 11, 12, 13, 14, 15, 16, 17, 18, 19, 20, 21, 22, 23, 24, 25, 26, 27, 28, 29, 30, 31, 32, 33, 34, 35, 36, 37, 38, 39, 40, 41, 42, 43, 44, 45, 46, 47, 48, 49, 50, 51, 52, 53, 54, 55, 56, 57, 58, 59], "1": [0, 4, 5, 6, 7, 8, 9, 10, 11, 12, 13, 15, 16, 17, 18, 20, 21, 23, 24, 26, 27, 28, 30, 32, 33, 35, 37, 40, 42, 43, 44, 45, 46, 49, 50, 52, 53, 54, 56, 58, 59], "2": [1, 2, 3, 14, 19, 22, 25, 29, 31, 34, 36, 38, 39, 41, 47, 48, 51, 55, 57], "3": [0, 4, 5, 6, 7, 8, 9, 10, 11, 12, 13, 15, 16, 17, 20, 21, 23, 24, 26, 27, 28, 30, 32, 33, 35, 37, 40, 42, 43, 44, 45, 46, 49, 50, 52, 53, 54, 56, 58, 59], "4": [1, 2, 3, 14, 19, 22, 25, 29, 31, 34, 36, 39, 41, 47, 48, 51, 55, 57], "5": [], "6": [], "7": [0, 4, 5, 6, 7, 8, 9, 10, 11, 12, 15, 16, 17, 20, 21, 23, 24, 26, 27, 28, 30, 32, 33, 35, 37, 40, 42, 43, 44, 45, 46, 49, 50, 52, 53, 54, 56, 58, 59], "8": [2, 3, 14, 19, 22, 25, 29, 31, 34, 36, 39, 41, 47, 48, 51, 55, 57], "9": [], "10": [], "11": [], "12": [], "13": [], "14": [], "15": [0, 4, 5, 6, 7, 8, 9, 10, 11, 12, 15, 16, 17, 20, 21, 23, 24, 26, 27, 28, 30, 32, 33, 35, 37, 40, 42, 43, 44, 45, 46, 50, 52, 53, 54, 56, 58, 59], "16": [2, 3, 14, 19, 25, 29, 31, 34, 36, 39, 41, 47, 48, 51, 55, 57], "17": [], "18": [], "19": [], "20": [], "21": [], "22": [], "23": [], "24": [], "25": [], "26": [], "27": [], "28": [], "29": [], "30": []}, "join_predecessors": {"0": [1, 2], "1": [3, 5], "2": [4, 6], "3": [7, 11], "4": [8, 12], "5": [9, 13], "6": [10, 14], "7": [15, 23], "8": [16, 24], "9": [17, 25], "10": [18, 26], "11": [19, 27], "12": [20, 28], "13": [21, 29], "14": [22, 30], "15": [], "16": [], "17": [], "18": [], "19": [], "20": [], "21": [], "22": [], "23": [], "24": [], "25": [], "26": [], "27": [], "28": [], "29": [], "30": []}, "leaf_joins": [15, 16], "opt_time": 11.757496118545532, "status": 2, "intermediate_costs": [[[0, 4, 5, 6, 7, 8, 9, 10, 11, 12, 13, 15, 16, 17, 18, 20, 21, 23, 24, 26, 27, 28, 30, 32, 33, 35, 37, 40, 42, 43, 44, 45, 46, 49, 50, 52, 53, 54, 56, 58, 59], 81797.93076253145], [[1, 2, 3, 14, 19, 22, 25, 29, 31, 34, 36, 38, 39, 41, 47, 48, 51, 55, 57], 504600.31860022846], [[0, 4, 5, 6, 7, 8, 9, 10, 11, 12, 13, 15, 16, 17, 20, 21, 23, 24, 26, 27, 28, 30, 32, 33, 35, 37, 40, 42, 43, 44, 45, 46, 49, 50, 52, 53, 54, 56, 58, 59], 26300.826633451907], [[1, 2, 3, 14, 19, 22, 25, 29, 31, 34, 36, 39, 41, 47, 48, 51, 55, 57], 161817.25354122525], [[0, 4, 5, 6, 7, 8, 9, 10, 11, 12, 15, 16, 17, 20, 21, 23, 24, 26, 27, 28, 30, 32, 33, 35, 37, 40, 42, 43, 44, 45, 46, 49, 50, 52, 53, 54, 56, 58, 59], 8384.64149713075], [[2, 3, 14, 19, 22, 25, 29, 31, 34, 36, 39, 41, 47, 48, 51, 55, 57], 1120.5119049727205], [[0, 4, 5, 6, 7, 8, 9, 10, 11, 12, 15, 16, 17, 20, 21, 23, 24, 26, 27, 28, 30, 32, 33, 35, 37, 40, 42, 43, 44, 45, 46, 50, 52, 53, 54, 56, 58, 59], 2673.0109976329836], [[2, 3, 14, 19, 25, 29, 31, 34, 36, 39, 41, 47, 48, 51, 55, 57], 316.5647871061709]]}