{"costs": 3.1283073355592893e+24, "join_operands": {"0": [0, 1, 2, 3, 4, 5, 6, 7, 8, 9, 10, 11, 12, 13, 14, 15, 16, 17, 18, 19, 20, 21, 22, 23, 24, 25, 26, 27, 28, 29, 30, 31, 32, 33, 34, 35, 36, 37, 38, 39, 40, 41, 42, 43, 44, 45, 46, 47, 48, 49], "1": [0, 1, 2, 3, 4, 5, 6, 7, 8, 9, 10, 13, 14, 15, 16, 17, 18, 19, 21, 22, 23, 24, 25, 26, 28, 29, 30, 31, 32, 33, 34, 35, 36, 37, 38, 39, 40, 41, 42, 43, 44, 45, 46, 47, 48, 49], "2": [11, 12, 20, 27], "3": [1, 2, 3, 4, 5, 6, 8, 9, 10, 13, 14, 15, 16, 17, 18, 19, 21, 22, 23, 26, 29, 30, 31, 32, 33, 34, 35, 36, 37, 38, 39, 40, 42, 43, 44, 45, 46, 48, 49], "4": [], "5": [0, 7, 24, 25, 28, 41, 47], "6": [12, 20, 27], "7": [1, 2, 3, 4, 5, 6, 8, 9, 10, 13, 14, 15, 16, 17, 18, 19, 21, 22, 23, 26, 29, 30, 31, 32, 33, 34, 35, 36, 37, 38, 40, 42, 43, 44, 45, 46, 48, 49], "8": [], "9": [24, 28, 47], "10": [], "11": [], "12": [], "13": [0, 7, 25, 41], "14": [12, 20], "15": [1, 2, 3, 4, 5, 6, 8, 9, 10, 13, 14, 15, 16, 18, 19, 21, 22, 23, 26, 29, 30, 31, 32, 33, 34, 35, 36, 37, 38, 40, 42, 43, 44, 45, 46, 48, 49], "16": [], "17": [24, 47], "18": [], "19": [], "20": [], "21": [], "22": [], "23": [], "24": [], "25": [], "26": [], "27": [], "28": [], "29": [0, 7, 41], "30": [], "31": [1, 2, 3, 4, 5, 6, 8, 9, 10, 13, 14, 15, 16, 18, 19, 21, 22, 23, 26, 29, 30, 31, 32, 33, 34, 35, 36, 38, 40, 42, 43, 44, 45, 46, 48, 49], "32": [], "33": [], "34": [], "35": [], "36": [], "37": [], "38": [], "39": [], "40": [], "41": [], "42": [], "43": [], "44": [], "45": [0, 7], "46": [], "47": [], "48": []}, "join_predecessors": {"0": [1, 2], "1": [3, 5], "2": [4, 6], "3": [7, 11], "4": [8, 12], "5": [9, 13], "6": [10, 14], "7": [15, 23], "8": [16, 24], "9": [17, 25], "10": [18, 26], "11": [19, 27], "12": [20, 28], "13": [21, 29], "14": [22, 30], "15": [31, 47], "16": [32, 48], "17": [33], "18": [34], "19": [35], "20": [36], "21": [37], "22": [38], "23": [39], "24": [40], "25": [41], "26": [42], "27": [43], "28": [44], "29": [45], "30": [46], "31": [], "32": [], "33": [], "34": [], "35": [], "36": [], "37": [], "38": [], "39": [], "40": [], "41": [], "42": [], "43": [], "44": [], "45": [], "46": [], "47": [], "48": []}, "leaf_joins": [31, 32], "opt_time": 10.025716066360474, "status": 9, "intermediate_costs": [[[0, 1, 2, 3, 4, 5, 6, 7, 8, 9, 10, 13, 14, 15, 16, 17, 18, 19, 21, 22, 23, 24, 25, 26, 28, 29, 30, 31, 32, 33, 34, 35, 36, 37, 38, 39, 40, 41, 42, 43, 44, 45, 46, 47, 48, 49], 33342.94775821217], [[11, 12, 20, 27], 3.128306542368e+24], [[1, 2, 3, 4, 5, 6, 8, 9, 10, 13, 14, 15, 16, 17, 18, 19, 21, 22, 23, 26, 29, 30, 31, 32, 33, 34, 35, 36, 37, 38, 39, 40, 42, 43, 44, 45, 46, 48, 49], 3275.209256396655], [[0, 7, 24, 25, 28, 41, 47], 188679.76189180074], [[12, 20, 27], 7.93181172e+17], [[1, 2, 3, 4, 5, 6, 8, 9, 10, 13, 14, 15, 16, 17, 18, 19, 21, 22, 23, 26, 29, 30, 31, 32, 33, 34, 35, 36, 37, 38, 40, 42, 43, 44, 45, 46, 48, 49], 58.536724832724616], [[24, 28, 47], 8752529672000.0], [[0, 7, 25, 41], 85696.26079420526], [[12, 20], 836689000000.0], [[1, 2, 3, 4, 5, 6, 8, 9, 10, 13, 14, 15, 16, 18, 19, 21, 22, 23, 26, 29, 30, 31, 32, 33, 34, 35, 36, 37, 38, 40, 42, 43, 44, 45, 46, 48, 49], 7.390237155940855], [[24, 47], 528285000000.0], [[0, 7, 41], 119681.83510576925], [[1, 2, 3, 4, 5, 6, 8, 9, 10, 13, 14, 15, 16, 18, 19, 21, 22, 23, 26, 29, 30, 31, 32, 33, 34, 35, 36, 38, 40, 42, 43, 44, 45, 46, 48, 49], 5.040441683156751], [[0, 7], 36455.0]]}