{"costs": 4532976, "root_join": 0, "join_operands": {"0": [0, 1, 2, 3, 4, 5, 6, 7, 8, 9, 10, 11, 12, 13, 14, 15, 16, 17, 18, 19, 20, 21, 22, 23, 24, 25, 26, 27, 28, 29], "1": [0, 1, 2, 3, 4, 5, 6, 7, 9, 10, 12, 13, 14, 15, 16, 17, 19, 20, 21, 23, 25, 27, 28, 29], "2": [8, 11, 18, 22, 24, 26], "3": [0, 1, 2, 3, 4, 5, 6, 7, 9, 10, 12, 13, 14, 15, 16, 17, 19, 21, 23, 25, 27, 28, 29], "4": [8, 11, 22, 24, 26], "5": [], "6": [], "7": [0, 1, 2, 3, 4, 5, 6, 7, 9, 12, 13, 14, 15, 16, 17, 19, 21, 23, 25, 27, 28, 29], "8": [11, 22, 24, 26], "9": [], "10": [], "11": [], "12": [], "13": [], "14": [], "15": [0, 1, 2, 3, 4, 5, 6, 7, 9, 12, 13, 14, 15, 16, 17, 19, 21, 23, 27, 28, 29], "16": [11, 22, 24], "17": [], "18": [], "19": [], "20": [], "21": [], "22": [], "23": [], "24": [], "25": [], "26": [], "27": [], "28": [], "29": [0, 2, 3, 4, 5, 6, 7, 16, 19, 21, 27, 28], "30": [2, 3, 4, 5, 6, 7, 16, 19, 21, 27, 28], "31": [3, 4, 5, 6, 7, 16, 19, 21, 27, 28], "32": [3, 4], "33": [3, 4, 16], "34": [3, 4, 5, 6, 7, 16, 19, 28], "35": [5, 6, 7, 19, 28], "36": [5, 19], "37": [5, 19, 28], "38": [5, 6, 19, 28], "39": [3, 4, 5, 6, 7, 16, 19, 27, 28], "40": [0, 1, 2, 3, 4, 5, 6, 7, 16, 19, 21, 27, 28], "41": [0, 1, 2, 3, 4, 5, 6, 7, 16, 17, 19, 21, 27, 28], "42": [0, 1, 2, 3, 4, 5, 6, 7, 9, 16, 17, 19, 21, 27, 28], "43": [0, 1, 2, 3, 4, 5, 6, 7, 9, 16, 17, 19, 21, 27, 28, 29], "44": [0, 1, 2, 3, 4, 5, 6, 7, 9, 12, 16, 17, 19, 21, 27, 28, 29], "45": [0, 1, 2, 3, 4, 5, 6, 7, 9, 12, 16, 17, 19, 21, 23, 27, 28, 29], "46": [0, 1, 2, 3, 4, 5, 6, 7, 9, 12, 14, 16, 17, 19, 21, 23, 27, 28, 29], "47": [0, 1, 2, 3, 4, 5, 6, 7, 9, 12, 14, 15, 16, 17, 19, 21, 23, 27, 28, 29], "48": [11, 24]}, "join_predecessors": {"0": [1, 2], "1": [3], "2": [4], "3": [7], "4": [8], "5": [], "6": [], "7": [15], "8": [16], "9": [], "10": [], "11": [], "12": [], "13": [], "14": [], "15": [47], "16": [48], "17": [], "18": [], "19": [], "20": [], "21": [], "22": [], "23": [], "24": [], "25": [], "26": [], "27": [], "28": [], "29": [30], "30": [31], "32": [], "33": [32], "34": [33, 35], "36": [], "37": [36], "38": [37], "35": [38], "39": [34], "31": [39], "40": [29], "41": [40], "42": [41], "43": [42], "44": [43], "45": [44], "46": [45], "47": [46], "48": []}, "intermediate_costs": [[[0, 1, 2, 3, 4, 5, 6, 7, 9, 10, 12, 13, 14, 15, 16, 17, 19, 20, 21, 23, 25, 27, 28, 29], 829557.4885159415], [[8, 11, 18, 22, 24, 26], 944773.9002422547], [[0, 1, 2, 3, 4, 5, 6, 7, 9, 10, 12, 13, 14, 15, 16, 17, 19, 21, 23, 25, 27, 28, 29], 517269.7938175577], [[8, 11, 22, 24, 26], 589113.8396103797], [[0, 1, 2, 3, 4, 5, 6, 7, 9, 12, 13, 14, 15, 16, 17, 19, 21, 23, 25, 27, 28, 29], 332171.1428166614], [[11, 22, 24, 26], 377688.9090743342], [[0, 1, 2, 3, 4, 5, 6, 7, 9, 12, 13, 14, 15, 16, 17, 19, 21, 23, 27, 28, 29], 208346.9704132554], [[11, 22, 24], 235507.94888172045], [[0, 2, 3, 4, 5, 6, 7, 16, 19, 21, 27, 28], 210.76376789748304], [[2, 3, 4, 5, 6, 7, 16, 19, 21, 27, 28], 131.42156549514252], [[3, 4, 5, 6, 7, 16, 19, 21, 27, 28], 81.94779844829891], [[3, 4], 8169.0], [[3, 4, 16], 12505.301861111111], [[3, 4, 5, 6, 7, 16, 19, 28], 32.28727934941983], [[5, 6, 7, 19, 28], 738.9591761328215], [[5, 19], 160.0], [[5, 19, 28], 1538.8127102803737], [[5, 6, 19, 28], 462.7943059120358], [[3, 4, 5, 6, 7, 16, 19, 27, 28], 51.09849904975856], [[0, 1, 2, 3, 4, 5, 6, 7, 16, 19, 21, 27, 28], 338.0068105210898], [[0, 1, 2, 3, 4, 5, 6, 7, 16, 17, 19, 21, 27, 28], 542.0694699964333], [[0, 1, 2, 3, 4, 5, 6, 7, 9, 16, 17, 19, 21, 27, 28], 869.3295688213765], [[0, 1, 2, 3, 4, 5, 6, 7, 9, 16, 17, 19, 21, 27, 28, 29], 29241.646831020047], [[0, 1, 2, 3, 4, 5, 6, 7, 9, 12, 16, 17, 19, 21, 27, 28, 29], 33496.7859209965], [[0, 1, 2, 3, 4, 5, 6, 7, 9, 12, 16, 17, 19, 21, 23, 27, 28, 29], 51161.49979132833], [[0, 1, 2, 3, 4, 5, 6, 7, 9, 12, 14, 16, 17, 19, 21, 23, 27, 28, 29], 82048.88509276422], [[0, 1, 2, 3, 4, 5, 6, 7, 9, 12, 14, 15, 16, 17, 19, 21, 23, 27, 28, 29], 129914.5161900803], [[11, 24], 146851.0]]}