{"costs": 10141570, "root_join": 18, "join_operands": {"0": [7, 11], "1": [5, 7, 11], "2": [5, 7, 11, 19], "3": [5, 7, 11, 16, 19], "4": [1, 5, 7, 11, 16, 19], "5": [1, 4, 5, 7, 11, 16, 19], "6": [1, 2, 4, 5, 7, 11, 16, 19], "7": [1, 2, 4, 5, 7, 11, 15, 16, 19], "8": [1, 2, 4, 5, 7, 11, 13, 15, 16, 19], "9": [0, 1, 2, 4, 5, 7, 11, 13, 15, 16, 19], "10": [0, 1, 2, 4, 5, 6, 7, 11, 13, 15, 16, 19], "11": [0, 1, 2, 4, 5, 6, 7, 11, 12, 13, 15, 16, 19], "12": [0, 1, 2, 4, 5, 6, 7, 9, 11, 12, 13, 15, 16, 19], "13": [0, 1, 2, 4, 5, 6, 7, 8, 9, 11, 12, 13, 15, 16, 19], "14": [0, 1, 2, 4, 5, 6, 7, 8, 9, 11, 12, 13, 15, 16, 18, 19], "15": [0, 1, 2, 3, 4, 5, 6, 7, 8, 9, 11, 12, 13, 15, 16, 18, 19], "16": [0, 1, 2, 3, 4, 5, 6, 7, 8, 9, 11, 12, 13, 14, 15, 16, 18, 19], "17": [0, 1, 2, 3, 4, 5, 6, 7, 8, 9, 11, 12, 13, 14, 15, 16, 17, 18, 19], "18": [0, 1, 2, 3, 4, 5, 6, 7, 8, 9, 10, 11, 12, 13, 14, 15, 16, 17, 18, 19]}, "join_predecessors": {"0": [], "1": [0], "2": [1], "3": [2], "4": [3], "5": [4], "6": [5], "7": [6], "8": [7], "9": [8], "10": [9], "11": [10], "12": [11], "13": [12], "14": [13], "15": [14], "16": [15], "17": [16], "18": [17]}, "intermediate_costs": [[[7, 11], 273.0], [[5, 7, 11], 0.43987940826839256], [[5, 7, 11, 19], 0.24488467041825193], [[5, 7, 11, 16, 19], 0.0007820835971462029], [[1, 5, 7, 11, 16, 19], 0.001438550387954074], [[1, 4, 5, 7, 11, 16, 19], 0.367074054989349], [[1, 2, 4, 5, 7, 11, 16, 19], 0.46498477076986583], [[1, 2, 4, 5, 7, 11, 15, 16, 19], 0.8418684603519255], [[1, 2, 4, 5, 7, 11, 13, 15, 16, 19], 1.5438110804537286], [[0, 1, 2, 4, 5, 7, 11, 13, 15, 16, 19], 274.08840189897785], [[0, 1, 2, 4, 5, 6, 7, 11, 13, 15, 16, 19], 45.51715878901937], [[0, 1, 2, 4, 5, 6, 7, 11, 12, 13, 15, 16, 19], 83.72344638078751], [[0, 1, 2, 4, 5, 6, 7, 9, 11, 12, 13, 15, 16, 19], 153.9994072645767], [[0, 1, 2, 4, 5, 6, 7, 8, 9, 11, 12, 13, 15, 16, 19], 51912.3033688112], [[0, 1, 2, 4, 5, 6, 7, 8, 9, 11, 12, 13, 15, 16, 18, 19], 93476.32024054333], [[0, 1, 2, 3, 4, 5, 6, 7, 8, 9, 11, 12, 13, 15, 16, 18, 19], 1606269.55723785], [[0, 1, 2, 3, 4, 5, 6, 7, 8, 9, 11, 12, 13, 14, 15, 16, 18, 19], 2954543.558571115], [[0, 1, 2, 3, 4, 5, 6, 7, 8, 9, 11, 12, 13, 14, 15, 16, 17, 18, 19], 5434534.695723841]]}