{"costs": 1596538.7286024713, "intermediate_costs": [[[0, 7], 673.0], [[0, 7, 13], 8.268786458333334], [[0, 7, 8, 13], 0.4148523433873946], [[0, 4, 7, 8, 13], 0.6577451472953586], [[0, 4, 7, 8, 13, 19], 4.687480018154339], [[0, 4, 7, 8, 13, 19, 30], 0.00984970481426674], [[0, 4, 7, 8, 13, 19, 27, 30], 8.159631221295169e-07], [[0, 4, 7, 8, 13, 19, 23, 27, 30], 2.768519394392062e-09], [[0, 4, 7, 8, 13, 19, 23, 27, 30, 32], 2.0904828064822268e-10], [[0, 4, 7, 8, 13, 19, 23, 27, 30, 32, 39], 1.4797347279149906e-09], [[0, 4, 7, 8, 13, 19, 23, 27, 30, 31, 32, 39], 3.562086062415651e-12], [[0, 4, 7, 8, 9, 13, 19, 23, 27, 30, 31, 32, 39], 8.844460829520556e-17], [[0, 1, 4, 7, 8, 9, 13, 19, 23, 27, 30, 31, 32, 39], 4.73438785580218e-19], [[0, 1, 4, 7, 8, 9, 13, 14, 19, 23, 27, 30, 31, 32, 39], 3.3740032794479163e-18], [[0, 1, 4, 7, 8, 9, 10, 13, 14, 19, 23, 27, 30, 31, 32, 39], 4.255715702715691e-21], [[0, 1, 4, 7, 8, 9, 10, 13, 14, 15, 19, 23, 27, 30, 31, 32, 39], 3.0328746234897334e-20], [[0, 1, 4, 7, 8, 9, 10, 13, 14, 15, 19, 23, 27, 30, 31, 32, 34, 39], 5.398516829811725e-22], [[0, 1, 4, 7, 8, 9, 10, 11, 13, 14, 15, 19, 23, 27, 30, 31, 32, 34, 39], 3.847302276984868e-21], [[0, 1, 4, 7, 8, 9, 10, 11, 13, 14, 15, 19, 23, 27, 30, 31, 32, 34, 39, 49], 5.0970556948334884e-20], [[0, 1, 4, 7, 8, 9, 10, 11, 13, 14, 15, 19, 23, 27, 30, 31, 32, 34, 37, 39, 49], 2.2447805536923273e-20], [[0, 1, 4, 7, 8, 9, 10, 11, 13, 14, 15, 19, 23, 27, 29, 30, 31, 32, 34, 37, 39, 49], 1.426813130570757e-19], [[0, 1, 4, 7, 8, 9, 10, 11, 13, 14, 15, 19, 23, 27, 29, 30, 31, 32, 34, 37, 39, 46, 49], 9.424290829901376e-19], [[0, 1, 4, 7, 8, 9, 10, 11, 13, 14, 15, 19, 23, 27, 29, 30, 31, 32, 34, 37, 39, 42, 46, 49], 6.62793389630743e-18], [[0, 1, 4, 7, 8, 9, 10, 11, 13, 14, 15, 19, 23, 27, 29, 30, 31, 32, 34, 37, 39, 42, 46, 48, 49], 4.428240175837411e-17], [[0, 1, 4, 7, 8, 9, 10, 11, 13, 14, 15, 19, 23, 24, 27, 29, 30, 31, 32, 34, 37, 39, 42, 46, 48, 49], 3.1558257670122836e-16], [[0, 1, 4, 7, 8, 9, 10, 11, 13, 14, 15, 19, 23, 24, 27, 29, 30, 31, 32, 34, 37, 39, 40, 42, 46, 48, 49], 2.2490258268986665e-15], [[0, 1, 4, 7, 8, 9, 10, 11, 13, 14, 15, 19, 23, 24, 25, 27, 29, 30, 31, 32, 34, 37, 39, 40, 42, 46, 48, 49], 1.6027886102241183e-14], [[0, 1, 4, 7, 8, 9, 10, 11, 13, 14, 15, 17, 19, 23, 24, 25, 27, 29, 30, 31, 32, 34, 37, 39, 40, 42, 46, 48, 49], 1.078784021473694e-13], [[0, 1, 2, 4, 7, 8, 9, 10, 11, 13, 14, 15, 17, 19, 23, 24, 25, 27, 29, 30, 31, 32, 34, 37, 39, 40, 42, 46, 48, 49], 7.688051298382526e-13], [[0, 1, 2, 4, 7, 8, 9, 10, 11, 13, 14, 15, 17, 19, 23, 24, 25, 27, 29, 30, 31, 32, 34, 37, 39, 40, 42, 45, 46, 48, 49], 5.35985205282908e-12], [[0, 1, 2, 4, 7, 8, 9, 10, 11, 13, 14, 15, 17, 19, 23, 24, 25, 27, 28, 29, 30, 31, 32, 34, 37, 39, 40, 42, 45, 46, 48, 49], 3.7494449893188204e-11], [[0, 1, 2, 4, 7, 8, 9, 10, 11, 13, 14, 15, 17, 19, 23, 24, 25, 27, 28, 29, 30, 31, 32, 34, 35, 37, 39, 40, 42, 45, 46, 48, 49], 2.652161391728783e-10], [[0, 1, 2, 4, 7, 8, 9, 10, 11, 13, 14, 15, 16, 17, 19, 23, 24, 25, 27, 28, 29, 30, 31, 32, 34, 35, 37, 39, 40, 42, 45, 46, 48, 49], 1.8848786203421557e-09], [[0, 1, 2, 4, 7, 8, 9, 10, 11, 13, 14, 15, 16, 17, 19, 23, 24, 25, 27, 28, 29, 30, 31, 32, 33, 34, 35, 37, 39, 40, 42, 45, 46, 48, 49], 1.3399510057390554e-08], [[0, 1, 2, 4, 7, 8, 9, 10, 11, 13, 14, 15, 16, 17, 19, 23, 24, 25, 26, 27, 28, 29, 30, 31, 32, 33, 34, 35, 37, 39, 40, 42, 45, 46, 48, 49], 9.549282656127172e-08], [[0, 1, 2, 4, 7, 8, 9, 10, 11, 13, 14, 15, 16, 17, 19, 23, 24, 25, 26, 27, 28, 29, 30, 31, 32, 33, 34, 35, 37, 39, 40, 42, 44, 45, 46, 48, 49], 6.796971046646096e-07], [[0, 1, 2, 4, 7, 8, 9, 10, 11, 13, 14, 15, 16, 17, 19, 23, 24, 25, 26, 27, 28, 29, 30, 31, 32, 33, 34, 35, 37, 39, 40, 42, 44, 45, 46, 47, 48, 49], 4.8439227181881725e-06], [[0, 1, 2, 4, 7, 8, 9, 10, 11, 13, 14, 15, 16, 17, 19, 23, 24, 25, 26, 27, 28, 29, 30, 31, 32, 33, 34, 35, 36, 37, 39, 40, 42, 44, 45, 46, 47, 48, 49], 3.452064903529203e-05], [[0, 1, 2, 3, 4, 7, 8, 9, 10, 11, 13, 14, 15, 16, 17, 19, 23, 24, 25, 26, 27, 28, 29, 30, 31, 32, 33, 34, 35, 36, 37, 39, 40, 42, 44, 45, 46, 47, 48, 49], 0.0002460145137247022], [[0, 1, 2, 3, 4, 7, 8, 9, 10, 11, 13, 14, 15, 16, 17, 19, 22, 23, 24, 25, 26, 27, 28, 29, 30, 31, 32, 33, 34, 35, 36, 37, 39, 40, 42, 44, 45, 46, 47, 48, 49], 0.0017532446200769416], [[0, 1, 2, 3, 4, 7, 8, 9, 10, 11, 13, 14, 15, 16, 17, 19, 22, 23, 24, 25, 26, 27, 28, 29, 30, 31, 32, 33, 34, 35, 36, 37, 39, 40, 42, 43, 44, 45, 46, 47, 48, 49], 0.0124946564614202], [[0, 1, 2, 3, 4, 7, 8, 9, 10, 11, 13, 14, 15, 16, 17, 19, 22, 23, 24, 25, 26, 27, 28, 29, 30, 31, 32, 33, 34, 35, 36, 37, 39, 40, 41, 42, 43, 44, 45, 46, 47, 48, 49], 0.08904430515017119], [[0, 1, 2, 3, 4, 7, 8, 9, 10, 11, 13, 14, 15, 16, 17, 19, 22, 23, 24, 25, 26, 27, 28, 29, 30, 31, 32, 33, 34, 35, 36, 37, 38, 39, 40, 41, 42, 43, 44, 45, 46, 47, 48, 49], 0.6345823569764141], [[0, 1, 2, 3, 4, 7, 8, 9, 10, 11, 13, 14, 15, 16, 17, 19, 20, 22, 23, 24, 25, 26, 27, 28, 29, 30, 31, 32, 33, 34, 35, 36, 37, 38, 39, 40, 41, 42, 43, 44, 45, 46, 47, 48, 49], 4.522409064578652], [[0, 1, 2, 3, 4, 6, 7, 8, 9, 10, 11, 13, 14, 15, 16, 17, 19, 20, 22, 23, 24, 25, 26, 27, 28, 29, 30, 31, 32, 33, 34, 35, 36, 37, 38, 39, 40, 41, 42, 43, 44, 45, 46, 47, 48, 49], 32.22936084822524], [[0, 1, 2, 3, 4, 6, 7, 8, 9, 10, 11, 13, 14, 15, 16, 17, 19, 20, 21, 22, 23, 24, 25, 26, 27, 28, 29, 30, 31, 32, 33, 34, 35, 36, 37, 38, 39, 40, 41, 42, 43, 44, 45, 46, 47, 48, 49], 1068.5365848810932], [[0, 1, 2, 3, 4, 6, 7, 8, 9, 10, 11, 13, 14, 15, 16, 17, 18, 19, 20, 21, 22, 23, 24, 25, 26, 27, 28, 29, 30, 31, 32, 33, 34, 35, 36, 37, 38, 39, 40, 41, 42, 43, 44, 45, 46, 47, 48, 49], 196237.95715168436], [[0, 1, 2, 3, 4, 6, 7, 8, 9, 10, 11, 12, 13, 14, 15, 16, 17, 18, 19, 20, 21, 22, 23, 24, 25, 26, 27, 28, 29, 30, 31, 32, 33, 34, 35, 36, 37, 38, 39, 40, 41, 42, 43, 44, 45, 46, 47, 48, 49], 1398507.7062207675]]}