{"costs": 5874880, "root_join": 28, "join_operands": {"0": [18, 25], "1": [18, 25, 27], "2": [18, 20, 25, 27], "3": [14, 18, 20, 25, 27], "4": [14, 18, 20, 23, 25, 27], "5": [14, 15, 18, 20, 23, 25, 27], "6": [8, 14, 15, 18, 20, 23, 25, 27], "7": [4, 8, 14, 15, 18, 20, 23, 25, 27], "8": [4, 8, 14, 15, 18, 20, 23, 25, 27, 29], "9": [0, 4, 8, 14, 15, 18, 20, 23, 25, 27, 29], "10": [0, 2, 4, 8, 14, 15, 18, 20, 23, 25, 27, 29], "11": [0, 2, 4, 6, 8, 14, 15, 18, 20, 23, 25, 27, 29], "12": [0, 2, 4, 6, 8, 12, 14, 15, 18, 20, 23, 25, 27, 29], "13": [0, 2, 4, 6, 8, 12, 14, 15, 18, 20, 21, 23, 25, 27, 29], "14": [0, 2, 4, 6, 8, 12, 14, 15, 18, 20, 21, 23, 24, 25, 27, 29], "15": [0, 2, 4, 6, 8, 12, 14, 15, 18, 20, 21, 23, 24, 25, 26, 27, 29], "16": [0, 2, 4, 6, 8, 12, 14, 15, 16, 18, 20, 21, 23, 24, 25, 26, 27, 29], "17": [0, 1, 2, 4, 6, 8, 12, 14, 15, 16, 18, 20, 21, 23, 24, 25, 26, 27, 29], "18": [0, 1, 2, 4, 6, 8, 12, 14, 15, 16, 17, 18, 20, 21, 23, 24, 25, 26, 27, 29], "19": [0, 1, 2, 4, 6, 8, 10, 12, 14, 15, 16, 17, 18, 20, 21, 23, 24, 25, 26, 27, 29], "20": [0, 1, 2, 3, 4, 6, 8, 10, 12, 14, 15, 16, 17, 18, 20, 21, 23, 24, 25, 26, 27, 29], "21": [0, 1, 2, 3, 4, 6, 8, 10, 12, 14, 15, 16, 17, 18, 20, 21, 22, 23, 24, 25, 26, 27, 29], "22": [0, 1, 2, 3, 4, 6, 8, 10, 12, 14, 15, 16, 17, 18, 20, 21, 22, 23, 24, 25, 26, 27, 28, 29], "23": [0, 1, 2, 3, 4, 5, 6, 8, 10, 12, 14, 15, 16, 17, 18, 20, 21, 22, 23, 24, 25, 26, 27, 28, 29], "24": [0, 1, 2, 3, 4, 5, 6, 8, 10, 12, 13, 14, 15, 16, 17, 18, 20, 21, 22, 23, 24, 25, 26, 27, 28, 29], "25": [0, 1, 2, 3, 4, 5, 6, 8, 10, 12, 13, 14, 15, 16, 17, 18, 19, 20, 21, 22, 23, 24, 25, 26, 27, 28, 29], "26": [0, 1, 2, 3, 4, 5, 6, 7, 8, 10, 12, 13, 14, 15, 16, 17, 18, 19, 20, 21, 22, 23, 24, 25, 26, 27, 28, 29], "27": [0, 1, 2, 3, 4, 5, 6, 7, 8, 9, 10, 12, 13, 14, 15, 16, 17, 18, 19, 20, 21, 22, 23, 24, 25, 26, 27, 28, 29], "28": [0, 1, 2, 3, 4, 5, 6, 7, 8, 9, 10, 11, 12, 13, 14, 15, 16, 17, 18, 19, 20, 21, 22, 23, 24, 25, 26, 27, 28, 29]}, "join_predecessors": {"0": [], "1": [0], "2": [1], "3": [2], "4": [3], "5": [4], "6": [5], "7": [6], "8": [7], "9": [8], "10": [9], "11": [10], "12": [11], "13": [12], "14": [13], "15": [14], "16": [15], "17": [16], "18": [17], "19": [18], "20": [19], "21": [20], "22": [21], "23": [22], "24": [23], "25": [24], "26": [25], "27": [26], "28": [27]}, "intermediate_costs": [[[18, 25], 30.0], [[18, 25, 27], 80.10229588106264], [[18, 20, 25, 27], 213.87927260871854], [[14, 18, 20, 25, 27], 3.003221452880756], [[14, 18, 20, 23, 25, 27], 1234.7641672340426], [[14, 15, 18, 20, 23, 25, 27], 52.98286737226352], [[8, 14, 15, 18, 20, 23, 25, 27], 9779.724269698552], [[4, 8, 14, 15, 18, 20, 23, 25, 27], 26112.6137759779], [[4, 8, 14, 15, 18, 20, 23, 25, 27, 29], 8239.943149630839], [[0, 4, 8, 14, 15, 18, 20, 23, 25, 27, 29], 22001.27031348432], [[0, 2, 4, 8, 14, 15, 18, 20, 23, 25, 27, 29], 60.50349336208189], [[0, 2, 4, 6, 8, 14, 15, 18, 20, 23, 25, 27, 29], 161.54896709681833], [[0, 2, 4, 6, 8, 12, 14, 15, 18, 20, 23, 25, 27, 29], 431.34812062688866], [[0, 2, 4, 6, 8, 12, 14, 15, 18, 20, 21, 23, 25, 27, 29], 16780.304588627223], [[0, 2, 4, 6, 8, 12, 14, 15, 18, 20, 21, 23, 24, 25, 27, 29], 800.0750091392471], [[0, 2, 4, 6, 8, 12, 14, 15, 18, 20, 21, 23, 24, 25, 26, 27, 29], 16247.043967714024], [[0, 2, 4, 6, 8, 12, 14, 15, 16, 18, 20, 21, 23, 24, 25, 26, 27, 29], 1.3523932380073258], [[0, 1, 2, 4, 6, 8, 12, 14, 15, 16, 18, 20, 21, 23, 24, 25, 26, 27, 29], 3.5279821324073453], [[0, 1, 2, 4, 6, 8, 12, 14, 15, 16, 17, 18, 20, 21, 23, 24, 25, 26, 27, 29], 9.378733424143496], [[0, 1, 2, 4, 6, 8, 10, 12, 14, 15, 16, 17, 18, 20, 21, 23, 24, 25, 26, 27, 29], 25.041920883729436], [[0, 1, 2, 3, 4, 6, 8, 10, 12, 14, 15, 16, 17, 18, 20, 21, 23, 24, 25, 26, 27, 29], 66.86381547962418], [[0, 1, 2, 3, 4, 6, 8, 10, 12, 14, 15, 16, 17, 18, 20, 21, 22, 23, 24, 25, 26, 27, 29], 178.5315106830354], [[0, 1, 2, 3, 4, 6, 8, 10, 12, 14, 15, 16, 17, 18, 20, 21, 22, 23, 24, 25, 26, 27, 28, 29], 476.6928264435404], [[0, 1, 2, 3, 4, 5, 6, 8, 10, 12, 14, 15, 16, 17, 18, 20, 21, 22, 23, 24, 25, 26, 27, 28, 29], 73300.87778095936], [[0, 1, 2, 3, 4, 5, 6, 8, 10, 12, 13, 14, 15, 16, 17, 18, 20, 21, 22, 23, 24, 25, 26, 27, 28, 29], 191002.84786101064], [[0, 1, 2, 3, 4, 5, 6, 8, 10, 12, 13, 14, 15, 16, 17, 18, 19, 20, 21, 22, 23, 24, 25, 26, 27, 28, 29], 509992.2587975636], [[0, 1, 2, 3, 4, 5, 6, 7, 8, 10, 12, 13, 14, 15, 16, 17, 18, 19, 20, 21, 22, 23, 24, 25, 26, 27, 28, 29], 1361718.370219925], [[0, 1, 2, 3, 4, 5, 6, 7, 8, 9, 10, 12, 13, 14, 15, 16, 17, 18, 19, 20, 21, 22, 23, 24, 25, 26, 27, 28, 29], 3635875.901285278]]}