{"costs": 1670864, "root_join": 0, "join_operands": {"0": [0, 1, 2, 3, 4, 5, 6, 7, 8, 9, 10, 11, 12, 13, 14, 15, 16, 17, 18, 19], "1": [0, 1, 2, 3, 4, 5, 6, 7, 8, 9, 10, 12, 13, 14, 15, 16, 17, 18, 19], "2": [], "3": [0, 1, 2, 3, 5, 6, 7, 8, 9, 10, 12, 13, 14, 15, 16, 17, 18, 19], "4": [], "5": [], "6": [], "7": [0, 1, 2, 3, 5, 6, 7, 8, 9, 12, 13, 14, 15, 16, 17, 18, 19], "8": [], "9": [], "10": [], "11": [], "12": [], "13": [], "14": [], "15": [0, 1, 2, 3, 5, 6, 7, 8, 9, 12, 13, 14, 16, 18, 19], "16": [1, 2, 3, 5, 6, 7, 8, 9, 12, 13, 14, 16, 18, 19], "17": [1, 6, 7, 9, 12, 13, 14, 16, 19], "18": [6, 7, 9, 12, 13, 14, 16, 19], "19": [7, 9, 12, 13, 14, 16, 19], "20": [7, 9, 14, 16, 19], "21": [9, 14, 16, 19], "22": [9, 16], "23": [9, 14, 16], "24": [7, 9, 13, 14, 16, 19], "25": [1, 2, 6, 7, 9, 12, 13, 14, 16, 19], "26": [1, 2, 6, 7, 9, 12, 13, 14, 16, 18, 19], "27": [1, 2, 5, 6, 7, 9, 12, 13, 14, 16, 18, 19], "28": [1, 2, 3, 5, 6, 7, 9, 12, 13, 14, 16, 18, 19], "29": [0, 1, 2, 3, 5, 6, 7, 8, 9, 12, 13, 14, 16, 17, 18, 19]}, "join_predecessors": {"0": [1], "1": [3], "2": [], "3": [7], "4": [], "5": [], "6": [], "7": [29], "8": [], "9": [], "10": [], "11": [], "12": [], "13": [], "14": [], "15": [16], "17": [18], "18": [19], "20": [21], "22": [], "23": [22], "21": [23], "24": [20], "19": [24], "25": [17], "26": [25], "27": [26], "28": [27], "16": [28], "29": [15]}, "intermediate_costs": [[[0, 1, 2, 3, 4, 5, 6, 7, 8, 9, 10, 12, 13, 14, 15, 16, 17, 18, 19], 887089.3382447072], [[0, 1, 2, 3, 5, 6, 7, 8, 9, 10, 12, 13, 14, 15, 16, 17, 18, 19], 773639.3835517538], [[0, 1, 2, 3, 5, 6, 7, 8, 9, 12, 13, 14, 15, 16, 17, 18, 19], 3394.615098138848], [[0, 1, 2, 3, 5, 6, 7, 8, 9, 12, 13, 14, 16, 18, 19], 2460.380217624527], [[1, 2, 3, 5, 6, 7, 8, 9, 12, 13, 14, 16, 18, 19], 225.43075291683473], [[1, 6, 7, 9, 12, 13, 14, 16, 19], 45.19207389526426], [[6, 7, 9, 12, 13, 14, 16, 19], 38.474061212889545], [[7, 9, 12, 13, 14, 16, 19], 1.8581326668975415], [[7, 9, 14, 16, 19], 0.4366820988929808], [[9, 14, 16, 19], 396.3793742568066], [[9, 16], 193.0], [[9, 14, 16], 288.69395954692556], [[7, 9, 13, 14, 16, 19], 0.5114407201704393], [[1, 2, 6, 7, 9, 12, 13, 14, 16, 19], 52.81228101044989], [[1, 2, 6, 7, 9, 12, 13, 14, 16, 18, 19], 41.777882409432344], [[1, 2, 5, 6, 7, 9, 12, 13, 14, 16, 18, 19], 49.072705667795645], [[1, 2, 3, 5, 6, 7, 9, 12, 13, 14, 16, 18, 19], 57.64135464704443], [[0, 1, 2, 3, 5, 6, 7, 8, 9, 12, 13, 14, 16, 17, 18, 19], 2889.990817489512]]}