{"costs": 304.0, "root_join": 0, "join_operands": {"0": [0, 1, 2, 3, 4, 5, 6], "1": [6], "2": [0, 1, 2, 3, 4, 5], "3": [3], "4": [0, 1, 2, 4, 5], "5": [5], "6": [0, 1, 2, 4], "7": [0], "8": [1, 2, 4], "9": [1], "10": [2, 4], "11": [2], "12": [4]}, "join_predecessors": {"0": [1, 2], "2": [3, 4], "4": [5, 6], "6": [7, 8], "8": [9, 10], "10": [11, 12]}, "intermediate_costs": [[[0, 1, 2, 3, 4, 5], 0.19602670845450004], [[0, 1, 2, 4, 5], 1.5127035000000002], [[0, 1, 2, 4], 14.4067], [[1, 2, 4], 144.067], [[2, 4], 144.06699999999998]]}