{"costs": 288446.3837752276, "int_costs": [[[1, 2, 3, 4, 5, 6, 7, 8, 9, 10, 11, 12, 13, 14, 15, 16, 17, 18, 19, 20, 21, 22, 23, 24, 25, 26, 27, 28, 29, 30, 31, 32, 33, 34, 35, 36, 37, 38, 39, 40, 41, 42, 43, 44, 45, 46, 47, 48, 49], 173559.17683224136], [[1, 2, 3, 4, 5, 6, 7, 8, 9, 10, 12, 13, 14, 15, 16, 17, 18, 19, 20, 21, 22, 23, 24, 25, 26, 27, 28, 29, 30, 31, 32, 33, 34, 35, 36, 37, 38, 39, 40, 41, 42, 43, 44, 45, 46, 47, 48, 49], 71301.1217980115], [[1, 2, 3, 4, 5, 6, 7, 8, 9, 10, 12, 13, 14, 15, 16, 17, 18, 19, 20, 21, 22, 23, 24, 25, 26, 27, 28, 29, 30, 31, 33, 34, 35, 36, 37, 38, 39, 40, 41, 42, 43, 44, 45, 46, 47, 48, 49], 29291.738198140996], [[1, 2, 3, 4, 5, 6, 7, 8, 9, 10, 12, 13, 14, 15, 16, 17, 18, 19, 20, 21, 22, 23, 24, 25, 26, 27, 28, 29, 30, 31, 33, 34, 36, 37, 38, 39, 40, 41, 42, 43, 44, 45, 46, 47, 48, 49], 12033.566251219974], [[1, 2, 3, 4, 5, 6, 7, 8, 9, 12, 13, 14, 15, 16, 17, 18, 19, 20, 21, 22, 23, 24, 25, 26, 27, 28, 29, 30, 31, 33, 34, 36, 37, 38, 39, 40, 41, 42, 43, 44, 45, 46, 47, 48, 49], 498.403344245589], [[1, 2, 3, 4, 5, 6, 7, 8, 9, 12, 13, 14, 15, 16, 17, 18, 19, 20, 21, 22, 23, 24, 25, 26, 27, 28, 30, 31, 33, 34, 36, 37, 38, 39, 40, 41, 42, 43, 44, 45, 46, 47, 48, 49], 204.75271841113184], [[1, 2, 3, 4, 5, 6, 7, 8, 9, 12, 13, 14, 16, 17, 18, 19, 20, 21, 22, 23, 24, 25, 26, 27, 28, 30, 31, 33, 34, 36, 37, 38, 39, 40, 41, 42, 43, 44, 46, 47, 48, 49], 34.556292082505735], [[1, 2, 4, 5, 6, 7, 8, 9, 12, 13, 14, 16, 17, 18, 19, 20, 21, 22, 23, 24, 25, 26, 27, 28, 30, 31, 33, 34, 36, 37, 38, 39, 40, 41, 42, 43, 44, 46, 47, 48, 49], 14.196322812080751], [[6, 7, 12, 13, 14, 36, 42, 46, 49], 8.768530019769413e-05], [[6, 7, 12, 14, 36, 42, 46, 49], 0.07205250037365499], [[6, 7, 12, 14, 36, 46, 49], 0.02960041538542616], [[14, 36], 409.0], [[12, 14, 36], 995.5763675526223], [[12, 14, 36, 46], 2.9551804096997714], [[6, 12, 14, 36, 46], 7.193417549514837], [[6, 7, 12, 14, 36, 46], 0.023660959029949285], [[2, 6, 7, 12, 13, 14, 36, 42, 46, 49], 8.300483402203415e-05], [[2, 6, 7, 12, 13, 14, 36, 39, 42, 46, 49], 0.00020204803738438083], [[2, 6, 7, 12, 13, 14, 24, 36, 39, 42, 46, 49], 0.0004903179393570089], [[2, 6, 7, 12, 13, 14, 24, 31, 36, 39, 42, 46, 49], 0.0008509511577466547], [[2, 6, 7, 12, 13, 14, 24, 31, 36, 39, 40, 42, 46, 49], 0.0015856263084737601], [[2, 6, 7, 12, 13, 14, 17, 24, 31, 36, 39, 40, 42, 46, 49], 0.0037193334483273436], [[2, 6, 7, 12, 13, 14, 17, 24, 30, 31, 36, 39, 40, 42, 46, 49], 9.9701670461789e-07], [[2, 6, 7, 12, 13, 14, 17, 24, 27, 30, 31, 36, 39, 40, 42, 46, 49], 0.00013906193662125343], [[2, 6, 7, 12, 13, 14, 17, 24, 27, 30, 31, 36, 39, 40, 41, 42, 46, 49], 4.198554107413062e-08], [[2, 6, 7, 12, 13, 14, 17, 22, 24, 27, 30, 31, 36, 39, 40, 41, 42, 46, 49], 5.1099999679171926e-08], [[2, 5, 6, 7, 12, 13, 14, 17, 22, 24, 27, 30, 31, 36, 39, 40, 41, 42, 46, 49], 1.1816686901279416e-07], [[2, 5, 6, 7, 12, 13, 14, 17, 19, 22, 24, 27, 30, 31, 36, 39, 40, 41, 42, 46, 49], 2.8267713521237347e-07], [[2, 5, 6, 7, 8, 12, 13, 14, 17, 19, 22, 24, 27, 30, 31, 36, 39, 40, 41, 42, 46, 49], 6.880847599023515e-07], [[2, 5, 6, 7, 8, 12, 13, 14, 17, 19, 22, 23, 24, 27, 30, 31, 36, 39, 40, 41, 42, 46, 49], 1.6344344731860326e-06], [[2, 5, 6, 7, 8, 12, 13, 14, 17, 19, 22, 23, 24, 27, 30, 31, 36, 39, 40, 41, 42, 43, 46, 49], 3.914325354047787e-06], [[2, 5, 6, 7, 8, 12, 13, 14, 17, 19, 22, 23, 24, 27, 30, 31, 36, 37, 39, 40, 41, 42, 43, 46, 49], 9.432855673379136e-06], [[2, 5, 6, 7, 8, 12, 13, 14, 17, 19, 22, 23, 24, 27, 30, 31, 36, 37, 39, 40, 41, 42, 43, 46, 47, 49], 2.2777011721022003e-05], [[2, 5, 6, 7, 8, 9, 12, 13, 14, 17, 19, 22, 23, 24, 27, 30, 31, 36, 37, 39, 40, 41, 42, 43, 46, 47, 49], 5.536933856091121e-05], [[2, 5, 6, 7, 8, 9, 12, 13, 14, 17, 19, 22, 23, 24, 27, 30, 31, 36, 37, 39, 40, 41, 42, 43, 46, 47, 48, 49], 0.0001347780099492678], [[2, 4, 5, 6, 7, 8, 9, 12, 13, 14, 17, 19, 22, 23, 24, 27, 30, 31, 36, 37, 39, 40, 41, 42, 43, 46, 47, 48, 49], 0.00032806949651209864], [[2, 4, 5, 6, 7, 8, 9, 12, 13, 14, 17, 19, 22, 23, 24, 26, 27, 30, 31, 36, 37, 39, 40, 41, 42, 43, 46, 47, 48, 49], 0.0007985694000246411], [[2, 4, 5, 6, 7, 8, 9, 12, 13, 14, 17, 19, 22, 23, 24, 26, 27, 30, 31, 33, 36, 37, 39, 40, 41, 42, 43, 46, 47, 48, 49], 0.0019438531612519158], [[2, 4, 5, 6, 7, 8, 9, 12, 13, 14, 17, 19, 22, 23, 24, 26, 27, 30, 31, 33, 36, 37, 38, 39, 40, 41, 42, 43, 46, 47, 48, 49], 0.004731670536625356], [[2, 4, 5, 6, 7, 8, 9, 12, 13, 14, 16, 17, 19, 22, 23, 24, 26, 27, 30, 31, 33, 36, 37, 38, 39, 40, 41, 42, 43, 46, 47, 48, 49], 0.011517699622420427], [[2, 4, 5, 6, 7, 8, 9, 12, 13, 14, 16, 17, 18, 19, 22, 23, 24, 26, 27, 30, 31, 33, 36, 37, 38, 39, 40, 41, 42, 43, 46, 47, 48, 49], 0.028036061586965137], [[2, 4, 5, 6, 7, 8, 9, 12, 13, 14, 16, 17, 18, 19, 22, 23, 24, 25, 26, 27, 30, 31, 33, 36, 37, 38, 39, 40, 41, 42, 43, 46, 47, 48, 49], 0.06824459608352007], [[2, 4, 5, 6, 7, 8, 9, 12, 13, 14, 16, 17, 18, 19, 22, 23, 24, 25, 26, 27, 28, 30, 31, 33, 36, 37, 38, 39, 40, 41, 42, 43, 46, 47, 48, 49], 0.16611908558917876], [[1, 2, 4, 5, 6, 7, 8, 9, 12, 13, 14, 16, 17, 18, 19, 22, 23, 24, 25, 26, 27, 28, 30, 31, 33, 36, 37, 38, 39, 40, 41, 42, 43, 46, 47, 48, 49], 0.40436242839231584], [[1, 2, 4, 5, 6, 7, 8, 9, 12, 13, 14, 16, 17, 18, 19, 20, 22, 23, 24, 25, 26, 27, 28, 30, 31, 33, 36, 37, 38, 39, 40, 41, 42, 43, 46, 47, 48, 49], 0.9842877091260563], [[1, 2, 4, 5, 6, 7, 8, 9, 12, 13, 14, 16, 17, 18, 19, 20, 21, 22, 23, 24, 25, 26, 27, 28, 30, 31, 33, 36, 37, 38, 39, 40, 41, 42, 43, 46, 47, 48, 49], 2.395925601170494], [[1, 2, 4, 5, 6, 7, 8, 9, 12, 13, 14, 16, 17, 18, 19, 20, 21, 22, 23, 24, 25, 26, 27, 28, 30, 31, 33, 34, 36, 37, 38, 39, 40, 41, 42, 43, 46, 47, 48, 49], 5.83209508690956], [[1, 2, 3, 4, 5, 6, 7, 8, 9, 12, 13, 14, 16, 17, 18, 19, 20, 21, 22, 23, 24, 25, 26, 27, 28, 30, 31, 33, 34, 36, 37, 38, 39, 40, 41, 42, 43, 44, 45, 46, 47, 48, 49], 84.11596013080523]]}