{"costs": 355253, "root_join": 0, "join_operands": {"0": [0, 1, 2, 3, 4, 5, 6, 7, 8, 9, 10, 11, 12, 13, 14, 15, 16, 17, 18, 19], "1": [0, 1, 2, 4, 5, 6, 7, 8, 9, 10, 11, 12, 13, 14, 15, 16, 17, 18, 19], "2": [], "3": [0, 1, 2, 4, 5, 6, 7, 8, 9, 10, 11, 12, 13, 14, 16, 17, 18, 19], "4": [], "5": [], "6": [], "7": [0, 1, 2, 4, 5, 6, 7, 8, 10, 11, 12, 13, 14, 16, 17, 18, 19], "8": [], "9": [], "10": [], "11": [], "12": [], "13": [], "14": [], "15": [0, 2], "16": [0, 2, 16], "17": [0, 2, 14, 16], "18": [0, 1, 2, 14, 16], "19": [0, 1, 2, 7, 14, 16], "20": [0, 1, 2, 7, 14, 16, 19], "21": [0, 1, 2, 7, 8, 14, 16, 19], "22": [0, 1, 2, 5, 7, 8, 14, 16, 19], "23": [0, 1, 2, 5, 6, 7, 8, 14, 16, 19], "24": [0, 1, 2, 4, 5, 6, 7, 8, 14, 16, 19], "25": [0, 1, 2, 4, 5, 6, 7, 8, 14, 16, 17, 19], "26": [0, 1, 2, 4, 5, 6, 7, 8, 12, 14, 16, 17, 19], "27": [0, 1, 2, 4, 5, 6, 7, 8, 12, 13, 14, 16, 17, 19], "28": [0, 1, 2, 4, 5, 6, 7, 8, 11, 12, 13, 14, 16, 17, 19], "29": [0, 1, 2, 4, 5, 6, 7, 8, 11, 12, 13, 14, 16, 17, 18, 19]}, "join_predecessors": {"0": [1], "1": [3], "2": [], "3": [7], "4": [], "5": [], "6": [], "7": [29], "8": [], "9": [], "10": [], "11": [], "12": [], "13": [], "14": [], "15": [], "16": [15], "17": [16], "18": [17], "19": [18], "20": [19], "21": [20], "22": [21], "23": [22], "24": [23], "25": [24], "26": [25], "27": [26], "28": [27], "29": [28]}, "intermediate_costs": [[[0, 1, 2, 4, 5, 6, 7, 8, 9, 10, 11, 12, 13, 14, 15, 16, 17, 18, 19], 102572.00346588441], [[0, 1, 2, 4, 5, 6, 7, 8, 9, 10, 11, 12, 13, 14, 16, 17, 18, 19], 64104.05657313695], [[0, 1, 2, 4, 5, 6, 7, 8, 10, 11, 12, 13, 14, 16, 17, 18, 19], 40062.850922347985], [[0, 2], 27009.0], [[0, 2, 16], 16137.234567104695], [[0, 2, 14, 16], 25622.359681071455], [[0, 1, 2, 14, 16], 3784.4116449113744], [[0, 1, 2, 7, 14, 16], 5449.84969943221], [[0, 1, 2, 7, 14, 16, 19], 1126.2290205479871], [[0, 1, 2, 7, 8, 14, 16, 19], 1784.2224780755419], [[0, 1, 2, 5, 7, 8, 14, 16, 19], 2854.9094080539817], [[0, 1, 2, 5, 6, 7, 8, 14, 16, 19], 1771.303708149498], [[0, 1, 2, 4, 5, 6, 7, 8, 14, 16, 19], 2440.595923803713], [[0, 1, 2, 4, 5, 6, 7, 8, 14, 16, 17, 19], 3905.1665368602594], [[0, 1, 2, 4, 5, 6, 7, 8, 12, 14, 16, 17, 19], 6142.698797716961], [[0, 1, 2, 4, 5, 6, 7, 8, 12, 13, 14, 16, 17, 19], 9800.364890720786], [[0, 1, 2, 4, 5, 6, 7, 8, 11, 12, 13, 14, 16, 17, 19], 15647.853519477878], [[0, 1, 2, 4, 5, 6, 7, 8, 11, 12, 13, 14, 16, 17, 18, 19], 25037.915728851574]]}