{"costs": 14145530157617228713132294144, "root_join": 0, "join_operands": {"0": [0, 1, 2, 3, 4, 5, 6, 7, 8, 9, 10, 11, 12, 13, 14, 15, 16, 17, 18, 19, 20, 21, 22, 23, 24, 25, 26, 27, 28, 29, 30, 31, 32, 33, 34, 35, 36, 37, 38, 39], "1": [1, 3, 8, 13, 16, 30, 32, 33, 34, 35, 37], "2": [0, 2, 4, 5, 6, 7, 9, 10, 11, 12, 14, 15, 17, 18, 19, 20, 21, 22, 23, 24, 25, 26, 27, 28, 29, 31, 36, 38, 39], "3": [1, 3, 8, 13, 16, 32, 33, 34, 35, 37], "4": [0, 2, 4, 5, 11, 12, 14, 17, 18, 19, 21, 22, 23, 24, 26, 27, 28, 29, 31, 39], "5": [], "6": [6, 7, 9, 10, 15, 20, 25, 36, 38], "7": [1, 3, 8, 13, 16, 33, 34, 35, 37], "8": [0, 2, 4, 5, 11, 12, 14, 18, 19, 21, 22, 24, 26, 27, 28], "9": [], "10": [7, 15, 20, 25], "11": [], "12": [17, 23, 29, 31, 39], "13": [], "14": [6, 9, 10, 36, 38], "15": [1, 3, 8, 16, 33, 34, 35, 37], "16": [0, 2, 4, 5, 11, 12, 14, 18, 21, 22, 24, 26, 27], "17": [], "18": [7, 15], "19": [], "20": [17, 23, 31], "21": [], "22": [9, 10, 36], "23": [], "24": [19, 28], "25": [], "26": [20, 25], "27": [], "28": [29, 39], "29": [], "30": [6, 38], "31": [1, 3, 8, 16, 33, 34, 35], "32": [0, 2, 4, 5, 11, 12, 14, 18, 21, 22, 26, 27], "33": [], "34": [], "35": [], "36": [17, 31], "37": [], "38": [10, 36], "39": [1, 33], "40": [1, 3, 33], "41": [1, 3, 33, 35], "42": [1, 3, 33, 34, 35], "43": [1, 3, 16, 33, 34, 35], "44": [0, 2, 12, 18, 27], "45": [2, 12, 18, 27], "46": [2, 18, 27], "47": [18, 27], "48": [0, 2, 5, 12, 18, 27], "49": [0, 2, 5, 11, 12, 18, 27], "50": [0, 2, 5, 11, 12, 18, 22, 27], "51": [0, 2, 5, 11, 12, 18, 21, 22, 27], "52": [0, 2, 4, 5, 11, 12, 18, 21, 22, 27], "53": [0, 2, 4, 5, 11, 12, 14, 18, 21, 22, 27]}, "join_predecessors": {"0": [1, 2], "1": [3], "2": [4, 6], "3": [7], "4": [8, 12], "5": [], "6": [10, 14], "7": [15], "8": [16, 24], "9": [], "10": [18, 26], "11": [], "12": [20, 28], "13": [], "14": [22, 30], "15": [31], "16": [32], "17": [], "18": [], "19": [], "20": [36], "21": [], "22": [38], "23": [], "24": [], "25": [], "26": [], "27": [], "28": [], "29": [], "30": [], "31": [43], "32": [53], "33": [], "34": [], "35": [], "36": [], "37": [], "38": [], "39": [], "40": [39], "41": [40], "42": [41], "43": [42], "44": [45], "46": [47], "47": [], "45": [46], "48": [44], "49": [48], "50": [49], "51": [50], "52": [51], "53": [52]}, "intermediate_costs": [[[1, 3, 8, 13, 16, 30, 32, 33, 34, 35, 37], 81087.23587320541], [[0, 2, 4, 5, 6, 7, 9, 10, 11, 12, 14, 15, 17, 18, 19, 20, 21, 22, 23, 24, 25, 26, 27, 28, 29, 31, 36, 38, 39], 2146892.5638143173], [[1, 3, 8, 13, 16, 32, 33, 34, 35, 37], 74213.2349829131], [[0, 2, 4, 5, 11, 12, 14, 17, 18, 19, 21, 22, 23, 24, 26, 27, 28, 29, 31, 39], 40410202.76363979], [[6, 7, 9, 10, 15, 20, 25, 36, 38], 1.4145530157611859e+28], [[1, 3, 8, 13, 16, 33, 34, 35, 37], 69228.85440509464], [[0, 2, 4, 5, 11, 12, 14, 18, 19, 21, 22, 24, 26, 27, 28], 43920.72434721302], [[7, 15, 20, 25], 2761992024134.0], [[17, 23, 29, 31, 39], 920.0714096648093], [[6, 9, 10, 36, 38], 5121495657485496.0], [[1, 3, 8, 16, 33, 34, 35, 37], 62626.257538855316], [[0, 2, 4, 5, 11, 12, 14, 18, 21, 22, 24, 26, 27], 157385.66922847298], [[7, 15], 92861.0], [[17, 23, 31], 752.8445249938641], [[9, 10, 36], 80595079.42265175], [[19, 28], 32059.0], [[20, 25], 29743294.0], [[29, 39], 1568702.0], [[6, 38], 230443670000000.0], [[1, 3, 8, 16, 33, 34, 35], 56649.7866054286], [[0, 2, 4, 5, 11, 12, 14, 18, 21, 22, 26, 27], 142366.24394966708], [[17, 31], 681.0000000000001], [[10, 36], 16792347000000.0], [[1, 33], 38.00000000000001], [[1, 3, 33], 41.184400000000004], [[1, 3, 33, 35], 45.52929221264299], [[1, 3, 33, 34, 35], 50.33249457352467], [[1, 3, 16, 33, 34, 35], 383.7690928212984], [[0, 2, 12, 18, 27], 70877.9553397954], [[2, 12, 18, 27], 64114.0192299085], [[2, 18, 27], 59156.47466666667], [[18, 27], 54604.0], [[0, 2, 5, 12, 18, 27], 78115.36903372592], [[0, 2, 5, 11, 12, 18, 27], 86222.3271094356], [[0, 2, 5, 11, 12, 18, 22, 27], 95317.93730254861], [[0, 2, 5, 11, 12, 18, 21, 22, 27], 105373.8431433412], [[0, 2, 4, 5, 11, 12, 18, 21, 22, 27], 116490.56452252473], [[0, 2, 4, 5, 11, 12, 14, 18, 21, 22, 27], 128780.13289334657]]}