{"costs": 261.0, "root_join": 0, "join_operands": {"0": [0, 1, 2, 3, 4], "1": [0], "2": [1, 2, 3, 4], "3": [4], "4": [1, 2, 3], "5": [2], "6": [1, 3], "7": [1], "8": [3]}, "join_predecessors": {"0": [1, 2], "2": [3, 4], "4": [5, 6], "6": [7, 8]}, "intermediate_costs": [[[1, 2, 3, 4], 4.489464483803392e-06], [[1, 2, 3], 11.350757949044956], [[1, 3], 250.00000000000003]]}