{"costs": 4141323.9213731475, "intermediate_costs": [[[4, 22], 15720.0], [[0, 1, 2, 3, 5, 6, 7, 8, 9, 10, 11, 12, 13, 14, 15, 16, 17, 18, 19, 20, 21, 23, 24, 25, 26, 27, 28, 29, 30, 31, 32, 33, 34, 35, 36, 37, 38, 39, 40, 41, 42, 43, 44, 45, 46, 47, 48, 49], 3861661.2687377324], [[30, 39], 14.0], [[1, 30, 39], 22.440022635658913], [[1, 30, 38, 39], 14.741054158768009], [[1, 30, 33, 35, 38, 39, 42], 3.3164328017864686], [[33, 35, 42], 3509.0328396124864], [[35, 42], 4437.0], [[1, 30, 33, 35, 38, 39, 42, 49], 4.953334295856859], [[1, 29, 30, 33, 35, 38, 39, 42, 49], 7.939493519190105], [[1, 29, 30, 33, 35, 38, 39, 42, 48, 49], 12.725831889999636], [[1, 19, 29, 30, 33, 35, 38, 39, 42, 48, 49], 0.08740637166552381], [[1, 19, 29, 30, 33, 35, 36, 38, 39, 42, 48, 49], 0.00012556025932349568], [[0, 1, 19, 29, 30, 33, 35, 36, 38, 39, 42, 48, 49], 0.00019706225362129748], [[0, 1, 19, 29, 30, 33, 35, 36, 38, 39, 42, 43, 48, 49], 9.390520252983928e-05], [[0, 1, 19, 21, 29, 30, 33, 35, 36, 38, 39, 42, 43, 48, 49], 0.00013893856820992845], [[0, 1, 19, 21, 29, 30, 33, 34, 35, 36, 38, 39, 42, 43, 48, 49], 0.0022371117681328867], [[0, 1, 19, 21, 29, 30, 33, 34, 35, 36, 38, 39, 42, 43, 44, 48, 49], 8.492926576757882e-06], [[0, 1, 19, 21, 29, 30, 33, 34, 35, 36, 37, 38, 39, 42, 43, 44, 48, 49], 1.0209707003020591e-05], [[0, 1, 19, 21, 23, 29, 30, 33, 34, 35, 36, 37, 38, 39, 42, 43, 44, 48, 49], 1.3637265722281435e-05], [[0, 1, 19, 21, 23, 27, 29, 30, 33, 34, 35, 36, 37, 38, 39, 42, 43, 44, 48, 49], 1.8877385076068077e-05], [[0, 1, 19, 21, 23, 27, 29, 30, 33, 34, 35, 36, 37, 38, 39, 42, 43, 44, 46, 48, 49], 0.002803572484899116], [[0, 1, 19, 21, 23, 27, 28, 29, 30, 33, 34, 35, 36, 37, 38, 39, 42, 43, 44, 46, 48, 49], 0.026967083389977373], [[0, 1, 19, 21, 23, 27, 28, 29, 30, 33, 34, 35, 36, 37, 38, 39, 41, 42, 43, 44, 46, 48, 49], 0.01172187810896569], [[0, 1, 18, 19, 21, 23, 27, 28, 29, 30, 33, 34, 35, 36, 37, 38, 39, 41, 42, 43, 44, 46, 48, 49], 0.017027092128443132], [[0, 1, 15, 18, 19, 21, 23, 27, 28, 29, 30, 33, 34, 35, 36, 37, 38, 39, 41, 42, 43, 44, 46, 48, 49], 0.02613066170566304], [[0, 1, 15, 16, 18, 19, 21, 23, 27, 28, 29, 30, 33, 34, 35, 36, 37, 38, 39, 41, 42, 43, 44, 46, 48, 49], 0.04053252751462495], [[0, 1, 15, 16, 18, 19, 21, 23, 27, 28, 29, 30, 32, 33, 34, 35, 36, 37, 38, 39, 41, 42, 43, 44, 46, 48, 49], 0.06496791677918941], [[0, 1, 15, 16, 18, 19, 20, 21, 23, 27, 28, 29, 30, 32, 33, 34, 35, 36, 37, 38, 39, 41, 42, 43, 44, 46, 48, 49], 0.10248142505644521], [[0, 1, 15, 16, 18, 19, 20, 21, 23, 27, 28, 29, 30, 32, 33, 34, 35, 36, 37, 38, 39, 41, 42, 43, 44, 45, 46, 48, 49], 0.1642632498572295], [[0, 1, 8, 15, 16, 18, 19, 20, 21, 23, 27, 28, 29, 30, 32, 33, 34, 35, 36, 37, 38, 39, 41, 42, 43, 44, 45, 46, 48, 49], 0.26042892787259037], [[0, 1, 3, 8, 15, 16, 18, 19, 20, 21, 23, 27, 28, 29, 30, 32, 33, 34, 35, 36, 37, 38, 39, 41, 42, 43, 44, 45, 46, 48, 49], 0.4174259027513027], [[0, 1, 3, 7, 8, 15, 16, 18, 19, 20, 21, 23, 27, 28, 29, 30, 32, 33, 34, 35, 36, 37, 38, 39, 41, 42, 43, 44, 45, 46, 48, 49], 0.6690669339658979], [[0, 1, 3, 7, 8, 10, 15, 16, 18, 19, 20, 21, 23, 27, 28, 29, 30, 32, 33, 34, 35, 36, 37, 38, 39, 41, 42, 43, 44, 45, 46, 48, 49], 1.072409753438902], [[0, 1, 3, 7, 8, 10, 15, 16, 18, 19, 20, 21, 23, 25, 27, 28, 29, 30, 32, 33, 34, 35, 36, 37, 38, 39, 41, 42, 43, 44, 45, 46, 48, 49], 1.718916441673517], [[0, 1, 3, 7, 8, 10, 15, 16, 17, 18, 19, 20, 21, 23, 25, 27, 28, 29, 30, 32, 33, 34, 35, 36, 37, 38, 39, 41, 42, 43, 44, 45, 46, 48, 49], 2.755172380688237], [[0, 1, 3, 7, 8, 10, 15, 16, 17, 18, 19, 20, 21, 23, 25, 27, 28, 29, 30, 31, 32, 33, 34, 35, 36, 37, 38, 39, 41, 42, 43, 44, 45, 46, 48, 49], 4.416149033487053], [[0, 1, 3, 7, 8, 10, 14, 15, 16, 17, 18, 19, 20, 21, 23, 25, 27, 28, 29, 30, 31, 32, 33, 34, 35, 36, 37, 38, 39, 41, 42, 43, 44, 45, 46, 48, 49], 7.078460765693258], [[0, 1, 3, 7, 8, 10, 14, 15, 16, 17, 18, 19, 20, 21, 23, 25, 27, 28, 29, 30, 31, 32, 33, 34, 35, 36, 37, 38, 39, 41, 42, 43, 44, 45, 46, 47, 48, 49], 11.345770347474867], [[0, 1, 3, 7, 8, 10, 12, 14, 15, 16, 17, 18, 19, 20, 21, 23, 25, 27, 28, 29, 30, 31, 32, 33, 34, 35, 36, 37, 38, 39, 41, 42, 43, 44, 45, 46, 47, 48, 49], 18.185666600946853], [[0, 1, 3, 5, 7, 8, 10, 12, 14, 15, 16, 17, 18, 19, 20, 21, 23, 25, 27, 28, 29, 30, 31, 32, 33, 34, 35, 36, 37, 38, 39, 41, 42, 43, 44, 45, 46, 47, 48, 49], 29.149055743308246], [[0, 1, 2, 3, 5, 7, 8, 10, 12, 14, 15, 16, 17, 18, 19, 20, 21, 23, 25, 27, 28, 29, 30, 31, 32, 33, 34, 35, 36, 37, 38, 39, 41, 42, 43, 44, 45, 46, 47, 48, 49], 46.72182073219171], [[0, 1, 2, 3, 5, 7, 8, 10, 12, 14, 15, 16, 17, 18, 19, 20, 21, 23, 25, 27, 28, 29, 30, 31, 32, 33, 34, 35, 36, 37, 38, 39, 40, 41, 42, 43, 44, 45, 46, 47, 48, 49], 74.88848244398268], [[0, 1, 2, 3, 5, 7, 8, 10, 12, 14, 15, 16, 17, 18, 19, 20, 21, 23, 24, 25, 27, 28, 29, 30, 31, 32, 33, 34, 35, 36, 37, 38, 39, 40, 41, 42, 43, 44, 45, 46, 47, 48, 49], 161.60807901010796], [[0, 1, 2, 3, 5, 7, 8, 10, 11, 12, 14, 15, 16, 17, 18, 19, 20, 21, 23, 24, 25, 27, 28, 29, 30, 31, 32, 33, 34, 35, 36, 37, 38, 39, 40, 41, 42, 43, 44, 45, 46, 47, 48, 49], 394.76065958936414], [[0, 1, 2, 3, 5, 6, 7, 8, 10, 11, 12, 14, 15, 16, 17, 18, 19, 20, 21, 23, 24, 25, 27, 28, 29, 30, 31, 32, 33, 34, 35, 36, 37, 38, 39, 40, 41, 42, 43, 44, 45, 46, 47, 48, 49], 990.8266978173274], [[0, 1, 2, 3, 5, 6, 7, 8, 9, 10, 11, 12, 14, 15, 16, 17, 18, 19, 20, 21, 23, 24, 25, 27, 28, 29, 30, 31, 32, 33, 34, 35, 36, 37, 38, 39, 40, 41, 42, 43, 44, 45, 46, 47, 48, 49], 97650.35349434751], [[0, 1, 2, 3, 5, 6, 7, 8, 9, 10, 11, 12, 14, 15, 16, 17, 18, 19, 20, 21, 23, 24, 25, 26, 27, 28, 29, 30, 31, 32, 33, 34, 35, 36, 37, 38, 39, 40, 41, 42, 43, 44, 45, 46, 47, 48, 49], 156519.72872415566]]}