{"costs": 4510188.572226729, "int_costs": [[[0, 1, 2, 3, 5, 6, 7, 8, 9, 10, 11, 12, 14, 15, 16, 17, 18, 19, 20, 21, 23, 24, 25, 26, 27, 28, 29, 30, 31, 32, 33, 34, 35, 36, 37, 38, 39, 40, 41, 42, 43, 44, 45, 46, 47, 48, 49], 156519.72872415566], [[4, 13, 22], 4149935.3759999997], [[0, 1, 2, 3, 5, 6, 7, 8, 9, 10, 11, 12, 14, 15, 16, 17, 18, 19, 20, 21, 23, 24, 25, 27, 28, 29, 30, 31, 32, 33, 34, 35, 36, 37, 38, 39, 40, 41, 42, 43, 44, 45, 46, 47, 48, 49], 97650.35349434751], [[4, 22], 15720.0], [[0, 1, 2, 3, 5, 6, 7, 8, 9, 11, 12, 14, 15, 16, 17, 18, 19, 20, 21, 23, 24, 25, 27, 28, 29, 30, 31, 32, 33, 34, 35, 36, 37, 38, 39, 40, 41, 42, 43, 44, 45, 46, 47, 48, 49], 60923.1894839079], [[0, 1, 2, 3, 5, 6, 7, 8, 9, 11, 12, 14, 15, 16, 17, 18, 19, 20, 21, 23, 25, 27, 28, 29, 30, 31, 32, 33, 34, 35, 36, 37, 38, 39, 40, 41, 42, 43, 44, 45, 46, 47, 48, 49], 28231.541603880487], [[0, 1, 2, 3, 5, 6, 7, 8, 11, 12, 14, 15, 16, 17, 18, 19, 20, 21, 23, 25, 27, 28, 29, 30, 31, 32, 33, 34, 35, 36, 37, 38, 39, 40, 41, 42, 43, 44, 45, 46, 47, 48, 49], 286.4563633482862], [[0, 1, 2, 3, 5, 7, 8, 11, 12, 14, 15, 16, 17, 18, 19, 20, 21, 23, 25, 27, 28, 29, 30, 31, 32, 33, 34, 35, 36, 37, 38, 39, 40, 41, 42, 43, 44, 45, 46, 47, 48, 49], 114.12863943618541], [[19, 36, 48], 0.3749295052406176], [[19, 48], 261.0], [[19, 29, 36, 48], 0.8539907472788529], [[19, 29, 36, 48, 49], 5.7287913377551], [[19, 29, 33, 36, 48, 49], 157.2705820991887], [[19, 29, 33, 35, 36, 48, 49], 250.34402435413162], [[19, 29, 33, 35, 36, 42, 48, 49], 0.13285210334401173], [[0, 19, 29, 33, 35, 36, 42, 48, 49], 0.20850653721452975], [[0, 19, 29, 33, 35, 36, 42, 43, 48, 49], 0.09935869628058389], [[0, 19, 21, 29, 33, 35, 36, 42, 43, 48, 49], 0.14700735026946854], [[0, 19, 21, 29, 33, 34, 35, 36, 42, 43, 48, 49], 2.367030821801433], [[0, 19, 21, 29, 33, 34, 35, 36, 42, 43, 44, 48, 49], 0.008986148685481457], [[0, 19, 21, 29, 33, 34, 35, 36, 38, 42, 43, 44, 48, 49], 0.01440352651392009], [[0, 1, 19, 21, 29, 33, 34, 35, 36, 38, 42, 43, 44, 48, 49], 1.0862154495584981], [[0, 1, 19, 21, 29, 33, 34, 35, 36, 38, 39, 42, 43, 44, 48, 49], 3.912812601434881], [[0, 1, 19, 21, 29, 30, 33, 34, 35, 36, 38, 39, 42, 43, 44, 48, 49], 8.492926576757882e-06], [[0, 1, 19, 21, 29, 30, 33, 34, 35, 36, 37, 38, 39, 42, 43, 44, 48, 49], 1.0209707003020591e-05], [[0, 1, 19, 21, 23, 29, 30, 33, 34, 35, 36, 37, 38, 39, 42, 43, 44, 48, 49], 1.3637265722281435e-05], [[0, 1, 19, 21, 23, 27, 29, 30, 33, 34, 35, 36, 37, 38, 39, 42, 43, 44, 48, 49], 1.8877385076068077e-05], [[0, 1, 19, 21, 23, 27, 29, 30, 33, 34, 35, 36, 37, 38, 39, 42, 43, 44, 46, 48, 49], 0.002803572484899116], [[0, 1, 19, 21, 23, 27, 28, 29, 30, 33, 34, 35, 36, 37, 38, 39, 42, 43, 44, 46, 48, 49], 0.026967083389977373], [[0, 1, 19, 21, 23, 27, 28, 29, 30, 33, 34, 35, 36, 37, 38, 39, 41, 42, 43, 44, 46, 48, 49], 0.01172187810896569], [[0, 1, 18, 19, 21, 23, 27, 28, 29, 30, 33, 34, 35, 36, 37, 38, 39, 41, 42, 43, 44, 46, 48, 49], 0.017027092128443132], [[0, 1, 15, 18, 19, 21, 23, 27, 28, 29, 30, 33, 34, 35, 36, 37, 38, 39, 41, 42, 43, 44, 46, 48, 49], 0.02613066170566304], [[0, 1, 15, 16, 18, 19, 21, 23, 27, 28, 29, 30, 33, 34, 35, 36, 37, 38, 39, 41, 42, 43, 44, 46, 48, 49], 0.04053252751462495], [[0, 1, 15, 16, 18, 19, 21, 23, 27, 28, 29, 30, 32, 33, 34, 35, 36, 37, 38, 39, 41, 42, 43, 44, 46, 48, 49], 0.06496791677918941], [[0, 1, 15, 16, 18, 19, 20, 21, 23, 27, 28, 29, 30, 32, 33, 34, 35, 36, 37, 38, 39, 41, 42, 43, 44, 46, 48, 49], 0.10248142505644521], [[0, 1, 15, 16, 18, 19, 20, 21, 23, 27, 28, 29, 30, 32, 33, 34, 35, 36, 37, 38, 39, 41, 42, 43, 44, 45, 46, 48, 49], 0.1642632498572295], [[0, 1, 8, 15, 16, 18, 19, 20, 21, 23, 27, 28, 29, 30, 32, 33, 34, 35, 36, 37, 38, 39, 41, 42, 43, 44, 45, 46, 48, 49], 0.26042892787259037], [[0, 1, 7, 8, 15, 16, 18, 19, 20, 21, 23, 27, 28, 29, 30, 32, 33, 34, 35, 36, 37, 38, 39, 41, 42, 43, 44, 45, 46, 48, 49], 0.41742590275130265], [[0, 1, 3, 7, 8, 15, 16, 18, 19, 20, 21, 23, 27, 28, 29, 30, 32, 33, 34, 35, 36, 37, 38, 39, 41, 42, 43, 44, 45, 46, 48, 49], 0.6690669339658979], [[0, 1, 3, 7, 8, 15, 16, 18, 19, 20, 21, 23, 25, 27, 28, 29, 30, 32, 33, 34, 35, 36, 37, 38, 39, 41, 42, 43, 44, 45, 46, 48, 49], 1.072416722886131], [[0, 1, 3, 7, 8, 15, 16, 17, 18, 19, 20, 21, 23, 25, 27, 28, 29, 30, 32, 33, 34, 35, 36, 37, 38, 39, 41, 42, 43, 44, 45, 46, 48, 49], 1.7189276126810469], [[0, 1, 3, 7, 8, 15, 16, 17, 18, 19, 20, 21, 23, 25, 27, 28, 29, 30, 31, 32, 33, 34, 35, 36, 37, 38, 39, 41, 42, 43, 44, 45, 46, 48, 49], 2.7551962151563765], [[0, 1, 3, 7, 8, 14, 15, 16, 17, 18, 19, 20, 21, 23, 25, 27, 28, 29, 30, 31, 32, 33, 34, 35, 36, 37, 38, 39, 41, 42, 43, 44, 45, 46, 48, 49], 4.416188892830794], [[0, 1, 3, 7, 8, 14, 15, 16, 17, 18, 19, 20, 21, 23, 25, 27, 28, 29, 30, 31, 32, 33, 34, 35, 36, 37, 38, 39, 41, 42, 43, 44, 45, 46, 47, 48, 49], 7.078525494125592], [[0, 1, 3, 7, 8, 12, 14, 15, 16, 17, 18, 19, 20, 21, 23, 25, 27, 28, 29, 30, 31, 32, 33, 34, 35, 36, 37, 38, 39, 41, 42, 43, 44, 45, 46, 47, 48, 49], 11.345876103610756], [[0, 1, 3, 5, 7, 8, 12, 14, 15, 16, 17, 18, 19, 20, 21, 23, 25, 27, 28, 29, 30, 31, 32, 33, 34, 35, 36, 37, 38, 39, 41, 42, 43, 44, 45, 46, 47, 48, 49], 18.185837355205862], [[0, 1, 2, 3, 5, 7, 8, 12, 14, 15, 16, 17, 18, 19, 20, 21, 23, 25, 27, 28, 29, 30, 31, 32, 33, 34, 35, 36, 37, 38, 39, 41, 42, 43, 44, 45, 46, 47, 48, 49], 29.149329578876113], [[0, 1, 2, 3, 5, 7, 8, 12, 14, 15, 16, 17, 18, 19, 20, 21, 23, 25, 27, 28, 29, 30, 31, 32, 33, 34, 35, 36, 37, 38, 39, 40, 41, 42, 43, 44, 45, 46, 47, 48, 49], 46.72226001067333]]}