{"costs": 6255, "join_operands": {"0": [0, 1, 2, 3, 4], "1": [1, 2, 3, 4], "2": [], "3": [1, 3, 4], "4": [3, 4]}, "join_predecessors": {"0": [1, 2], "1": [3], "2": [], "3": [4], "4": []}, "leaf_joins": [], "opt_time": 0.036405086517333984, "status": 2, "intermediate_costs": [[[1, 2, 3, 4], 861.5717905013191], [[1, 3, 4], 4135.539999999999], [[3, 4], 1258.56]]}