{"costs": 3.0, "root_join": 0, "join_operands": {"0": [0, 1, 2, 3, 4, 5, 6, 7], "1": [2], "2": [0, 1, 3, 4, 5, 6, 7], "3": [3], "4": [0, 1, 4, 5, 6, 7], "5": [4], "6": [0, 1, 5, 6, 7], "7": [7], "8": [0, 1, 5, 6], "9": [1], "10": [0, 5, 6], "11": [0], "12": [5, 6], "13": [5], "14": [6]}, "join_predecessors": {"0": [1, 2], "2": [3, 4], "4": [5, 6], "6": [7, 8], "8": [9, 10], "10": [11, 12], "12": [13, 14]}, "intermediate_costs": [[[0, 1, 3, 4, 5, 6, 7], 1.0980938971457315e-26], [[0, 1, 4, 5, 6, 7], 6.351624109656866e-26], [[0, 1, 5, 6, 7], 1.59540606396916e-18], [[0, 1, 5, 6], 4.975595099153079e-17], [[0, 5, 6], 1.1960463289554252e-06], [[5, 6], 2.9999999999999996]]}