{"costs": 2215186, "root_join": 27, "join_operands": {"0": [0, 1, 2, 4, 5, 6, 7, 9, 10, 11, 12, 13, 15, 16, 17, 18, 19, 20, 22, 23, 24, 25, 26, 27, 28, 29], "1": [1, 2, 4, 5, 6, 7, 9, 10, 11, 12, 13, 15, 16, 17, 18, 19, 20, 22, 23, 24, 25, 26, 27, 28, 29], "2": [1, 4, 6, 7, 9, 10, 11, 15, 16, 17, 18, 19, 20, 23, 24, 25, 26, 28, 29], "3": [1, 4, 6, 7, 9, 10, 15, 16, 17, 18, 19, 20, 23, 24, 25, 26, 28, 29], "4": [20, 24], "5": [6, 20, 24], "6": [4, 6, 20, 24], "7": [4, 6, 20, 24, 29], "8": [4, 6, 20, 24, 26, 29], "9": [1, 4, 6, 20, 24, 26, 29], "10": [1, 4, 6, 9, 20, 24, 26, 29], "11": [1, 4, 6, 9, 15, 20, 24, 26, 29], "12": [1, 4, 6, 9, 15, 20, 24, 25, 26, 29], "13": [1, 4, 6, 9, 15, 20, 23, 24, 25, 26, 29], "14": [1, 4, 6, 9, 10, 15, 20, 23, 24, 25, 26, 29], "15": [1, 4, 6, 9, 10, 15, 19, 20, 23, 24, 25, 26, 29], "16": [1, 4, 6, 9, 10, 15, 18, 19, 20, 23, 24, 25, 26, 29], "17": [1, 4, 6, 7, 9, 10, 15, 18, 19, 20, 23, 24, 25, 26, 29], "18": [1, 4, 6, 7, 9, 10, 15, 17, 18, 19, 20, 23, 24, 25, 26, 29], "19": [1, 4, 6, 7, 9, 10, 15, 17, 18, 19, 20, 23, 24, 25, 26, 28, 29], "20": [1, 4, 6, 7, 9, 10, 11, 12, 15, 16, 17, 18, 19, 20, 23, 24, 25, 26, 27, 28, 29], "21": [12, 27], "22": [1, 2, 4, 6, 7, 9, 10, 11, 12, 15, 16, 17, 18, 19, 20, 23, 24, 25, 26, 27, 28, 29], "23": [1, 2, 4, 6, 7, 9, 10, 11, 12, 13, 15, 16, 17, 18, 19, 20, 23, 24, 25, 26, 27, 28, 29], "24": [1, 2, 4, 5, 6, 7, 9, 10, 11, 12, 13, 15, 16, 17, 18, 19, 20, 23, 24, 25, 26, 27, 28, 29], "25": [0, 1, 2, 4, 5, 6, 7, 9, 10, 11, 12, 13, 15, 16, 17, 18, 19, 20, 21, 22, 23, 24, 25, 26, 27, 28, 29], "26": [0, 1, 2, 3, 4, 5, 6, 7, 9, 10, 11, 12, 13, 15, 16, 17, 18, 19, 20, 21, 22, 23, 24, 25, 26, 27, 28, 29], "27": [0, 1, 2, 3, 4, 5, 6, 7, 8, 9, 10, 11, 12, 13, 14, 15, 16, 17, 18, 19, 20, 21, 22, 23, 24, 25, 26, 27, 28, 29], "28": [8, 14]}, "join_predecessors": {"0": [1], "2": [3], "4": [], "5": [4], "6": [5], "7": [6], "8": [7], "9": [8], "10": [9], "11": [10], "12": [11], "13": [12], "14": [13], "15": [14], "16": [15], "17": [16], "18": [17], "19": [18], "3": [19], "20": [2, 21], "21": [], "22": [20], "23": [22], "24": [23], "1": [24], "25": [0], "26": [25], "27": [26, 28], "28": []}, "intermediate_costs": [[[0, 1, 2, 4, 5, 6, 7, 9, 10, 11, 12, 13, 15, 16, 17, 18, 19, 20, 22, 23, 24, 25, 26, 27, 28, 29], 172309.26147005623], [[1, 2, 4, 5, 6, 7, 9, 10, 11, 12, 13, 15, 16, 17, 18, 19, 20, 22, 23, 24, 25, 26, 27, 28, 29], 62541.22732694909], [[1, 4, 6, 7, 9, 10, 11, 15, 16, 17, 18, 19, 20, 23, 24, 25, 26, 28, 29], 5524.570864384371], [[1, 4, 6, 7, 9, 10, 15, 16, 17, 18, 19, 20, 23, 24, 25, 26, 28, 29], 200.28097547673065], [[20, 24], 2158.0], [[6, 20, 24], 0.25606375116862307], [[4, 6, 20, 24], 0.04378839527248858], [[4, 6, 20, 24, 29], 0.12064276676543141], [[4, 6, 20, 24, 26, 29], 0.0012899495831073051], [[1, 4, 6, 20, 24, 26, 29], 0.003455258953311228], [[1, 4, 6, 9, 20, 24, 26, 29], 0.008461949892948283], [[1, 4, 6, 9, 15, 20, 24, 26, 29], 0.02326501240142014], [[1, 4, 6, 9, 15, 20, 24, 25, 26, 29], 0.0640981268035043], [[1, 4, 6, 9, 15, 20, 23, 24, 25, 26, 29], 0.17574358432151754], [[1, 4, 6, 9, 10, 15, 20, 23, 24, 25, 26, 29], 0.4841967221496005], [[1, 4, 6, 9, 10, 15, 19, 20, 23, 24, 25, 26, 29], 1.3308419281883492], [[1, 4, 6, 9, 10, 15, 18, 19, 20, 23, 24, 25, 26, 29], 3.5379209810905516], [[1, 4, 6, 7, 9, 10, 15, 18, 19, 20, 23, 24, 25, 26, 29], 9.651201294168585], [[1, 4, 6, 7, 9, 10, 15, 17, 18, 19, 20, 23, 24, 25, 26, 29], 26.590324205604034], [[1, 4, 6, 7, 9, 10, 15, 17, 18, 19, 20, 23, 24, 25, 26, 28, 29], 73.2595087012255], [[1, 4, 6, 7, 9, 10, 11, 12, 15, 16, 17, 18, 19, 20, 23, 24, 25, 26, 27, 28, 29], 88.35562970993027], [[12, 27], 5126.0], [[1, 2, 4, 6, 7, 9, 10, 11, 12, 15, 16, 17, 18, 19, 20, 23, 24, 25, 26, 27, 28, 29], 12465.950640096682], [[1, 2, 4, 6, 7, 9, 10, 11, 12, 13, 15, 16, 17, 18, 19, 20, 23, 24, 25, 26, 27, 28, 29], 34329.73350743617], [[1, 2, 4, 5, 6, 7, 9, 10, 11, 12, 13, 15, 16, 17, 18, 19, 20, 23, 24, 25, 26, 27, 28, 29], 90799.61835895957], [[0, 1, 2, 4, 5, 6, 7, 9, 10, 11, 12, 13, 15, 16, 17, 18, 19, 20, 21, 22, 23, 24, 25, 26, 27, 28, 29], 474734.64023713116], [[0, 1, 2, 3, 4, 5, 6, 7, 9, 10, 11, 12, 13, 15, 16, 17, 18, 19, 20, 21, 22, 23, 24, 25, 26, 27, 28, 29], 1307956.4608629863], [[8, 14], 46837.0]]}