{"costs": 1303165443.2420232, "int_costs": [[[1, 2, 4, 7, 8, 9, 10, 12, 13, 15, 16, 17, 18, 19, 24, 27, 28, 31, 33, 34, 35, 36, 39], 729821771.2990386], [[0, 3, 5, 6, 11, 14, 20, 21, 22, 23, 25, 26, 29, 30, 32, 37, 38], 337650513.7939477], [[1, 2, 8, 9, 10, 12, 15, 16, 17, 19, 24, 27, 28, 31, 33, 34, 35, 36, 39], 3536125.3395486376], [[0, 3, 5, 14, 23, 29, 30, 32, 38], 698168.1535764651], [[4, 7, 13, 18], 8462000.0], [[6, 11, 20, 21, 22, 25, 26, 37], 68190911.03062236], [[1, 2, 8, 9, 10, 15, 16, 17, 19, 24, 27, 28, 31, 33, 34, 35, 36, 39], 2826176.8648418793], [[0, 14, 29, 38], 5537915.785506192], [[13, 18], 951000.0], [[6, 11, 21, 25, 37], 77928.11795992561], [[3, 5, 23, 30, 32], 2946428.0125851575], [[4, 7], 8462000.0], [[20, 22, 26], 34126909.0], [[1, 2, 9, 10, 15, 16, 17, 19, 24, 27, 28, 31, 33, 34, 35, 36, 39], 2843305.2202782654], [[0, 14, 29], 23000.000000000004], [[6, 11, 21], 78309.02854320988], [[3, 5, 32], 72981.59557446808], [[25, 37], 13774000.0], [[23, 30], 83086000.0]]}