{"costs": 2191, "join_operands": {"0": [0, 1, 2], "1": [0, 2]}, "join_predecessors": {"0": [1], "1": []}, "leaf_joins": [], "opt_time": 0.013633012771606445, "status": 2, "intermediate_costs": [[[0, 2], 2191.4700000000003]]}