{"costs": 235, "join_operands": {"0": [0, 1, 2, 3, 4, 5, 6, 7, 8], "1": [0, 1, 2, 3, 4, 5, 6, 8], "2": [], "3": [0, 1, 2, 4, 5, 6, 8], "4": [], "5": [], "6": [], "7": [0, 1, 2, 4, 5, 8], "8": [0, 1, 2, 4, 8], "9": [0, 1, 2, 8], "10": [0, 1, 2], "11": [0, 1]}, "join_predecessors": {"0": [1, 2], "1": [3, 5], "2": [4, 6], "3": [7], "4": [], "5": [], "6": [], "7": [8], "8": [9], "9": [10], "10": [11], "11": []}, "leaf_joins": [], "opt_time": 0.24785304069519043, "status": 2, "intermediate_costs": [[[0, 1, 2, 3, 4, 5, 6, 8], 0.008845367953587238], [[0, 1, 2, 4, 5, 6, 8], 0.008845367953587238], [[0, 1, 2, 4, 5, 8], 0.008845367953587238], [[0, 1, 2, 4, 8], 0.06142616634435581], [[0, 1, 2, 8], 0.06142616634435581], [[0, 1, 2], 0.35325929380413057], [[0, 1], 234.90000000000003]]}