{"costs": 9202.43664235543, "intermediate_costs": [[[0, 1, 2, 3, 4, 5, 6, 7, 8, 10, 11, 12, 14, 15, 16, 17, 18, 19, 20, 21, 22, 23, 24, 25, 26, 27, 28, 29, 30, 31, 32, 33, 34, 35, 36, 37, 38, 39, 40, 41, 45, 47, 48, 49], 0.006606673963552556], [[11, 20, 22, 25, 26, 30, 37, 40], 1.2765768241555204e-07], [[11, 20, 22, 25, 26, 30, 37], 2.6958154128602125e-05], [[11, 22, 25, 30], 0.0008014794522934342], [[11, 22, 25], 0.05809665871121719], [[11, 22], 35.0], [[11, 22, 25, 26, 30], 0.0023735742248215497], [[11, 22, 25, 26, 30, 37], 8.757454174275544e-06], [[11, 12, 20, 22, 25, 26, 30, 37, 40], 4.050612384215664e-07], [[6, 11, 12, 20, 22, 25, 26, 30, 37, 40], 1.221006623788248e-06], [[6, 11, 12, 20, 22, 25, 26, 30, 31, 37, 40], 1.0185765782654596e-08], [[6, 11, 12, 20, 22, 25, 26, 30, 31, 37, 38, 40], 7.279319167261738e-07], [[6, 11, 12, 20, 22, 25, 26, 28, 30, 31, 37, 38, 40], 1.515489655982819e-10], [[6, 11, 12, 20, 22, 25, 26, 28, 30, 31, 32, 37, 38, 40], 1.049980887933489e-13], [[6, 11, 12, 20, 22, 25, 26, 28, 30, 31, 32, 37, 38, 40, 48], 3.3044759346118845e-13], [[6, 11, 12, 20, 22, 25, 26, 28, 30, 31, 32, 37, 38, 40, 48, 49], 1.6468796097843494e-11], [[6, 11, 12, 20, 22, 25, 26, 28, 30, 31, 32, 34, 37, 38, 40, 48, 49], 5.281332564126174e-11], [[5, 6, 11, 12, 20, 22, 25, 26, 28, 30, 31, 32, 34, 37, 38, 40, 48, 49], 2.011821218682899e-10], [[5, 6, 11, 12, 19, 20, 22, 25, 26, 28, 30, 31, 32, 34, 37, 38, 40, 48, 49], 1.6448296557143702e-13], [[5, 6, 11, 12, 19, 20, 22, 23, 25, 26, 28, 30, 31, 32, 34, 37, 38, 40, 48, 49], 1.6303696147850131e-16], [[1, 5, 6, 11, 12, 19, 20, 22, 23, 25, 26, 28, 30, 31, 32, 34, 37, 38, 40, 48, 49], 5.173205589779106e-16], [[1, 5, 6, 11, 12, 19, 20, 22, 23, 25, 26, 28, 30, 31, 32, 34, 37, 38, 40, 47, 48, 49], 8.953480021781028e-16], [[1, 5, 6, 10, 11, 12, 19, 20, 22, 23, 25, 26, 28, 30, 31, 32, 34, 37, 38, 40, 47, 48, 49], 2.613676983707099e-15], [[1, 5, 6, 10, 11, 12, 15, 19, 20, 22, 23, 25, 26, 28, 30, 31, 32, 34, 37, 38, 40, 47, 48, 49], 7.916267510009437e-15], [[1, 2, 5, 6, 10, 11, 12, 15, 19, 20, 22, 23, 25, 26, 28, 30, 31, 32, 34, 37, 38, 40, 47, 48, 49], 2.4420784669117455e-14], [[1, 2, 5, 6, 10, 11, 12, 15, 17, 19, 20, 22, 23, 25, 26, 28, 30, 31, 32, 34, 37, 38, 40, 47, 48, 49], 7.533536085710299e-14], [[1, 2, 3, 5, 6, 10, 11, 12, 15, 17, 19, 20, 22, 23, 25, 26, 28, 30, 31, 32, 34, 37, 38, 40, 47, 48, 49], 2.3904111032421035e-13], [[1, 2, 3, 5, 6, 10, 11, 12, 15, 17, 19, 20, 22, 23, 25, 26, 28, 30, 31, 32, 34, 37, 38, 39, 40, 47, 48, 49], 7.374148352039881e-13], [[1, 2, 3, 5, 6, 10, 11, 12, 15, 17, 19, 20, 22, 23, 25, 26, 27, 28, 30, 31, 32, 34, 37, 38, 39, 40, 47, 48, 49], 2.1905330017321901e-10], [[1, 2, 3, 5, 6, 10, 11, 12, 15, 17, 19, 20, 22, 23, 25, 26, 27, 28, 30, 31, 32, 34, 35, 37, 38, 39, 40, 47, 48, 49], 6.95061952471687e-10], [[1, 2, 3, 5, 6, 10, 11, 12, 15, 17, 19, 20, 22, 23, 25, 26, 27, 28, 30, 31, 32, 33, 34, 35, 37, 38, 39, 40, 47, 48, 49], 2.0584201216502296e-09], [[1, 2, 3, 5, 6, 10, 11, 12, 15, 17, 19, 20, 22, 23, 25, 26, 27, 28, 30, 31, 32, 33, 34, 35, 36, 37, 38, 39, 40, 47, 48, 49], 6.3981274449987805e-09], [[1, 2, 3, 5, 6, 8, 10, 11, 12, 15, 17, 19, 20, 22, 23, 25, 26, 27, 28, 30, 31, 32, 33, 34, 35, 36, 37, 38, 39, 40, 47, 48, 49], 2.030142869597009e-08], [[1, 2, 3, 5, 6, 8, 10, 11, 12, 15, 17, 19, 20, 22, 23, 24, 25, 26, 27, 28, 30, 31, 32, 33, 34, 35, 36, 37, 38, 39, 40, 47, 48, 49], 6.386437801836692e-08], [[1, 2, 3, 5, 6, 8, 10, 11, 12, 15, 17, 19, 20, 21, 22, 23, 24, 25, 26, 27, 28, 30, 31, 32, 33, 34, 35, 36, 37, 38, 39, 40, 47, 48, 49], 2.0264167145227824e-07], [[1, 2, 3, 5, 6, 8, 10, 11, 12, 15, 17, 18, 19, 20, 21, 22, 23, 24, 25, 26, 27, 28, 30, 31, 32, 33, 34, 35, 36, 37, 38, 39, 40, 47, 48, 49], 6.429820235180787e-07], [[1, 2, 3, 5, 6, 8, 10, 11, 12, 15, 17, 18, 19, 20, 21, 22, 23, 24, 25, 26, 27, 28, 29, 30, 31, 32, 33, 34, 35, 36, 37, 38, 39, 40, 47, 48, 49], 2.0401819606228637e-06], [[1, 2, 3, 4, 5, 6, 8, 10, 11, 12, 15, 17, 18, 19, 20, 21, 22, 23, 24, 25, 26, 27, 28, 29, 30, 31, 32, 33, 34, 35, 36, 37, 38, 39, 40, 47, 48, 49], 6.473542200220316e-06], [[1, 2, 3, 4, 5, 6, 7, 8, 10, 11, 12, 15, 17, 18, 19, 20, 21, 22, 23, 24, 25, 26, 27, 28, 29, 30, 31, 32, 33, 34, 35, 36, 37, 38, 39, 40, 47, 48, 49], 2.0540717416898152e-05], [[0, 1, 2, 3, 4, 5, 6, 7, 8, 10, 11, 12, 15, 17, 18, 19, 20, 21, 22, 23, 24, 25, 26, 27, 28, 29, 30, 31, 32, 33, 34, 35, 36, 37, 38, 39, 40, 47, 48, 49], 6.517612429543069e-05], [[0, 1, 2, 3, 4, 5, 6, 7, 8, 10, 11, 12, 14, 15, 17, 18, 19, 20, 21, 22, 23, 24, 25, 26, 27, 28, 29, 30, 31, 32, 33, 34, 35, 36, 37, 38, 39, 40, 47, 48, 49], 0.0002068053581132224], [[0, 1, 2, 3, 4, 5, 6, 7, 8, 10, 11, 12, 14, 15, 17, 18, 19, 20, 21, 22, 23, 24, 25, 26, 27, 28, 29, 30, 31, 32, 33, 34, 35, 36, 37, 38, 39, 40, 45, 47, 48, 49], 0.0006561988555005017], [[0, 1, 2, 3, 4, 5, 6, 7, 8, 10, 11, 12, 14, 15, 16, 17, 18, 19, 20, 21, 22, 23, 24, 25, 26, 27, 28, 29, 30, 31, 32, 33, 34, 35, 36, 37, 38, 39, 40, 45, 47, 48, 49], 0.0020821363314290128], [[0, 1, 2, 3, 4, 5, 6, 7, 8, 10, 11, 12, 13, 14, 15, 16, 17, 18, 19, 20, 21, 22, 23, 24, 25, 26, 27, 28, 29, 30, 31, 32, 33, 34, 35, 36, 37, 38, 39, 40, 41, 45, 47, 48, 49], 0.02096315235068123], [[0, 1, 2, 3, 4, 5, 6, 7, 8, 10, 11, 12, 13, 14, 15, 16, 17, 18, 19, 20, 21, 22, 23, 24, 25, 26, 27, 28, 29, 30, 31, 32, 33, 34, 35, 36, 37, 38, 39, 40, 41, 42, 45, 47, 48, 49], 0.2164813732917464], [[0, 1, 2, 3, 4, 5, 6, 7, 8, 10, 11, 12, 13, 14, 15, 16, 17, 18, 19, 20, 21, 22, 23, 24, 25, 26, 27, 28, 29, 30, 31, 32, 33, 34, 35, 36, 37, 38, 39, 40, 41, 42, 45, 46, 47, 48, 49], 9.899307404217708], [[0, 1, 2, 3, 4, 5, 6, 7, 8, 10, 11, 12, 13, 14, 15, 16, 17, 18, 19, 20, 21, 22, 23, 24, 25, 26, 27, 28, 29, 30, 31, 32, 33, 34, 35, 36, 37, 38, 39, 40, 41, 42, 44, 45, 46, 47, 48, 49], 31.410765897565895], [[0, 1, 2, 3, 4, 5, 6, 7, 8, 9, 10, 11, 12, 13, 14, 15, 16, 17, 18, 19, 20, 21, 22, 23, 24, 25, 26, 27, 28, 29, 30, 31, 32, 33, 34, 35, 36, 37, 38, 39, 40, 41, 42, 44, 45, 46, 47, 48, 49], 9125.818167623504]]}