{"costs": 31439, "root_join": 28, "join_operands": {"0": [0, 2, 12, 15, 17, 20, 21, 26, 27, 29], "1": [2, 12, 15, 17, 20, 21, 26, 27, 29], "2": [2, 17], "3": [2, 15, 17, 26, 27, 29], "4": [15, 26, 27, 29], "5": [26, 29], "6": [15, 27], "7": [2, 12, 15, 17, 26, 27, 29], "8": [2, 12, 15, 17, 20, 26, 27, 29], "9": [0, 2, 3, 12, 15, 17, 20, 21, 26, 27, 29], "10": [0, 2, 3, 11, 12, 15, 17, 20, 21, 26, 27, 29], "11": [0, 2, 3, 11, 12, 15, 17, 20, 21, 24, 26, 27, 29], "12": [0, 2, 3, 11, 12, 15, 17, 20, 21, 24, 26, 27, 28, 29], "13": [0, 2, 3, 8, 11, 12, 15, 17, 20, 21, 24, 26, 27, 28, 29], "14": [0, 2, 3, 4, 8, 11, 12, 15, 17, 20, 21, 24, 26, 27, 28, 29], "15": [0, 2, 3, 4, 8, 11, 12, 14, 15, 17, 20, 21, 24, 26, 27, 28, 29], "16": [0, 2, 3, 4, 8, 11, 12, 14, 15, 17, 20, 21, 23, 24, 26, 27, 28, 29], "17": [0, 1, 2, 3, 4, 8, 11, 12, 14, 15, 17, 18, 20, 21, 23, 24, 26, 27, 28, 29], "18": [1, 18], "19": [0, 1, 2, 3, 4, 8, 11, 12, 13, 14, 15, 17, 18, 20, 21, 23, 24, 26, 27, 28, 29], "20": [0, 1, 2, 3, 4, 7, 8, 11, 12, 13, 14, 15, 17, 18, 20, 21, 23, 24, 26, 27, 28, 29], "21": [0, 1, 2, 3, 4, 7, 8, 9, 11, 12, 13, 14, 15, 17, 18, 20, 21, 23, 24, 25, 26, 27, 28, 29], "22": [9, 25], "23": [0, 1, 2, 3, 4, 7, 8, 9, 11, 12, 13, 14, 15, 16, 17, 18, 20, 21, 23, 24, 25, 26, 27, 28, 29], "24": [0, 1, 2, 3, 4, 7, 8, 9, 10, 11, 12, 13, 14, 15, 16, 17, 18, 20, 21, 23, 24, 25, 26, 27, 28, 29], "25": [0, 1, 2, 3, 4, 5, 7, 8, 9, 10, 11, 12, 13, 14, 15, 16, 17, 18, 20, 21, 23, 24, 25, 26, 27, 28, 29], "26": [0, 1, 2, 3, 4, 5, 6, 7, 8, 9, 10, 11, 12, 13, 14, 15, 16, 17, 18, 20, 21, 23, 24, 25, 26, 27, 28, 29], "27": [0, 1, 2, 3, 4, 5, 6, 7, 8, 9, 10, 11, 12, 13, 14, 15, 16, 17, 18, 19, 20, 21, 23, 24, 25, 26, 27, 28, 29], "28": [0, 1, 2, 3, 4, 5, 6, 7, 8, 9, 10, 11, 12, 13, 14, 15, 16, 17, 18, 19, 20, 21, 22, 23, 24, 25, 26, 27, 28, 29]}, "join_predecessors": {"0": [1], "2": [], "3": [2, 4], "5": [], "4": [5, 6], "6": [], "7": [3], "8": [7], "1": [8], "9": [0], "10": [9], "11": [10], "12": [11], "13": [12], "14": [13], "15": [14], "16": [15], "17": [16, 18], "18": [], "19": [17], "20": [19], "21": [20, 22], "22": [], "23": [21], "24": [23], "25": [24], "26": [25], "27": [26], "28": [27]}, "intermediate_costs": [[[0, 2, 12, 15, 17, 20, 21, 26, 27, 29], 8.519938086564753e-06], [[2, 12, 15, 17, 20, 21, 26, 27, 29], 1.0605380012154891e-05], [[2, 17], 443.0], [[2, 15, 17, 26, 27, 29], 0.0021109966880148916], [[15, 26, 27, 29], 1.339838659598347], [[26, 29], 510.99999999999994], [[15, 27], 820.0], [[2, 12, 15, 17, 26, 27, 29], 0.008900219622129352], [[2, 12, 15, 17, 20, 26, 27, 29], 6.151537865673307e-05], [[0, 2, 3, 12, 15, 17, 20, 21, 26, 27, 29], 1.5071401277815963e-05], [[0, 2, 3, 11, 12, 15, 17, 20, 21, 26, 27, 29], 6.363756667300487e-05], [[0, 2, 3, 11, 12, 15, 17, 20, 21, 24, 26, 27, 29], 0.00027710058651117997], [[0, 2, 3, 11, 12, 15, 17, 20, 21, 24, 26, 27, 28, 29], 0.009155089105712977], [[0, 2, 3, 8, 11, 12, 15, 17, 20, 21, 24, 26, 27, 28, 29], 0.03454924360960186], [[0, 2, 3, 4, 8, 11, 12, 15, 17, 20, 21, 24, 26, 27, 28, 29], 0.1504396855014615], [[0, 2, 3, 4, 8, 11, 12, 14, 15, 17, 20, 21, 24, 26, 27, 28, 29], 0.6550678703782024], [[0, 2, 3, 4, 8, 11, 12, 14, 15, 17, 20, 21, 23, 24, 26, 27, 28, 29], 1626.1431811919742], [[0, 1, 2, 3, 4, 8, 11, 12, 14, 15, 17, 18, 20, 21, 23, 24, 26, 27, 28, 29], 0.7605798978268259], [[1, 18], 5694.999999999999], [[0, 1, 2, 3, 4, 8, 11, 12, 13, 14, 15, 17, 18, 20, 21, 23, 24, 26, 27, 28, 29], 3.270437167293738], [[0, 1, 2, 3, 4, 7, 8, 11, 12, 13, 14, 15, 17, 18, 20, 21, 23, 24, 26, 27, 28, 29], 380.54172302327305], [[0, 1, 2, 3, 4, 7, 8, 9, 11, 12, 13, 14, 15, 17, 18, 20, 21, 23, 24, 25, 26, 27, 28, 29], 6.856799749144874], [[9, 25], 9952.0], [[0, 1, 2, 3, 4, 7, 8, 9, 11, 12, 13, 14, 15, 16, 17, 18, 20, 21, 23, 24, 25, 26, 27, 28, 29], 26.714108499649893], [[0, 1, 2, 3, 4, 7, 8, 9, 10, 11, 12, 13, 14, 15, 16, 17, 18, 20, 21, 23, 24, 25, 26, 27, 28, 29], 112.01445865127099], [[0, 1, 2, 3, 4, 5, 7, 8, 9, 10, 11, 12, 13, 14, 15, 16, 17, 18, 20, 21, 23, 24, 25, 26, 27, 28, 29], 487.7507691683324], [[0, 1, 2, 3, 4, 5, 6, 7, 8, 9, 10, 11, 12, 13, 14, 15, 16, 17, 18, 20, 21, 23, 24, 25, 26, 27, 28, 29], 2123.8402879021287], [[0, 1, 2, 3, 4, 5, 6, 7, 8, 9, 10, 11, 12, 13, 14, 15, 16, 17, 18, 19, 20, 21, 23, 24, 25, 26, 27, 28, 29], 9247.955828357632]]}