{"costs": 23242, "root_join": 28, "join_operands": {"0": [0, 2, 15, 17, 26, 27, 29], "1": [2, 15, 17, 26, 27, 29], "2": [2, 15, 26, 27, 29], "3": [15, 26, 27, 29], "4": [15, 27], "5": [26, 29], "6": [0, 2, 12, 15, 17, 26, 27, 29], "7": [0, 2, 12, 15, 17, 20, 26, 27, 29], "8": [0, 2, 12, 15, 17, 20, 21, 26, 27, 29], "9": [0, 2, 3, 12, 15, 17, 20, 21, 26, 27, 29], "10": [0, 2, 3, 12, 15, 17, 20, 21, 24, 26, 27, 29], "11": [0, 2, 3, 12, 15, 17, 20, 21, 23, 24, 26, 27, 29], "12": [0, 1, 2, 3, 12, 15, 17, 20, 21, 23, 24, 26, 27, 29], "13": [0, 1, 2, 3, 12, 15, 17, 18, 20, 21, 23, 24, 26, 27, 29], "14": [0, 1, 2, 3, 12, 13, 15, 17, 18, 20, 21, 23, 24, 26, 27, 29], "15": [0, 1, 2, 3, 7, 12, 13, 15, 17, 18, 20, 21, 23, 24, 26, 27, 29], "16": [0, 1, 2, 3, 7, 9, 12, 13, 15, 17, 18, 20, 21, 23, 24, 25, 26, 27, 29], "17": [9, 25], "18": [0, 1, 2, 3, 7, 9, 12, 13, 15, 16, 17, 18, 20, 21, 23, 24, 25, 26, 27, 29], "19": [0, 1, 2, 3, 7, 9, 10, 12, 13, 15, 16, 17, 18, 20, 21, 23, 24, 25, 26, 27, 29], "20": [0, 1, 2, 3, 7, 9, 10, 11, 12, 13, 15, 16, 17, 18, 20, 21, 23, 24, 25, 26, 27, 29], "21": [0, 1, 2, 3, 4, 7, 9, 10, 11, 12, 13, 15, 16, 17, 18, 20, 21, 23, 24, 25, 26, 27, 29], "22": [0, 1, 2, 3, 4, 5, 7, 9, 10, 11, 12, 13, 15, 16, 17, 18, 20, 21, 23, 24, 25, 26, 27, 29], "23": [0, 1, 2, 3, 4, 5, 6, 7, 9, 10, 11, 12, 13, 15, 16, 17, 18, 20, 21, 23, 24, 25, 26, 27, 29], "24": [0, 1, 2, 3, 4, 5, 6, 7, 9, 10, 11, 12, 13, 15, 16, 17, 18, 19, 20, 21, 23, 24, 25, 26, 27, 29], "25": [0, 1, 2, 3, 4, 5, 6, 7, 9, 10, 11, 12, 13, 15, 16, 17, 18, 19, 20, 21, 23, 24, 25, 26, 27, 28, 29], "26": [0, 1, 2, 3, 4, 5, 6, 7, 8, 9, 10, 11, 12, 13, 15, 16, 17, 18, 19, 20, 21, 23, 24, 25, 26, 27, 28, 29], "27": [0, 1, 2, 3, 4, 5, 6, 7, 8, 9, 10, 11, 12, 13, 14, 15, 16, 17, 18, 19, 20, 21, 23, 24, 25, 26, 27, 28, 29], "28": [0, 1, 2, 3, 4, 5, 6, 7, 8, 9, 10, 11, 12, 13, 14, 15, 16, 17, 18, 19, 20, 21, 22, 23, 24, 25, 26, 27, 28, 29]}, "join_predecessors": {"0": [1], "2": [3], "4": [], "3": [4, 5], "5": [], "1": [2], "6": [0], "7": [6], "8": [7], "9": [8], "10": [9], "11": [10], "12": [11], "13": [12], "14": [13], "15": [14], "16": [15, 17], "17": [], "18": [16], "19": [18], "20": [19], "21": [20], "22": [21], "23": [22], "24": [23], "25": [24], "26": [25], "27": [26], "28": [27]}, "intermediate_costs": [[[0, 2, 15, 17, 26, 27, 29], 0.0016958902992836435], [[2, 15, 17, 26, 27, 29], 0.0021109966880148916], [[2, 15, 26, 27, 29], 1.4295688632155024], [[15, 26, 27, 29], 1.339838659598347], [[15, 27], 820.0], [[26, 29], 510.99999999999994], [[0, 2, 12, 15, 17, 26, 27, 29], 0.007150080435633837], [[0, 2, 12, 15, 17, 20, 26, 27, 29], 4.941899459767308e-05], [[0, 2, 12, 15, 17, 20, 21, 26, 27, 29], 8.519938086564753e-06], [[0, 2, 3, 12, 15, 17, 20, 21, 26, 27, 29], 1.5071401277815963e-05], [[0, 2, 3, 12, 15, 17, 20, 21, 24, 26, 27, 29], 6.562623858777649e-05], [[0, 2, 3, 12, 15, 17, 20, 21, 23, 24, 26, 27, 29], 0.16291084513911067], [[0, 1, 2, 3, 12, 15, 17, 20, 21, 23, 24, 26, 27, 29], 0.007305248123873376], [[0, 1, 2, 3, 12, 15, 17, 18, 20, 21, 23, 24, 26, 27, 29], 7.619668143856938e-05], [[0, 1, 2, 3, 12, 13, 15, 17, 18, 20, 21, 23, 24, 26, 27, 29], 0.000327640080566364], [[0, 1, 2, 3, 7, 12, 13, 15, 17, 18, 20, 21, 23, 24, 26, 27, 29], 0.038123564041250335], [[0, 1, 2, 3, 7, 9, 12, 13, 15, 17, 18, 20, 21, 23, 24, 25, 26, 27, 29], 0.0006869303115510591], [[9, 25], 9952.0], [[0, 1, 2, 3, 7, 9, 12, 13, 15, 16, 17, 18, 20, 21, 23, 24, 25, 26, 27, 29], 0.002676282164542119], [[0, 1, 2, 3, 7, 9, 10, 12, 13, 15, 16, 17, 18, 20, 21, 23, 24, 25, 26, 27, 29], 0.011221871688630973], [[0, 1, 2, 3, 7, 9, 10, 11, 12, 13, 15, 16, 17, 18, 20, 21, 23, 24, 25, 26, 27, 29], 0.047383292012290315], [[0, 1, 2, 3, 4, 7, 9, 10, 11, 12, 13, 15, 16, 17, 18, 20, 21, 23, 24, 25, 26, 27, 29], 0.20632369347651291], [[0, 1, 2, 3, 4, 5, 7, 9, 10, 11, 12, 13, 15, 16, 17, 18, 20, 21, 23, 24, 25, 26, 27, 29], 0.8984067003717877], [[0, 1, 2, 3, 4, 5, 6, 7, 9, 10, 11, 12, 13, 15, 16, 17, 18, 20, 21, 23, 24, 25, 26, 27, 29], 3.9119822372075146], [[0, 1, 2, 3, 4, 5, 6, 7, 9, 10, 11, 12, 13, 15, 16, 17, 18, 19, 20, 21, 23, 24, 25, 26, 27, 29], 17.034161719735643], [[0, 1, 2, 3, 4, 5, 6, 7, 9, 10, 11, 12, 13, 15, 16, 17, 18, 19, 20, 21, 23, 24, 25, 26, 27, 28, 29], 562.7893839878712], [[0, 1, 2, 3, 4, 5, 6, 7, 8, 9, 10, 11, 12, 13, 15, 16, 17, 18, 19, 20, 21, 23, 24, 25, 26, 27, 28, 29], 2123.8403366452526], [[0, 1, 2, 3, 4, 5, 6, 7, 8, 9, 10, 11, 12, 13, 14, 15, 16, 17, 18, 19, 20, 21, 23, 24, 25, 26, 27, 28, 29], 9247.955828357632]]}