{"costs": 2, "join_operands": {"0": [0, 1, 2, 3, 4, 5], "1": [0, 2, 4], "2": [1, 3, 5], "3": [0, 2], "4": [1, 3], "5": [], "6": []}, "join_predecessors": {"0": [1, 2], "1": [3], "2": [4], "3": [5], "4": [], "5": [6], "6": []}, "leaf_joins": [], "opt_time": 0.023802995681762695, "status": 2, "intermediate_costs": [[[0, 2, 4], 1.0], [[1, 3, 5], 0.004331999999999999], [[0, 2], 1.0], [[1, 3], 0.057]]}