{"costs": 23240916, "root_join": 35, "join_operands": {"0": [0, 7, 8, 23], "1": [7, 8, 23], "2": [7, 8], "3": [0, 7, 8, 23, 39], "4": [0, 7, 8, 23, 25, 39], "5": [0, 3, 5, 7, 8, 10, 11, 13, 14, 15, 16, 17, 20, 23, 24, 25, 27, 29, 30, 31, 33, 38, 39], "6": [3, 5, 10, 11, 13, 14, 15, 16, 17, 20, 24, 27, 29, 30, 31, 33, 38], "7": [3, 5, 11, 15, 16, 29, 31], "8": [5, 11, 15, 16, 29, 31], "9": [5, 15, 16, 29, 31], "10": [5, 31], "11": [5, 16, 31], "12": [15, 29], "13": [3, 5, 10, 11, 15, 16, 29, 31], "14": [3, 5, 10, 11, 15, 16, 17, 29, 31], "15": [13, 14, 20, 24, 27, 30, 33, 38], "16": [24, 27, 30, 38], "17": [27, 30, 38], "18": [27, 30], "19": [24, 27, 30, 33, 38], "20": [14, 24, 27, 30, 33, 38], "21": [13, 14, 24, 27, 30, 33, 38], "22": [0, 3, 5, 7, 8, 10, 11, 13, 14, 15, 16, 17, 20, 23, 24, 25, 27, 29, 30, 31, 32, 33, 34, 36, 38, 39], "23": [32, 34, 36], "24": [32, 36], "25": [0, 3, 5, 7, 8, 10, 11, 13, 14, 15, 16, 17, 20, 23, 24, 25, 26, 27, 29, 30, 31, 32, 33, 34, 36, 38, 39], "26": [0, 1, 3, 5, 7, 8, 9, 10, 11, 12, 13, 14, 15, 16, 17, 18, 20, 21, 22, 23, 24, 25, 26, 27, 28, 29, 30, 31, 32, 33, 34, 35, 36, 38, 39], "27": [1, 9, 12, 18, 21, 22, 28, 35], "28": [1, 35], "29": [1, 21, 35], "30": [1, 21, 28, 35], "31": [1, 21, 22, 28, 35], "32": [1, 18, 21, 22, 28, 35], "33": [1, 9, 18, 21, 22, 28, 35], "34": [0, 1, 3, 4, 5, 7, 8, 9, 10, 11, 12, 13, 14, 15, 16, 17, 18, 20, 21, 22, 23, 24, 25, 26, 27, 28, 29, 30, 31, 32, 33, 34, 35, 36, 38, 39], "35": [0, 1, 2, 3, 4, 5, 6, 7, 8, 9, 10, 11, 12, 13, 14, 15, 16, 17, 18, 19, 20, 21, 22, 23, 24, 25, 26, 27, 28, 29, 30, 31, 32, 33, 34, 35, 36, 37, 38, 39], "36": [2, 6, 19, 37], "37": [2, 6], "38": [19, 37]}, "join_predecessors": {"0": [1], "1": [2], "2": [], "3": [0], "4": [3], "5": [4, 6], "7": [8], "8": [9], "10": [], "11": [10], "9": [11, 12], "12": [], "13": [7], "14": [13], "6": [14, 15], "16": [17], "18": [], "17": [18], "19": [16], "20": [19], "21": [20], "15": [21], "22": [5, 23], "24": [], "23": [24], "25": [22], "26": [25, 27], "28": [], "29": [28], "30": [29], "31": [30], "32": [31], "33": [32], "27": [33], "34": [26], "35": [34, 36], "37": [], "36": [37, 38], "38": []}, "intermediate_costs": [[[0, 7, 8, 23], 4706.809794459558], [[7, 8, 23], 2860.969495410568], [[7, 8], 1739.0], [[0, 7, 8, 23, 39], 164257.64363133584], [[0, 7, 8, 23, 25, 39], 270233.54378104256], [[0, 3, 5, 7, 8, 10, 11, 13, 14, 15, 16, 17, 20, 23, 24, 25, 27, 29, 30, 31, 33, 38, 39], 178.02696656567625], [[3, 5, 10, 11, 13, 14, 15, 16, 17, 20, 24, 27, 29, 30, 31, 33, 38], 3980.800382926548], [[3, 5, 11, 15, 16, 29, 31], 1953.1796574851417], [[5, 11, 15, 16, 29, 31], 5.778948203084485], [[5, 15, 16, 29, 31], 3.512655152898833], [[5, 31], 1574.0], [[5, 16, 31], 2531.9699196383726], [[15, 29], 1953.0], [[3, 5, 10, 11, 15, 16, 29, 31], 3114.462073075511], [[3, 5, 10, 11, 15, 16, 17, 29, 31], 5123.849116222331], [[13, 14, 20, 24, 27, 30, 33, 38], 3765424.60373134], [[24, 27, 30, 38], 196315.62528538736], [[27, 30, 38], 252.76906262578433], [[27, 30], 164.0], [[24, 27, 30, 33, 38], 322560.65161670226], [[14, 24, 27, 30, 33, 38], 528815.1334096966], [[13, 14, 24, 27, 30, 33, 38], 869996.5702022755], [[0, 3, 5, 7, 8, 10, 11, 13, 14, 15, 16, 17, 20, 23, 24, 25, 27, 29, 30, 31, 32, 33, 34, 36, 38, 39], 25220.202940779174], [[32, 34, 36], 3874910.086364552], [[32, 36], 2434480.0], [[0, 3, 5, 7, 8, 10, 11, 13, 14, 15, 16, 17, 20, 23, 24, 25, 26, 27, 29, 30, 31, 32, 33, 34, 36, 38, 39], 41491.79555631642], [[0, 1, 3, 5, 7, 8, 9, 10, 11, 12, 13, 14, 15, 16, 17, 18, 20, 21, 22, 23, 24, 25, 26, 27, 28, 29, 30, 31, 32, 33, 34, 35, 36, 38, 39], 69831.61398486745], [[1, 9, 12, 18, 21, 22, 28, 35], 2149180.1601494066], [[1, 35], 972300.9999999999], [[1, 21, 35], 233861.13281838194], [[1, 21, 28, 35], 324391.5076907811], [[1, 21, 22, 28, 35], 525834.4087242234], [[1, 18, 21, 22, 28, 35], 794046.4762181959], [[1, 9, 18, 21, 22, 28, 35], 1306348.8711902336], [[0, 1, 3, 4, 5, 7, 8, 9, 10, 11, 12, 13, 14, 15, 16, 17, 18, 20, 21, 22, 23, 24, 25, 26, 27, 28, 29, 30, 31, 32, 33, 34, 35, 36, 38, 39], 109141.23250654539], [[2, 6, 19, 37], 2502075.3935276857], [[2, 6], 1311399.0], [[19, 37], 418658.0]]}