{"costs": 7.501910739127727e+35, "join_operands": {"0": [0, 1, 2, 3, 4, 5, 6, 7, 8, 9, 10, 11, 12, 13, 14, 15, 16, 17, 18, 19, 20, 21, 22, 23, 24, 25, 26, 27, 28, 29, 30, 31, 32, 33, 34, 35, 36, 37, 38, 39], "1": [2, 11, 12, 15, 19, 22, 24, 26, 30, 31, 32, 33, 34, 35], "2": [0, 1, 3, 4, 5, 6, 7, 8, 9, 10, 13, 14, 16, 17, 18, 20, 21, 23, 25, 27, 28, 29, 36, 37, 38, 39], "3": [2, 11, 12, 15, 19, 22, 26, 30, 31, 32, 33, 34, 35], "4": [0, 1, 3, 4, 5, 8, 9, 10, 13, 14, 16, 17, 20, 21, 23, 25, 27, 28, 29], "5": [], "6": [6, 7, 18, 36, 37, 38, 39], "7": [2, 11, 12, 15, 19, 22, 26, 30, 31, 33, 34, 35], "8": [0, 3, 4, 5, 8, 10, 13, 14, 16, 17, 20, 21, 23, 28, 29], "9": [], "10": [36, 38, 39], "11": [], "12": [1, 9, 25, 27], "13": [], "14": [6, 7, 18, 37], "15": [2, 11, 12, 15, 19, 22, 26, 30, 31, 35], "16": [0, 3, 4, 5, 8, 13, 14, 16, 17, 20, 21, 28, 29], "17": [], "18": [], "19": [], "20": [1, 27], "21": [], "22": [18, 37], "23": [33, 34], "24": [10, 23], "25": [], "26": [36, 39], "27": [], "28": [9, 25], "29": [], "30": [6, 7], "31": [2, 11, 15, 19, 22, 26, 30, 31, 35], "32": [0, 3, 4, 5, 8, 13, 14, 16, 17, 20, 28, 29], "33": [], "34": [], "35": [], "36": [], "37": [], "38": []}, "join_predecessors": {"0": [1, 2], "1": [3, 5], "2": [4, 6], "3": [7, 11], "4": [8, 12], "5": [9, 13], "6": [10, 14], "7": [15, 23], "8": [16, 24], "9": [17, 25], "10": [18, 26], "11": [19, 27], "12": [20, 28], "13": [21, 29], "14": [22, 30], "15": [31], "16": [32], "17": [33], "18": [34], "19": [35], "20": [36], "21": [37], "22": [38], "23": [], "24": [], "25": [], "26": [], "27": [], "28": [], "29": [], "30": [], "31": [], "32": [], "33": [], "34": [], "35": [], "36": [], "37": [], "38": []}, "leaf_joins": [31, 32], "opt_time": 10.004781007766724, "status": 9, "intermediate_costs": [[[2, 11, 12, 15, 19, 22, 24, 26, 30, 31, 32, 33, 34, 35], 7539364049881.216], [[0, 1, 3, 4, 5, 6, 7, 8, 9, 10, 13, 14, 16, 17, 18, 20, 21, 23, 25, 27, 28, 29, 36, 37, 38, 39], 4187673.82469112], [[2, 11, 12, 15, 19, 22, 26, 30, 31, 32, 33, 34, 35], 11832887427809.398], [[0, 1, 3, 4, 5, 8, 9, 10, 13, 14, 16, 17, 20, 21, 23, 25, 27, 28, 29], 1.694371373124612e+17], [[6, 7, 18, 36, 37, 38, 39], 7.501910739127727e+35], [[2, 11, 12, 15, 19, 22, 26, 30, 31, 33, 34, 35], 263046.58162478654], [[0, 3, 4, 5, 8, 10, 13, 14, 16, 17, 20, 21, 23, 28, 29], 1168073734.9816911], [[36, 38, 39], 3.202884412e+19], [[1, 9, 25, 27], 3598560000000.0], [[6, 7, 18, 37], 2.3422358643418092e+16], [[2, 11, 12, 15, 19, 22, 26, 30, 31, 35], 69396.05360189683], [[0, 3, 4, 5, 8, 13, 14, 16, 17, 20, 21, 28, 29], 299405090.1257784], [[1, 27], 7056000000.0], [[18, 37], 54814800000000.0], [[33, 34], 1448876000000.0], [[10, 23], 136230000000.0], [[36, 39], 3060568000000.0], [[9, 25], 510.00000000000006], [[6, 7], 183884886.0], [[2, 11, 15, 19, 22, 26, 30, 31, 35], 6402.773375991854], [[0, 3, 4, 5, 8, 13, 14, 16, 17, 20, 28, 29], 802.6946115972611]]}