{"costs": 938795, "root_join": 6, "join_operands": {"0": [0, 7, 11, 14, 17], "1": [7, 11, 14, 17], "2": [7, 14], "3": [7, 14, 17], "4": [0, 6, 7, 11, 14, 17, 19], "5": [6, 19], "6": [0, 1, 2, 3, 4, 5, 6, 7, 8, 9, 10, 11, 12, 13, 14, 15, 16, 17, 18, 19], "7": [1, 2, 3, 4, 5, 8, 9, 10, 12, 13, 15, 16, 18], "8": [1, 4, 9, 15], "9": [4, 9, 15], "10": [9, 15], "11": [1, 2, 4, 9, 13, 15], "12": [2, 13], "13": [1, 2, 4, 5, 9, 13, 15], "14": [1, 2, 4, 5, 9, 10, 13, 15], "15": [1, 2, 4, 5, 9, 10, 12, 13, 15], "16": [1, 2, 4, 5, 9, 10, 12, 13, 15, 16], "17": [1, 2, 4, 5, 9, 10, 12, 13, 15, 16, 18], "18": [1, 2, 3, 4, 5, 9, 10, 12, 13, 15, 16, 18]}, "join_predecessors": {"0": [1], "2": [], "3": [2], "1": [3], "4": [0, 5], "5": [], "6": [4, 7], "8": [9], "9": [10], "10": [], "11": [8, 12], "12": [], "13": [11], "14": [13], "15": [14], "16": [15], "17": [16], "18": [17], "7": [18]}, "intermediate_costs": [[[0, 7, 11, 14, 17], 46054.34539684497], [[7, 11, 14, 17], 16545.651462762584], [[7, 14], 9407.0], [[7, 14, 17], 5944.250862068965], [[0, 6, 7, 11, 14, 17, 19], 356816.6377451582], [[6, 19], 83504.0], [[1, 2, 3, 4, 5, 8, 9, 10, 12, 13, 15, 16, 18], 200701.11072082148], [[1, 4, 9, 15], 72839.69510286138], [[4, 9, 15], 26627.648036123654], [[9, 15], 7668.0], [[1, 2, 4, 9, 13, 15], 180.87477130721425], [[2, 13], 215.0], [[1, 2, 4, 5, 9, 13, 15], 431.5386121924267], [[1, 2, 4, 5, 9, 10, 13, 15], 1201.1800743717342], [[1, 2, 4, 5, 9, 10, 12, 13, 15], 3343.4618137298603], [[1, 2, 4, 5, 9, 10, 12, 13, 15, 16], 9306.462151993903], [[1, 2, 4, 5, 9, 10, 12, 13, 15, 16, 18], 25904.359795835488], [[1, 2, 3, 4, 5, 9, 10, 12, 13, 15, 16, 18], 72104.32551319069]]}