{"costs": 4521379.306704218, "int_costs": [[[1, 2, 3, 4, 5, 6, 7, 8, 9, 10, 11, 12, 13, 14, 15, 16, 17, 18, 19, 20, 21, 22, 23, 24, 25, 26, 27, 28, 29, 31, 32, 33, 34, 35, 36, 37, 38, 39, 40, 41, 42, 43, 44, 45, 46, 47, 48, 49], 2384801.98849235], [[0, 30], 495672.99999999994], [[1, 2, 3, 4, 5, 6, 7, 8, 9, 10, 11, 12, 13, 14, 15, 16, 17, 18, 19, 21, 22, 23, 24, 25, 26, 27, 28, 29, 31, 32, 33, 34, 35, 36, 37, 39, 40, 41, 42, 43, 44, 45, 46, 47, 48, 49], 616437.7821025642], [[20, 38], 395241.0], [[1, 2, 3, 4, 5, 6, 7, 8, 9, 10, 11, 12, 13, 14, 15, 16, 17, 18, 19, 21, 22, 23, 24, 25, 26, 27, 29, 31, 32, 33, 34, 35, 36, 37, 39, 40, 41, 42, 43, 44, 45, 46, 47, 48, 49], 303136.46985021984], [[1, 2, 3, 4, 5, 6, 7, 8, 9, 10, 11, 12, 13, 14, 15, 16, 17, 18, 19, 21, 22, 23, 24, 25, 26, 27, 29, 31, 32, 33, 34, 35, 37, 39, 40, 41, 42, 43, 44, 45, 46, 47, 48, 49], 150742.46463517635], [[1, 2, 3, 4, 5, 6, 7, 8, 9, 10, 11, 12, 13, 14, 15, 16, 17, 18, 19, 21, 22, 23, 24, 26, 27, 29, 31, 32, 33, 34, 35, 37, 39, 40, 41, 42, 43, 44, 45, 46, 47, 48, 49], 5286.841929085458], [[1, 2, 3, 4, 5, 6, 7, 8, 9, 10, 11, 12, 13, 14, 15, 16, 17, 18, 19, 21, 22, 23, 24, 26, 27, 29, 31, 32, 33, 34, 35, 37, 39, 40, 42, 43, 44, 45, 46, 47, 48, 49], 2559.834693258819], [[1, 2, 3, 4, 5, 6, 7, 8, 9, 10, 11, 12, 13, 14, 15, 17, 18, 19, 21, 22, 23, 24, 26, 27, 29, 31, 32, 33, 34, 35, 37, 39, 40, 42, 43, 44, 45, 46, 47, 48, 49], 1239.4455443698703], [[1, 2, 4, 5, 6, 7, 8, 9, 10, 11, 12, 13, 14, 15, 17, 18, 19, 21, 22, 23, 24, 26, 27, 29, 31, 32, 33, 34, 35, 37, 39, 40, 42, 43, 44, 45, 46, 47, 48, 49], 600.1268332665844], [[1, 2, 4, 5, 6, 7, 8, 9, 10, 11, 12, 13, 14, 15, 17, 18, 19, 21, 22, 23, 24, 26, 27, 29, 31, 32, 33, 34, 35, 37, 39, 42, 43, 44, 45, 46, 47, 48, 49], 290.57522694076465], [[1, 2, 4, 5, 6, 7, 8, 9, 10, 11, 12, 13, 14, 15, 17, 18, 19, 21, 22, 23, 24, 26, 27, 29, 31, 32, 33, 34, 35, 37, 39, 42, 43, 45, 46, 47, 48, 49], 140.6935268924947], [[1, 2, 4, 5, 6, 7, 8, 9, 10, 11, 12, 13, 14, 15, 17, 18, 19, 21, 22, 23, 24, 26, 27, 29, 31, 33, 34, 35, 37, 39, 42, 43, 45, 46, 47, 48, 49], 68.12235353586458], [[1, 2, 4, 5, 6, 7, 9, 10, 11, 12, 13, 14, 15, 17, 18, 19, 21, 22, 23, 24, 26, 27, 29, 31, 33, 34, 35, 37, 39, 42, 43, 45, 46, 47, 48, 49], 88774.83175714478], [[1, 2, 4, 6, 7, 9, 10, 11, 12, 13, 14, 15, 17, 18, 19, 21, 22, 23, 24, 26, 27, 29, 31, 33, 34, 35, 37, 39, 42, 43, 45, 46, 47, 48, 49], 66863.77942991281], [[1, 2, 4, 6, 10, 11, 12, 13, 14, 15, 17, 18, 21, 22, 23, 24, 27, 29, 31, 33, 35, 37, 39, 42, 43, 45, 46, 47, 48, 49], 1.6264963114846396], [[2, 4, 10, 11, 15, 18, 21, 22, 23, 27, 29, 31, 33, 35, 37, 39, 42, 43, 45, 46, 47, 49], 0.004913349692869335], [[4, 22], 217.0], [[4, 22, 37], 9.027666666666667], [[4, 22, 37, 46], 150.3648368491147], [[4, 18, 22, 37, 46], 309.63603445406], [[2, 4, 18, 22, 37, 46], 49.842721722957236], [[2, 4, 18, 22, 37, 45, 46], 58.26802255156051], [[2, 4, 18, 22, 37, 45, 46, 49], 5.488847724357001], [[2, 4, 18, 22, 23, 37, 45, 46, 49], 3.3996093188759144], [[2, 4, 18, 22, 23, 29, 37, 45, 46, 49], 0.6895437507342642], [[2, 4, 10, 18, 22, 23, 29, 37, 45, 46, 49], 0.011950538652928295], [[2, 4, 10, 18, 22, 23, 29, 37, 45, 46, 47, 49], 0.024144958332681245], [[2, 4, 10, 18, 22, 23, 29, 37, 43, 45, 46, 47, 49], 2.176956951050984e-05], [[2, 4, 10, 18, 22, 23, 27, 29, 37, 43, 45, 46, 47, 49], 3.312902688664097e-05], [[2, 4, 10, 18, 21, 22, 23, 27, 29, 37, 43, 45, 46, 47, 49], 6.842155734202738e-05], [[2, 4, 10, 15, 18, 21, 22, 23, 27, 29, 37, 43, 45, 46, 47, 49], 8.949726590686048e-05], [[2, 4, 10, 15, 18, 21, 22, 23, 27, 29, 37, 42, 43, 45, 46, 47, 49], 0.00014283019550611917], [[2, 4, 10, 15, 18, 21, 22, 23, 27, 29, 37, 39, 42, 43, 45, 46, 47, 49], 0.00028445281468729346], [[2, 4, 10, 15, 18, 21, 22, 23, 27, 29, 35, 37, 39, 42, 43, 45, 46, 47, 49], 0.0005670278564019552], [[2, 4, 10, 15, 18, 21, 22, 23, 27, 29, 31, 35, 37, 39, 42, 43, 45, 46, 47, 49], 0.0011518880006741459], [[2, 4, 10, 15, 18, 21, 22, 23, 27, 29, 31, 33, 35, 37, 39, 42, 43, 45, 46, 47, 49], 0.0023789942877923136], [[2, 4, 10, 11, 13, 15, 18, 21, 22, 23, 27, 29, 31, 33, 35, 37, 39, 42, 43, 45, 46, 47, 49], 0.010147569339245462], [[2, 4, 10, 11, 13, 15, 18, 21, 22, 23, 27, 29, 31, 33, 35, 37, 39, 42, 43, 45, 46, 47, 48, 49], 0.020957836435350093], [[2, 4, 10, 11, 13, 15, 17, 18, 21, 22, 23, 27, 29, 31, 33, 35, 37, 39, 42, 43, 45, 46, 47, 48, 49], 0.04328434605963117], [[2, 4, 10, 11, 13, 14, 15, 17, 18, 21, 22, 23, 27, 29, 31, 33, 35, 37, 39, 42, 43, 45, 46, 47, 48, 49], 0.08939542517612169], [[1, 2, 4, 10, 11, 13, 14, 15, 17, 18, 21, 22, 23, 27, 29, 31, 33, 35, 37, 39, 42, 43, 45, 46, 47, 48, 49], 0.18462891467256531], [[1, 2, 4, 10, 11, 12, 13, 14, 15, 17, 18, 21, 22, 23, 27, 29, 31, 33, 35, 37, 39, 42, 43, 45, 46, 47, 48, 49], 0.3813152289333791], [[1, 2, 4, 10, 11, 12, 13, 14, 15, 17, 18, 21, 22, 23, 24, 27, 29, 31, 33, 35, 37, 39, 42, 43, 45, 46, 47, 48, 49], 0.7875327351944327], [[1, 2, 4, 6, 10, 11, 12, 13, 14, 15, 17, 18, 21, 22, 23, 24, 27, 29, 31, 33, 34, 35, 37, 39, 42, 43, 45, 46, 47, 48, 49], 3.359213064655728], [[1, 2, 4, 6, 10, 11, 12, 13, 14, 15, 17, 18, 21, 22, 23, 24, 26, 27, 29, 31, 33, 34, 35, 37, 39, 42, 43, 45, 46, 47, 48, 49], 22.207305073701995], [[1, 2, 4, 6, 10, 11, 12, 13, 14, 15, 17, 18, 19, 21, 22, 23, 24, 26, 27, 29, 31, 33, 34, 35, 37, 39, 42, 43, 45, 46, 47, 48, 49], 45.86488022247038], [[1, 2, 4, 6, 7, 10, 11, 12, 13, 14, 15, 17, 18, 19, 21, 22, 23, 24, 26, 27, 29, 31, 33, 34, 35, 37, 39, 42, 43, 45, 46, 47, 48, 49], 8644.012142876003]]}