{"costs": 7798509265.752158, "join_operands": {"0": [0, 1, 2, 3, 4, 5, 6, 7, 8, 9, 10, 11, 12, 13, 14, 15, 16, 17, 18, 19], "1": [3, 4, 6, 7, 9, 11, 12, 13, 14, 15, 18, 19], "2": [0, 1, 2, 5, 8, 10, 16, 17], "3": [3, 4, 6, 7, 9, 11, 12, 13, 14, 18, 19], "4": [0, 1, 2, 5, 8, 16, 17], "5": [], "6": [], "7": [3, 6, 7, 9, 12, 13, 14, 18, 19], "8": [0, 2, 5, 16, 17], "9": [], "10": [], "11": [4, 11], "12": [1, 8], "13": [], "14": [], "15": [3, 6, 7, 9, 12, 13, 18, 19], "16": [0, 2, 5, 16], "17": [], "18": []}, "join_predecessors": {"0": [1, 2], "1": [3, 5], "2": [4, 6], "3": [7, 11], "4": [8, 12], "5": [9, 13], "6": [10, 14], "7": [15], "8": [16], "9": [17], "10": [18], "11": [], "12": [], "13": [], "14": [], "15": [], "16": [], "17": [], "18": []}, "leaf_joins": [15, 16], "opt_time": 0.6642210483551025, "status": 2, "intermediate_costs": [[[3, 4, 6, 7, 9, 11, 12, 13, 14, 15, 18, 19], 7357039041.862418], [[0, 1, 2, 5, 8, 10, 16, 17], 44312311.66637813], [[3, 4, 6, 7, 9, 11, 12, 13, 14, 18, 19], 86230053.22822452], [[0, 1, 2, 5, 8, 16, 17], 46068680.095000006], [[3, 6, 7, 9, 12, 13, 14, 18, 19], 86230053.2282245], [[0, 2, 5, 16, 17], 46068680.095000006], [[4, 11], 14000.0], [[1, 8], 16000.000000000002], [[3, 6, 7, 9, 12, 13, 18, 19], 86230264.5769122], [[0, 2, 5, 16], 46300181.00000001]]}