{"costs": 822942, "root_join": 0, "join_operands": {"0": [0, 1, 2, 3, 4, 5, 6, 7, 8, 9, 10, 11, 12, 13, 14, 15, 16, 17, 18, 19], "1": [0, 1, 2, 3, 4, 5, 6, 7, 8, 9, 10, 11, 12, 13, 14, 15, 16, 18, 19], "2": [], "3": [0, 1, 2, 3, 4, 5, 7, 8, 9, 10, 11, 12, 13, 14, 15, 16, 18, 19], "4": [], "5": [], "6": [], "7": [0, 1, 2, 3, 4, 5, 7, 8, 9, 10, 11, 13, 14, 15, 16, 18, 19], "8": [], "9": [], "10": [], "11": [], "12": [], "13": [], "14": [], "15": [0, 1, 2, 3, 4, 5, 7, 8, 9, 10, 11, 13, 14, 15, 18, 19], "16": [], "17": [], "18": [], "19": [0, 2, 4, 14, 15], "20": [2, 4, 14, 15], "21": [2, 14], "22": [2, 4, 14], "23": [0, 2, 4, 13, 14, 15], "24": [0, 1, 2, 4, 13, 14, 15], "25": [0, 1, 2, 4, 11, 13, 14, 15, 19], "26": [11, 19], "27": [0, 1, 2, 4, 11, 13, 14, 15, 18, 19], "28": [0, 1, 2, 4, 5, 11, 13, 14, 15, 18, 19], "29": [0, 1, 2, 4, 5, 7, 11, 13, 14, 15, 18, 19], "30": [0, 1, 2, 3, 4, 5, 7, 11, 13, 14, 15, 18, 19], "31": [0, 1, 2, 3, 4, 5, 7, 8, 11, 13, 14, 15, 18, 19], "32": [0, 1, 2, 3, 4, 5, 7, 8, 9, 11, 13, 14, 15, 18, 19]}, "join_predecessors": {"0": [1], "1": [3], "2": [], "3": [7], "4": [], "5": [], "6": [], "7": [15], "8": [], "9": [], "10": [], "11": [], "12": [], "13": [], "14": [], "15": [32], "16": [], "17": [], "18": [], "19": [20], "21": [], "22": [21], "20": [22], "23": [19], "24": [23], "25": [24, 26], "26": [], "27": [25], "28": [27], "29": [28], "30": [29], "31": [30], "32": [31]}, "intermediate_costs": [[[0, 1, 2, 3, 4, 5, 6, 7, 8, 9, 10, 11, 12, 13, 14, 15, 16, 18, 19], 530707.0444276481], [[0, 1, 2, 3, 4, 5, 7, 8, 9, 10, 11, 12, 13, 14, 15, 16, 18, 19], 184507.33653137568], [[0, 1, 2, 3, 4, 5, 7, 8, 9, 10, 11, 13, 14, 15, 16, 18, 19], 65043.57574127881], [[0, 1, 2, 3, 4, 5, 7, 8, 9, 10, 11, 13, 14, 15, 18, 19], 23127.199365942462], [[0, 2, 4, 14, 15], 455.73086018995883], [[2, 4, 14, 15], 225.69742892858298], [[2, 14], 262.0], [[2, 4, 14], 8.842750957854406], [[0, 2, 4, 13, 14, 15], 1307.9333761036746], [[0, 1, 2, 4, 13, 14, 15], 3762.069685103444], [[0, 1, 2, 4, 11, 13, 14, 15, 19], 34.56130636280796], [[11, 19], 1153.0], [[0, 1, 2, 4, 11, 13, 14, 15, 18, 19], 84.0425167780574], [[0, 1, 2, 4, 5, 11, 13, 14, 15, 18, 19], 117.76852477094712], [[0, 1, 2, 4, 5, 7, 11, 13, 14, 15, 18, 19], 337.87674106058427], [[0, 1, 2, 3, 4, 5, 7, 11, 13, 14, 15, 18, 19], 971.8505095123174], [[0, 1, 2, 3, 4, 5, 7, 8, 11, 13, 14, 15, 18, 19], 2795.378704819629], [[0, 1, 2, 3, 4, 5, 7, 8, 9, 11, 13, 14, 15, 18, 19], 8040.477446763153]], "time_in_s": 10}