{"costs": 580501, "join_operands": {"0": [0, 1, 2, 3, 4, 5, 6, 7, 8], "1": [0, 2, 4, 5, 6, 7, 8], "2": [1, 3], "3": [0, 2, 4, 5, 7, 8], "4": [], "5": [], "6": [], "7": [2, 4, 5, 7, 8], "8": [2, 4, 7, 8], "9": [2, 4, 7], "10": [2, 4], "11": []}, "join_predecessors": {"0": [1, 2], "1": [3, 5], "2": [4, 6], "3": [7], "4": [], "5": [], "6": [], "7": [8], "8": [9], "9": [10], "10": [11], "11": []}, "leaf_joins": [], "opt_time": 0.6391589641571045, "status": 2, "intermediate_costs": [[[0, 2, 4, 5, 6, 7, 8], 6.484487070682366e-13], [[1, 3], 1.0], [[0, 2, 4, 5, 7, 8], 0.062243117240122], [[2, 4, 5, 7, 8], 0.1407526299919566], [[2, 4, 7, 8], 120574.52928042843], [[2, 4, 7], 459925.0], [[2, 4], 1.0]]}