{"costs": 29, "join_operands": {"0": [0, 1, 2, 3, 4, 5, 6, 7, 8, 9, 10, 11], "1": [0, 1, 2, 3, 4, 5, 6, 7, 8, 9, 11], "2": [], "3": [0, 1, 2, 3, 6, 7, 8, 9, 11], "4": [], "5": [4, 5], "6": [], "7": [0, 1, 2, 3, 6, 7, 8, 11], "8": [], "9": [], "10": [], "11": [0, 1, 2, 6, 7, 8, 11], "12": [0, 1, 2, 7, 8, 11], "13": [0, 2, 7, 8, 11], "14": [0, 2, 7, 11], "15": [0, 7, 11], "16": [0, 11], "17": []}, "join_predecessors": {"0": [1, 2], "1": [3, 5], "2": [4, 6], "3": [7], "4": [8], "5": [9], "6": [10], "7": [11], "8": [], "9": [], "10": [], "11": [12], "12": [13], "13": [14], "14": [15], "15": [16], "16": [17], "17": []}, "leaf_joins": [], "opt_time": 1.3778131008148193, "status": 2, "intermediate_costs": [[[0, 1, 2, 3, 4, 5, 6, 7, 8, 9, 11], 1.818788937102403e-62], [[0, 1, 2, 3, 6, 7, 8, 9, 11], 5.5170053997447914e-62], [[4, 5], 1.0], [[0, 1, 2, 3, 6, 7, 8, 11], 9.251040069534191e-37], [[0, 1, 2, 6, 7, 8, 11], 4.327105243774168e-18], [[0, 1, 2, 7, 8, 11], 6.181578919677383e-19], [[0, 2, 7, 8, 11], 6.181578919677383e-19], [[0, 2, 7, 11], 5.957074379731348e-07], [[0, 7, 11], 3.2722728922429603e-06], [[0, 11], 28.0]]}