{"costs": 894669, "root_join": 27, "join_operands": {"0": [0, 7, 11, 13, 14, 15, 17, 19, 23, 26, 27, 28, 29], "1": [7, 11, 13, 14, 15, 17, 19, 23, 26, 27, 28, 29], "2": [7, 11, 13], "3": [11, 13], "4": [7, 11, 13, 19], "5": [7, 11, 13, 14, 19], "6": [7, 11, 13, 14, 19, 29], "7": [7, 11, 13, 14, 19, 23, 29], "8": [7, 11, 13, 14, 15, 19, 23, 29], "9": [7, 11, 13, 14, 15, 19, 23, 27, 29], "10": [7, 11, 13, 14, 15, 19, 23, 26, 27, 29], "11": [7, 11, 13, 14, 15, 17, 19, 23, 26, 27, 29], "12": [0, 6, 7, 11, 13, 14, 15, 17, 19, 23, 26, 27, 28, 29], "13": [0, 6, 7, 11, 13, 14, 15, 17, 19, 23, 24, 26, 27, 28, 29], "14": [0, 6, 7, 11, 13, 14, 15, 16, 17, 19, 23, 24, 26, 27, 28, 29], "15": [0, 6, 7, 9, 11, 13, 14, 15, 16, 17, 19, 23, 24, 26, 27, 28, 29], "16": [0, 2, 6, 7, 9, 11, 13, 14, 15, 16, 17, 19, 23, 24, 26, 27, 28, 29], "17": [0, 2, 6, 7, 9, 11, 13, 14, 15, 16, 17, 19, 22, 23, 24, 26, 27, 28, 29], "18": [0, 1, 2, 6, 7, 9, 11, 13, 14, 15, 16, 17, 19, 22, 23, 24, 26, 27, 28, 29], "19": [0, 1, 2, 6, 7, 9, 11, 13, 14, 15, 16, 17, 19, 20, 22, 23, 24, 26, 27, 28, 29], "20": [0, 1, 2, 6, 7, 9, 11, 12, 13, 14, 15, 16, 17, 19, 20, 22, 23, 24, 26, 27, 28, 29], "21": [0, 1, 2, 6, 7, 9, 10, 11, 12, 13, 14, 15, 16, 17, 19, 20, 22, 23, 24, 26, 27, 28, 29], "22": [0, 1, 2, 3, 6, 7, 9, 10, 11, 12, 13, 14, 15, 16, 17, 19, 20, 22, 23, 24, 26, 27, 28, 29], "23": [0, 1, 2, 3, 6, 7, 9, 10, 11, 12, 13, 14, 15, 16, 17, 18, 19, 20, 22, 23, 24, 26, 27, 28, 29], "24": [0, 1, 2, 3, 6, 7, 8, 9, 10, 11, 12, 13, 14, 15, 16, 17, 18, 19, 20, 22, 23, 24, 26, 27, 28, 29], "25": [0, 1, 2, 3, 6, 7, 8, 9, 10, 11, 12, 13, 14, 15, 16, 17, 18, 19, 20, 22, 23, 24, 25, 26, 27, 28, 29], "26": [0, 1, 2, 3, 4, 6, 7, 8, 9, 10, 11, 12, 13, 14, 15, 16, 17, 18, 19, 20, 22, 23, 24, 25, 26, 27, 28, 29], "27": [0, 1, 2, 3, 4, 5, 6, 7, 8, 9, 10, 11, 12, 13, 14, 15, 16, 17, 18, 19, 20, 21, 22, 23, 24, 25, 26, 27, 28, 29], "28": [5, 21]}, "join_predecessors": {"0": [1], "2": [3], "3": [], "4": [2], "5": [4], "6": [5], "7": [6], "8": [7], "9": [8], "10": [9], "11": [10], "1": [11], "12": [0], "13": [12], "14": [13], "15": [14], "16": [15], "17": [16], "18": [17], "19": [18], "20": [19], "21": [20], "22": [21], "23": [22], "24": [23], "25": [24], "26": [25], "27": [26, 28], "28": []}, "intermediate_costs": [[[0, 7, 11, 13, 14, 15, 17, 19, 23, 26, 27, 28, 29], 3.7345771700288993e-06], [[7, 11, 13, 14, 15, 17, 19, 23, 26, 27, 28, 29], 8.424318938216285e-07], [[7, 11, 13], 127.66967716535433], [[11, 13], 171.0], [[7, 11, 13, 19], 565.9712852083035], [[7, 11, 13, 14, 19], 0.3877217181505804], [[7, 11, 13, 14, 19, 29], 1.7188095735597444], [[7, 11, 13, 14, 19, 23, 29], 0.004030944871800254], [[7, 11, 13, 14, 15, 19, 23, 29], 0.017869586117823178], [[7, 11, 13, 14, 15, 19, 23, 27, 29], 1.0755742731244115e-05], [[7, 11, 13, 14, 15, 19, 23, 26, 27, 29], 4.768129377599542e-05], [[7, 11, 13, 14, 15, 17, 19, 23, 26, 27, 29], 2.3226186807120108e-07], [[0, 6, 7, 11, 13, 14, 15, 17, 19, 23, 26, 27, 28, 29], 1.4256347295909264e-05], [[0, 6, 7, 11, 13, 14, 15, 17, 19, 23, 24, 26, 27, 28, 29], 6.007884877017882e-05], [[0, 6, 7, 11, 13, 14, 15, 16, 17, 19, 23, 24, 26, 27, 28, 29], 0.0002593267778963039], [[0, 6, 7, 9, 11, 13, 14, 15, 16, 17, 19, 23, 24, 26, 27, 28, 29], 0.0011496217544286938], [[0, 2, 6, 7, 9, 11, 13, 14, 15, 16, 17, 19, 23, 24, 26, 27, 28, 29], 0.005011449625357072], [[0, 2, 6, 7, 9, 11, 13, 14, 15, 16, 17, 19, 22, 23, 24, 26, 27, 28, 29], 0.022216173810010016], [[0, 1, 2, 6, 7, 9, 11, 13, 14, 15, 16, 17, 19, 22, 23, 24, 26, 27, 28, 29], 0.09848653886914573], [[0, 1, 2, 6, 7, 9, 11, 13, 14, 15, 16, 17, 19, 20, 22, 23, 24, 26, 27, 28, 29], 0.4366007166685667], [[0, 1, 2, 6, 7, 9, 11, 12, 13, 14, 15, 16, 17, 19, 20, 22, 23, 24, 26, 27, 28, 29], 1.935495074341613], [[0, 1, 2, 6, 7, 9, 10, 11, 12, 13, 14, 15, 16, 17, 19, 20, 22, 23, 24, 26, 27, 28, 29], 8.580245202586141], [[0, 1, 2, 3, 6, 7, 9, 10, 11, 12, 13, 14, 15, 16, 17, 19, 20, 22, 23, 24, 26, 27, 28, 29], 38.037094408953095], [[0, 1, 2, 3, 6, 7, 9, 10, 11, 12, 13, 14, 15, 16, 17, 18, 19, 20, 22, 23, 24, 26, 27, 28, 29], 168.62228547126549], [[0, 1, 2, 3, 6, 7, 8, 9, 10, 11, 12, 13, 14, 15, 16, 17, 18, 19, 20, 22, 23, 24, 26, 27, 28, 29], 25387.981557971416], [[0, 1, 2, 3, 6, 7, 8, 9, 10, 11, 12, 13, 14, 15, 16, 17, 18, 19, 20, 22, 23, 24, 25, 26, 27, 28, 29], 114104.9403455571], [[0, 1, 2, 3, 4, 6, 7, 8, 9, 10, 11, 12, 13, 14, 15, 16, 17, 18, 19, 20, 22, 23, 24, 25, 26, 27, 28, 29], 505838.69949933136], [[5, 21], 248253.0]]}