{"costs": 25047, "root_join": 0, "join_operands": {"0": [0, 1, 2, 3, 4, 5, 6, 7, 8, 9, 10, 11, 12, 13, 14, 15, 16, 17, 18, 19], "1": [0, 1, 2, 3, 4, 5, 6, 8, 9, 10, 11, 12, 13, 14, 15, 16, 17, 18, 19], "2": [], "3": [0, 1, 2, 3, 4, 5, 6, 8, 9, 11, 12, 13, 14, 15, 16, 17, 18, 19], "4": [], "5": [], "6": [], "7": [0, 1, 2, 3, 4, 5, 6, 8, 9, 11, 13, 14, 15, 16, 17, 18, 19], "8": [], "9": [], "10": [], "11": [], "12": [], "13": [], "14": [], "15": [0, 1, 2, 3, 4, 5, 6, 9, 11, 13, 14, 15, 16, 17, 18, 19], "16": [], "17": [], "18": [], "19": [0, 1, 2, 3, 4, 6, 11, 13, 14, 15, 18, 19], "20": [1, 2, 3, 4, 6, 11, 13, 14, 15, 18, 19], "21": [1, 6], "22": [1, 6, 13], "23": [1, 4, 6, 11, 13, 14, 18], "24": [4, 11, 14, 18], "25": [4, 18], "26": [4, 11, 18], "27": [1, 2, 4, 6, 11, 13, 14, 18], "28": [1, 2, 3, 4, 6, 11, 13, 14, 18], "29": [1, 2, 3, 4, 6, 11, 13, 14, 15, 18], "30": [0, 1, 2, 3, 4, 6, 11, 13, 14, 15, 16, 18, 19], "31": [0, 1, 2, 3, 4, 6, 9, 11, 13, 14, 15, 16, 18, 19], "32": [0, 1, 2, 3, 4, 5, 6, 9, 11, 13, 14, 15, 16, 18, 19]}, "join_predecessors": {"0": [1], "1": [3], "2": [], "3": [7], "4": [], "5": [], "6": [], "7": [15], "8": [], "9": [], "10": [], "11": [], "12": [], "13": [], "14": [], "15": [32], "16": [], "17": [], "18": [], "19": [20], "21": [], "22": [21], "23": [22, 24], "25": [], "26": [25], "24": [26], "27": [23], "28": [27], "29": [28], "20": [29], "30": [19], "31": [30], "32": [31]}, "intermediate_costs": [[[0, 1, 2, 3, 4, 5, 6, 8, 9, 10, 11, 12, 13, 14, 15, 16, 17, 18, 19], 12775.166025918246], [[0, 1, 2, 3, 4, 5, 6, 8, 9, 11, 12, 13, 14, 15, 16, 17, 18, 19], 10381.704834939661], [[0, 1, 2, 3, 4, 5, 6, 8, 9, 11, 13, 14, 15, 16, 17, 18, 19], 806.9021258831342], [[0, 1, 2, 3, 4, 5, 6, 9, 11, 13, 14, 15, 16, 17, 18, 19], 186.8352657506356], [[0, 1, 2, 3, 4, 6, 11, 13, 14, 15, 18, 19], 0.14116783595966106], [[1, 2, 3, 4, 6, 11, 13, 14, 15, 18, 19], 0.1147196665011318], [[1, 6], 28.0], [[1, 6, 13], 25.40642568701186], [[1, 4, 6, 11, 13, 14, 18], 0.054121851450004164], [[4, 11, 14, 18], 171.3824600852983], [[4, 18], 249.0], [[4, 11, 18], 139.27447159090912], [[1, 2, 4, 6, 11, 13, 14, 18], 0.06215944751858395], [[1, 2, 3, 4, 6, 11, 13, 14, 18], 0.0764895311508995], [[1, 2, 3, 4, 6, 11, 13, 14, 15, 18], 0.09322728198135513], [[0, 1, 2, 3, 4, 6, 11, 13, 14, 15, 16, 18, 19], 0.17371353418649282], [[0, 1, 2, 3, 4, 6, 9, 11, 13, 14, 15, 16, 18, 19], 130.86308837996182], [[0, 1, 2, 3, 4, 5, 6, 9, 11, 13, 14, 15, 16, 18, 19], 151.83117665456447]]}