{"costs": 92477, "join_operands": {"0": [0, 1, 2, 3, 4, 5, 6], "1": [2, 3, 4, 5], "2": [0, 1, 6], "3": [2, 3], "4": [0, 1], "5": [4, 5], "6": [], "7": [], "8": []}, "join_predecessors": {"0": [1, 2], "1": [3, 5], "2": [4], "3": [6], "4": [], "5": [], "6": [7], "7": [8], "8": []}, "leaf_joins": [], "opt_time": 0.06728196144104004, "status": 2, "intermediate_costs": [[[2, 3, 4, 5], 17633.3412], [[0, 1, 6], 72979.86200000001], [[2, 3], 1466.0], [[0, 1], 386.0], [[4, 5], 12.0282]]}