{"costs": 7062695, "root_join": 18, "join_operands": {"0": [9, 15], "1": [4, 9, 15], "2": [1, 4, 9, 15], "3": [1, 4, 9, 13, 15], "4": [1, 2, 4, 9, 13, 15], "5": [1, 2, 4, 9, 10, 13, 15], "6": [1, 2, 4, 9, 10, 12, 13, 15], "7": [0, 1, 2, 4, 9, 10, 12, 13, 15], "8": [0, 1, 2, 4, 7, 9, 10, 12, 13, 15], "9": [0, 1, 2, 4, 7, 9, 10, 12, 13, 14, 15], "10": [0, 1, 2, 4, 7, 9, 10, 12, 13, 14, 15, 17], "11": [0, 1, 2, 4, 5, 7, 9, 10, 12, 13, 14, 15, 17], "12": [0, 1, 2, 4, 5, 6, 7, 9, 10, 12, 13, 14, 15, 17], "13": [0, 1, 2, 4, 5, 6, 7, 9, 10, 12, 13, 14, 15, 17, 19], "14": [0, 1, 2, 4, 5, 6, 7, 9, 10, 11, 12, 13, 14, 15, 17, 19], "15": [0, 1, 2, 4, 5, 6, 7, 9, 10, 11, 12, 13, 14, 15, 16, 17, 19], "16": [0, 1, 2, 4, 5, 6, 7, 9, 10, 11, 12, 13, 14, 15, 16, 17, 18, 19], "17": [0, 1, 2, 3, 4, 5, 6, 7, 9, 10, 11, 12, 13, 14, 15, 16, 17, 18, 19], "18": [0, 1, 2, 3, 4, 5, 6, 7, 8, 9, 10, 11, 12, 13, 14, 15, 16, 17, 18, 19]}, "join_predecessors": {"0": [], "1": [0], "2": [1], "3": [2], "4": [3], "5": [4], "6": [5], "7": [6], "8": [7], "9": [8], "10": [9], "11": [10], "12": [11], "13": [12], "14": [13], "15": [14], "16": [15], "17": [16], "18": [17]}, "intermediate_costs": [[[9, 15], 7668.0], [[4, 9, 15], 26627.648036123654], [[1, 4, 9, 15], 72839.69510286138], [[1, 4, 9, 13, 15], 202747.999465296], [[1, 2, 4, 9, 13, 15], 180.87477130721425], [[1, 2, 4, 9, 10, 13, 15], 503.4617184009726], [[1, 2, 4, 9, 10, 12, 13, 15], 1401.3760851210461], [[0, 1, 2, 4, 9, 10, 12, 13, 15], 1111115.9573099506], [[0, 1, 2, 4, 7, 9, 10, 12, 13, 15], 47230.13207900513], [[0, 1, 2, 4, 7, 9, 10, 12, 13, 14, 15], 5106.825890427601], [[0, 1, 2, 4, 7, 9, 10, 12, 13, 14, 15, 17], 3226.985670416751], [[0, 1, 2, 4, 5, 7, 9, 10, 12, 13, 14, 15, 17], 7699.077697304871], [[0, 1, 2, 4, 5, 6, 7, 9, 10, 12, 13, 14, 15, 17], 21430.24620276471], [[0, 1, 2, 4, 5, 6, 7, 9, 10, 12, 13, 14, 15, 17, 19], 59650.37596385548], [[0, 1, 2, 4, 5, 6, 7, 9, 10, 11, 12, 13, 14, 15, 17, 19], 166035.1074041284], [[0, 1, 2, 4, 5, 6, 7, 9, 10, 11, 12, 13, 14, 15, 16, 17, 19], 462155.55285047146], [[0, 1, 2, 4, 5, 6, 7, 9, 10, 11, 12, 13, 14, 15, 16, 17, 18, 19], 1286401.1615968284], [[0, 1, 2, 3, 4, 5, 6, 7, 9, 10, 11, 12, 13, 14, 15, 16, 17, 18, 19], 3580674.790937551]]}