{"costs": 2431409.8504405734, "intermediate_costs": [[[16, 25, 27], 255380.49991846015], [[25, 27], 124023.0], [[0, 2, 4, 5, 6, 7, 8, 9, 11, 14, 17, 21, 23, 29, 31, 33, 34, 35, 37, 39, 40, 41, 42, 47, 48, 49], 0.009387173578498033], [[2, 33], 389.00000000000006], [[2, 5, 33], 0.2403913969335605], [[0, 2, 5, 33], 52.758908770890244], [[0, 2, 5, 33, 48], 0.014194122190176715], [[0, 2, 5, 7, 33, 48], 1.188957279892644e-05], [[0, 2, 5, 7, 21, 33, 48], 2.448202916626e-05], [[0, 2, 5, 7, 21, 33, 39, 48], 0.005668049162955406], [[0, 2, 5, 7, 21, 33, 39, 48, 49], 0.005855069214087677], [[0, 2, 5, 7, 21, 33, 37, 39, 48, 49], 0.012056397163759235], [[0, 2, 5, 6, 7, 21, 33, 37, 39, 48, 49], 0.02482578820716986], [[0, 2, 5, 6, 7, 17, 21, 33, 37, 39, 48, 49], 0.1257427641674704], [[0, 2, 5, 6, 7, 17, 21, 33, 34, 37, 39, 48, 49], 1.1219938709211865], [[0, 2, 5, 6, 7, 17, 21, 33, 34, 37, 39, 41, 48, 49], 13.75156742446595], [[0, 2, 5, 6, 7, 17, 21, 33, 34, 37, 39, 41, 42, 48, 49], 0.004125950547543224], [[0, 2, 5, 6, 7, 17, 21, 29, 33, 34, 37, 39, 41, 42, 48, 49], 0.023684757702984515], [[0, 2, 5, 6, 7, 17, 21, 29, 33, 34, 37, 39, 40, 41, 42, 48, 49], 0.04877018476265823], [[0, 2, 5, 6, 7, 17, 21, 29, 33, 34, 37, 39, 40, 41, 42, 47, 48, 49], 1.5240682738330697e-05], [[0, 2, 5, 6, 7, 17, 21, 29, 31, 33, 34, 37, 39, 40, 41, 42, 47, 48, 49], 3.0373580482526168e-05], [[0, 2, 5, 6, 7, 11, 17, 21, 29, 31, 33, 34, 37, 39, 40, 41, 42, 47, 48, 49], 0.003362663099454555], [[0, 2, 5, 6, 7, 11, 17, 21, 23, 29, 31, 33, 34, 37, 39, 40, 41, 42, 47, 48, 49], 2.2336038661989057e-05], [[0, 2, 5, 6, 7, 8, 11, 17, 21, 23, 29, 31, 33, 34, 37, 39, 40, 41, 42, 47, 48, 49], 2.299649306257875e-05], [[0, 2, 5, 6, 7, 8, 9, 11, 17, 21, 23, 29, 31, 33, 34, 37, 39, 40, 41, 42, 47, 48, 49], 3.419933137223715e-05], [[0, 2, 5, 6, 7, 8, 9, 11, 17, 21, 23, 29, 31, 33, 34, 35, 37, 39, 40, 41, 42, 47, 48, 49], 7.042115119050494e-05], [[0, 2, 5, 6, 7, 8, 9, 11, 14, 17, 21, 23, 29, 31, 33, 34, 35, 37, 39, 40, 41, 42, 47, 48, 49], 0.00010000474081109381], [[0, 2, 4, 5, 6, 7, 8, 9, 11, 14, 17, 21, 23, 29, 31, 33, 34, 35, 36, 37, 39, 40, 41, 42, 47, 48, 49], 0.016786134379420715], [[0, 2, 4, 5, 6, 7, 8, 9, 11, 14, 17, 21, 23, 29, 31, 33, 34, 35, 36, 37, 39, 40, 41, 42, 45, 47, 48, 49], 0.031108467295784082], [[0, 2, 4, 5, 6, 7, 8, 9, 11, 14, 15, 17, 21, 23, 29, 31, 33, 34, 35, 36, 37, 39, 40, 41, 42, 45, 47, 48, 49], 0.060103957785082825], [[0, 2, 4, 5, 6, 7, 8, 9, 11, 14, 15, 17, 21, 23, 29, 30, 31, 33, 34, 35, 36, 37, 39, 40, 41, 42, 45, 47, 48, 49], 0.11138605081170687], [[0, 2, 4, 5, 6, 7, 8, 9, 11, 14, 15, 17, 21, 23, 29, 30, 31, 33, 34, 35, 36, 37, 38, 39, 40, 41, 42, 45, 47, 48, 49], 0.2205377666956749], [[0, 2, 4, 5, 6, 7, 8, 9, 11, 14, 15, 17, 20, 21, 23, 29, 30, 31, 33, 34, 35, 36, 37, 38, 39, 40, 41, 42, 45, 47, 48, 49], 0.4407613529738636], [[0, 1, 2, 4, 5, 6, 7, 8, 9, 11, 14, 15, 17, 20, 21, 23, 29, 30, 31, 33, 34, 35, 36, 37, 38, 39, 40, 41, 42, 45, 47, 48, 49], 0.8916659493118635], [[0, 1, 2, 4, 5, 6, 7, 8, 9, 11, 14, 15, 17, 18, 20, 21, 23, 29, 30, 31, 33, 34, 35, 36, 37, 38, 39, 40, 41, 42, 45, 47, 48, 49], 1.8360450915095163], [[0, 1, 2, 4, 5, 6, 7, 8, 9, 11, 14, 15, 17, 18, 20, 21, 23, 28, 29, 30, 31, 33, 34, 35, 36, 37, 38, 39, 40, 41, 42, 45, 47, 48, 49], 3.7806707044480956], [[0, 1, 2, 4, 5, 6, 7, 8, 9, 11, 14, 15, 17, 18, 20, 21, 22, 23, 28, 29, 30, 31, 33, 34, 35, 36, 37, 38, 39, 40, 41, 42, 45, 47, 48, 49], 7.784845765247387], [[0, 1, 2, 4, 5, 6, 7, 8, 9, 11, 14, 15, 17, 18, 20, 21, 22, 23, 24, 28, 29, 30, 31, 33, 34, 35, 36, 37, 38, 39, 40, 41, 42, 45, 47, 48, 49], 16.029970536365028], [[0, 1, 2, 4, 5, 6, 7, 8, 9, 11, 14, 15, 17, 18, 20, 21, 22, 23, 24, 28, 29, 30, 31, 32, 33, 34, 35, 36, 37, 38, 39, 40, 41, 42, 45, 47, 48, 49], 33.00781854102511], [[0, 1, 2, 4, 5, 6, 7, 8, 9, 11, 14, 15, 17, 18, 19, 20, 21, 22, 23, 24, 28, 29, 30, 31, 32, 33, 34, 35, 36, 37, 38, 39, 40, 41, 42, 45, 47, 48, 49], 67.96765367184823], [[0, 1, 2, 4, 5, 6, 7, 8, 9, 11, 14, 15, 17, 18, 19, 20, 21, 22, 23, 24, 26, 28, 29, 30, 31, 32, 33, 34, 35, 36, 37, 38, 39, 40, 41, 42, 45, 47, 48, 49], 139.95470400577864], [[0, 1, 2, 4, 5, 6, 7, 8, 9, 11, 14, 15, 17, 18, 19, 20, 21, 22, 23, 24, 26, 28, 29, 30, 31, 32, 33, 34, 35, 36, 37, 38, 39, 40, 41, 42, 45, 46, 47, 48, 49], 288.18596596524253], [[0, 1, 2, 3, 4, 5, 6, 7, 8, 9, 11, 14, 15, 17, 18, 19, 20, 21, 22, 23, 24, 26, 28, 29, 30, 31, 32, 33, 34, 35, 36, 37, 38, 39, 40, 41, 42, 45, 46, 47, 48, 49], 593.4147549167702], [[0, 1, 2, 3, 4, 5, 6, 7, 8, 9, 11, 13, 14, 15, 17, 18, 19, 20, 21, 22, 23, 24, 26, 28, 29, 30, 31, 32, 33, 34, 35, 36, 37, 38, 39, 40, 41, 42, 45, 46, 47, 48, 49], 1221.9224892038944], [[0, 1, 2, 3, 4, 5, 6, 7, 8, 9, 11, 12, 13, 14, 15, 17, 18, 19, 20, 21, 22, 23, 24, 26, 28, 29, 30, 31, 32, 33, 34, 35, 36, 37, 38, 39, 40, 41, 42, 45, 46, 47, 48, 49], 2516.1072764139526], [[0, 1, 2, 3, 4, 5, 6, 7, 8, 9, 10, 11, 12, 13, 14, 15, 17, 18, 19, 20, 21, 22, 23, 24, 26, 28, 29, 30, 31, 32, 33, 34, 35, 36, 37, 38, 39, 40, 41, 42, 45, 46, 47, 48, 49], 281284.38774087536], [[0, 1, 2, 3, 4, 5, 6, 7, 8, 9, 10, 11, 12, 13, 14, 15, 17, 18, 19, 20, 21, 22, 23, 24, 26, 28, 29, 30, 31, 32, 33, 34, 35, 36, 37, 38, 39, 40, 41, 42, 43, 45, 46, 47, 48, 49], 577081.8215431101], [[0, 1, 2, 3, 4, 5, 6, 7, 8, 9, 10, 11, 12, 13, 14, 15, 17, 18, 19, 20, 21, 22, 23, 24, 26, 28, 29, 30, 31, 32, 33, 34, 35, 36, 37, 38, 39, 40, 41, 42, 43, 44, 45, 46, 47, 48, 49], 1188291.225827306]]}