{"costs": 128248012, "root_join": 38, "join_operands": {"0": [0, 5, 10, 17, 29], "1": [5, 10, 17, 29], "2": [5, 17, 29], "3": [5, 29], "4": [0, 5, 9, 10, 17, 29], "5": [0, 5, 9, 10, 17, 29, 38], "6": [0, 1, 2, 3, 4, 5, 6, 7, 8, 9, 10, 11, 12, 13, 14, 15, 16, 17, 18, 19, 21, 22, 23, 24, 25, 26, 27, 28, 29, 30, 31, 32, 33, 34, 35, 36, 37, 38, 39], "7": [1, 2, 3, 4, 6, 7, 8, 11, 12, 13, 14, 15, 16, 18, 19, 21, 22, 23, 24, 25, 26, 27, 28, 30, 31, 32, 33, 34, 35, 36, 37, 39], "8": [18, 39], "9": [18, 23, 39], "10": [18, 23, 30, 39], "11": [7, 18, 23, 30, 39], "12": [7, 18, 23, 30, 33, 39], "13": [4, 7, 18, 23, 30, 33, 39], "14": [4, 7, 16, 18, 23, 27, 30, 33, 36, 39], "15": [16, 27, 36], "16": [16, 36], "17": [4, 7, 8, 16, 18, 23, 27, 30, 33, 36, 39], "18": [4, 7, 8, 15, 16, 18, 23, 27, 30, 33, 36, 39], "19": [4, 7, 8, 15, 16, 18, 23, 27, 30, 33, 34, 36, 39], "20": [4, 7, 8, 15, 16, 18, 23, 27, 30, 31, 33, 34, 36, 39], "21": [2, 3, 4, 7, 8, 11, 14, 15, 16, 18, 23, 27, 28, 30, 31, 33, 34, 36, 39], "22": [2, 3, 11, 14, 28], "23": [14, 28], "24": [11, 14, 28], "25": [3, 11, 14, 28], "26": [1, 6, 12, 13, 19, 21, 22, 24, 25, 26, 32, 35, 37], "27": [6, 12, 13, 21, 22, 24, 26], "28": [6, 13, 21, 22, 24, 26], "29": [21, 22], "30": [6, 21, 22], "31": [6, 13, 21, 22], "32": [6, 13, 21, 22, 26], "33": [6, 12, 13, 21, 22, 24, 25, 26], "34": [6, 12, 13, 21, 22, 24, 25, 26, 37], "35": [6, 12, 13, 19, 21, 22, 24, 25, 26, 37], "36": [6, 12, 13, 19, 21, 22, 24, 25, 26, 35, 37], "37": [1, 6, 12, 13, 19, 21, 22, 24, 25, 26, 35, 37], "38": [0, 1, 2, 3, 4, 5, 6, 7, 8, 9, 10, 11, 12, 13, 14, 15, 16, 17, 18, 19, 20, 21, 22, 23, 24, 25, 26, 27, 28, 29, 30, 31, 32, 33, 34, 35, 36, 37, 38, 39]}, "join_predecessors": {"0": [1], "2": [3], "3": [], "1": [2], "4": [0], "5": [4], "6": [5, 7], "8": [], "9": [8], "10": [9], "11": [10], "12": [11], "13": [12], "14": [13, 15], "16": [], "15": [16], "17": [14], "18": [17], "19": [18], "20": [19], "21": [20, 22], "23": [], "24": [23], "25": [24], "22": [25], "7": [21, 26], "27": [28], "29": [], "30": [29], "31": [30], "32": [31], "28": [32], "33": [27], "34": [33], "35": [34], "36": [35], "37": [36], "26": [37], "38": [6]}, "intermediate_costs": [[[0, 5, 10, 17, 29], 9066976.317093628], [[5, 10, 17, 29], 4839.159520652621], [[5, 17, 29], 1724.4350520833334], [[5, 29], 1045.0], [[0, 5, 9, 10, 17, 29], 26412468.268736847], [[0, 5, 9, 10, 17, 29, 38], 76940586.98839183], [[0, 1, 2, 3, 4, 5, 6, 7, 8, 9, 10, 11, 12, 13, 14, 15, 16, 17, 18, 19, 21, 22, 23, 24, 25, 26, 27, 28, 29, 30, 31, 32, 33, 34, 35, 36, 37, 38, 39], 3763711.826005464], [[1, 2, 3, 4, 6, 7, 8, 11, 12, 13, 14, 15, 16, 18, 19, 21, 22, 23, 24, 25, 26, 27, 28, 30, 31, 32, 33, 34, 35, 36, 37, 39], 1798.9370974317521], [[18, 39], 453.0], [[18, 23, 39], 0.4076569528032943], [[18, 23, 30, 39], 1.1875211027662358], [[7, 18, 23, 30, 39], 26.162748431816475], [[7, 18, 23, 30, 33, 39], 76.21314238172549], [[4, 7, 18, 23, 30, 33, 39], 222.01195326117093], [[4, 7, 16, 18, 23, 27, 30, 33, 36, 39], 5469.126261816571], [[16, 27, 36], 7991209.446699893], [[16, 36], 2743254.0], [[4, 7, 8, 16, 18, 23, 27, 30, 33, 36, 39], 15931.78086491905], [[4, 7, 8, 15, 16, 18, 23, 27, 30, 33, 36, 39], 46409.920831403375], [[4, 7, 8, 15, 16, 18, 23, 27, 30, 33, 34, 36, 39], 177188.83324496425], [[4, 7, 8, 15, 16, 18, 23, 27, 30, 31, 33, 34, 36, 39], 516158.15879591065], [[2, 3, 4, 7, 8, 11, 14, 15, 16, 18, 23, 27, 28, 30, 31, 33, 34, 36, 39], 19370.077071196793], [[2, 3, 11, 14, 28], 5011.314642615957], [[14, 28], 291.0], [[11, 14, 28], 590.552706940874], [[3, 11, 14, 28], 1720.3038765082442], [[1, 6, 12, 13, 19, 21, 22, 24, 25, 26, 32, 35, 37], 304372.24545958766], [[6, 12, 13, 21, 22, 24, 26], 34.152209013513485], [[6, 13, 21, 22, 24, 26], 49219.951729666005], [[21, 22], 440.00000000000006], [[6, 21, 22], 1281.73774386921], [[6, 13, 21, 22], 5800.271116653952], [[6, 13, 21, 22, 26], 16896.419377676444], [[6, 12, 13, 21, 22, 24, 25, 26], 99.48675094472532], [[6, 12, 13, 21, 22, 24, 25, 26, 37], 289.8089164655141], [[6, 12, 13, 19, 21, 22, 24, 25, 26, 37], 12409.242697536647], [[6, 12, 13, 19, 21, 22, 24, 25, 26, 35, 37], 36148.62539074375], [[1, 6, 12, 13, 19, 21, 22, 24, 25, 26, 35, 37], 104486.10517346986]]}