{"costs": 141171, "join_operands": {"0": [0, 1, 2, 3, 4], "1": [2, 3, 4], "2": [0, 1], "3": [3, 4], "4": []}, "join_predecessors": {"0": [1, 2], "1": [3], "2": [], "3": [4], "4": []}, "leaf_joins": [], "opt_time": 0.04619598388671875, "status": 2, "intermediate_costs": [[[2, 3, 4], 69404.22], [[0, 1], 71763.0], [[3, 4], 3.85579]]}