{"costs": 130567401.00460465, "join_operands": {"0": [0, 1, 2, 3, 4, 5, 6, 7, 8, 9, 10, 11, 12, 13, 14, 15, 16, 17, 18, 19, 20, 21, 22, 23, 24, 25, 26, 27, 28, 29, 30, 31, 32, 33, 34, 35, 36, 37, 38, 39, 40, 41, 42, 43, 44, 45, 46, 47, 48, 49], "1": [1, 2, 5, 6, 7, 9, 11, 12, 13, 14, 15, 16, 17, 19, 20, 22, 23, 25, 26, 27, 28, 29, 30, 31, 32, 33, 34, 35, 36, 37, 38, 39, 40, 42, 43, 44, 45, 46, 47, 49], "2": [0, 3, 4, 8, 10, 18, 21, 24, 41, 48], "3": [2, 5, 6, 7, 9, 11, 12, 13, 14, 15, 16, 17, 19, 20, 22, 23, 25, 26, 27, 28, 29, 30, 31, 32, 33, 35, 36, 37, 38, 39, 40, 43, 44, 45, 47, 49], "4": [0, 3, 4, 8, 10, 18, 24, 41, 48], "5": [1, 34, 42, 46], "6": [], "7": [2, 5, 6, 7, 9, 11, 12, 13, 14, 15, 16, 17, 19, 20, 22, 23, 25, 26, 27, 28, 29, 30, 31, 33, 35, 36, 37, 38, 39, 40, 43, 44, 45, 47, 49], "8": [0, 3, 4, 8, 10, 18, 41, 48], "9": [1, 34, 46], "10": [], "11": [], "12": [], "13": [], "14": [], "15": [2, 5, 6, 7, 9, 11, 12, 13, 14, 15, 16, 19, 20, 22, 23, 25, 26, 27, 28, 29, 30, 31, 33, 35, 36, 37, 38, 39, 40, 43, 44, 45, 47, 49], "16": [0, 3, 4, 8, 10, 41], "17": [34, 46], "18": [], "19": [], "20": [], "21": [], "22": [], "23": [], "24": [18, 48], "25": [], "26": [], "27": [], "28": [], "29": [], "30": [], "31": [2, 5, 6, 7, 9, 11, 12, 13, 14, 15, 16, 19, 20, 22, 23, 25, 26, 27, 28, 29, 30, 31, 33, 36, 37, 38, 39, 40, 43, 44, 45, 47, 49], "32": [0, 3, 4, 8, 41], "33": [], "34": [], "35": [], "36": [], "37": [], "38": [], "39": [], "40": [], "41": [], "42": [], "43": [], "44": [], "45": [], "46": [], "47": [], "48": []}, "join_predecessors": {"0": [1, 2], "1": [3, 5], "2": [4, 6], "3": [7, 11], "4": [8, 12], "5": [9, 13], "6": [10, 14], "7": [15, 23], "8": [16, 24], "9": [17, 25], "10": [18, 26], "11": [19, 27], "12": [20, 28], "13": [21, 29], "14": [22, 30], "15": [31, 47], "16": [32, 48], "17": [33], "18": [34], "19": [35], "20": [36], "21": [37], "22": [38], "23": [39], "24": [40], "25": [41], "26": [42], "27": [43], "28": [44], "29": [45], "30": [46], "31": [], "32": [], "33": [], "34": [], "35": [], "36": [], "37": [], "38": [], "39": [], "40": [], "41": [], "42": [], "43": [], "44": [], "45": [], "46": [], "47": [], "48": []}, "leaf_joins": [31, 32], "opt_time": 30.01578712463379, "status": 9, "intermediate_costs": [[[1, 2, 5, 6, 7, 9, 11, 12, 13, 14, 15, 16, 17, 19, 20, 22, 23, 25, 26, 27, 28, 29, 30, 31, 32, 33, 34, 35, 36, 37, 38, 39, 40, 42, 43, 44, 45, 46, 47, 49], 103262149.53836788], [[0, 3, 4, 8, 10, 18, 21, 24, 41, 48], 4528392.049178062], [[2, 5, 6, 7, 9, 11, 12, 13, 14, 15, 16, 17, 19, 20, 22, 23, 25, 26, 27, 28, 29, 30, 31, 32, 33, 35, 36, 37, 38, 39, 40, 43, 44, 45, 47, 49], 1222533.9376519632], [[0, 3, 4, 8, 10, 18, 24, 41, 48], 4601137.405135579], [[1, 34, 42, 46], 2956298.489990694], [[2, 5, 6, 7, 9, 11, 12, 13, 14, 15, 16, 17, 19, 20, 22, 23, 25, 26, 27, 28, 29, 30, 31, 33, 35, 36, 37, 38, 39, 40, 43, 44, 45, 47, 49], 1222533.9376519632], [[0, 3, 4, 8, 10, 18, 41, 48], 504373.62170116825], [[1, 34, 46], 3613253.714285714], [[2, 5, 6, 7, 9, 11, 12, 13, 14, 15, 16, 19, 20, 22, 23, 25, 26, 27, 28, 29, 30, 31, 33, 35, 36, 37, 38, 39, 40, 43, 44, 45, 47, 49], 1258490.8181711386], [[0, 3, 4, 8, 10, 41], 852299.0000000001], [[34, 46], 3668000.0], [[18, 48], 557400.0], [[2, 5, 6, 7, 9, 11, 12, 13, 14, 15, 16, 19, 20, 22, 23, 25, 26, 27, 28, 29, 30, 31, 33, 36, 37, 38, 39, 40, 43, 44, 45, 47, 49], 1468239.492470494], [[0, 3, 4, 8, 41], 852299.0000000001]]}