{"costs": 273746.22660038865, "intermediate_costs": [[[0, 1, 3, 4, 5, 6, 7, 8, 9, 12, 13, 14, 15, 16, 17, 18, 19, 20, 21, 22, 23, 25, 26, 28, 29, 30, 31, 32, 33, 34, 35, 36, 37, 38, 39, 40, 42, 43, 44, 47, 48, 49], 217.5534596569398], [[25, 33], 2009.9999999999998], [[8, 25, 33], 30.311822033898306], [[8, 25, 32, 33], 37.301165231068744], [[8, 14, 25, 32, 33], 274.82200933559113], [[8, 9, 14, 25, 32, 33], 126.4622354482953], [[8, 9, 12, 14, 25, 32, 33], 174.1060064716707], [[8, 9, 12, 14, 25, 32, 33, 47], 339.57391962163706], [[8, 9, 12, 14, 25, 32, 33, 35, 40, 47], 1.4449380502256106], [[35, 40], 181.0], [[8, 9, 12, 14, 25, 32, 33, 34, 35, 40, 47], 2.254547499146079], [[3, 8, 9, 12, 14, 25, 32, 33, 34, 35, 40, 47], 4.250630269899488], [[3, 8, 9, 12, 14, 15, 25, 32, 33, 34, 35, 40, 47], 0.02167821437648739], [[3, 8, 9, 12, 14, 15, 25, 32, 33, 34, 35, 40, 47, 48], 0.30227043038238066], [[3, 8, 9, 12, 14, 15, 25, 32, 33, 34, 35, 37, 40, 47, 48], 0.5895440382890171], [[3, 8, 9, 12, 14, 15, 17, 25, 32, 33, 34, 35, 37, 40, 47, 48], 45.62262446448897], [[3, 8, 9, 12, 14, 15, 17, 25, 32, 33, 34, 35, 37, 40, 44, 47, 48], 83.0063699217502], [[3, 8, 9, 12, 13, 14, 15, 17, 25, 32, 33, 34, 35, 37, 40, 44, 47, 48], 0.0031684176398437307], [[3, 8, 9, 12, 13, 14, 15, 17, 22, 25, 32, 33, 34, 35, 37, 40, 44, 47, 48], 0.07638421246135267], [[3, 8, 9, 12, 13, 14, 15, 17, 22, 25, 28, 32, 33, 34, 35, 37, 40, 44, 47, 48], 0.00039201850874411167], [[1, 3, 8, 9, 12, 13, 14, 15, 17, 22, 25, 28, 32, 33, 34, 35, 37, 40, 44, 47, 48], 0.0005461338510005893], [[1, 3, 8, 9, 12, 13, 14, 15, 17, 22, 25, 28, 32, 33, 34, 35, 36, 37, 40, 44, 47, 48], 0.0010534658686433078], [[1, 3, 8, 9, 12, 13, 14, 15, 17, 22, 25, 28, 30, 32, 33, 34, 35, 36, 37, 40, 44, 47, 48], 0.0019953959842087363], [[1, 3, 4, 8, 9, 12, 13, 14, 15, 17, 22, 25, 28, 30, 32, 33, 34, 35, 36, 37, 40, 44, 47, 48], 0.0023350737775205774], [[1, 3, 4, 8, 9, 12, 13, 14, 15, 17, 22, 25, 28, 30, 32, 33, 34, 35, 36, 37, 40, 44, 47, 48, 49], 0.003643433577171338], [[1, 3, 4, 8, 9, 12, 13, 14, 15, 17, 18, 22, 25, 28, 30, 32, 33, 34, 35, 36, 37, 40, 44, 47, 48, 49], 0.006426385123698056], [[1, 3, 4, 7, 8, 9, 12, 13, 14, 15, 17, 18, 22, 25, 28, 30, 32, 33, 34, 35, 36, 37, 40, 44, 47, 48, 49], 0.012533931755094386], [[0, 1, 3, 4, 7, 8, 9, 12, 13, 14, 15, 17, 18, 22, 25, 28, 30, 32, 33, 34, 35, 36, 37, 40, 44, 47, 48, 49], 0.02153576410027076], [[0, 1, 3, 4, 7, 8, 9, 12, 13, 14, 15, 17, 18, 22, 25, 28, 29, 30, 32, 33, 34, 35, 36, 37, 40, 44, 47, 48, 49], 0.039567999419808], [[0, 1, 3, 4, 7, 8, 9, 12, 13, 14, 15, 17, 18, 20, 22, 25, 28, 29, 30, 32, 33, 34, 35, 36, 37, 40, 44, 47, 48, 49], 0.07502918355817435], [[0, 1, 3, 4, 7, 8, 9, 12, 13, 14, 15, 17, 18, 20, 22, 25, 28, 29, 30, 32, 33, 34, 35, 36, 37, 40, 43, 44, 47, 48, 49], 0.14441038271497073], [[0, 1, 3, 4, 7, 8, 9, 12, 13, 14, 15, 17, 18, 20, 22, 25, 28, 29, 30, 32, 33, 34, 35, 36, 37, 38, 40, 43, 44, 47, 48, 49], 0.2782350702435898], [[0, 1, 3, 4, 7, 8, 9, 12, 13, 14, 15, 17, 18, 19, 20, 22, 25, 28, 29, 30, 32, 33, 34, 35, 36, 37, 38, 40, 43, 44, 47, 48, 49], 0.5365684193511032], [[0, 1, 3, 4, 5, 7, 8, 9, 12, 13, 14, 15, 17, 18, 19, 20, 22, 25, 28, 29, 30, 32, 33, 34, 35, 36, 37, 38, 40, 43, 44, 47, 48, 49], 1.0413847427718352], [[0, 1, 3, 4, 5, 7, 8, 9, 12, 13, 14, 15, 17, 18, 19, 20, 22, 25, 28, 29, 30, 31, 32, 33, 34, 35, 36, 37, 38, 40, 43, 44, 47, 48, 49], 2.031102110567227], [[0, 1, 3, 4, 5, 7, 8, 9, 12, 13, 14, 15, 17, 18, 19, 20, 22, 23, 25, 28, 29, 30, 31, 32, 33, 34, 35, 36, 37, 38, 40, 43, 44, 47, 48, 49], 3.9522643094573415], [[0, 1, 3, 4, 5, 7, 8, 9, 12, 13, 14, 15, 16, 17, 18, 19, 20, 22, 23, 25, 28, 29, 30, 31, 32, 33, 34, 35, 36, 37, 38, 40, 43, 44, 47, 48, 49], 7.708397502557863], [[0, 1, 3, 4, 5, 7, 8, 9, 12, 13, 14, 15, 16, 17, 18, 19, 20, 22, 23, 25, 28, 29, 30, 31, 32, 33, 34, 35, 36, 37, 38, 40, 42, 43, 44, 47, 48, 49], 15.034351039089795], [[0, 1, 3, 4, 5, 7, 8, 9, 12, 13, 14, 15, 16, 17, 18, 19, 20, 22, 23, 25, 26, 28, 29, 30, 31, 32, 33, 34, 35, 36, 37, 38, 40, 42, 43, 44, 47, 48, 49], 29.32274236279326], [[0, 1, 3, 4, 5, 7, 8, 9, 12, 13, 14, 15, 16, 17, 18, 19, 20, 21, 22, 23, 25, 26, 28, 29, 30, 31, 32, 33, 34, 35, 36, 37, 38, 40, 42, 43, 44, 47, 48, 49], 57.19065011928894], [[0, 1, 3, 4, 5, 7, 8, 9, 12, 13, 14, 15, 16, 17, 18, 19, 20, 21, 22, 23, 25, 26, 28, 29, 30, 31, 32, 33, 34, 35, 36, 37, 38, 39, 40, 42, 43, 44, 47, 48, 49], 111.54382005956622], [[0, 1, 3, 4, 5, 6, 7, 8, 9, 11, 12, 13, 14, 15, 16, 17, 18, 19, 20, 21, 22, 23, 25, 26, 28, 29, 30, 31, 32, 33, 34, 35, 36, 37, 38, 39, 40, 42, 43, 44, 47, 48, 49], 424.31318637163287], [[0, 1, 3, 4, 5, 6, 7, 8, 9, 11, 12, 13, 14, 15, 16, 17, 18, 19, 20, 21, 22, 23, 25, 26, 28, 29, 30, 31, 32, 33, 34, 35, 36, 37, 38, 39, 40, 41, 42, 43, 44, 47, 48, 49], 827.5744288909764], [[0, 1, 3, 4, 5, 6, 7, 8, 9, 11, 12, 13, 14, 15, 16, 17, 18, 19, 20, 21, 22, 23, 25, 26, 27, 28, 29, 30, 31, 32, 33, 34, 35, 36, 37, 38, 39, 40, 41, 42, 43, 44, 47, 48, 49], 1614.0894529289212], [[0, 1, 3, 4, 5, 6, 7, 8, 9, 11, 12, 13, 14, 15, 16, 17, 18, 19, 20, 21, 22, 23, 25, 26, 27, 28, 29, 30, 31, 32, 33, 34, 35, 36, 37, 38, 39, 40, 41, 42, 43, 44, 46, 47, 48, 49], 3148.0974745296667], [[0, 1, 3, 4, 5, 6, 7, 8, 9, 11, 12, 13, 14, 15, 16, 17, 18, 19, 20, 21, 22, 23, 24, 25, 26, 27, 28, 29, 30, 31, 32, 33, 34, 35, 36, 37, 38, 39, 40, 41, 42, 43, 44, 46, 47, 48, 49], 6140.005246398503], [[0, 1, 3, 4, 5, 6, 7, 8, 9, 10, 11, 12, 13, 14, 15, 16, 17, 18, 19, 20, 21, 22, 23, 24, 25, 26, 27, 28, 29, 30, 31, 32, 33, 34, 35, 36, 37, 38, 39, 40, 41, 42, 43, 44, 46, 47, 48, 49], 11975.380883213706], [[0, 1, 3, 4, 5, 6, 7, 8, 9, 10, 11, 12, 13, 14, 15, 16, 17, 18, 19, 20, 21, 22, 23, 24, 25, 26, 27, 28, 29, 30, 31, 32, 33, 34, 35, 36, 37, 38, 39, 40, 41, 42, 43, 44, 45, 46, 47, 48, 49], 245859.11416983357]]}