{"costs": 6815724, "root_join": 0, "join_operands": {"0": [0, 1, 2, 3, 4, 5, 6, 7, 8, 9, 10, 11, 12, 13, 14, 15, 16, 17, 18, 19], "1": [0, 1, 2, 3, 4, 6, 8, 9, 10, 11, 12, 13, 14, 16, 17, 18, 19], "2": [5, 7, 15], "3": [0, 1, 2, 3, 4, 6, 8, 9, 10, 12, 13, 14, 16, 17, 18, 19], "4": [], "5": [], "6": [5, 7], "7": [0, 1, 3, 4, 6, 8, 9, 10, 12, 13, 14, 16, 17, 18, 19], "8": [], "9": [], "10": [], "11": [], "12": [], "13": [], "14": [], "15": [0, 1, 3, 4, 6, 8, 9, 10, 12, 13, 14, 17, 18, 19], "16": [], "17": [], "18": [], "19": [0, 4, 6, 8, 10, 12, 14, 18], "20": [4, 6, 8, 10, 12, 14, 18], "21": [4, 8, 10, 14], "22": [8, 10, 14], "23": [8, 14], "24": [4, 6, 8, 10, 14], "25": [4, 6, 8, 10, 14, 18], "26": [0, 1, 4, 6, 8, 10, 12, 14, 18], "27": [0, 1, 4, 6, 8, 9, 10, 12, 14, 18], "28": [0, 1, 4, 6, 8, 9, 10, 12, 14, 18, 19], "29": [0, 1, 4, 6, 8, 9, 10, 12, 14, 17, 18, 19], "30": [0, 1, 4, 6, 8, 9, 10, 12, 13, 14, 17, 18, 19]}, "join_predecessors": {"0": [1, 2], "1": [3], "2": [6], "3": [7], "4": [], "5": [], "6": [], "7": [15], "8": [], "9": [], "10": [], "11": [], "12": [], "13": [], "14": [], "15": [30], "16": [], "17": [], "18": [], "19": [20], "21": [22], "23": [], "22": [23], "24": [21], "25": [24], "20": [25], "26": [19], "27": [26], "28": [27], "29": [28], "30": [29]}, "intermediate_costs": [[[0, 1, 2, 3, 4, 6, 8, 9, 10, 11, 12, 13, 14, 16, 17, 18, 19], 1581342.5512769453], [[5, 7, 15], 3133918.890666667], [[0, 1, 2, 3, 4, 6, 8, 9, 10, 12, 13, 14, 16, 17, 18, 19], 855394.9063048586], [[5, 7], 27730.0], [[0, 1, 3, 4, 6, 8, 9, 10, 12, 13, 14, 16, 17, 18, 19], 462707.6880585027], [[0, 1, 3, 4, 6, 8, 9, 10, 12, 13, 14, 17, 18, 19], 250292.05318213708], [[0, 4, 6, 8, 10, 12, 14, 18], 71749.45954388737], [[4, 6, 8, 10, 12, 14, 18], 2072.878843668017], [[4, 8, 10, 14], 1596.0435321922566], [[8, 10, 14], 863.3459640130862], [[8, 14], 918.0], [[4, 6, 8, 10, 14], 660.0503051376833], [[4, 6, 8, 10, 14, 18], 1121.2797338492257], [[0, 1, 4, 6, 8, 10, 12, 14, 18], 154425.11839078827], [[0, 1, 4, 6, 8, 9, 10, 12, 14, 18], 22689.86962049359], [[0, 1, 4, 6, 8, 9, 10, 12, 14, 18, 19], 39615.78256625367], [[0, 1, 4, 6, 8, 9, 10, 12, 14, 17, 18, 19], 73236.49253976915], [[0, 1, 4, 6, 8, 9, 10, 12, 13, 14, 17, 18, 19], 135390.18803737563]], "time_in_s": 10}