{"costs": 3785612, "root_join": 0, "join_operands": {"0": [0, 1, 2, 3, 4, 5, 6, 7, 8, 9, 10, 11, 12, 13, 14, 15, 16, 17, 18, 19, 20, 21, 22, 23, 24, 25, 26, 27, 28, 29], "1": [0, 1, 2, 3, 4, 5, 6, 7, 8, 9, 10, 11, 12, 13, 14, 15, 16, 17, 19, 21, 22, 23, 24, 26, 27, 28, 29], "2": [18, 20, 25], "3": [0, 1, 2, 3, 4, 5, 6, 7, 8, 9, 11, 12, 13, 14, 15, 16, 17, 19, 21, 22, 23, 24, 26, 28, 29], "4": [18, 20], "5": [10, 27], "6": [], "7": [9, 12], "8": [2, 9, 12], "9": [2, 9, 12, 14, 21, 26, 28], "10": [14, 21, 26, 28], "11": [14, 21, 26], "12": [14, 26], "13": [2, 9, 11, 12, 14, 21, 26, 28], "14": [2, 9, 11, 12, 14, 15, 21, 26, 28], "15": [2, 5, 9, 11, 12, 14, 15, 21, 26, 28], "16": [2, 5, 7, 8, 9, 11, 12, 14, 15, 21, 22, 26, 28], "17": [7, 8, 22], "18": [7, 22], "19": [2, 5, 7, 8, 9, 11, 12, 14, 15, 21, 22, 24, 26, 28], "20": [2, 5, 7, 8, 9, 11, 12, 14, 15, 21, 22, 24, 26, 28, 29], "21": [2, 5, 7, 8, 9, 11, 12, 14, 15, 21, 22, 23, 24, 26, 28, 29], "22": [0, 2, 5, 7, 8, 9, 11, 12, 14, 15, 21, 22, 23, 24, 26, 28, 29], "23": [0, 2, 5, 7, 8, 9, 11, 12, 14, 15, 19, 21, 22, 23, 24, 26, 28, 29], "24": [0, 2, 3, 5, 7, 8, 9, 11, 12, 14, 15, 19, 21, 22, 23, 24, 26, 28, 29], "25": [0, 1, 2, 3, 5, 7, 8, 9, 11, 12, 14, 15, 19, 21, 22, 23, 24, 26, 28, 29], "26": [0, 1, 2, 3, 5, 7, 8, 9, 11, 12, 14, 15, 17, 19, 21, 22, 23, 24, 26, 28, 29], "27": [0, 1, 2, 3, 5, 7, 8, 9, 11, 12, 14, 15, 16, 17, 19, 21, 22, 23, 24, 26, 28, 29], "28": [0, 1, 2, 3, 4, 5, 7, 8, 9, 11, 12, 14, 15, 16, 17, 19, 21, 22, 23, 24, 26, 28, 29], "29": [0, 1, 2, 3, 4, 5, 6, 7, 8, 9, 11, 12, 14, 15, 16, 17, 19, 21, 22, 23, 24, 26, 28, 29]}, "join_predecessors": {"0": [1, 2], "1": [3, 5], "2": [4], "3": [29], "4": [], "5": [], "6": [], "7": [], "8": [7], "9": [8, 10], "10": [11], "11": [12], "12": [], "13": [9], "14": [13], "15": [14], "16": [15, 17], "17": [18], "18": [], "19": [16], "20": [19], "21": [20], "22": [21], "23": [22], "24": [23], "25": [24], "26": [25], "27": [26], "28": [27], "29": [28]}, "intermediate_costs": [[[0, 1, 2, 3, 4, 5, 6, 7, 8, 9, 10, 11, 12, 13, 14, 15, 16, 17, 19, 21, 22, 23, 24, 26, 27, 28, 29], 2319784.809397213], [[18, 20, 25], 56317.95431385378], [[0, 1, 2, 3, 4, 5, 6, 7, 8, 9, 11, 12, 13, 14, 15, 16, 17, 19, 21, 22, 23, 24, 26, 28, 29], 515626.92556456185], [[18, 20], 26482.0], [[10, 27], 406190.0], [[9, 12], 212.00000000000003], [[2, 9, 12], 783.6038415300546], [[2, 9, 12, 14, 21, 26, 28], 33.55896406579774], [[14, 21, 26, 28], 684.691446262404], [[14, 21, 26], 5179.76425960265], [[14, 26], 1888.0000000000002], [[2, 9, 11, 12, 14, 21, 26, 28], 71.1688120783921], [[2, 9, 11, 12, 14, 15, 21, 26, 28], 151.35101504961742], [[2, 5, 9, 11, 12, 14, 15, 21, 26, 28], 321.8706861321421], [[2, 5, 7, 8, 9, 11, 12, 14, 15, 21, 22, 26, 28], 1.5841503463652449], [[7, 8, 22], 236.05818032786883], [[7, 22], 222.0], [[2, 5, 7, 8, 9, 11, 12, 14, 15, 21, 22, 24, 26, 28], 2.358253644971915], [[2, 5, 7, 8, 9, 11, 12, 14, 15, 21, 22, 24, 26, 28, 29], 4.785796330813285], [[2, 5, 7, 8, 9, 11, 12, 14, 15, 21, 22, 23, 24, 26, 28, 29], 9.82675749802125], [[0, 2, 5, 7, 8, 9, 11, 12, 14, 15, 21, 22, 23, 24, 26, 28, 29], 20.382074377647783], [[0, 2, 5, 7, 8, 9, 11, 12, 14, 15, 19, 21, 22, 23, 24, 26, 28, 29], 43.22870481398019], [[0, 2, 3, 5, 7, 8, 9, 11, 12, 14, 15, 19, 21, 22, 23, 24, 26, 28, 29], 91.93232065438559], [[0, 1, 2, 3, 5, 7, 8, 9, 11, 12, 14, 15, 19, 21, 22, 23, 24, 26, 28, 29], 15750.667682371048], [[0, 1, 2, 3, 5, 7, 8, 9, 11, 12, 14, 15, 17, 19, 21, 22, 23, 24, 26, 28, 29], 25276.878427503616], [[0, 1, 2, 3, 5, 7, 8, 9, 11, 12, 14, 15, 16, 17, 19, 21, 22, 23, 24, 26, 28, 29], 53755.08211284081], [[0, 1, 2, 3, 4, 5, 7, 8, 9, 11, 12, 14, 15, 16, 17, 19, 21, 22, 23, 24, 26, 28, 29], 114010.12132660835], [[0, 1, 2, 3, 4, 5, 6, 7, 8, 9, 11, 12, 14, 15, 16, 17, 19, 21, 22, 23, 24, 26, 28, 29], 242459.66333161842]]}