{"costs": 3366.0, "root_join": 0, "join_operands": {"0": [0, 1, 2, 3, 4, 5, 6, 7], "1": [0], "2": [1, 2, 3, 4, 5, 6, 7], "3": [1], "4": [2, 3, 4, 5, 6, 7], "5": [2], "6": [3, 4, 5, 6, 7], "7": [5], "8": [3, 4, 6, 7], "9": [4], "10": [3, 6, 7], "11": [7], "12": [3, 6], "13": [3], "14": [6]}, "join_predecessors": {"0": [1, 2], "2": [3, 4], "4": [5, 6], "6": [7, 8], "8": [9, 10], "10": [11, 12], "12": [13, 14]}, "intermediate_costs": [[[1, 2, 3, 4, 5, 6, 7], 8.525320884076999e-18], [[2, 3, 4, 5, 6, 7], 9.082712480075969e-18], [[3, 4, 5, 6, 7], 3.896960875378422e-15], [[3, 4, 6, 7], 0.0007114760202282423], [[3, 6, 7], 1051.6553321998865], [[3, 6], 2315.0]]}