{"costs": 10437, "join_operands": {"0": [0, 1, 2, 3, 4, 5, 6, 7, 8, 9, 10], "1": [0, 1, 2, 3, 4, 5, 6, 7, 8, 9], "2": [], "3": [0, 1, 2, 3, 5, 6, 7, 8, 9], "4": [], "5": [], "6": [], "7": [0, 1, 2, 3, 5, 6, 7, 8], "8": [], "9": [], "10": [0, 1, 2, 3, 5, 6, 8], "11": [0, 1, 2, 5, 6, 8], "12": [0, 1, 5, 6, 8], "13": [1, 5, 6, 8], "14": [1, 5, 6], "15": [1, 6]}, "join_predecessors": {"0": [1, 2], "1": [3, 5], "2": [4, 6], "3": [7], "4": [8], "5": [9], "6": [], "7": [10], "8": [], "9": [], "10": [11], "11": [12], "12": [13], "13": [14], "14": [15], "15": []}, "leaf_joins": [], "opt_time": 0.7283849716186523, "status": 2, "intermediate_costs": [[[0, 1, 2, 3, 4, 5, 6, 7, 8, 9], 7.314294219463889e-05], [[0, 1, 2, 3, 5, 6, 7, 8, 9], 7.314294219463889e-05], [[0, 1, 2, 3, 5, 6, 7, 8], 7.314294219463889e-05], [[0, 1, 2, 3, 5, 6, 8], 1.38571280855836], [[0, 1, 2, 5, 6, 8], 120.15604963522266], [[0, 1, 5, 6, 8], 120.15604963522264], [[1, 5, 6, 8], 240.31163696031498], [[1, 5, 6], 1306.042490000347], [[1, 6], 8649.29]]}