{"costs": 5130579, "root_join": 10, "join_operands": {"0": [0, 3, 7, 8, 14, 18], "1": [3, 7, 8, 14, 18], "2": [3, 7], "3": [3, 7, 18], "4": [3, 7, 8, 18], "5": [0, 3, 7, 8, 14, 15, 18], "6": [0, 3, 7, 8, 12, 14, 15, 18], "7": [0, 3, 7, 8, 12, 14, 15, 16, 18], "8": [0, 3, 7, 8, 10, 12, 14, 15, 16, 18], "9": [0, 1, 3, 7, 8, 10, 12, 14, 15, 16, 18], "10": [0, 1, 2, 3, 4, 5, 6, 7, 8, 9, 10, 11, 12, 13, 14, 15, 16, 17, 18, 19], "11": [2, 4, 5, 6, 9, 11, 13, 17, 19], "12": [2, 5, 9, 11, 13, 19], "13": [5, 9, 11, 13, 19], "14": [5, 19], "15": [9, 11, 13], "16": [9, 11], "17": [4, 6, 17], "18": [4, 6]}, "join_predecessors": {"0": [1], "2": [], "3": [2], "4": [3], "1": [4], "5": [0], "6": [5], "7": [6], "8": [7], "9": [8], "10": [9, 11], "12": [13], "14": [], "13": [14, 15], "16": [], "15": [16], "11": [12, 17], "18": [], "17": [18]}, "intermediate_costs": [[[0, 3, 7, 8, 14, 18], 8655.803291100716], [[3, 7, 8, 14, 18], 7629.756593025411], [[3, 7], 444.0], [[3, 7, 18], 488.72648689138583], [[3, 7, 8, 18], 555.0505150787359], [[0, 3, 7, 8, 14, 15, 18], 9854.96396604923], [[0, 3, 7, 8, 12, 14, 15, 18], 11352.258541806812], [[0, 3, 7, 8, 12, 14, 15, 16, 18], 353494.5810503081], [[0, 3, 7, 8, 10, 12, 14, 15, 16, 18], 428790.1700540508], [[0, 1, 3, 7, 8, 10, 12, 14, 15, 16, 18], 493937.63331297546], [[2, 4, 5, 6, 9, 11, 13, 17, 19], 1052331.226482141], [[2, 5, 9, 11, 13, 19], 690859.0295703434], [[5, 9, 11, 13, 19], 600717.321250902], [[5, 19], 1088808.0], [[9, 11, 13], 78548.04558333333], [[9, 11], 68189.0], [[4, 6, 17], 222149.42500000002], [[4, 6], 13775.0]]}