{"costs": 5573525, "root_join": 0, "join_operands": {"0": [0, 1, 2, 3, 4, 5, 6, 7, 8, 9, 10, 11, 12, 13, 14, 15, 16, 17, 18, 19], "1": [2, 4, 5, 6, 9, 11, 13, 17, 19], "2": [0, 1, 3, 7, 8, 10, 12, 14, 15, 16, 18], "3": [2, 5, 9, 11, 13, 19], "4": [0, 3, 7, 8, 10, 12, 14, 15, 16, 18], "5": [4, 6, 17], "6": [], "7": [5, 9, 11, 13, 19], "8": [0, 3, 7, 8, 12, 14, 15, 16, 18], "9": [], "10": [], "11": [], "12": [], "13": [4, 6], "14": [], "15": [5, 9, 11, 19], "16": [0, 3, 7, 8, 12, 14, 15, 18], "17": [], "18": [], "19": [5, 19], "21": [9, 11], "22": [0, 3, 7, 8, 14, 18], "23": [3, 7, 8, 14, 18], "24": [3, 7], "25": [3, 7, 18], "26": [3, 7, 8, 18], "27": [0, 3, 7, 8, 14, 15, 18]}, "join_predecessors": {"0": [1, 2], "1": [3, 5], "2": [4], "3": [7], "4": [8], "5": [13], "6": [], "7": [15], "8": [16], "9": [], "10": [], "11": [], "12": [], "13": [], "14": [], "15": [19, 21], "16": [27], "17": [], "18": [], "19": [], "21": [], "22": [23], "24": [], "25": [24], "26": [25], "23": [26], "27": [22]}, "intermediate_costs": [[[2, 4, 5, 6, 9, 11, 13, 17, 19], 1052331.226482141], [[0, 1, 3, 7, 8, 10, 12, 14, 15, 16, 18], 493937.63331297546], [[2, 5, 9, 11, 13, 19], 690859.0295703434], [[0, 3, 7, 8, 10, 12, 14, 15, 16, 18], 428790.1700540508], [[4, 6, 17], 222149.42500000002], [[5, 9, 11, 13, 19], 600717.321250902], [[0, 3, 7, 8, 12, 14, 15, 16, 18], 353494.5810503081], [[4, 6], 13775.0], [[5, 9, 11, 19], 521493.731824555], [[0, 3, 7, 8, 12, 14, 15, 18], 11352.258541806812], [[5, 19], 1088808.0], [[9, 11], 68189.0], [[0, 3, 7, 8, 14, 18], 8655.803291100716], [[3, 7, 8, 14, 18], 7629.756593025411], [[3, 7], 444.0], [[3, 7, 18], 488.72648689138583], [[3, 7, 8, 18], 555.0505150787359], [[0, 3, 7, 8, 14, 15, 18], 9854.96396604923]], "time_in_s": 10}