{"costs": 80017568, "root_join": 18, "join_operands": {"0": [3, 7], "1": [3, 7, 18], "2": [3, 7, 8, 18], "3": [3, 7, 8, 14, 18], "4": [0, 3, 7, 8, 14, 18], "5": [0, 3, 7, 8, 14, 15, 18], "6": [0, 3, 7, 8, 9, 14, 15, 18], "7": [0, 3, 7, 8, 9, 11, 14, 15, 18], "8": [0, 3, 7, 8, 9, 11, 13, 14, 15, 18], "9": [0, 3, 7, 8, 9, 11, 12, 13, 14, 15, 18], "10": [0, 3, 7, 8, 9, 11, 12, 13, 14, 15, 16, 18], "11": [0, 3, 7, 8, 9, 10, 11, 12, 13, 14, 15, 16, 18], "12": [0, 1, 3, 7, 8, 9, 10, 11, 12, 13, 14, 15, 16, 18], "13": [0, 1, 3, 5, 7, 8, 9, 10, 11, 12, 13, 14, 15, 16, 18], "14": [0, 1, 3, 5, 7, 8, 9, 10, 11, 12, 13, 14, 15, 16, 18, 19], "15": [0, 1, 2, 3, 5, 7, 8, 9, 10, 11, 12, 13, 14, 15, 16, 18, 19], "16": [0, 1, 2, 3, 5, 7, 8, 9, 10, 11, 12, 13, 14, 15, 16, 17, 18, 19], "17": [0, 1, 2, 3, 4, 5, 7, 8, 9, 10, 11, 12, 13, 14, 15, 16, 17, 18, 19], "18": [0, 1, 2, 3, 4, 5, 6, 7, 8, 9, 10, 11, 12, 13, 14, 15, 16, 17, 18, 19]}, "join_predecessors": {"0": [], "1": [0], "2": [1], "3": [2], "4": [3], "5": [4], "6": [5], "7": [6], "8": [7], "9": [8], "10": [9], "11": [10], "12": [11], "13": [12], "14": [13], "15": [14], "16": [15], "17": [16], "18": [17]}, "intermediate_costs": [[[3, 7], 444.0], [[3, 7, 18], 488.72648689138583], [[3, 7, 8, 18], 555.0505150787359], [[3, 7, 8, 14, 18], 7629.756593025411], [[0, 3, 7, 8, 14, 18], 8655.803291100716], [[0, 3, 7, 8, 14, 15, 18], 9854.96396604923], [[0, 3, 7, 8, 9, 14, 15, 18], 11352.25854180681], [[0, 3, 7, 8, 9, 11, 14, 15, 18], 12901.652628454409], [[0, 3, 7, 8, 9, 11, 13, 14, 15, 18], 14861.628690260442], [[0, 3, 7, 8, 9, 11, 12, 13, 14, 15, 18], 17119.601028009227], [[0, 3, 7, 8, 9, 11, 12, 13, 14, 15, 16, 18], 533082.132586928], [[0, 3, 7, 8, 9, 10, 11, 12, 13, 14, 15, 16, 18], 646630.501677179], [[0, 1, 3, 7, 8, 9, 10, 11, 12, 13, 14, 15, 16, 18], 744875.1439104741], [[0, 1, 3, 5, 7, 8, 9, 10, 11, 12, 13, 14, 15, 16, 18], 49520790.49618039], [[0, 1, 3, 5, 7, 8, 9, 10, 11, 12, 13, 14, 15, 16, 18, 19], 5696633.159911799], [[0, 1, 2, 3, 5, 7, 8, 9, 10, 11, 12, 13, 14, 15, 16, 18, 19], 6551451.602027524], [[0, 1, 2, 3, 5, 7, 8, 9, 10, 11, 12, 13, 14, 15, 16, 17, 18, 19], 7546831.348687622], [[0, 1, 2, 3, 4, 5, 7, 8, 9, 10, 11, 12, 13, 14, 15, 16, 17, 18, 19], 8693410.654306091]]}