{"costs": 8729963.559880706, "int_costs": [[[0, 1, 2, 3, 4, 5, 6, 7, 8, 9, 10, 11, 12, 13, 14, 15, 16, 17, 18, 19, 20, 21, 22, 23, 24, 25, 26, 27, 28, 29, 30, 31, 32, 33, 35, 36, 37, 38, 39, 40, 41, 42, 43, 44, 45, 46, 47, 48, 49], 193550.53992089763], [[0, 1, 2, 3, 4, 5, 6, 7, 8, 9, 10, 11, 12, 14, 15, 16, 17, 18, 19, 20, 21, 22, 23, 24, 25, 26, 27, 28, 29, 30, 31, 32, 33, 35, 36, 37, 38, 39, 40, 41, 42, 43, 44, 45, 46, 47, 48, 49], 194468.96936242512], [[0, 1, 2, 3, 4, 5, 6, 7, 8, 9, 10, 11, 12, 14, 15, 16, 17, 18, 19, 20, 21, 22, 23, 24, 25, 26, 27, 28, 29, 30, 31, 32, 33, 35, 36, 37, 38, 39, 40, 41, 42, 43, 44, 45, 46, 47, 48], 194468.96936242515], [[0, 1, 2, 3, 4, 5, 6, 7, 8, 9, 10, 11, 12, 14, 15, 16, 17, 18, 19, 20, 21, 22, 23, 24, 25, 26, 27, 28, 29, 30, 31, 32, 33, 35, 36, 37, 38, 40, 41, 42, 43, 44, 45, 46, 47, 48], 194468.96936242512], [[1, 2, 3, 4, 5, 6, 7, 8, 9, 10, 11, 12, 14, 15, 16, 17, 18, 19, 20, 21, 22, 23, 24, 25, 26, 27, 28, 29, 30, 31, 32, 33, 35, 36, 37, 38, 40, 41, 42, 43, 44, 45, 46, 47, 48], 194468.96936242512], [[1, 2, 3, 4, 5, 6, 7, 8, 10, 11, 12, 14, 15, 16, 17, 18, 19, 20, 21, 22, 23, 24, 25, 26, 27, 28, 29, 30, 31, 32, 33, 35, 36, 37, 38, 40, 41, 42, 43, 44, 45, 46, 47, 48], 194468.96936242512], [[1, 2, 3, 4, 5, 6, 7, 8, 10, 11, 12, 14, 15, 16, 17, 18, 19, 20, 21, 22, 23, 24, 25, 26, 27, 28, 29, 30, 31, 32, 33, 35, 36, 37, 38, 40, 41, 42, 43, 44, 45, 46, 47], 194468.96936242512], [[1, 2, 3, 4, 5, 6, 7, 8, 10, 11, 12, 14, 15, 16, 17, 18, 19, 20, 21, 23, 24, 25, 26, 27, 28, 29, 30, 31, 32, 33, 35, 36, 37, 38, 40, 41, 42, 43, 44, 45, 46, 47], 194468.96936242512], [[1, 2, 3, 4, 5, 6, 7, 8, 10, 11, 12, 14, 15, 16, 17, 18, 19, 20, 21, 23, 24, 25, 26, 27, 28, 29, 30, 31, 32, 33, 35, 36, 37, 38, 40, 41, 42, 43, 44, 45, 46], 194468.96936242512], [[1, 2, 3, 4, 5, 6, 7, 8, 10, 11, 12, 14, 16, 17, 18, 19, 20, 21, 23, 24, 25, 26, 27, 28, 29, 30, 31, 32, 33, 35, 36, 37, 38, 40, 41, 42, 43, 44, 45, 46], 194468.96936242512], [[1, 2, 3, 4, 5, 6, 7, 8, 10, 12, 14, 16, 17, 18, 19, 20, 21, 23, 24, 25, 26, 27, 28, 29, 30, 31, 32, 33, 35, 36, 37, 38, 40, 41, 42, 43, 44, 45, 46], 194468.96936242512], [[2, 3, 4, 5, 6, 7, 8, 10, 12, 14, 16, 17, 18, 19, 20, 21, 23, 24, 25, 26, 27, 28, 29, 30, 31, 32, 33, 35, 36, 37, 38, 40, 41, 42, 43, 44, 45, 46], 194468.96936242512], [[2, 3, 4, 5, 6, 7, 8, 10, 12, 14, 16, 17, 18, 19, 20, 21, 23, 25, 26, 27, 28, 29, 30, 31, 32, 33, 35, 36, 37, 38, 40, 41, 42, 43, 44, 45, 46], 194468.96936242515], [[5, 7, 8, 10, 12, 14, 16, 17, 20, 21, 25, 27, 28, 29, 30, 33, 36, 37, 40, 41, 42, 43], 38947.3143619026], [[5, 7, 8, 10, 12, 14, 16, 17, 20, 21, 25, 27, 28, 29, 30, 33, 36, 37, 40, 41, 42], 97368.28590475651], [[20, 29, 33, 36, 37, 40], 3656958.4397027963], [[20, 29, 33, 36, 37], 243625.29223215612], [[29, 33, 36, 37], 36202.307692307695], [[29, 33, 37], 36202.30769230769], [[29, 37], 38.0], [[5, 7, 8, 10, 14, 16, 17, 20, 21, 25, 27, 28, 29, 30, 33, 36, 37, 40, 41, 42], 97368.28590475651], [[5, 7, 8, 10, 14, 16, 17, 21, 25, 27, 28, 30, 41, 42], 5404.97311224827], [[7, 14, 16, 42], 393280.7660818714], [[7, 14, 42], 67999.0], [[7, 42], 67999.0], [[5, 7, 10, 14, 16, 17, 21, 25, 30, 42], 8.3984584694799], [[21, 25], 28000.0], [[5, 21, 25, 30], 41.88365555723119], [[5, 30], 60.0], [[5, 17, 21, 25, 30], 41.68470819333434], [[5, 10, 17, 21, 25, 30], 10.421177048333584], [[5, 7, 10, 14, 16, 17, 21, 25, 30, 41, 42], 8.398458469479898], [[5, 7, 10, 14, 16, 17, 21, 25, 28, 30, 41, 42], 7.465288372815016], [[5, 7, 8, 10, 14, 16, 17, 21, 25, 28, 30, 41, 42], 7.3723579747207575], [[5, 7, 8, 10, 12, 14, 16, 17, 20, 21, 25, 27, 28, 29, 30, 33, 36, 37, 40, 41, 42, 43, 46], 38947.3143619026], [[5, 7, 8, 10, 12, 14, 16, 17, 20, 21, 25, 26, 27, 28, 29, 30, 33, 36, 37, 40, 41, 42, 43, 46], 38947.3143619026], [[5, 7, 8, 10, 12, 14, 16, 17, 20, 21, 25, 26, 27, 28, 29, 30, 31, 33, 36, 37, 40, 41, 42, 43, 46], 38947.3143619026], [[2, 5, 7, 8, 10, 12, 14, 16, 17, 20, 21, 25, 26, 27, 28, 29, 30, 31, 33, 36, 37, 40, 41, 42, 43, 46], 38947.3143619026], [[2, 5, 7, 8, 10, 12, 14, 16, 17, 18, 20, 21, 25, 26, 27, 28, 29, 30, 31, 33, 36, 37, 40, 41, 42, 43, 46], 38947.3143619026], [[2, 5, 7, 8, 10, 12, 14, 16, 17, 18, 20, 21, 25, 26, 27, 28, 29, 30, 31, 33, 35, 36, 37, 40, 41, 42, 43, 46], 38947.3143619026], [[2, 5, 6, 7, 8, 10, 12, 14, 16, 17, 18, 19, 20, 21, 23, 25, 26, 27, 28, 29, 30, 31, 33, 35, 36, 37, 40, 41, 42, 43, 44, 46], 45110.73558309667], [[6, 19, 23, 44], 56754.260979729734], [[6, 23, 44], 625.0], [[6, 44], 625.0], [[2, 4, 5, 6, 7, 8, 10, 12, 14, 16, 17, 18, 19, 20, 21, 23, 25, 26, 27, 28, 29, 30, 31, 33, 35, 36, 37, 38, 40, 41, 42, 43, 44, 46], 194468.96936242515], [[4, 38], 513000.0], [[2, 4, 5, 6, 7, 8, 10, 12, 14, 16, 17, 18, 19, 20, 21, 23, 25, 26, 27, 28, 29, 30, 31, 32, 33, 35, 36, 37, 38, 40, 41, 42, 43, 44, 46], 194468.96936242515], [[2, 3, 4, 5, 6, 7, 8, 10, 12, 14, 16, 17, 18, 19, 20, 21, 23, 25, 26, 27, 28, 29, 30, 31, 32, 33, 35, 36, 37, 38, 40, 41, 42, 43, 44, 46], 194468.96936242512]]}