{"costs": 7773177, "root_join": 1, "join_operands": {"0": [0, 1], "1": [0, 1, 2, 3, 4, 5, 6, 7, 8, 9, 10, 11, 12, 13, 14, 15, 16, 17, 18, 19], "2": [2, 3, 4, 5, 6, 7, 8, 9, 10, 11, 12, 13, 14, 15, 16, 17, 18, 19], "3": [10, 19], "4": [6, 10, 19], "5": [6, 8, 10, 16, 19], "6": [8, 16], "7": [5, 6, 8, 10, 16, 19], "8": [5, 6, 8, 10, 16, 18, 19], "9": [5, 6, 8, 10, 13, 16, 18, 19], "10": [4, 5, 6, 8, 10, 13, 16, 18, 19], "11": [4, 5, 6, 8, 9, 10, 13, 16, 18, 19], "12": [4, 5, 6, 7, 8, 9, 10, 13, 16, 18, 19], "13": [3, 4, 5, 6, 7, 8, 9, 10, 13, 16, 18, 19], "14": [3, 4, 5, 6, 7, 8, 9, 10, 13, 14, 16, 18, 19], "15": [3, 4, 5, 6, 7, 8, 9, 10, 11, 13, 14, 16, 18, 19], "16": [3, 4, 5, 6, 7, 8, 9, 10, 11, 13, 14, 15, 16, 18, 19], "17": [3, 4, 5, 6, 7, 8, 9, 10, 11, 12, 13, 14, 15, 16, 18, 19], "18": [2, 3, 4, 5, 6, 7, 8, 9, 10, 11, 12, 13, 14, 15, 16, 18, 19]}, "join_predecessors": {"0": [], "1": [0, 2], "3": [], "4": [3], "5": [4, 6], "6": [], "7": [5], "8": [7], "9": [8], "10": [9], "11": [10], "12": [11], "13": [12], "14": [13], "15": [14], "16": [15], "17": [16], "18": [17], "2": [18]}, "intermediate_costs": [[[0, 1], 442361.0], [[2, 3, 4, 5, 6, 7, 8, 9, 10, 11, 12, 13, 14, 15, 16, 17, 18, 19], 3159608.4414426642], [[10, 19], 412.0], [[6, 10, 19], 737.8663521825397], [[6, 8, 10, 16, 19], 481.85033326707656], [[8, 16], 144394.0], [[5, 6, 8, 10, 16, 19], 6834.006531508906], [[5, 6, 8, 10, 16, 18, 19], 12239.279615640442], [[5, 6, 8, 10, 13, 16, 18, 19], 21919.755639881245], [[4, 5, 6, 8, 10, 13, 16, 18, 19], 21345.59374989017], [[4, 5, 6, 8, 9, 10, 13, 16, 18, 19], 31149.24454269245], [[4, 5, 6, 7, 8, 9, 10, 13, 16, 18, 19], 54896.76550406328], [[3, 4, 5, 6, 7, 8, 9, 10, 13, 16, 18, 19], 96860.14009728038], [[3, 4, 5, 6, 7, 8, 9, 10, 13, 14, 16, 18, 19], 173470.47193982863], [[3, 4, 5, 6, 7, 8, 9, 10, 11, 13, 14, 16, 18, 19], 307124.2502653543], [[3, 4, 5, 6, 7, 8, 9, 10, 11, 13, 14, 15, 16, 18, 19], 550039.0572752318], [[3, 4, 5, 6, 7, 8, 9, 10, 11, 12, 13, 14, 15, 16, 18, 19], 985083.2823094552], [[2, 3, 4, 5, 6, 7, 8, 9, 10, 11, 12, 13, 14, 15, 16, 18, 19], 1764220.762167373]]}