{"costs": 7926992, "root_join": 0, "join_operands": {"0": [0, 1, 2, 3, 4, 5, 6, 7, 8, 9, 10, 11, 12, 13, 14, 15, 16, 17, 18, 19], "1": [0, 1], "2": [2, 3, 4, 5, 6, 7, 8, 9, 10, 11, 12, 13, 14, 15, 16, 17, 18, 19], "3": [], "4": [2, 3, 4, 5, 6, 7, 9, 10, 11, 13, 14, 17, 18, 19], "5": [], "6": [8, 12, 15, 16], "7": [], "8": [2, 3, 4, 5, 7, 9, 10, 11, 13, 14, 17, 18, 19], "9": [], "10": [8, 15, 16], "11": [], "12": [], "13": [], "14": [], "15": [], "16": [3, 4, 5, 7, 9, 10, 11, 13, 14, 17, 18, 19], "17": [], "18": [8, 15], "19": [3, 4, 5, 7, 9, 10, 13, 18, 19], "20": [4, 5, 7, 9, 10, 13, 18, 19], "21": [4, 5, 10, 13, 18, 19], "22": [5, 10, 13, 18, 19], "23": [5, 10, 19], "24": [10, 19], "25": [5, 10, 18, 19], "26": [4, 5, 9, 10, 13, 18, 19], "27": [3, 4, 5, 7, 9, 10, 13, 14, 18, 19], "28": [3, 4, 5, 7, 9, 10, 11, 13, 14, 18, 19]}, "join_predecessors": {"0": [1, 2], "1": [], "2": [4, 6], "3": [], "4": [8], "5": [], "6": [10], "7": [], "8": [16], "9": [], "10": [18], "11": [], "12": [], "13": [], "14": [], "15": [], "16": [28], "17": [], "18": [], "19": [20], "21": [22], "23": [24], "24": [], "25": [23], "22": [25], "26": [21], "20": [26], "27": [19], "28": [27]}, "intermediate_costs": [[[0, 1], 442361.0], [[2, 3, 4, 5, 6, 7, 8, 9, 10, 11, 12, 13, 14, 15, 16, 17, 18, 19], 3159608.4414426642], [[2, 3, 4, 5, 6, 7, 9, 10, 11, 13, 14, 17, 18, 19], 1508481.4313269476], [[8, 12, 15, 16], 463135.4096685512], [[2, 3, 4, 5, 7, 9, 10, 11, 13, 14, 17, 18, 19], 842285.7985980527], [[8, 15, 16], 258600.02773333335], [[3, 4, 5, 7, 9, 10, 11, 13, 14, 17, 18, 19], 470304.8943298255], [[8, 15], 161184.0], [[3, 4, 5, 7, 9, 10, 13, 18, 19], 82819.03106614747], [[4, 5, 7, 9, 10, 13, 18, 19], 46938.78124836291], [[4, 5, 10, 13, 18, 19], 18251.278494146565], [[5, 10, 13, 18, 19], 18742.20831684155], [[5, 10, 19], 5843.330379977247], [[10, 19], 412.0], [[5, 10, 18, 19], 10465.040394293752], [[4, 5, 9, 10, 13, 18, 19], 26633.76543619829], [[3, 4, 5, 7, 9, 10, 13, 14, 18, 19], 148323.72109120368], [[3, 4, 5, 7, 9, 10, 11, 13, 14, 18, 19], 262602.68463732896]], "time_in_s": 10}