{"costs": 78264070, "root_join": 21, "join_operands": {"0": [0, 11], "1": [0, 3, 5, 7, 9, 11, 12, 14, 16, 18, 20, 21, 23, 25, 26, 27, 28], "2": [3, 5, 7, 9, 12, 14, 16, 18, 20, 21, 23, 25, 26, 27, 28], "3": [5, 14, 18, 27], "4": [5, 18, 27], "5": [5, 18], "6": [3, 5, 14, 18, 27], "7": [3, 5, 9, 14, 18, 27], "8": [3, 5, 9, 14, 18, 27, 28], "9": [3, 5, 9, 14, 18, 23, 27, 28], "10": [3, 5, 9, 14, 18, 20, 23, 27, 28], "11": [3, 5, 9, 12, 14, 18, 20, 23, 27, 28], "12": [3, 5, 9, 12, 14, 16, 18, 20, 23, 27, 28], "13": [3, 5, 9, 12, 14, 16, 18, 20, 23, 26, 27, 28], "14": [3, 5, 9, 12, 14, 16, 18, 20, 21, 23, 26, 27, 28], "15": [7, 25], "16": [0, 3, 5, 7, 9, 11, 12, 14, 16, 17, 18, 20, 21, 23, 25, 26, 27, 28], "17": [0, 1, 2, 3, 5, 7, 9, 11, 12, 14, 16, 17, 18, 19, 20, 21, 23, 25, 26, 27, 28, 29], "18": [1, 2, 19, 29], "19": [1, 29], "20": [1, 2, 29], "21": [0, 1, 2, 3, 4, 5, 6, 7, 8, 9, 10, 11, 12, 13, 14, 15, 16, 17, 18, 19, 20, 21, 22, 23, 24, 25, 26, 27, 28, 29], "22": [4, 6, 8, 10, 13, 15, 22, 24], "23": [6, 13], "24": [4, 6, 13], "25": [4, 6, 13, 24], "26": [4, 6, 8, 13, 24], "27": [4, 6, 8, 13, 15, 24], "28": [4, 6, 8, 10, 13, 15, 24]}, "join_predecessors": {"0": [], "1": [0, 2], "3": [4], "5": [], "4": [5], "6": [3], "7": [6], "8": [7], "9": [8], "10": [9], "11": [10], "12": [11], "13": [12], "14": [13], "2": [14, 15], "15": [], "16": [1], "17": [16, 18], "19": [], "20": [19], "18": [20], "21": [17, 22], "23": [], "24": [23], "25": [24], "26": [25], "27": [26], "28": [27], "22": [28]}, "intermediate_costs": [[[0, 11], 25214.0], [[0, 3, 5, 7, 9, 11, 12, 14, 16, 18, 20, 21, 23, 25, 26, 27, 28], 29544.254831277754], [[3, 5, 7, 9, 12, 14, 16, 18, 20, 21, 23, 25, 26, 27, 28], 101539.12587331735], [[5, 14, 18, 27], 180.27485167321737], [[5, 18, 27], 164.44217196922438], [[5, 18], 154.99999999999997], [[3, 5, 14, 18, 27], 193.42697219749172], [[3, 5, 9, 14, 18, 27], 1820.0966071210505], [[3, 5, 9, 14, 18, 27, 28], 2926.482991492294], [[3, 5, 9, 14, 18, 23, 27, 28], 3029096.6922736512], [[3, 5, 9, 14, 18, 20, 23, 27, 28], 10705.891362768707], [[3, 5, 9, 12, 14, 18, 20, 23, 27, 28], 11031.45967611194], [[3, 5, 9, 12, 14, 16, 18, 20, 23, 27, 28], 12093.580418473197], [[3, 5, 9, 12, 14, 16, 18, 20, 23, 26, 27, 28], 13194.529262596492], [[3, 5, 9, 12, 14, 16, 18, 20, 21, 23, 26, 27, 28], 91728.66730923587], [[7, 25], 13908056.999999998], [[0, 3, 5, 7, 9, 11, 12, 14, 16, 17, 18, 20, 21, 23, 25, 26, 27, 28], 32388.810088463757], [[0, 1, 2, 3, 5, 7, 9, 11, 12, 14, 16, 17, 18, 19, 20, 21, 23, 25, 26, 27, 28, 29], 35519.87805435184], [[1, 2, 19, 29], 15034098.098243926], [[1, 29], 12638920.0], [[1, 2, 29], 13808519.959141646], [[4, 6, 8, 10, 13, 15, 22, 24], 5900728.869438145], [[6, 13], 711486.0], [[4, 6, 13], 779988.4107444795], [[4, 6, 13, 24], 855086.2854584614], [[4, 6, 8, 13, 24], 937414.9758567638], [[4, 6, 8, 13, 15, 24], 4909777.54506699], [[4, 6, 8, 10, 13, 15, 24], 5382496.270569626]]}