{"costs": 2471453, "root_join": 18, "join_operands": {"0": [11, 18], "1": [11, 17, 18], "2": [1, 11, 17, 18], "3": [1, 7, 11, 17, 18], "4": [1, 7, 11, 16, 17, 18], "5": [1, 7, 11, 12, 16, 17, 18], "6": [1, 6, 7, 11, 12, 16, 17, 18], "7": [1, 5, 6, 7, 11, 12, 16, 17, 18], "8": [1, 5, 6, 7, 8, 11, 12, 16, 17, 18], "9": [1, 4, 5, 6, 7, 8, 11, 12, 16, 17, 18], "10": [1, 4, 5, 6, 7, 8, 11, 12, 15, 16, 17, 18], "11": [1, 4, 5, 6, 7, 8, 9, 11, 12, 15, 16, 17, 18], "12": [1, 2, 4, 5, 6, 7, 8, 9, 11, 12, 15, 16, 17, 18], "13": [1, 2, 4, 5, 6, 7, 8, 9, 11, 12, 14, 15, 16, 17, 18], "14": [1, 2, 4, 5, 6, 7, 8, 9, 11, 12, 14, 15, 16, 17, 18, 19], "15": [1, 2, 4, 5, 6, 7, 8, 9, 11, 12, 13, 14, 15, 16, 17, 18, 19], "16": [1, 2, 4, 5, 6, 7, 8, 9, 10, 11, 12, 13, 14, 15, 16, 17, 18, 19], "17": [1, 2, 3, 4, 5, 6, 7, 8, 9, 10, 11, 12, 13, 14, 15, 16, 17, 18, 19], "18": [0, 1, 2, 3, 4, 5, 6, 7, 8, 9, 10, 11, 12, 13, 14, 15, 16, 17, 18, 19]}, "join_predecessors": {"0": [], "1": [0], "2": [1], "3": [2], "4": [3], "5": [4], "6": [5], "7": [6], "8": [7], "9": [8], "10": [9], "11": [10], "12": [11], "13": [12], "14": [13], "15": [14], "16": [15], "17": [16], "18": [17]}, "intermediate_costs": [[[11, 18], 18301.0], [[11, 17, 18], 101.60404302877897], [[1, 11, 17, 18], 1497.1489273027369], [[1, 7, 11, 17, 18], 0.7231538632471542], [[1, 7, 11, 16, 17, 18], 3.6679018114519377], [[1, 7, 11, 12, 16, 17, 18], 0.3222306215149806], [[1, 6, 7, 11, 12, 16, 17, 18], 23.30651642743759], [[1, 5, 6, 7, 11, 12, 16, 17, 18], 0.001664859117571514], [[1, 5, 6, 7, 8, 11, 12, 16, 17, 18], 0.008444316126181383], [[1, 4, 5, 6, 7, 8, 11, 12, 16, 17, 18], 0.035946729950629044], [[1, 4, 5, 6, 7, 8, 11, 12, 15, 16, 17, 18], 0.1780846568031565], [[1, 4, 5, 6, 7, 8, 9, 11, 12, 15, 16, 17, 18], 0.9032614919283221], [[1, 2, 4, 5, 6, 7, 8, 9, 11, 12, 15, 16, 17, 18], 4.58142401547989], [[1, 2, 4, 5, 6, 7, 8, 9, 11, 12, 14, 15, 16, 17, 18], 23.237397250571576], [[1, 2, 4, 5, 6, 7, 8, 9, 11, 12, 14, 15, 16, 17, 18, 19], 15106.279464190402], [[1, 2, 4, 5, 6, 7, 8, 9, 11, 12, 13, 14, 15, 16, 17, 18, 19], 76620.41564764833], [[1, 2, 4, 5, 6, 7, 8, 9, 10, 11, 12, 13, 14, 15, 16, 17, 18, 19], 388625.6279807915], [[1, 2, 3, 4, 5, 6, 7, 8, 9, 10, 11, 12, 13, 14, 15, 16, 17, 18, 19], 1971144.3322495446]]}