{"costs": 3240839, "root_join": 0, "join_operands": {"0": [0, 1, 2, 3, 4, 5, 6, 7, 8, 9, 10, 11, 12, 13, 14, 15, 16, 17, 18, 19, 20, 21, 22, 23, 24, 25, 26, 27, 28, 29], "1": [0, 2, 3, 4, 5, 6, 7, 8, 10, 11, 12, 13, 14, 15, 16, 17, 19, 20, 23, 24, 25, 26, 27, 28], "2": [1, 9, 18, 21, 22, 29], "3": [0, 2, 3, 4, 5, 7, 8, 10, 11, 12, 13, 14, 15, 16, 17, 19, 20, 23, 24, 25, 27, 28], "4": [1, 9, 18, 21, 22], "5": [6, 26], "6": [], "7": [2, 15, 17, 19, 28], "8": [15, 17, 19, 28], "9": [15, 19, 28], "10": [19, 28], "11": [2, 15, 17, 19, 20, 28], "12": [2, 8, 15, 17, 19, 20, 28], "13": [2, 8, 12, 15, 17, 19, 20, 28], "14": [2, 8, 12, 15, 17, 19, 20, 23, 28], "15": [2, 3, 8, 12, 15, 17, 19, 20, 23, 28], "16": [2, 3, 8, 12, 15, 16, 17, 19, 20, 23, 28], "17": [2, 3, 8, 12, 14, 15, 16, 17, 19, 20, 23, 28], "18": [2, 3, 7, 8, 12, 14, 15, 16, 17, 19, 20, 23, 28], "19": [2, 3, 7, 8, 12, 14, 15, 16, 17, 19, 20, 23, 25, 28], "20": [2, 3, 7, 8, 11, 12, 14, 15, 16, 17, 19, 20, 23, 25, 28], "21": [2, 3, 5, 7, 8, 11, 12, 14, 15, 16, 17, 19, 20, 23, 25, 28], "22": [2, 3, 5, 7, 8, 11, 12, 14, 15, 16, 17, 19, 20, 23, 24, 25, 28], "23": [0, 2, 3, 5, 7, 8, 11, 12, 14, 15, 16, 17, 19, 20, 23, 24, 25, 28], "24": [0, 2, 3, 5, 7, 8, 11, 12, 14, 15, 16, 17, 19, 20, 23, 24, 25, 27, 28], "25": [0, 2, 3, 4, 5, 7, 8, 11, 12, 14, 15, 16, 17, 19, 20, 23, 24, 25, 27, 28], "26": [0, 2, 3, 4, 5, 7, 8, 10, 11, 12, 14, 15, 16, 17, 19, 20, 23, 24, 25, 27, 28], "28": [9, 18, 21, 22], "29": [18, 21, 22], "30": [21, 22]}, "join_predecessors": {"0": [1, 2], "1": [3, 5], "2": [4], "3": [26], "4": [28], "5": [], "6": [], "7": [8], "8": [9], "9": [10], "10": [], "11": [7], "12": [11], "13": [12], "14": [13], "15": [14], "16": [15], "17": [16], "18": [17], "19": [18], "20": [19], "21": [20], "22": [21], "23": [22], "24": [23], "25": [24], "26": [25], "28": [29], "29": [30], "30": []}, "intermediate_costs": [[[0, 2, 3, 4, 5, 6, 7, 8, 10, 11, 12, 13, 14, 15, 16, 17, 19, 20, 23, 24, 25, 26, 27, 28], 1845624.6185967203], [[1, 9, 18, 21, 22, 29], 208143.1973609871], [[0, 2, 3, 4, 5, 7, 8, 10, 11, 12, 13, 14, 15, 16, 17, 19, 20, 23, 24, 25, 27, 28], 390957.1288981247], [[1, 9, 18, 21, 22], 94044.71921782008], [[6, 26], 323302.0], [[2, 15, 17, 19, 28], 0.04851944526665116], [[15, 17, 19, 28], 5.814043762335125], [[15, 19, 28], 0.005833850931677019], [[19, 28], 221.0], [[2, 15, 17, 19, 20, 28], 61.86646707981195], [[2, 8, 15, 17, 19, 20, 28], 2.37897583766513], [[2, 8, 12, 15, 17, 19, 20, 28], 5.209666762939216], [[2, 8, 12, 15, 17, 19, 20, 23, 28], 9.91088585378841], [[2, 3, 8, 12, 15, 17, 19, 20, 23, 28], 21.996917738099544], [[2, 3, 8, 12, 15, 16, 17, 19, 20, 23, 28], 46.78142605925978], [[2, 3, 8, 12, 14, 15, 16, 17, 19, 20, 23, 28], 92.05543497927472], [[2, 3, 7, 8, 12, 14, 15, 16, 17, 19, 20, 23, 28], 203.4258565380002], [[2, 3, 7, 8, 12, 14, 15, 16, 17, 19, 20, 23, 25, 28], 451.49683153474746], [[2, 3, 7, 8, 11, 12, 14, 15, 16, 17, 19, 20, 23, 25, 28], 1002.0837656272689], [[2, 3, 5, 7, 8, 11, 12, 14, 15, 16, 17, 19, 20, 23, 25, 28], 2224.095250856136], [[2, 3, 5, 7, 8, 11, 12, 14, 15, 16, 17, 19, 20, 23, 24, 25, 28], 4936.314453222306], [[0, 2, 3, 5, 7, 8, 11, 12, 14, 15, 16, 17, 19, 20, 23, 24, 25, 28], 10956.006061186035], [[0, 2, 3, 5, 7, 8, 11, 12, 14, 15, 16, 17, 19, 20, 23, 24, 25, 27, 28], 35972.11006624692], [[0, 2, 3, 4, 5, 7, 8, 11, 12, 14, 15, 16, 17, 19, 20, 23, 24, 25, 27, 28], 79365.22301206594], [[0, 2, 3, 4, 5, 7, 8, 10, 11, 12, 14, 15, 16, 17, 19, 20, 23, 24, 25, 27, 28], 176148.79699090676], [[9, 18, 21, 22], 40361.78313229363], [[18, 21, 22], 18392.755408720142], [[21, 22], 8287.0]]}