{"costs": 34005547.28940936, "join_operands": {"0": [0, 1, 2, 3, 4, 5, 6, 7, 8, 9, 10, 11, 12, 13, 14, 15, 16, 17, 18, 19, 20, 21, 22, 23, 24, 25, 26, 27, 28, 29], "1": [0, 1, 2, 3, 4, 5, 6, 7, 10, 12, 13, 14, 15, 16, 17, 18, 20, 21, 22, 23, 24, 26, 27, 28, 29], "2": [8, 9, 11, 19, 25], "3": [0, 1, 2, 3, 4, 6, 7, 10, 12, 13, 14, 15, 16, 17, 18, 20, 21, 22, 23, 24, 26, 27, 28], "4": [8, 9, 11, 25], "5": [5, 29], "6": [], "7": [0, 2, 3, 4, 6, 7, 10, 12, 13, 14, 15, 16, 17, 18, 20, 21, 22, 23, 24, 26, 27, 28], "8": [9, 11, 25], "9": [], "10": [], "11": [], "12": [], "13": [], "14": [], "15": [0, 2, 3, 4, 7, 10, 12, 13, 14, 15, 16, 17, 18, 20, 21, 22, 23, 24, 26, 27, 28], "16": [9, 25], "17": [], "18": [], "19": [], "20": [], "21": [], "22": [], "23": [], "24": [], "25": [], "26": [], "27": [], "28": []}, "join_predecessors": {"0": [1, 2], "1": [3, 5], "2": [4, 6], "3": [7, 11], "4": [8, 12], "5": [9, 13], "6": [10, 14], "7": [15, 23], "8": [16, 24], "9": [17, 25], "10": [18, 26], "11": [19, 27], "12": [20, 28], "13": [21], "14": [22], "15": [], "16": [], "17": [], "18": [], "19": [], "20": [], "21": [], "22": [], "23": [], "24": [], "25": [], "26": [], "27": [], "28": []}, "leaf_joins": [15, 16], "opt_time": 4.9420859813690186, "status": 2, "intermediate_costs": [[[0, 1, 2, 3, 4, 5, 6, 7, 10, 12, 13, 14, 15, 16, 17, 18, 20, 21, 22, 23, 24, 26, 27, 28, 29], 7433234.895296436], [[8, 9, 11, 19, 25], 2436279.3564179107], [[0, 1, 2, 3, 4, 6, 7, 10, 12, 13, 14, 15, 16, 17, 18, 20, 21, 22, 23, 24, 26, 27, 28], 7540963.706629511], [[8, 9, 11, 25], 2473192.68], [[5, 29], 2745000.0], [[0, 2, 3, 4, 6, 7, 10, 12, 13, 14, 15, 16, 17, 18, 20, 21, 22, 23, 24, 26, 27, 28], 7540963.70662951], [[9, 11, 25], 2523666.0], [[0, 2, 3, 4, 7, 10, 12, 13, 14, 15, 16, 17, 18, 20, 21, 22, 23, 24, 26, 27, 28], 1238246.9444359965], [[9, 25], 74000.0]]}