{"costs": 85602, "root_join": 28, "join_operands": {"0": [5, 11], "1": [1, 5, 11], "2": [1, 4, 5, 11], "3": [1, 4, 5, 11, 19], "4": [1, 4, 5, 11, 19, 25], "5": [1, 4, 5, 11, 18, 19, 25], "6": [1, 4, 5, 10, 11, 18, 19, 25], "7": [1, 4, 5, 10, 11, 18, 19, 25, 26], "8": [1, 4, 5, 10, 11, 12, 18, 19, 25, 26], "9": [1, 4, 5, 10, 11, 12, 16, 18, 19, 25, 26], "10": [1, 2, 4, 5, 10, 11, 12, 16, 18, 19, 25, 26], "11": [1, 2, 4, 5, 10, 11, 12, 14, 16, 18, 19, 25, 26], "12": [1, 2, 4, 5, 10, 11, 12, 14, 16, 18, 19, 22, 25, 26], "13": [1, 2, 4, 5, 10, 11, 12, 14, 16, 18, 19, 21, 22, 25, 26], "14": [1, 2, 4, 5, 9, 10, 11, 12, 14, 16, 18, 19, 21, 22, 25, 26], "15": [1, 2, 3, 4, 5, 9, 10, 11, 12, 14, 16, 18, 19, 21, 22, 25, 26], "16": [1, 2, 3, 4, 5, 9, 10, 11, 12, 14, 16, 18, 19, 20, 21, 22, 25, 26], "17": [1, 2, 3, 4, 5, 9, 10, 11, 12, 14, 16, 18, 19, 20, 21, 22, 24, 25, 26], "18": [1, 2, 3, 4, 5, 8, 9, 10, 11, 12, 14, 16, 18, 19, 20, 21, 22, 24, 25, 26], "19": [0, 1, 2, 3, 4, 5, 8, 9, 10, 11, 12, 14, 16, 18, 19, 20, 21, 22, 24, 25, 26], "20": [0, 1, 2, 3, 4, 5, 7, 8, 9, 10, 11, 12, 14, 16, 18, 19, 20, 21, 22, 24, 25, 26], "21": [0, 1, 2, 3, 4, 5, 7, 8, 9, 10, 11, 12, 14, 16, 18, 19, 20, 21, 22, 24, 25, 26, 27], "22": [0, 1, 2, 3, 4, 5, 7, 8, 9, 10, 11, 12, 14, 16, 18, 19, 20, 21, 22, 23, 24, 25, 26, 27], "23": [0, 1, 2, 3, 4, 5, 7, 8, 9, 10, 11, 12, 14, 15, 16, 18, 19, 20, 21, 22, 23, 24, 25, 26, 27], "24": [0, 1, 2, 3, 4, 5, 7, 8, 9, 10, 11, 12, 14, 15, 16, 18, 19, 20, 21, 22, 23, 24, 25, 26, 27, 29], "25": [0, 1, 2, 3, 4, 5, 7, 8, 9, 10, 11, 12, 13, 14, 15, 16, 18, 19, 20, 21, 22, 23, 24, 25, 26, 27, 29], "26": [0, 1, 2, 3, 4, 5, 6, 7, 8, 9, 10, 11, 12, 13, 14, 15, 16, 18, 19, 20, 21, 22, 23, 24, 25, 26, 27, 29], "27": [0, 1, 2, 3, 4, 5, 6, 7, 8, 9, 10, 11, 12, 13, 14, 15, 16, 17, 18, 19, 20, 21, 22, 23, 24, 25, 26, 27, 29], "28": [0, 1, 2, 3, 4, 5, 6, 7, 8, 9, 10, 11, 12, 13, 14, 15, 16, 17, 18, 19, 20, 21, 22, 23, 24, 25, 26, 27, 28, 29]}, "join_predecessors": {"0": [], "1": [0], "2": [1], "3": [2], "4": [3], "5": [4], "6": [5], "7": [6], "8": [7], "9": [8], "10": [9], "11": [10], "12": [11], "13": [12], "14": [13], "15": [14], "16": [15], "17": [16], "18": [17], "19": [18], "20": [19], "21": [20], "22": [21], "23": [22], "24": [23], "25": [24], "26": [25], "27": [26], "28": [27]}, "intermediate_costs": [[[5, 11], 592.0], [[1, 5, 11], 587.6114556213017], [[1, 4, 5, 11], 421.13944418934096], [[1, 4, 5, 11, 19], 422.52920435516575], [[1, 4, 5, 11, 19, 25], 423.95565429982236], [[1, 4, 5, 11, 18, 19, 25], 425.3867617094512], [[1, 4, 5, 10, 11, 18, 19, 25], 3034.709158035225], [[1, 4, 5, 10, 11, 18, 19, 25, 26], 3044.9272926686094], [[1, 4, 5, 10, 11, 12, 18, 19, 25, 26], 24458.084093273807], [[1, 4, 5, 10, 11, 12, 16, 18, 19, 25, 26], 144.89913632770867], [[1, 2, 4, 5, 10, 11, 12, 16, 18, 19, 25, 26], 145.38830170169885], [[1, 2, 4, 5, 10, 11, 12, 14, 16, 18, 19, 25, 26], 145.87912106760115], [[1, 2, 4, 5, 10, 11, 12, 14, 16, 18, 19, 22, 25, 26], 1191.3523106225853], [[1, 2, 4, 5, 10, 11, 12, 14, 16, 18, 19, 21, 22, 25, 26], 1195.372893070565], [[1, 2, 4, 5, 9, 10, 11, 12, 14, 16, 18, 19, 21, 22, 25, 26], 1527.7051479023946], [[1, 2, 3, 4, 5, 9, 10, 11, 12, 14, 16, 18, 19, 21, 22, 25, 26], 919.71580563426], [[1, 2, 3, 4, 5, 9, 10, 11, 12, 14, 16, 18, 19, 20, 21, 22, 25, 26], 908.70987316017], [[1, 2, 3, 4, 5, 9, 10, 11, 12, 14, 16, 18, 19, 20, 21, 22, 24, 25, 26], 911.7691963998092], [[1, 2, 3, 4, 5, 8, 9, 10, 11, 12, 14, 16, 18, 19, 20, 21, 22, 24, 25, 26], 914.8388193610218], [[0, 1, 2, 3, 4, 5, 8, 9, 10, 11, 12, 14, 16, 18, 19, 20, 21, 22, 24, 25, 26], 906.9995523623679], [[0, 1, 2, 3, 4, 5, 7, 8, 9, 10, 11, 12, 14, 16, 18, 19, 20, 21, 22, 24, 25, 26], 910.0605374206458], [[0, 1, 2, 3, 4, 5, 7, 8, 9, 10, 11, 12, 14, 16, 18, 19, 20, 21, 22, 24, 25, 26, 27], 910.4068264587113], [[0, 1, 2, 3, 4, 5, 7, 8, 9, 10, 11, 12, 14, 16, 18, 19, 20, 21, 22, 23, 24, 25, 26, 27], 913.4793105470287], [[0, 1, 2, 3, 4, 5, 7, 8, 9, 10, 11, 12, 14, 15, 16, 18, 19, 20, 21, 22, 23, 24, 25, 26, 27], 916.5629952499056], [[0, 1, 2, 3, 4, 5, 7, 8, 9, 10, 11, 12, 14, 15, 16, 18, 19, 20, 21, 22, 23, 24, 25, 26, 27, 29], 919.6572102264018], [[0, 1, 2, 3, 4, 5, 7, 8, 9, 10, 11, 12, 13, 14, 15, 16, 18, 19, 20, 21, 22, 23, 24, 25, 26, 27, 29], 922.7619304000661], [[0, 1, 2, 3, 4, 5, 6, 7, 8, 9, 10, 11, 12, 13, 14, 15, 16, 18, 19, 20, 21, 22, 23, 24, 25, 26, 27, 29], 925.8739902437683], [[0, 1, 2, 3, 4, 5, 6, 7, 8, 9, 10, 11, 12, 13, 14, 15, 16, 17, 18, 19, 20, 21, 22, 23, 24, 25, 26, 27, 29], 36860.31083456298]]}