{"costs": 77057, "root_join": 28, "join_operands": {"0": [23, 28], "1": [22, 23, 28], "2": [3, 22, 23, 28], "3": [3, 10, 22, 23, 28], "4": [1, 3, 10, 22, 23, 28], "5": [1, 3, 10, 13, 22, 23, 28], "6": [1, 3, 10, 13, 18, 22, 23, 28], "7": [1, 3, 9, 10, 13, 18, 22, 23, 28], "8": [1, 3, 5, 9, 10, 13, 18, 22, 23, 28], "9": [1, 3, 5, 9, 10, 13, 18, 22, 23, 26, 28], "10": [1, 3, 5, 9, 10, 13, 18, 21, 22, 23, 26, 28], "11": [1, 3, 5, 9, 10, 13, 16, 18, 21, 22, 23, 26, 28], "12": [1, 3, 5, 6, 9, 10, 13, 16, 18, 21, 22, 23, 26, 28], "13": [1, 3, 5, 6, 9, 10, 12, 13, 16, 18, 21, 22, 23, 26, 28], "14": [1, 3, 5, 6, 9, 10, 12, 13, 16, 18, 21, 22, 23, 24, 26, 28], "15": [1, 3, 5, 6, 9, 10, 12, 13, 16, 18, 21, 22, 23, 24, 26, 27, 28], "16": [1, 3, 5, 6, 9, 10, 12, 13, 16, 18, 20, 21, 22, 23, 24, 26, 27, 28], "17": [1, 3, 5, 6, 9, 10, 12, 13, 16, 18, 19, 20, 21, 22, 23, 24, 26, 27, 28], "18": [1, 3, 5, 6, 9, 10, 12, 13, 16, 18, 19, 20, 21, 22, 23, 24, 25, 26, 27, 28], "19": [1, 3, 5, 6, 9, 10, 11, 12, 13, 16, 18, 19, 20, 21, 22, 23, 24, 25, 26, 27, 28], "20": [1, 3, 5, 6, 8, 9, 10, 11, 12, 13, 16, 18, 19, 20, 21, 22, 23, 24, 25, 26, 27, 28], "21": [1, 3, 5, 6, 7, 8, 9, 10, 11, 12, 13, 16, 18, 19, 20, 21, 22, 23, 24, 25, 26, 27, 28], "22": [0, 1, 3, 5, 6, 7, 8, 9, 10, 11, 12, 13, 16, 18, 19, 20, 21, 22, 23, 24, 25, 26, 27, 28], "23": [0, 1, 3, 5, 6, 7, 8, 9, 10, 11, 12, 13, 16, 17, 18, 19, 20, 21, 22, 23, 24, 25, 26, 27, 28], "24": [0, 1, 3, 5, 6, 7, 8, 9, 10, 11, 12, 13, 15, 16, 17, 18, 19, 20, 21, 22, 23, 24, 25, 26, 27, 28], "25": [0, 1, 3, 5, 6, 7, 8, 9, 10, 11, 12, 13, 14, 15, 16, 17, 18, 19, 20, 21, 22, 23, 24, 25, 26, 27, 28], "26": [0, 1, 3, 5, 6, 7, 8, 9, 10, 11, 12, 13, 14, 15, 16, 17, 18, 19, 20, 21, 22, 23, 24, 25, 26, 27, 28, 29], "27": [0, 1, 2, 3, 5, 6, 7, 8, 9, 10, 11, 12, 13, 14, 15, 16, 17, 18, 19, 20, 21, 22, 23, 24, 25, 26, 27, 28, 29], "28": [0, 1, 2, 3, 4, 5, 6, 7, 8, 9, 10, 11, 12, 13, 14, 15, 16, 17, 18, 19, 20, 21, 22, 23, 24, 25, 26, 27, 28, 29]}, "join_predecessors": {"0": [], "1": [0], "2": [1], "3": [2], "4": [3], "5": [4], "6": [5], "7": [6], "8": [7], "9": [8], "10": [9], "11": [10], "12": [11], "13": [12], "14": [13], "15": [14], "16": [15], "17": [16], "18": [17], "19": [18], "20": [19], "21": [20], "22": [21], "23": [22], "24": [23], "25": [24], "26": [25], "27": [26], "28": [27]}, "intermediate_costs": [[[23, 28], 1922.0], [[22, 23, 28], 0.6769076382230744], [[3, 22, 23, 28], 2.3632812377662917], [[3, 10, 22, 23, 28], 4.853545765857636], [[1, 3, 10, 22, 23, 28], 9.967880832256354], [[1, 3, 10, 13, 22, 23, 28], 20.294366547568753], [[1, 3, 10, 13, 18, 22, 23, 28], 41.679185385830046], [[1, 3, 9, 10, 13, 18, 22, 23, 28], 85.59654302687916], [[1, 3, 5, 9, 10, 13, 18, 22, 23, 28], 231.87736509454086], [[1, 3, 5, 9, 10, 13, 18, 22, 23, 26, 28], 0.4628680098636724], [[1, 3, 5, 9, 10, 13, 18, 21, 22, 23, 26, 28], 0.49402313492790884], [[1, 3, 5, 9, 10, 13, 16, 18, 21, 22, 23, 26, 28], 0.9549089360194775], [[1, 3, 5, 6, 9, 10, 13, 16, 18, 21, 22, 23, 26, 28], 1.9611266930112468], [[1, 3, 5, 6, 9, 10, 12, 13, 16, 18, 21, 22, 23, 26, 28], 0.0011342186337931026], [[1, 3, 5, 6, 9, 10, 12, 13, 16, 18, 21, 22, 23, 24, 26, 28], 0.002329380885812224], [[1, 3, 5, 6, 9, 10, 12, 13, 16, 18, 21, 22, 23, 24, 26, 27, 28], 0.0068983856206879055], [[1, 3, 5, 6, 9, 10, 12, 13, 16, 18, 20, 21, 22, 23, 24, 26, 27, 28], 0.008540181532650301], [[1, 3, 5, 6, 9, 10, 12, 13, 16, 18, 19, 20, 21, 22, 23, 24, 26, 27, 28], 0.01753924257460014], [[1, 3, 5, 6, 9, 10, 12, 13, 16, 18, 19, 20, 21, 22, 23, 24, 25, 26, 27, 28], 0.41585726120039895], [[1, 3, 5, 6, 9, 10, 11, 12, 13, 16, 18, 19, 20, 21, 22, 23, 24, 25, 26, 27, 28], 0.8540593010564365], [[1, 3, 5, 6, 8, 9, 10, 11, 12, 13, 16, 18, 19, 20, 21, 22, 23, 24, 25, 26, 27, 28], 186.48107790062315], [[1, 3, 5, 6, 7, 8, 9, 10, 11, 12, 13, 16, 18, 19, 20, 21, 22, 23, 24, 25, 26, 27, 28], 373.64108553427747], [[0, 1, 3, 5, 6, 7, 8, 9, 10, 11, 12, 13, 16, 18, 19, 20, 21, 22, 23, 24, 25, 26, 27, 28], 767.3584860377063], [[0, 1, 3, 5, 6, 7, 8, 9, 10, 11, 12, 13, 16, 17, 18, 19, 20, 21, 22, 23, 24, 25, 26, 27, 28], 1575.9483335514], [[0, 1, 3, 5, 6, 7, 8, 9, 10, 11, 12, 13, 15, 16, 17, 18, 19, 20, 21, 22, 23, 24, 25, 26, 27, 28], 3236.564491322849], [[0, 1, 3, 5, 6, 7, 8, 9, 10, 11, 12, 13, 14, 15, 16, 17, 18, 19, 20, 21, 22, 23, 24, 25, 26, 27, 28], 11295.882572805367], [[0, 1, 3, 5, 6, 7, 8, 9, 10, 11, 12, 13, 14, 15, 16, 17, 18, 19, 20, 21, 22, 23, 24, 25, 26, 27, 28, 29], 18902.619611923332], [[0, 1, 2, 3, 5, 6, 7, 8, 9, 10, 11, 12, 13, 14, 15, 16, 17, 18, 19, 20, 21, 22, 23, 24, 25, 26, 27, 28, 29], 38394.29125449693]]}