{"costs": 24489956, "root_join": 28, "join_operands": {"0": [0, 3, 7, 8, 10, 17, 22, 23, 28], "1": [3, 7, 8, 10, 17, 22, 23, 28], "2": [3, 7, 8, 10, 22, 23, 28], "3": [3, 8, 10, 22, 23, 28], "4": [3, 10, 22, 23, 28], "5": [3, 22, 23, 28], "6": [22, 23, 28], "7": [23, 28], "8": [0, 3, 7, 8, 10, 15, 17, 22, 23, 28], "9": [0, 2, 3, 7, 8, 10, 14, 15, 17, 22, 23, 28, 29], "10": [2, 14, 29], "11": [14, 29], "12": [0, 2, 3, 7, 8, 9, 10, 14, 15, 17, 18, 22, 23, 28, 29], "13": [9, 18], "14": [0, 2, 3, 7, 8, 9, 10, 14, 15, 17, 18, 22, 23, 25, 28, 29], "15": [0, 1, 2, 3, 5, 6, 7, 8, 9, 10, 12, 13, 14, 15, 16, 17, 18, 19, 20, 21, 22, 23, 24, 25, 26, 27, 28, 29], "16": [1, 5, 6, 12, 13, 16, 19, 20, 21, 24, 26, 27], "17": [1, 5, 6, 12, 19, 20, 21, 24, 26, 27], "18": [5, 6, 12, 19, 20, 21, 24, 26, 27], "19": [5, 26], "20": [5, 21, 26], "21": [5, 21, 26, 27], "22": [5, 6, 12, 21, 26, 27], "23": [6, 12], "24": [5, 6, 12, 20, 21, 26, 27], "25": [5, 6, 12, 20, 21, 24, 26, 27], "26": [1, 5, 6, 12, 16, 19, 20, 21, 24, 26, 27], "27": [0, 1, 2, 3, 5, 6, 7, 8, 9, 10, 11, 12, 13, 14, 15, 16, 17, 18, 19, 20, 21, 22, 23, 24, 25, 26, 27, 28, 29], "28": [0, 1, 2, 3, 4, 5, 6, 7, 8, 9, 10, 11, 12, 13, 14, 15, 16, 17, 18, 19, 20, 21, 22, 23, 24, 25, 26, 27, 28, 29]}, "join_predecessors": {"0": [1], "2": [3], "3": [4], "4": [5], "5": [6], "6": [7], "7": [], "1": [2], "8": [0], "9": [8, 10], "11": [], "10": [11], "12": [9, 13], "13": [], "14": [12], "15": [14, 16], "17": [18], "19": [], "20": [19], "21": [20], "22": [21, 23], "23": [], "24": [22], "25": [24], "18": [25], "26": [17], "16": [26], "27": [15], "28": [27]}, "intermediate_costs": [[[0, 3, 7, 8, 10, 17, 22, 23, 28], 8955.97923008083], [[3, 7, 8, 10, 17, 22, 23, 28], 4360.832469356978], [[3, 7, 8, 10, 22, 23, 28], 2123.3702465415895], [[3, 8, 10, 22, 23, 28], 1059.755973546067], [[3, 10, 22, 23, 28], 4.853545765857636], [[3, 22, 23, 28], 2.3632812377662917], [[22, 23, 28], 0.6769076382230744], [[23, 28], 1922.0], [[0, 3, 7, 8, 10, 15, 17, 22, 23, 28], 18393.11844429775], [[0, 2, 3, 7, 8, 10, 14, 15, 17, 22, 23, 28, 29], 218191.46459837508], [[2, 14, 29], 941512.8573574007], [[14, 29], 463534.0], [[0, 2, 3, 7, 8, 9, 10, 14, 15, 17, 18, 22, 23, 28, 29], 920276.8188805586], [[9, 18], 20537.0], [[0, 2, 3, 7, 8, 9, 10, 14, 15, 17, 18, 22, 23, 25, 28, 29], 21819858.857537333], [[0, 1, 2, 3, 5, 6, 7, 8, 9, 10, 12, 13, 14, 15, 16, 17, 18, 19, 20, 21, 22, 23, 24, 25, 26, 27, 28, 29], 18694.890140620868], [[1, 5, 6, 12, 13, 16, 19, 20, 21, 24, 26, 27], 330.8266288959152], [[1, 5, 6, 12, 19, 20, 21, 24, 26, 27], 84.0645952770848], [[5, 6, 12, 19, 20, 21, 24, 26, 27], 40.93261514848955], [[5, 26], 2088.0], [[5, 21, 26], 2228.5409312112224], [[5, 21, 26, 27], 6599.751379698238], [[5, 6, 12, 21, 26, 27], 7.839031253031227], [[6, 12], 561.0], [[5, 6, 12, 20, 21, 26, 27], 9.704698116648618], [[5, 6, 12, 20, 21, 24, 26, 27], 19.930847212322224], [[1, 5, 6, 12, 16, 19, 20, 21, 24, 26, 27], 162.4904332560522], [[0, 1, 2, 3, 5, 6, 7, 8, 9, 10, 11, 12, 13, 14, 15, 16, 17, 18, 19, 20, 21, 22, 23, 24, 25, 26, 27, 28, 29], 38394.29125449693]]}