{"costs": 348, "join_operands": {"0": [0, 1, 2, 3, 4, 5, 6, 7, 8, 9, 10, 11], "1": [0, 1, 2, 3, 4, 5, 7, 8, 9, 10, 11], "2": [], "3": [0, 1, 2, 3, 4, 7, 8, 9, 10, 11], "4": [], "5": [], "6": [], "7": [0, 1, 2, 3, 7, 8, 9, 10, 11], "8": [], "9": [], "10": [], "11": [0, 1, 2, 7, 8, 9, 10, 11], "12": [0, 1, 7, 8, 9, 10, 11], "13": [0, 7, 8, 9, 10, 11], "14": [7, 8, 9, 10, 11], "15": [8, 9, 10, 11], "16": [9, 10, 11], "17": [10, 11]}, "join_predecessors": {"0": [1, 2], "1": [3, 5], "2": [4, 6], "3": [7], "4": [8], "5": [9], "6": [10], "7": [11], "8": [], "9": [], "10": [], "11": [12], "12": [13], "13": [14], "14": [15], "15": [16], "16": [17], "17": []}, "leaf_joins": [], "opt_time": 1.7919700145721436, "status": 2, "intermediate_costs": [[[0, 1, 2, 3, 4, 5, 7, 8, 9, 10, 11], 2.530184588307313e-63], [[0, 1, 2, 3, 4, 7, 8, 9, 10, 11], 1.0855821286590576e-60], [[0, 1, 2, 3, 7, 8, 9, 10, 11], 1.1565582670952523e-60], [[0, 1, 2, 7, 8, 9, 10, 11], 6.107443903113607e-60], [[0, 1, 7, 8, 9, 10, 11], 7.466741787753223e-60], [[0, 7, 8, 9, 10, 11], 7.466741787753223e-60], [[7, 8, 9, 10, 11], 3.804510814961412e-35], [[8, 9, 10, 11], 7.527291979053443e-17], [[9, 10, 11], 0.001425676281075425], [[10, 11], 348.0]]}