{"costs": 105431, "join_operands": {"0": [0, 1, 2, 3, 4, 5, 6, 7, 8], "1": [0, 1, 3, 4, 5, 6, 7, 8], "2": [], "3": [0, 1, 4, 5, 6, 7, 8], "4": [], "5": [], "6": [], "7": [0, 1, 4, 5, 7, 8], "8": [0, 1, 4, 5, 8], "9": [0, 1, 4, 5], "10": [0, 1, 4], "11": [1, 4]}, "join_predecessors": {"0": [1, 2], "1": [3, 5], "2": [4, 6], "3": [7], "4": [], "5": [], "6": [], "7": [8], "8": [9], "9": [10], "10": [11], "11": []}, "leaf_joins": [], "opt_time": 0.5532031059265137, "status": 2, "intermediate_costs": [[[0, 1, 3, 4, 5, 6, 7, 8], 2.616024776611962e-14], [[0, 1, 4, 5, 6, 7, 8], 1.2780420578249586e-13], [[0, 1, 4, 5, 7, 8], 0.012267635169274023], [[0, 1, 4, 5, 8], 19868.448384670053], [[0, 1, 4, 5], 75787.11837279092], [[0, 1, 4], 9775.0], [[1, 4], 1.0]]}