{"costs": 9, "join_operands": {"0": [0, 1, 2, 3, 4, 5, 6, 7, 8, 9, 10, 11], "1": [0, 1, 3, 4, 5, 6, 7, 8, 9, 10, 11], "2": [], "3": [0, 3, 4, 5, 6, 7, 8, 9, 10, 11], "4": [], "5": [], "6": [], "7": [0, 3, 4, 5, 6, 7, 9, 10, 11], "8": [], "9": [], "10": [], "11": [3, 4, 5, 6, 7, 9, 10, 11], "12": [3, 4, 5, 6, 7, 10, 11], "13": [3, 4, 5, 6, 7, 11], "14": [3, 4, 6, 7, 11], "15": [3, 4, 6, 11], "16": [3, 4, 11], "17": [3, 4]}, "join_predecessors": {"0": [1, 2], "1": [3, 5], "2": [4, 6], "3": [7], "4": [8], "5": [9], "6": [10], "7": [11], "8": [], "9": [], "10": [], "11": [12], "12": [13], "13": [14], "14": [15], "15": [16], "16": [17], "17": []}, "leaf_joins": [], "opt_time": 1.068953037261963, "status": 2, "intermediate_costs": [[[0, 1, 3, 4, 5, 6, 7, 8, 9, 10, 11], 1.4605760693752714e-12], [[0, 3, 4, 5, 6, 7, 8, 9, 10, 11], 4.651012531685331e-19], [[0, 3, 4, 5, 6, 7, 9, 10, 11], 2.85983685224736e-05], [[3, 4, 5, 6, 7, 9, 10, 11], 0.00013588912191709522], [[3, 4, 5, 6, 7, 10, 11], 2.717184657717207e-09], [[3, 4, 5, 6, 7, 11], 2.717184657717207e-09], [[3, 4, 6, 7, 11], 9.057282192390689e-10], [[3, 4, 6, 11], 0.001365972565567833], [[3, 4, 11], 8.0], [[3, 4], 1.0]]}