{"costs": 2816361, "root_join": 0, "join_operands": {"0": [0, 1, 2, 3, 4, 5, 6, 7, 8, 9, 10, 11, 12, 13, 14, 15, 16, 17, 18, 19], "1": [0, 8, 13, 15], "2": [1, 2, 3, 4, 5, 6, 7, 9, 10, 11, 12, 14, 16, 17, 18, 19], "3": [0, 13, 15], "4": [1, 2, 3, 4, 5, 6, 7, 10, 11, 12, 16, 17, 18, 19], "5": [], "6": [9, 14], "7": [13, 15], "8": [1, 2, 3, 4, 5, 6, 7, 10, 11, 12, 16, 17, 18], "9": [], "10": [], "11": [], "12": [], "13": [], "14": [], "15": [], "16": [1, 2, 3, 4, 5, 6, 10, 11, 12, 16, 17, 18], "17": [], "18": [], "19": [1, 2, 3, 4, 5, 6, 10, 11, 12, 17, 18], "20": [2, 3, 4, 5, 6, 10, 11, 12, 17, 18], "21": [2, 3, 5, 6, 12, 18], "22": [3, 5, 6, 12, 18], "23": [3, 5, 6], "24": [5, 6], "25": [3, 5, 6, 18], "26": [2, 3, 4, 5, 6, 12, 18], "27": [2, 3, 4, 5, 6, 10, 12, 18], "28": [2, 3, 4, 5, 6, 10, 12, 17, 18]}, "join_predecessors": {"0": [1, 2], "1": [3], "2": [4, 6], "3": [7], "4": [8], "5": [], "6": [], "7": [], "8": [16], "9": [], "10": [], "11": [], "12": [], "13": [], "14": [], "15": [], "16": [19], "17": [], "18": [], "19": [20], "21": [22], "23": [24], "24": [], "25": [23], "22": [25], "26": [21], "27": [26], "28": [27], "20": [28]}, "intermediate_costs": [[[0, 8, 13, 15], 122721.78891606518], [[1, 2, 3, 4, 5, 6, 7, 9, 10, 11, 12, 14, 16, 17, 18, 19], 1325693.47250083], [[0, 13, 15], 74341.452], [[1, 2, 3, 4, 5, 6, 7, 10, 11, 12, 16, 17, 18, 19], 481467.108204647], [[9, 14], 29868.0], [[13, 15], 44802.0], [[1, 2, 3, 4, 5, 6, 7, 10, 11, 12, 16, 17, 18], 290150.8107339404], [[1, 2, 3, 4, 5, 6, 10, 11, 12, 16, 17, 18], 174856.15787319312], [[1, 2, 3, 4, 5, 6, 10, 11, 12, 17, 18], 105375.11872664496], [[2, 3, 4, 5, 6, 10, 11, 12, 17, 18], 63503.21531908456], [[2, 3, 5, 6, 12, 18], 8765.783468262236], [[3, 5, 6, 12, 18], 5822.868317419001], [[3, 5, 6], 4276.979631029619], [[5, 6], 1198.0], [[3, 5, 6, 18], 7018.22861040712], [[2, 3, 4, 5, 6, 12, 18], 14222.41922296527], [[2, 3, 4, 5, 6, 10, 12, 18], 23600.235292451205], [[2, 3, 4, 5, 6, 10, 12, 17, 18], 38677.93286863284]]}