{"costs": 105433, "join_operands": {"0": [0, 1, 2, 3, 4, 5, 6, 7, 8], "1": [0, 1, 2, 3, 4, 5, 6, 8], "2": [], "3": [0, 1, 2, 3, 4, 5, 8], "4": [], "5": [], "6": [], "7": [0, 1, 2, 3, 4, 5], "8": [0, 1, 2, 3, 4], "9": [1, 2, 3, 4], "10": [2, 3, 4], "11": [3, 4]}, "join_predecessors": {"0": [1, 2], "1": [3, 5], "2": [4, 6], "3": [7], "4": [], "5": [], "6": [], "7": [8], "8": [9], "9": [10], "10": [11], "11": []}, "leaf_joins": [], "opt_time": 0.47464919090270996, "status": 2, "intermediate_costs": [[[0, 1, 2, 3, 4, 5, 6, 8], 0.041534615173704145], [[0, 1, 2, 3, 4, 5, 8], 19868.448384670053], [[0, 1, 2, 3, 4, 5], 75787.11837279092], [[0, 1, 2, 3, 4], 9775.0], [[1, 2, 3, 4], 1.0], [[2, 3, 4], 1.0], [[3, 4], 1.0]]}