{"costs": 35560.0, "root_join": 0, "join_operands": {"0": [0, 1, 2, 3, 4, 5], "1": [2], "2": [0, 1, 3, 4, 5], "3": [4], "4": [0, 1, 3, 5], "5": [5], "6": [0, 1, 3], "7": [3], "8": [0, 1], "9": [0], "10": [1]}, "join_predecessors": {"0": [1, 2], "2": [3, 4], "4": [5, 6], "6": [7, 8], "8": [9, 10]}, "intermediate_costs": [[[0, 1, 3, 4, 5], 7052.949999999999], [[0, 1, 3, 5], 7052.949999999999], [[0, 1, 3], 7052.95], [[0, 1], 14402.0]]}