{"costs": 5826804, "root_join": 7, "join_operands": {"0": [0, 15, 16], "1": [15, 16], "2": [0, 4, 15, 16], "3": [0, 4, 5, 15, 16], "4": [0, 1, 4, 5, 15, 16], "5": [0, 1, 4, 5, 8, 15, 16], "6": [0, 1, 4, 5, 7, 8, 15, 16], "7": [0, 1, 2, 3, 4, 5, 6, 7, 8, 9, 10, 11, 12, 13, 14, 15, 16, 17, 18, 19], "8": [2, 3, 6, 9, 10, 11, 12, 13, 14, 17, 18, 19], "9": [2, 9, 10, 11, 13, 14, 17, 18, 19], "10": [2, 10, 11, 13, 14, 17, 18, 19], "11": [13, 14, 17, 18, 19], "12": [13, 14, 17, 18], "13": [13, 17], "14": [13, 14, 17], "15": [10, 13, 14, 17, 18, 19], "16": [2, 10, 13, 14, 17, 18, 19], "17": [3, 6, 12], "18": [3, 12]}, "join_predecessors": {"0": [1], "1": [], "2": [0], "3": [2], "4": [3], "5": [4], "6": [5], "7": [6, 8], "9": [10], "11": [12], "13": [], "14": [13], "12": [14], "15": [11], "16": [15], "10": [16], "8": [9, 17], "18": [], "17": [18]}, "intermediate_costs": [[[0, 15, 16], 10075.341131007635], [[15, 16], 7459.0], [[0, 4, 15, 16], 131659.446507434], [[0, 4, 5, 15, 16], 598460.3842754076], [[0, 1, 4, 5, 15, 16], 771633.4978191978], [[0, 1, 4, 5, 8, 15, 16], 1042293.8399164331], [[0, 1, 4, 5, 7, 8, 15, 16], 1407891.8553087136], [[2, 3, 6, 9, 10, 11, 12, 13, 14, 17, 18, 19], 147140.73463854994], [[2, 9, 10, 11, 13, 14, 17, 18, 19], 76097.7714348062], [[2, 10, 11, 13, 14, 17, 18, 19], 56336.88367365867], [[13, 14, 17, 18, 19], 23325.414921200412], [[13, 14, 17, 18], 246.31202359307957], [[13, 17], 135.0], [[13, 14, 17], 182.35164705882352], [[10, 13, 14, 17, 18, 19], 31507.104716292037], [[2, 10, 13, 14, 17, 18, 19], 41707.4561083358], [[3, 6, 12], 794465.1421894303], [[3, 12], 686187.0]]}