{"costs": 1719786, "root_join": 0, "join_operands": {"0": [0, 1, 2, 3, 4, 5, 6, 7, 8, 9, 10, 11, 12, 13, 14, 15, 16, 17, 18, 19], "1": [0, 1, 2, 3, 4, 5, 6, 7, 8, 9, 10, 12, 13, 14, 16, 17, 18, 19], "2": [11, 15], "3": [0, 2, 3, 4, 5, 6, 7, 8, 9, 10, 12, 13, 14, 16, 17, 18, 19], "4": [], "5": [], "6": [], "7": [0, 2, 4, 5, 6, 7, 8, 9, 10, 12, 13, 14, 16, 17, 18, 19], "8": [], "9": [], "10": [], "11": [], "12": [], "13": [], "14": [], "15": [0, 9], "16": [0, 5, 9], "17": [0, 5, 9, 17], "18": [0, 5, 8, 9, 17], "19": [0, 5, 8, 9, 12, 17], "20": [0, 5, 8, 9, 12, 14, 17], "21": [0, 2, 5, 8, 9, 12, 14, 17], "22": [0, 2, 5, 7, 8, 9, 12, 14, 17], "23": [0, 2, 5, 7, 8, 9, 12, 14, 16, 17], "24": [0, 2, 5, 7, 8, 9, 12, 14, 16, 17, 19], "25": [0, 2, 4, 5, 7, 8, 9, 12, 14, 16, 17, 19], "26": [0, 2, 4, 5, 7, 8, 9, 10, 12, 14, 16, 17, 19], "27": [0, 2, 4, 5, 7, 8, 9, 10, 12, 14, 16, 17, 18, 19], "28": [0, 2, 4, 5, 7, 8, 9, 10, 12, 13, 14, 16, 17, 18, 19]}, "join_predecessors": {"0": [1, 2], "1": [3], "2": [], "3": [7], "4": [], "5": [], "6": [], "7": [28], "8": [], "9": [], "10": [], "11": [], "12": [], "13": [], "14": [], "15": [], "16": [15], "17": [16], "18": [17], "19": [18], "20": [19], "21": [20], "22": [21], "23": [22], "24": [23], "25": [24], "26": [25], "27": [26], "28": [27]}, "intermediate_costs": [[[0, 1, 2, 3, 4, 5, 6, 7, 8, 9, 10, 12, 13, 14, 16, 17, 18, 19], 791579.5350289209], [[11, 15], 616333.0], [[0, 2, 3, 4, 5, 6, 7, 8, 9, 10, 12, 13, 14, 16, 17, 18, 19], 223946.15880860953], [[0, 2, 4, 5, 6, 7, 8, 9, 10, 12, 13, 14, 16, 17, 18, 19], 63356.719850145215], [[0, 9], 13.0], [[0, 5, 9], 0.00017037037037037034], [[0, 5, 9, 17], 1.550936465679012], [[0, 5, 8, 9, 17], 3.353082453605581e-05], [[0, 5, 8, 9, 12, 17], 0.0020640531700235874], [[0, 5, 8, 9, 12, 14, 17], 0.006194529928662555], [[0, 2, 5, 8, 9, 12, 14, 17], 0.021895717020813128], [[0, 2, 5, 7, 8, 9, 12, 14, 17], 0.07739448019085389], [[0, 2, 5, 7, 8, 9, 12, 14, 16, 17], 0.2735651706824092], [[0, 2, 5, 7, 8, 9, 12, 14, 16, 17, 19], 0.9669669261418421], [[0, 2, 4, 5, 7, 8, 9, 12, 14, 16, 17, 19], 85.12358037468567], [[0, 2, 4, 5, 7, 8, 9, 10, 12, 14, 16, 17, 19], 1475.0421212704666], [[0, 2, 4, 5, 7, 8, 9, 10, 12, 14, 16, 17, 18, 19], 5070.967770977812], [[0, 2, 4, 5, 7, 8, 9, 10, 12, 13, 14, 16, 17, 18, 19], 17924.28264024364]]}