{"costs": 3249288, "root_join": 0, "join_operands": {"0": [0, 1, 2, 3, 4, 5, 6, 7, 8, 9, 10, 11, 12, 13, 14, 15, 16, 17, 18, 19, 20, 21, 22, 23, 24, 25, 26, 27, 28, 29], "1": [0, 2, 3, 4, 5, 6, 7, 8, 10, 11, 12, 13, 14, 15, 16, 17, 19, 20, 23, 24, 25, 26, 27, 28], "2": [1, 9, 18, 21, 22, 29], "3": [0, 2, 3, 4, 5, 7, 8, 10, 11, 12, 13, 14, 15, 16, 17, 19, 20, 23, 24, 25, 27, 28], "4": [1, 9, 18, 21, 22], "5": [6, 26], "6": [], "7": [2, 3, 4, 5, 7, 8, 10, 11, 12, 13, 14, 15, 16, 17, 19, 20, 23, 24, 25, 27, 28], "8": [1, 18, 21, 22], "9": [], "10": [], "11": [], "12": [], "13": [], "14": [], "15": [2, 3, 4, 5, 7, 8, 10, 11, 12, 14, 15, 16, 17, 19, 20, 23, 24, 25, 27, 28], "16": [1, 21, 22], "17": [], "18": [], "19": [], "20": [], "21": [], "22": [], "23": [], "24": [], "25": [], "26": [], "27": [], "28": [], "29": [2, 15, 17, 19, 28], "30": [15, 17, 19, 28], "31": [15, 19, 28], "32": [19, 28], "33": [2, 15, 17, 19, 20, 28], "34": [2, 8, 15, 17, 19, 20, 28], "35": [2, 8, 12, 15, 17, 19, 20, 28], "36": [2, 8, 12, 15, 17, 19, 20, 23, 28], "37": [2, 3, 8, 12, 15, 17, 19, 20, 23, 28], "38": [2, 3, 8, 12, 15, 16, 17, 19, 20, 23, 28], "39": [2, 3, 8, 12, 14, 15, 16, 17, 19, 20, 23, 28], "40": [2, 3, 7, 8, 12, 14, 15, 16, 17, 19, 20, 23, 28], "41": [2, 3, 7, 8, 12, 14, 15, 16, 17, 19, 20, 23, 25, 28], "42": [2, 3, 7, 8, 11, 12, 14, 15, 16, 17, 19, 20, 23, 25, 28], "43": [2, 3, 5, 7, 8, 11, 12, 14, 15, 16, 17, 19, 20, 23, 25, 28], "44": [2, 3, 5, 7, 8, 11, 12, 14, 15, 16, 17, 19, 20, 23, 24, 25, 28], "45": [2, 3, 5, 7, 8, 11, 12, 14, 15, 16, 17, 19, 20, 23, 24, 25, 27, 28], "46": [2, 3, 4, 5, 7, 8, 11, 12, 14, 15, 16, 17, 19, 20, 23, 24, 25, 27, 28], "48": [21, 22]}, "join_predecessors": {"0": [1, 2], "1": [3, 5], "2": [4], "3": [7], "4": [8], "5": [], "6": [], "7": [15], "8": [16], "9": [], "10": [], "11": [], "12": [], "13": [], "14": [], "15": [46], "16": [48], "17": [], "18": [], "19": [], "20": [], "21": [], "22": [], "23": [], "24": [], "25": [], "26": [], "27": [], "28": [], "29": [30], "31": [32], "32": [], "30": [31], "33": [29], "34": [33], "35": [34], "36": [35], "37": [36], "38": [37], "39": [38], "40": [39], "41": [40], "42": [41], "43": [42], "44": [43], "45": [44], "46": [45], "48": []}, "intermediate_costs": [[[0, 2, 3, 4, 5, 6, 7, 8, 10, 11, 12, 13, 14, 15, 16, 17, 19, 20, 23, 24, 25, 26, 27, 28], 1845624.6185967203], [[1, 9, 18, 21, 22, 29], 208143.1973609871], [[0, 2, 3, 4, 5, 7, 8, 10, 11, 12, 13, 14, 15, 16, 17, 19, 20, 23, 24, 25, 27, 28], 390957.1288981247], [[1, 9, 18, 21, 22], 94044.71921782008], [[6, 26], 323302.0], [[2, 3, 4, 5, 7, 8, 10, 11, 12, 13, 14, 15, 16, 17, 19, 20, 23, 24, 25, 27, 28], 176148.80050195867], [[1, 18, 21, 22], 42855.92418911627], [[2, 3, 4, 5, 7, 8, 10, 11, 12, 14, 15, 16, 17, 19, 20, 23, 24, 25, 27, 28], 79365.22192922235], [[1, 21, 22], 19309.07228760453], [[2, 15, 17, 19, 28], 0.04851944526665116], [[15, 17, 19, 28], 5.814043762335125], [[15, 19, 28], 0.005833850931677019], [[19, 28], 221.0], [[2, 15, 17, 19, 20, 28], 61.86646707981195], [[2, 8, 15, 17, 19, 20, 28], 2.37897583766513], [[2, 8, 12, 15, 17, 19, 20, 28], 5.209666762939216], [[2, 8, 12, 15, 17, 19, 20, 23, 28], 9.91088585378841], [[2, 3, 8, 12, 15, 17, 19, 20, 23, 28], 21.996917738099544], [[2, 3, 8, 12, 15, 16, 17, 19, 20, 23, 28], 46.78142605925978], [[2, 3, 8, 12, 14, 15, 16, 17, 19, 20, 23, 28], 92.05543497927472], [[2, 3, 7, 8, 12, 14, 15, 16, 17, 19, 20, 23, 28], 203.4258565380002], [[2, 3, 7, 8, 12, 14, 15, 16, 17, 19, 20, 23, 25, 28], 451.49683153474746], [[2, 3, 7, 8, 11, 12, 14, 15, 16, 17, 19, 20, 23, 25, 28], 1002.0837656272689], [[2, 3, 5, 7, 8, 11, 12, 14, 15, 16, 17, 19, 20, 23, 25, 28], 2224.095250856136], [[2, 3, 5, 7, 8, 11, 12, 14, 15, 16, 17, 19, 20, 23, 24, 25, 28], 4936.314453222306], [[2, 3, 5, 7, 8, 11, 12, 14, 15, 16, 17, 19, 20, 23, 24, 25, 27, 28], 16207.516301218218], [[2, 3, 4, 5, 7, 8, 11, 12, 14, 15, 16, 17, 19, 20, 23, 24, 25, 27, 28], 35758.623648959685], [[21, 22], 8287.0]]}