{"costs": 977606.4990337372, "int_costs": [[[0, 1, 2, 3, 4, 5, 6, 7, 8, 9, 10, 11, 12, 13, 14, 15, 16, 17, 18, 19, 20, 21, 22, 23, 24, 26, 27, 28, 29, 30, 31, 32, 33, 34, 35, 36, 37, 38, 39, 40, 41, 42, 43, 44, 45, 46, 47, 48, 49], 511778.8462077021], [[0, 1, 2, 3, 4, 5, 6, 7, 8, 9, 10, 11, 12, 13, 14, 15, 16, 17, 18, 19, 21, 22, 23, 24, 26, 27, 28, 29, 30, 31, 32, 33, 34, 35, 36, 37, 38, 39, 40, 41, 42, 43, 44, 45, 46, 47, 48, 49], 258886.02888823234], [[0, 1, 2, 3, 4, 5, 6, 7, 8, 9, 10, 11, 12, 13, 14, 15, 16, 17, 18, 19, 21, 22, 23, 24, 26, 27, 28, 29, 30, 31, 32, 33, 34, 35, 36, 37, 38, 39, 41, 42, 43, 44, 45, 46, 47, 48, 49], 114588.9751854948], [[0, 1, 2, 3, 4, 5, 6, 7, 8, 9, 10, 11, 12, 13, 15, 16, 17, 18, 19, 21, 22, 23, 24, 26, 27, 28, 29, 30, 31, 32, 33, 34, 35, 36, 37, 38, 39, 41, 42, 43, 44, 45, 46, 47, 48, 49], 50719.744524558926], [[0, 1, 2, 3, 4, 5, 6, 7, 8, 9, 10, 11, 12, 13, 15, 16, 17, 18, 19, 21, 22, 23, 24, 26, 27, 29, 30, 31, 32, 33, 34, 35, 36, 37, 38, 39, 41, 42, 43, 44, 45, 46, 47, 48, 49], 22590.94273492385], [[0, 1, 2, 3, 4, 5, 6, 8, 9, 10, 11, 12, 13, 15, 16, 17, 18, 19, 21, 22, 23, 24, 26, 27, 29, 30, 31, 32, 33, 34, 35, 36, 37, 38, 39, 41, 42, 43, 44, 45, 46, 47, 48, 49], 9999.276497788045], [[0, 1, 2, 3, 4, 5, 6, 8, 9, 10, 11, 12, 13, 15, 16, 17, 18, 19, 21, 22, 23, 26, 27, 29, 30, 31, 32, 33, 34, 35, 36, 37, 38, 39, 41, 42, 43, 44, 45, 46, 47, 48, 49], 4425.912262771964], [[0, 1, 2, 3, 5, 6, 8, 9, 10, 11, 12, 13, 15, 16, 17, 18, 19, 21, 22, 23, 26, 27, 29, 30, 31, 32, 33, 34, 35, 36, 37, 38, 39, 41, 42, 43, 44, 45, 46, 47, 48, 49], 1959.0117138420387], [[0, 1, 2, 3, 5, 6, 9, 10, 11, 12, 13, 15, 16, 17, 18, 19, 21, 22, 23, 26, 27, 29, 30, 31, 32, 33, 34, 35, 36, 37, 38, 39, 41, 42, 43, 44, 45, 46, 47, 48, 49], 867.1041715124711], [[0, 1, 2, 3, 5, 6, 9, 10, 11, 12, 13, 15, 16, 17, 18, 19, 21, 22, 23, 26, 27, 29, 30, 31, 32, 33, 34, 35, 36, 37, 38, 39, 42, 43, 44, 45, 46, 47, 48, 49], 383.80046729992716], [[0, 1, 2, 3, 5, 6, 9, 10, 11, 12, 13, 15, 16, 17, 18, 19, 21, 22, 23, 26, 27, 29, 31, 32, 33, 34, 35, 36, 37, 38, 39, 42, 43, 44, 45, 46, 47, 48, 49], 169.87901054922312], [[0, 1, 2, 3, 5, 6, 9, 10, 11, 12, 13, 15, 16, 17, 18, 19, 21, 22, 23, 26, 27, 29, 31, 32, 33, 34, 35, 36, 37, 38, 39, 42, 43, 44, 45, 46, 47, 49], 0.6493895983125441], [[0, 1, 2, 3, 5, 9, 10, 11, 12, 13, 15, 16, 17, 18, 19, 21, 22, 23, 26, 27, 29, 31, 32, 33, 34, 35, 36, 37, 38, 39, 42, 43, 44, 45, 46, 47, 49], 425.1817405767283], [[3, 9, 31, 37, 44, 47], 0.0039300144415425975], [[3, 31, 37, 44, 47], 0.7525559568911357], [[3, 31, 44, 47], 0.599577867440264], [[3, 31, 47], 0.03819314834909317], [[31, 47], 472.0], [[2, 3, 9, 31, 37, 44, 47], 0.08560285257783573], [[2, 3, 9, 29, 31, 37, 44, 47], 0.00018798155516768533], [[2, 3, 9, 29, 31, 37, 43, 44, 47], 0.0004246987800248774], [[2, 3, 9, 29, 31, 32, 37, 43, 44, 47], 0.000935812317805715], [[2, 3, 9, 29, 31, 32, 34, 37, 43, 44, 47], 2.609360048136454e-06], [[2, 3, 9, 17, 29, 31, 32, 34, 37, 43, 44, 47], 2.1634412417882526e-08], [[2, 3, 9, 16, 17, 29, 31, 32, 34, 37, 43, 44, 47], 2.180203053385371e-07], [[2, 3, 9, 16, 17, 18, 29, 31, 32, 34, 37, 43, 44, 47], 4.911109962990022e-07], [[1, 2, 3, 9, 16, 17, 18, 29, 31, 32, 34, 37, 43, 44, 47], 1.109546150866304e-06], [[1, 2, 3, 9, 16, 17, 18, 29, 31, 32, 34, 37, 43, 44, 45, 47], 1.749995535869771e-06], [[1, 2, 3, 9, 16, 17, 18, 27, 29, 31, 32, 34, 37, 43, 44, 45, 47], 3.773976206153766e-06], [[1, 2, 3, 5, 9, 16, 17, 18, 27, 29, 31, 32, 34, 37, 43, 44, 45, 47], 3.2393295769486496e-07], [[1, 2, 3, 5, 9, 16, 17, 18, 27, 29, 31, 32, 34, 37, 39, 43, 44, 45, 47], 7.987912137542402e-06], [[1, 2, 3, 5, 9, 16, 17, 18, 19, 27, 29, 31, 32, 34, 37, 39, 43, 44, 45, 47], 1.4437401850293429e-05], [[0, 1, 2, 3, 5, 9, 16, 17, 18, 19, 27, 29, 31, 32, 34, 37, 39, 43, 44, 45, 47], 3.25481152253073e-05], [[0, 1, 2, 3, 5, 9, 16, 17, 18, 19, 21, 27, 29, 31, 32, 34, 37, 39, 43, 44, 45, 47], 5.9079064923307976e-05], [[0, 1, 2, 3, 5, 9, 10, 16, 17, 18, 19, 21, 27, 29, 31, 32, 34, 37, 39, 43, 44, 45, 47], 0.00013095642768095217], [[0, 1, 2, 3, 5, 9, 10, 16, 17, 18, 19, 21, 26, 27, 29, 31, 32, 34, 37, 39, 43, 44, 45, 47], 0.00029225621793223575], [[0, 1, 2, 3, 5, 9, 10, 16, 17, 18, 19, 21, 26, 27, 29, 31, 32, 33, 34, 37, 39, 43, 44, 45, 47], 0.027029421247881498], [[0, 1, 2, 3, 5, 9, 10, 16, 17, 18, 19, 21, 26, 27, 29, 31, 32, 33, 34, 37, 38, 39, 43, 44, 45, 47], 0.05871771937872343], [[0, 1, 2, 3, 5, 9, 10, 16, 17, 18, 19, 21, 26, 27, 29, 31, 32, 33, 34, 37, 38, 39, 43, 44, 45, 47, 49], 0.13265846147003776], [[0, 1, 2, 3, 5, 9, 10, 16, 17, 18, 19, 21, 22, 26, 27, 29, 31, 32, 33, 34, 37, 38, 39, 43, 44, 45, 47, 49], 0.289719332271358], [[0, 1, 2, 3, 5, 9, 10, 13, 16, 17, 18, 19, 21, 22, 26, 27, 29, 31, 32, 33, 34, 37, 38, 39, 43, 44, 45, 47, 49], 0.6293756080847448], [[0, 1, 2, 3, 5, 9, 10, 13, 16, 17, 18, 19, 21, 22, 26, 27, 29, 31, 32, 33, 34, 35, 37, 38, 39, 43, 44, 45, 47, 49], 1.4169833198624402], [[0, 1, 2, 3, 5, 9, 10, 13, 16, 17, 18, 19, 21, 22, 26, 27, 29, 31, 32, 33, 34, 35, 37, 38, 39, 43, 44, 45, 46, 47, 49], 3.201330046045075], [[0, 1, 2, 3, 5, 9, 10, 13, 16, 17, 18, 19, 21, 22, 26, 27, 29, 31, 32, 33, 34, 35, 36, 37, 38, 39, 43, 44, 45, 46, 47, 49], 7.223485879780104], [[0, 1, 2, 3, 5, 9, 10, 12, 13, 16, 17, 18, 19, 21, 22, 26, 27, 29, 31, 32, 33, 34, 35, 36, 37, 38, 39, 43, 44, 45, 46, 47, 49], 16.319681231036533], [[0, 1, 2, 3, 5, 9, 10, 12, 13, 15, 16, 17, 18, 19, 21, 22, 26, 27, 29, 31, 32, 33, 34, 35, 36, 37, 38, 39, 43, 44, 45, 46, 47, 49], 36.87035270438985], [[0, 1, 2, 3, 5, 9, 10, 12, 13, 15, 16, 17, 18, 19, 21, 22, 26, 27, 29, 31, 32, 33, 34, 35, 36, 37, 38, 39, 42, 43, 44, 45, 46, 47, 49], 83.29962583318888], [[0, 1, 2, 3, 5, 9, 10, 12, 13, 15, 16, 17, 18, 19, 21, 22, 23, 26, 27, 29, 31, 32, 33, 34, 35, 36, 37, 38, 39, 42, 43, 44, 45, 46, 47, 49], 188.1953234346201]]}