{"costs": 1337817.1562615032, "int_costs": [[[0, 1, 2, 3, 4, 5, 6, 7, 8, 9, 10, 11, 12, 13, 14, 15, 16, 17, 18, 19, 20, 21, 22, 23, 24, 25, 26, 27, 28, 29, 30, 31, 32, 33, 34, 35, 36, 37, 38, 39, 40, 41, 42, 43, 44, 46, 47, 48, 49], 212139.37453681655], [[0, 1, 2, 3, 4, 5, 6, 7, 8, 9, 10, 11, 12, 13, 14, 15, 16, 17, 18, 19, 20, 21, 22, 23, 24, 25, 27, 28, 29, 30, 31, 32, 33, 34, 35, 36, 37, 38, 39, 40, 41, 42, 43, 44, 46, 47, 48, 49], 203202.95120103398], [[0, 1, 2, 3, 4, 5, 6, 7, 8, 9, 10, 11, 12, 13, 14, 15, 16, 17, 18, 19, 20, 21, 22, 23, 24, 25, 27, 28, 29, 30, 31, 32, 33, 34, 35, 36, 37, 38, 39, 40, 41, 42, 43, 46, 47, 48, 49], 192593.97425621864], [[0, 1, 2, 3, 4, 5, 6, 7, 8, 9, 10, 11, 12, 13, 14, 15, 16, 17, 18, 19, 20, 21, 22, 23, 24, 25, 27, 28, 29, 30, 31, 32, 33, 34, 35, 36, 37, 38, 39, 40, 41, 42, 43, 47, 48, 49], 82721.35474982347], [[0, 1, 2, 3, 4, 5, 6, 7, 8, 10, 11, 12, 13, 14, 15, 16, 17, 18, 19, 20, 21, 22, 23, 24, 25, 27, 28, 29, 30, 31, 32, 33, 34, 35, 36, 37, 38, 39, 40, 41, 42, 43, 47, 48, 49], 61263.397793791846], [[0, 1, 2, 3, 4, 5, 6, 7, 8, 10, 11, 12, 13, 14, 15, 16, 17, 18, 19, 20, 21, 22, 23, 24, 25, 27, 28, 29, 30, 31, 32, 33, 34, 35, 36, 37, 39, 40, 41, 42, 43, 47, 48, 49], 58064.91841125862], [[0, 1, 2, 3, 4, 5, 6, 7, 8, 10, 11, 12, 13, 14, 15, 16, 17, 18, 19, 20, 21, 22, 23, 24, 25, 27, 28, 29, 30, 31, 32, 33, 35, 36, 37, 39, 40, 41, 42, 43, 47, 48, 49], 55033.43191867867], [[0, 1, 2, 3, 4, 5, 6, 7, 8, 10, 11, 12, 13, 14, 15, 16, 17, 18, 19, 20, 21, 22, 24, 25, 27, 28, 29, 30, 31, 32, 33, 35, 36, 37, 39, 40, 41, 42, 43, 47, 48, 49], 52160.20211076615], [[0, 1, 2, 3, 4, 5, 6, 7, 8, 10, 11, 12, 13, 14, 15, 16, 17, 18, 19, 20, 21, 22, 24, 25, 27, 28, 29, 30, 31, 32, 33, 35, 36, 37, 39, 40, 41, 43, 47, 48, 49], 49436.977022112456], [[0, 1, 2, 3, 4, 5, 6, 7, 8, 10, 11, 13, 14, 15, 16, 17, 18, 19, 20, 21, 22, 24, 25, 27, 28, 29, 30, 31, 32, 33, 35, 36, 37, 39, 40, 41, 43, 47, 48, 49], 47723.628253777824], [[0, 1, 2, 3, 4, 5, 6, 7, 8, 10, 11, 13, 14, 15, 16, 17, 18, 19, 20, 21, 22, 24, 25, 27, 28, 29, 31, 32, 33, 35, 36, 37, 39, 40, 41, 43, 47, 48, 49], 45491.985579042834], [[0, 1, 3, 4, 5, 6, 7, 8, 10, 11, 13, 14, 15, 16, 17, 18, 19, 20, 21, 22, 24, 25, 27, 28, 29, 31, 32, 33, 35, 36, 37, 39, 40, 41, 43, 47, 48, 49], 43699.563061982815], [[0, 1, 3, 4, 5, 6, 7, 8, 10, 11, 13, 14, 15, 16, 17, 18, 19, 20, 21, 22, 24, 25, 27, 28, 29, 31, 32, 33, 35, 36, 37, 39, 41, 43, 47, 48, 49], 41418.06914072406], [[1, 3, 5, 6, 8, 10, 13, 15, 18, 19, 20, 21, 27, 31, 32, 33, 35, 36, 39, 41, 43, 49], 5.946672378495169], [[1, 3, 6, 8, 10, 13, 15, 18, 19, 20, 21, 27, 31, 32, 33, 35, 36, 39, 41, 43, 49], 5.636203347322082], [[6, 8, 10, 13, 18, 20, 21, 27, 31, 32, 35, 36, 41, 43], 3.8724304161290464], [[18, 31], 57276.0], [[18, 20, 21, 31], 63.01347953628291], [[20, 21], 9303.0], [[18, 20, 21, 31, 35], 53.187653035034295], [[13, 18, 20, 21, 31, 35], 50.505475674839], [[8, 13, 18, 20, 21, 31, 35], 288.18783325495673], [[8, 13, 18, 20, 21, 27, 31, 35], 2038.9397952913944], [[8, 13, 18, 20, 21, 27, 31, 35, 36, 43], 3.181431372704155], [[36, 43], 105.0], [[8, 13, 18, 20, 21, 27, 31, 32, 35, 36, 43], 3.3091149577530437], [[8, 10, 13, 18, 20, 21, 27, 31, 32, 35, 36, 43], 3.478723393516773], [[8, 10, 13, 18, 20, 21, 27, 31, 32, 35, 36, 41, 43], 3.6703016604025893], [[6, 8, 10, 13, 18, 19, 20, 21, 27, 31, 32, 35, 36, 41, 43], 4.085741278324031], [[1, 6, 8, 10, 13, 18, 19, 20, 21, 27, 31, 32, 35, 36, 41, 43], 4.310723510019569], [[1, 6, 8, 10, 13, 18, 19, 20, 21, 27, 31, 32, 35, 36, 39, 41, 43], 4.548177179562768], [[1, 6, 8, 10, 13, 18, 19, 20, 21, 27, 31, 32, 33, 35, 36, 39, 41, 43], 4.798711208927689], [[1, 6, 8, 10, 13, 15, 18, 19, 20, 21, 27, 31, 32, 33, 35, 36, 39, 41, 43], 5.063046761016774], [[1, 6, 8, 10, 13, 15, 18, 19, 20, 21, 27, 31, 32, 33, 35, 36, 39, 41, 43, 49], 5.341943265492499], [[1, 3, 5, 6, 8, 10, 13, 15, 18, 19, 20, 21, 24, 27, 31, 32, 33, 35, 36, 39, 41, 43, 49], 6.274243825915096], [[1, 3, 5, 6, 8, 10, 13, 15, 18, 19, 20, 21, 24, 27, 31, 32, 33, 35, 36, 39, 41, 43, 47, 49], 6.619859491401049], [[1, 3, 5, 6, 8, 10, 13, 15, 18, 19, 20, 21, 24, 27, 31, 32, 33, 35, 36, 37, 39, 41, 43, 47, 49], 911.3207887067491], [[1, 3, 5, 6, 8, 10, 13, 15, 16, 18, 19, 20, 21, 24, 27, 31, 32, 33, 35, 36, 37, 39, 41, 43, 47, 49], 961.5207241203609], [[1, 3, 5, 6, 8, 10, 11, 13, 15, 16, 18, 19, 20, 21, 24, 27, 31, 32, 33, 35, 36, 37, 39, 41, 43, 47, 49], 1014.4849383093373], [[1, 3, 5, 6, 8, 10, 11, 13, 14, 15, 16, 18, 19, 20, 21, 24, 27, 31, 32, 33, 35, 36, 37, 39, 41, 43, 47, 49], 1050.5439459137308], [[1, 3, 5, 6, 8, 10, 11, 13, 14, 15, 16, 18, 19, 20, 21, 24, 27, 31, 32, 33, 35, 36, 37, 39, 41, 43, 47, 48, 49], 1108.4118973478614], [[1, 3, 5, 6, 8, 10, 11, 13, 14, 15, 16, 17, 18, 19, 20, 21, 24, 27, 31, 32, 33, 35, 36, 37, 39, 41, 43, 47, 48, 49], 1169.4667060398795], [[1, 3, 5, 6, 8, 10, 11, 13, 14, 15, 16, 17, 18, 19, 20, 21, 24, 27, 29, 31, 32, 33, 35, 36, 37, 39, 41, 43, 47, 48, 49], 1233.8865610888163], [[1, 3, 4, 5, 6, 8, 10, 11, 13, 14, 15, 16, 17, 18, 19, 20, 21, 24, 27, 29, 31, 32, 33, 35, 36, 37, 39, 41, 43, 47, 48, 49], 1301.854048924351], [[1, 3, 4, 5, 6, 8, 10, 11, 13, 14, 15, 16, 17, 18, 19, 20, 21, 24, 25, 27, 29, 31, 32, 33, 35, 36, 37, 39, 41, 43, 47, 48, 49], 3404.520634389133], [[0, 1, 3, 4, 5, 6, 8, 10, 11, 13, 14, 15, 16, 17, 18, 19, 20, 21, 24, 25, 27, 29, 31, 32, 33, 35, 36, 37, 39, 41, 43, 47, 48, 49], 34945.02595771512], [[0, 1, 3, 4, 5, 6, 8, 10, 11, 13, 14, 15, 16, 17, 18, 19, 20, 21, 22, 24, 25, 27, 29, 31, 32, 33, 35, 36, 37, 39, 41, 43, 47, 48, 49], 37262.64188292363], [[0, 1, 3, 4, 5, 6, 7, 8, 10, 11, 13, 14, 15, 16, 17, 18, 19, 20, 21, 22, 24, 25, 27, 29, 31, 32, 33, 35, 36, 37, 39, 41, 43, 47, 48, 49], 39255.67857915694]]}