{"costs": 660337, "root_join": 28, "join_operands": {"0": [0, 6, 9, 12, 29], "1": [6, 9, 12, 29], "2": [6, 9, 12], "3": [9, 12], "4": [0, 6, 9, 12, 27, 29], "5": [0, 6, 8, 9, 12, 27, 29], "6": [0, 1, 2, 4, 5, 6, 7, 8, 9, 10, 11, 12, 13, 16, 21, 23, 25, 26, 27, 28, 29], "7": [1, 2, 4, 5, 7, 10, 11, 13, 16, 21, 23, 25, 26, 28], "8": [1, 2, 4, 5, 10, 11, 13, 16, 21, 23, 25, 26, 28], "9": [2, 4, 10, 13, 21, 26, 28], "10": [2, 4, 10, 13, 26, 28], "11": [2, 26], "12": [4, 10, 13, 28], "13": [4, 28], "14": [4, 10, 28], "15": [1, 2, 4, 10, 13, 21, 26, 28], "16": [1, 2, 4, 10, 11, 13, 21, 26, 28], "17": [1, 2, 4, 10, 11, 13, 16, 21, 26, 28], "18": [1, 2, 4, 10, 11, 13, 16, 21, 25, 26, 28], "19": [1, 2, 4, 10, 11, 13, 16, 21, 23, 25, 26, 28], "20": [0, 1, 2, 4, 5, 6, 7, 8, 9, 10, 11, 12, 13, 16, 21, 23, 24, 25, 26, 27, 28, 29], "21": [0, 1, 2, 4, 5, 6, 7, 8, 9, 10, 11, 12, 13, 15, 16, 21, 23, 24, 25, 26, 27, 28, 29], "22": [0, 1, 2, 4, 5, 6, 7, 8, 9, 10, 11, 12, 13, 15, 16, 19, 21, 23, 24, 25, 26, 27, 28, 29], "23": [0, 1, 2, 4, 5, 6, 7, 8, 9, 10, 11, 12, 13, 14, 15, 16, 19, 21, 23, 24, 25, 26, 27, 28, 29], "24": [0, 1, 2, 4, 5, 6, 7, 8, 9, 10, 11, 12, 13, 14, 15, 16, 19, 21, 22, 23, 24, 25, 26, 27, 28, 29], "25": [0, 1, 2, 4, 5, 6, 7, 8, 9, 10, 11, 12, 13, 14, 15, 16, 18, 19, 21, 22, 23, 24, 25, 26, 27, 28, 29], "26": [0, 1, 2, 4, 5, 6, 7, 8, 9, 10, 11, 12, 13, 14, 15, 16, 18, 19, 20, 21, 22, 23, 24, 25, 26, 27, 28, 29], "27": [0, 1, 2, 3, 4, 5, 6, 7, 8, 9, 10, 11, 12, 13, 14, 15, 16, 18, 19, 20, 21, 22, 23, 24, 25, 26, 27, 28, 29], "28": [0, 1, 2, 3, 4, 5, 6, 7, 8, 9, 10, 11, 12, 13, 14, 15, 16, 17, 18, 19, 20, 21, 22, 23, 24, 25, 26, 27, 28, 29]}, "join_predecessors": {"0": [1], "1": [2], "3": [], "2": [3], "4": [0], "5": [4], "6": [5, 7], "7": [8], "9": [10], "11": [], "10": [11, 12], "13": [], "14": [13], "12": [14], "15": [9], "16": [15], "17": [16], "18": [17], "19": [18], "8": [19], "20": [6], "21": [20], "22": [21], "23": [22], "24": [23], "25": [24], "26": [25], "27": [26], "28": [27]}, "intermediate_costs": [[[0, 6, 9, 12, 29], 1389.3847810193802], [[6, 9, 12, 29], 2272.4927060151354], [[6, 9, 12], 768.8653026918671], [[9, 12], 408.99999999999994], [[0, 6, 9, 12, 27, 29], 2611.8575507739943], [[0, 6, 8, 9, 12, 27, 29], 23326.955771362937], [[0, 1, 2, 4, 5, 6, 7, 8, 9, 10, 11, 12, 13, 16, 21, 23, 25, 26, 27, 28, 29], 2695.106993614905], [[1, 2, 4, 5, 7, 10, 11, 13, 16, 21, 23, 25, 26, 28], 12464.044955109539], [[1, 2, 4, 5, 10, 11, 13, 16, 21, 23, 25, 26, 28], 274.62709663635934], [[2, 4, 10, 13, 21, 26, 28], 4.03755841002151], [[2, 4, 10, 13, 26, 28], 2.147790576622258], [[2, 26], 572.0], [[4, 10, 13, 28], 183.76248094230772], [[4, 28], 52.0], [[4, 10, 28], 97.753], [[1, 2, 4, 10, 13, 21, 26, 28], 11.963790688880161], [[1, 2, 4, 10, 11, 13, 21, 26, 28], 21.990540716524002], [[1, 2, 4, 10, 11, 13, 16, 21, 26, 28], 41.33924981208668], [[1, 2, 4, 10, 11, 13, 16, 21, 25, 26, 28], 77.7122549155215], [[1, 2, 4, 10, 11, 13, 16, 21, 23, 25, 26, 28], 146.08863468754262], [[0, 1, 2, 4, 5, 6, 7, 8, 9, 10, 11, 12, 13, 16, 21, 23, 24, 25, 26, 27, 28, 29], 4728.67772881681], [[0, 1, 2, 4, 5, 6, 7, 8, 9, 10, 11, 12, 13, 15, 16, 21, 23, 24, 25, 26, 27, 28, 29], 6984.4353059580935], [[0, 1, 2, 4, 5, 6, 7, 8, 9, 10, 11, 12, 13, 15, 16, 19, 21, 23, 24, 25, 26, 27, 28, 29], 12593.89335301977], [[0, 1, 2, 4, 5, 6, 7, 8, 9, 10, 11, 12, 13, 14, 15, 16, 19, 21, 23, 24, 25, 26, 27, 28, 29], 23181.607738436276], [[0, 1, 2, 4, 5, 6, 7, 8, 9, 10, 11, 12, 13, 14, 15, 16, 19, 21, 22, 23, 24, 25, 26, 27, 28, 29], 43578.31973767009], [[0, 1, 2, 4, 5, 6, 7, 8, 9, 10, 11, 12, 13, 14, 15, 16, 18, 19, 21, 22, 23, 24, 25, 26, 27, 28, 29], 81921.41260958386], [[0, 1, 2, 4, 5, 6, 7, 8, 9, 10, 11, 12, 13, 14, 15, 16, 18, 19, 20, 21, 22, 23, 24, 25, 26, 27, 28, 29], 152759.35410020614], [[0, 1, 2, 3, 4, 5, 6, 7, 8, 9, 10, 11, 12, 13, 14, 15, 16, 18, 19, 20, 21, 22, 23, 24, 25, 26, 27, 28, 29], 287167.157460544]]}