{"costs": 7305961.0030993745, "join_operands": {"0": [0, 1, 2, 3, 4, 5, 6, 7, 8, 9, 10, 11, 12, 13, 14, 15, 16, 17, 18, 19], "1": [0, 1], "2": [2, 3, 4, 5, 6, 7, 8, 9, 10, 11, 12, 13, 14, 15, 16, 17, 18, 19], "3": [], "4": [2, 3, 4, 5, 6, 7, 9, 10, 11, 13, 14, 17, 18, 19], "5": [], "6": [8, 12, 15, 16], "7": [], "8": [2, 3, 4, 5, 7, 9, 10, 11, 13, 14, 17, 18, 19], "9": [], "10": [8, 15, 16], "11": [], "12": [], "13": [], "14": [], "15": [], "16": [3, 4, 5, 7, 9, 10, 11, 13, 14, 17, 18, 19], "17": [], "18": [8, 15]}, "join_predecessors": {"0": [1, 2], "1": [3, 5], "2": [4, 6], "3": [7, 11], "4": [8, 12], "5": [9, 13], "6": [10, 14], "7": [15], "8": [16], "9": [17], "10": [18], "11": [], "12": [], "13": [], "14": [], "15": [], "16": [], "17": [], "18": []}, "leaf_joins": [15, 16], "opt_time": 2.996155023574829, "status": 2, "intermediate_costs": [[[0, 1], 442361.0], [[2, 3, 4, 5, 6, 7, 8, 9, 10, 11, 12, 13, 14, 15, 16, 17, 18, 19], 3159608.4414426642], [[2, 3, 4, 5, 6, 7, 9, 10, 11, 13, 14, 17, 18, 19], 1508481.4313269476], [[8, 12, 15, 16], 463135.4096685512], [[2, 3, 4, 5, 7, 9, 10, 11, 13, 14, 17, 18, 19], 842285.7985980527], [[8, 15, 16], 258600.02773333335], [[3, 4, 5, 7, 9, 10, 11, 13, 14, 17, 18, 19], 470304.8943298255], [[8, 15], 161184.0]]}