{"costs": 291721577, "root_join": 18, "join_operands": {"0": [16, 17], "1": [13, 16, 17], "2": [1, 13, 16, 17], "3": [1, 8, 13, 16, 17], "4": [0, 1, 8, 13, 16, 17], "5": [0, 1, 8, 13, 14, 16, 17], "6": [0, 1, 6, 8, 13, 14, 16, 17], "7": [0, 1, 6, 8, 10, 13, 14, 16, 17], "8": [0, 1, 6, 8, 10, 13, 14, 15, 16, 17], "9": [0, 1, 6, 8, 10, 11, 13, 14, 15, 16, 17], "10": [0, 1, 5, 6, 8, 10, 11, 13, 14, 15, 16, 17], "11": [0, 1, 3, 5, 6, 8, 10, 11, 13, 14, 15, 16, 17], "12": [0, 1, 3, 4, 5, 6, 8, 10, 11, 13, 14, 15, 16, 17], "13": [0, 1, 3, 4, 5, 6, 7, 8, 10, 11, 13, 14, 15, 16, 17], "14": [0, 1, 3, 4, 5, 6, 7, 8, 10, 11, 13, 14, 15, 16, 17, 19], "15": [0, 1, 3, 4, 5, 6, 7, 8, 10, 11, 13, 14, 15, 16, 17, 18, 19], "16": [0, 1, 2, 3, 4, 5, 6, 7, 8, 10, 11, 13, 14, 15, 16, 17, 18, 19], "17": [0, 1, 2, 3, 4, 5, 6, 7, 8, 9, 10, 11, 13, 14, 15, 16, 17, 18, 19], "18": [0, 1, 2, 3, 4, 5, 6, 7, 8, 9, 10, 11, 12, 13, 14, 15, 16, 17, 18, 19]}, "join_predecessors": {"0": [], "1": [0], "2": [1], "3": [2], "4": [3], "5": [4], "6": [5], "7": [6], "8": [7], "9": [8], "10": [9], "11": [10], "12": [11], "13": [12], "14": [13], "15": [14], "16": [15], "17": [16], "18": [17]}, "intermediate_costs": [[[16, 17], 269.0], [[13, 16, 17], 420.0054822873974], [[1, 13, 16, 17], 1999.1926861610116], [[1, 8, 13, 16, 17], 58217.64440140452], [[0, 1, 8, 13, 16, 17], 860024.2967111254], [[0, 1, 8, 13, 14, 16, 17], 1461557.9774102527], [[0, 1, 6, 8, 13, 14, 16, 17], 2650826.7633843864], [[0, 1, 6, 8, 10, 13, 14, 16, 17], 79857961.8825761], [[0, 1, 6, 8, 10, 13, 14, 15, 16, 17], 194063679.92803082], [[0, 1, 6, 8, 10, 11, 13, 14, 15, 16, 17], 52340.662502487845], [[0, 1, 5, 6, 8, 10, 11, 13, 14, 15, 16, 17], 90802.82608397648], [[0, 1, 3, 5, 6, 8, 10, 11, 13, 14, 15, 16, 17], 68918.78159733729], [[0, 1, 3, 4, 5, 6, 8, 10, 11, 13, 14, 15, 16, 17], 118105.1742870009], [[0, 1, 3, 4, 5, 6, 7, 8, 10, 11, 13, 14, 15, 16, 17], 204893.92994119792], [[0, 1, 3, 4, 5, 6, 7, 8, 10, 11, 13, 14, 15, 16, 17, 19], 1273211.2376126698], [[0, 1, 3, 4, 5, 6, 7, 8, 10, 11, 13, 14, 15, 16, 17, 18, 19], 1907618.4615291583], [[0, 1, 2, 3, 4, 5, 6, 7, 8, 10, 11, 13, 14, 15, 16, 17, 18, 19], 3309418.293545727], [[0, 1, 2, 3, 4, 5, 6, 7, 8, 9, 10, 11, 13, 14, 15, 16, 17, 18, 19], 5741311.232374869]]}