{"costs": 53518260268, "root_join": 18, "join_operands": {"0": [16, 17], "1": [13, 16, 17], "2": [1, 13, 16, 17], "3": [1, 13, 16, 17, 19], "4": [1, 13, 16, 17, 18, 19], "5": [1, 2, 13, 16, 17, 18, 19], "6": [1, 2, 9, 13, 16, 17, 18, 19], "7": [1, 2, 9, 12, 13, 16, 17, 18, 19], "8": [1, 2, 8, 9, 12, 13, 16, 17, 18, 19], "9": [0, 1, 2, 8, 9, 12, 13, 16, 17, 18, 19], "10": [0, 1, 2, 8, 9, 12, 13, 14, 16, 17, 18, 19], "11": [0, 1, 2, 4, 8, 9, 12, 13, 14, 16, 17, 18, 19], "12": [0, 1, 2, 4, 5, 8, 9, 12, 13, 14, 16, 17, 18, 19], "13": [0, 1, 2, 3, 4, 5, 8, 9, 12, 13, 14, 16, 17, 18, 19], "14": [0, 1, 2, 3, 4, 5, 7, 8, 9, 12, 13, 14, 16, 17, 18, 19], "15": [0, 1, 2, 3, 4, 5, 6, 7, 8, 9, 12, 13, 14, 16, 17, 18, 19], "16": [0, 1, 2, 3, 4, 5, 6, 7, 8, 9, 10, 12, 13, 14, 16, 17, 18, 19], "17": [0, 1, 2, 3, 4, 5, 6, 7, 8, 9, 10, 12, 13, 14, 15, 16, 17, 18, 19], "18": [0, 1, 2, 3, 4, 5, 6, 7, 8, 9, 10, 11, 12, 13, 14, 15, 16, 17, 18, 19]}, "join_predecessors": {"0": [], "1": [0], "2": [1], "3": [2], "4": [3], "5": [4], "6": [5], "7": [6], "8": [7], "9": [8], "10": [9], "11": [10], "12": [11], "13": [12], "14": [13], "15": [14], "16": [15], "17": [16], "18": [17]}, "intermediate_costs": [[[16, 17], 269.0], [[13, 16, 17], 420.0054822873974], [[1, 13, 16, 17], 1999.1926861610116], [[1, 13, 16, 17, 19], 12422.986834718613], [[1, 13, 16, 17, 18, 19], 18613.03005593821], [[1, 2, 13, 16, 17, 18, 19], 32290.6825487843], [[1, 2, 9, 13, 16, 17, 18, 19], 56019.167712932955], [[1, 2, 9, 12, 13, 16, 17, 18, 19], 97184.45530529895], [[1, 2, 8, 9, 12, 13, 16, 17, 18, 19], 2830067.4064452895], [[0, 1, 2, 8, 9, 12, 13, 16, 17, 18, 19], 41807372.24769042], [[0, 1, 2, 8, 9, 12, 13, 14, 16, 17, 18, 19], 71049037.40143542], [[0, 1, 2, 4, 8, 9, 12, 13, 14, 16, 17, 18, 19], 121755764.54973742], [[0, 1, 2, 4, 5, 8, 9, 12, 13, 14, 16, 17, 18, 19], 211227122.17496094], [[0, 1, 2, 3, 4, 5, 8, 9, 12, 13, 14, 16, 17, 18, 19], 160320075.13892904], [[0, 1, 2, 3, 4, 5, 7, 8, 9, 12, 13, 14, 16, 17, 18, 19], 278130153.4161383], [[0, 1, 2, 3, 4, 5, 6, 7, 8, 9, 12, 13, 14, 16, 17, 18, 19], 504444480.32509005], [[0, 1, 2, 3, 4, 5, 6, 7, 8, 9, 10, 12, 13, 14, 16, 17, 18, 19], 15196733576.903126], [[0, 1, 2, 3, 4, 5, 6, 7, 8, 9, 10, 12, 13, 14, 15, 16, 17, 18, 19], 36929743400.61574]]}