{"costs": 4320580, "root_join": 1, "join_operands": {"0": [22, 29], "1": [0, 1, 2, 3, 4, 5, 6, 7, 8, 9, 10, 11, 12, 13, 14, 15, 16, 17, 18, 19, 20, 21, 22, 23, 24, 25, 26, 27, 28, 29], "2": [0, 1, 2, 3, 4, 5, 6, 7, 8, 9, 10, 11, 12, 13, 14, 15, 16, 17, 18, 19, 20, 21, 23, 24, 25, 26, 27, 28], "3": [11, 23], "4": [10, 11, 23], "5": [10, 11, 20, 23], "6": [10, 11, 14, 20, 23], "7": [3, 10, 11, 14, 20, 23], "8": [3, 7, 10, 11, 14, 20, 23], "9": [3, 7, 10, 11, 12, 14, 20, 23], "10": [3, 6, 7, 10, 11, 12, 14, 20, 23], "11": [3, 6, 7, 10, 11, 12, 14, 20, 21, 23], "12": [3, 6, 7, 10, 11, 12, 14, 17, 20, 21, 23], "13": [3, 4, 6, 7, 10, 11, 12, 14, 17, 20, 21, 23], "14": [3, 4, 6, 7, 10, 11, 12, 14, 16, 17, 20, 21, 23], "15": [3, 4, 6, 7, 10, 11, 12, 14, 16, 17, 20, 21, 23, 26], "16": [3, 4, 5, 6, 7, 10, 11, 12, 14, 16, 17, 20, 21, 23, 26], "17": [3, 4, 5, 6, 7, 10, 11, 12, 14, 16, 17, 20, 21, 23, 25, 26], "18": [3, 4, 5, 6, 7, 10, 11, 12, 14, 16, 17, 20, 21, 23, 24, 25, 26], "19": [3, 4, 5, 6, 7, 10, 11, 12, 14, 15, 16, 17, 20, 21, 23, 24, 25, 26], "20": [3, 4, 5, 6, 7, 10, 11, 12, 14, 15, 16, 17, 18, 20, 21, 23, 24, 25, 26], "21": [2, 3, 4, 5, 6, 7, 10, 11, 12, 14, 15, 16, 17, 18, 20, 21, 23, 24, 25, 26], "22": [2, 3, 4, 5, 6, 7, 8, 10, 11, 12, 14, 15, 16, 17, 18, 20, 21, 23, 24, 25, 26], "23": [2, 3, 4, 5, 6, 7, 8, 10, 11, 12, 13, 14, 15, 16, 17, 18, 20, 21, 23, 24, 25, 26], "24": [1, 2, 3, 4, 5, 6, 7, 8, 10, 11, 12, 13, 14, 15, 16, 17, 18, 20, 21, 23, 24, 25, 26], "25": [0, 1, 2, 3, 4, 5, 6, 7, 8, 10, 11, 12, 13, 14, 15, 16, 17, 18, 20, 21, 23, 24, 25, 26], "26": [0, 1, 2, 3, 4, 5, 6, 7, 8, 10, 11, 12, 13, 14, 15, 16, 17, 18, 20, 21, 23, 24, 25, 26, 28], "27": [0, 1, 2, 3, 4, 5, 6, 7, 8, 9, 10, 11, 12, 13, 14, 15, 16, 17, 18, 20, 21, 23, 24, 25, 26, 28], "28": [0, 1, 2, 3, 4, 5, 6, 7, 8, 9, 10, 11, 12, 13, 14, 15, 16, 17, 18, 20, 21, 23, 24, 25, 26, 27, 28]}, "join_predecessors": {"0": [], "1": [0, 2], "3": [], "4": [3], "5": [4], "6": [5], "7": [6], "8": [7], "9": [8], "10": [9], "11": [10], "12": [11], "13": [12], "14": [13], "15": [14], "16": [15], "17": [16], "18": [17], "19": [18], "20": [19], "21": [20], "22": [21], "23": [22], "24": [23], "25": [24], "26": [25], "27": [26], "28": [27], "2": [28]}, "intermediate_costs": [[[22, 29], 101122.0], [[0, 1, 2, 3, 4, 5, 6, 7, 8, 9, 10, 11, 12, 13, 14, 15, 16, 17, 18, 19, 20, 21, 23, 24, 25, 26, 27, 28], 2635459.542717664], [[11, 23], 296.0], [[10, 11, 23], 418.6322863340564], [[10, 11, 20, 23], 2744.6845675140603], [[10, 11, 14, 20, 23], 8.213778038940795], [[3, 10, 11, 14, 20, 23], 179.51979676199693], [[3, 7, 10, 11, 14, 20, 23], 0.05364408650081026], [[3, 7, 10, 11, 12, 14, 20, 23], 1.8235352571937988], [[3, 6, 7, 10, 11, 12, 14, 20, 23], 3.54615670141509], [[3, 6, 7, 10, 11, 12, 14, 20, 21, 23], 0.0022136173249079822], [[3, 6, 7, 10, 11, 12, 14, 17, 20, 21, 23], 0.004191451484825189], [[3, 4, 6, 7, 10, 11, 12, 14, 17, 20, 21, 23], 0.002144986539253448], [[3, 4, 6, 7, 10, 11, 12, 14, 16, 17, 20, 21, 23], 0.004036712694144476], [[3, 4, 6, 7, 10, 11, 12, 14, 16, 17, 20, 21, 23, 26], 0.007800968527290484], [[3, 4, 5, 6, 7, 10, 11, 12, 14, 16, 17, 20, 21, 23, 26], 0.015130676056954109], [[3, 4, 5, 6, 7, 10, 11, 12, 14, 16, 17, 20, 21, 23, 25, 26], 0.029423112660352958], [[3, 4, 5, 6, 7, 10, 11, 12, 14, 16, 17, 20, 21, 23, 24, 25, 26], 0.05721791502242616], [[3, 4, 5, 6, 7, 10, 11, 12, 14, 15, 16, 17, 20, 21, 23, 24, 25, 26], 0.11126937993257388], [[3, 4, 5, 6, 7, 10, 11, 12, 14, 15, 16, 17, 18, 20, 21, 23, 24, 25, 26], 0.21638114091028937], [[2, 3, 4, 5, 6, 7, 10, 11, 12, 14, 15, 16, 17, 18, 20, 21, 23, 24, 25, 26], 0.4207878135671331], [[2, 3, 4, 5, 6, 7, 8, 10, 11, 12, 14, 15, 16, 17, 18, 20, 21, 23, 24, 25, 26], 0.8182893548574184], [[2, 3, 4, 5, 6, 7, 8, 10, 11, 12, 13, 14, 15, 16, 17, 18, 20, 21, 23, 24, 25, 26], 1.5912948586964852], [[1, 2, 3, 4, 5, 6, 7, 8, 10, 11, 12, 13, 14, 15, 16, 17, 18, 20, 21, 23, 24, 25, 26], 799.316477903939], [[0, 1, 2, 3, 4, 5, 6, 7, 8, 10, 11, 12, 13, 14, 15, 16, 17, 18, 20, 21, 23, 24, 25, 26], 1489.6323679252382], [[0, 1, 2, 3, 4, 5, 6, 7, 8, 10, 11, 12, 13, 14, 15, 16, 17, 18, 20, 21, 23, 24, 25, 26, 28], 2896.8288958380285], [[0, 1, 2, 3, 4, 5, 6, 7, 8, 9, 10, 11, 12, 13, 14, 15, 16, 17, 18, 20, 21, 23, 24, 25, 26, 28], 219928.2735549849], [[0, 1, 2, 3, 4, 5, 6, 7, 8, 9, 10, 11, 12, 13, 14, 15, 16, 17, 18, 20, 21, 23, 24, 25, 26, 27, 28], 1355228.6782252255]]}