{"costs": 1627224.9404707688, "int_costs": [[[0, 1, 2, 3, 4, 6, 7, 8, 9, 10, 11, 12, 13, 14, 15, 16, 17, 18, 19, 20, 21, 22, 23, 24, 25, 26, 27, 28, 29, 30, 31, 32, 33, 34, 35, 36, 37, 38, 39, 40, 41, 42, 43, 44, 45, 46, 47, 48, 49], 1398507.7062207675], [[0, 1, 2, 3, 4, 6, 7, 8, 9, 10, 11, 12, 13, 14, 15, 16, 17, 18, 19, 20, 21, 22, 23, 24, 25, 26, 27, 28, 29, 30, 31, 32, 33, 34, 35, 36, 37, 38, 39, 40, 41, 42, 43, 45, 46, 47, 48, 49], 196480.8337687998], [[0, 1, 2, 3, 4, 6, 7, 8, 9, 10, 11, 13, 14, 15, 16, 17, 18, 19, 20, 21, 22, 23, 24, 25, 26, 27, 28, 29, 30, 31, 32, 33, 34, 35, 36, 37, 38, 39, 40, 41, 42, 43, 45, 46, 47, 48, 49], 27570.1000907909], [[0, 1, 2, 3, 4, 6, 7, 8, 9, 10, 11, 13, 14, 15, 16, 17, 18, 19, 20, 21, 22, 23, 24, 25, 26, 27, 28, 29, 30, 31, 32, 33, 34, 35, 36, 37, 38, 39, 40, 41, 42, 43, 46, 47, 48, 49], 3954.5931811245164], [[0, 1, 2, 3, 4, 6, 7, 8, 9, 10, 11, 13, 14, 15, 16, 17, 19, 20, 21, 22, 23, 24, 25, 26, 27, 28, 29, 30, 31, 32, 33, 34, 35, 36, 37, 38, 39, 40, 41, 42, 43, 46, 47, 48, 49], 21.5331812136966], [[0, 1, 2, 3, 4, 6, 7, 8, 9, 10, 11, 13, 14, 15, 16, 17, 19, 20, 21, 22, 23, 24, 25, 26, 27, 28, 29, 30, 31, 32, 34, 35, 36, 37, 38, 39, 40, 41, 42, 43, 46, 47, 48, 49], 3.0290236526419796], [[0, 1, 2, 3, 4, 6, 7, 8, 9, 10, 11, 13, 14, 15, 16, 17, 19, 20, 22, 23, 24, 25, 26, 27, 28, 29, 30, 31, 32, 34, 35, 36, 37, 38, 39, 40, 41, 42, 43, 46, 47, 48, 49], 0.09136186603257124], [[0, 1, 2, 3, 4, 6, 7, 8, 9, 10, 11, 13, 14, 15, 16, 17, 19, 20, 22, 23, 24, 25, 26, 27, 28, 29, 30, 31, 32, 34, 35, 36, 37, 39, 40, 41, 42, 43, 46, 47, 48, 49], 0.012819855119917399], [[0, 1, 2, 3, 4, 6, 7, 8, 9, 10, 11, 13, 14, 15, 16, 17, 19, 20, 22, 23, 24, 25, 26, 27, 28, 29, 30, 31, 32, 34, 36, 37, 39, 40, 41, 42, 43, 46, 47, 48, 49], 0.001812383729477162], [[0, 1, 3, 4, 6, 7, 8, 9, 10, 11, 13, 14, 15, 16, 17, 19, 20, 22, 23, 24, 25, 26, 27, 28, 29, 30, 31, 32, 34, 36, 37, 39, 40, 41, 42, 43, 46, 47, 48, 49], 0.0002543128983218685], [[0, 1, 4, 6, 7, 8, 9, 10, 11, 13, 14, 15, 16, 17, 19, 20, 22, 23, 24, 25, 26, 27, 28, 29, 30, 31, 32, 34, 36, 37, 39, 40, 41, 42, 43, 46, 47, 48, 49], 3.568507473482298e-05], [[0, 1, 4, 6, 7, 8, 9, 10, 11, 13, 14, 15, 16, 17, 19, 20, 22, 23, 24, 25, 26, 27, 28, 29, 30, 31, 32, 34, 37, 39, 40, 41, 42, 43, 46, 47, 48, 49], 5.007314434660065e-06], [[0, 1, 4, 6, 7, 8, 9, 10, 11, 13, 14, 15, 16, 17, 19, 20, 22, 23, 24, 25, 27, 28, 29, 30, 31, 32, 34, 37, 39, 40, 41, 42, 43, 46, 47, 48, 49], 7.026240875244534e-07], [[0, 7], 673.0], [[0, 7, 13], 8.268786458333334], [[0, 7, 8, 13], 0.4148523433873946], [[0, 4, 7, 8, 13], 0.6577451472953586], [[0, 4, 7, 8, 13, 19], 4.687480018154339], [[0, 4, 7, 8, 13, 19, 30], 0.00984970481426674], [[0, 4, 7, 8, 13, 19, 27, 30], 8.159631221295169e-07], [[0, 4, 7, 8, 13, 19, 23, 27, 30], 2.768519394392062e-09], [[0, 4, 7, 8, 13, 19, 23, 27, 30, 32], 2.0904828064822268e-10], [[0, 4, 7, 8, 13, 19, 23, 27, 30, 32, 39], 1.4797347279149906e-09], [[0, 4, 7, 8, 13, 19, 23, 27, 30, 31, 32, 39], 3.562086062415651e-12], [[0, 4, 7, 8, 9, 13, 19, 23, 27, 30, 31, 32, 39], 8.844460829520556e-17], [[0, 1, 4, 7, 8, 9, 13, 19, 23, 27, 30, 31, 32, 39], 4.73438785580218e-19], [[0, 1, 4, 7, 8, 9, 13, 14, 19, 23, 27, 30, 31, 32, 39], 3.3740032794479163e-18], [[0, 1, 4, 7, 8, 9, 10, 13, 14, 19, 23, 27, 30, 31, 32, 39], 4.255715702715691e-21], [[0, 1, 4, 7, 8, 9, 10, 13, 14, 15, 19, 23, 27, 30, 31, 32, 39], 3.0328746234897334e-20], [[0, 1, 4, 7, 8, 9, 10, 13, 14, 15, 19, 23, 27, 30, 31, 32, 34, 39], 5.398516829811725e-22], [[0, 1, 4, 7, 8, 9, 10, 11, 13, 14, 15, 19, 23, 27, 30, 31, 32, 34, 39], 3.847302276984868e-21], [[0, 1, 4, 7, 8, 9, 10, 11, 13, 14, 15, 19, 23, 27, 30, 31, 32, 34, 39, 49], 5.0970556948334884e-20], [[0, 1, 4, 7, 8, 9, 10, 11, 13, 14, 15, 19, 23, 27, 30, 31, 32, 34, 37, 39, 49], 2.2447805536923273e-20], [[0, 1, 4, 7, 8, 9, 10, 11, 13, 14, 15, 19, 23, 27, 29, 30, 31, 32, 34, 37, 39, 49], 1.426813130570757e-19], [[0, 1, 4, 7, 8, 9, 10, 11, 13, 14, 15, 19, 23, 27, 29, 30, 31, 32, 34, 37, 39, 46, 49], 9.424290829901376e-19], [[0, 1, 4, 7, 8, 9, 10, 11, 13, 14, 15, 19, 23, 27, 29, 30, 31, 32, 34, 37, 39, 42, 46, 49], 6.62793389630743e-18], [[0, 1, 4, 7, 8, 9, 10, 11, 13, 14, 15, 19, 23, 27, 29, 30, 31, 32, 34, 37, 39, 42, 46, 48, 49], 4.428240175837411e-17], [[0, 1, 4, 7, 8, 9, 10, 11, 13, 14, 15, 19, 23, 24, 27, 29, 30, 31, 32, 34, 37, 39, 42, 46, 48, 49], 3.1558257670122836e-16], [[0, 1, 4, 7, 8, 9, 10, 11, 13, 14, 15, 19, 23, 24, 27, 29, 30, 31, 32, 34, 37, 39, 40, 42, 46, 48, 49], 2.2490258268986665e-15], [[0, 1, 4, 7, 8, 9, 10, 11, 13, 14, 15, 19, 23, 24, 25, 27, 29, 30, 31, 32, 34, 37, 39, 40, 42, 46, 48, 49], 1.6027886102241183e-14], [[0, 1, 4, 7, 8, 9, 10, 11, 13, 14, 15, 17, 19, 23, 24, 25, 27, 29, 30, 31, 32, 34, 37, 39, 40, 42, 46, 48, 49], 1.078784021473694e-13], [[0, 1, 4, 7, 8, 9, 10, 11, 13, 14, 15, 17, 19, 23, 24, 25, 27, 28, 29, 30, 31, 32, 34, 37, 39, 40, 42, 46, 48, 49], 7.546554091426402e-13], [[0, 1, 4, 7, 8, 9, 10, 11, 13, 14, 15, 16, 17, 19, 23, 24, 25, 27, 28, 29, 30, 31, 32, 34, 37, 39, 40, 42, 46, 48, 49], 5.363300479581019e-12], [[0, 1, 4, 7, 8, 9, 10, 11, 13, 14, 15, 16, 17, 19, 22, 23, 24, 25, 27, 28, 29, 30, 31, 32, 34, 37, 39, 40, 42, 46, 48, 49], 3.822204458312549e-11], [[0, 1, 4, 7, 8, 9, 10, 11, 13, 14, 15, 16, 17, 19, 22, 23, 24, 25, 27, 28, 29, 30, 31, 32, 34, 37, 39, 40, 42, 46, 47, 48, 49], 2.7239284796300654e-10], [[0, 1, 4, 7, 8, 9, 10, 11, 13, 14, 15, 16, 17, 19, 22, 23, 24, 25, 27, 28, 29, 30, 31, 32, 34, 37, 39, 40, 42, 43, 46, 47, 48, 49], 1.9412322837735377e-09], [[0, 1, 4, 7, 8, 9, 10, 11, 13, 14, 15, 16, 17, 19, 22, 23, 24, 25, 27, 28, 29, 30, 31, 32, 34, 37, 39, 40, 41, 42, 43, 46, 47, 48, 49], 1.3834368345974278e-08], [[0, 1, 4, 7, 8, 9, 10, 11, 13, 14, 15, 16, 17, 19, 20, 22, 23, 24, 25, 27, 28, 29, 30, 31, 32, 34, 37, 39, 40, 41, 42, 43, 46, 47, 48, 49], 9.859188822811761e-08]]}