{"costs": 2884327.6198240384, "int_costs": [[[0, 1, 2, 3, 4, 5, 6, 7, 8, 9, 10, 11, 12, 13, 14, 15, 16, 17, 18, 19, 20, 21, 22, 23, 24, 25, 26, 27, 28, 29, 30, 31, 32, 33, 34, 35, 36, 37, 38, 40, 41, 42, 43, 44, 45, 46, 47, 48, 49], 1631649.5634386572], [[0, 1, 2, 3, 4, 5, 6, 8, 9, 10, 11, 12, 13, 14, 15, 16, 17, 18, 19, 20, 21, 22, 23, 24, 25, 26, 27, 28, 29, 30, 31, 32, 33, 34, 35, 36, 37, 38, 41, 42, 43, 44, 45, 46, 47, 48, 49], 475604.98862971255], [[7, 40], 46305.0], [[0, 1, 2, 3, 4, 5, 6, 8, 9, 10, 11, 12, 13, 14, 15, 16, 17, 18, 19, 20, 21, 22, 23, 24, 25, 26, 27, 28, 29, 30, 31, 32, 33, 34, 35, 36, 37, 38, 41, 42, 44, 45, 46, 47, 48, 49], 256775.6227825539], [[0, 1, 2, 3, 4, 5, 6, 8, 10, 11, 12, 13, 14, 15, 16, 17, 18, 19, 20, 21, 22, 23, 24, 25, 26, 27, 28, 29, 30, 31, 32, 33, 34, 35, 36, 37, 38, 41, 42, 44, 45, 46, 47, 48, 49], 139682.69533126755], [[0, 1, 2, 3, 4, 5, 6, 8, 10, 11, 12, 13, 14, 15, 16, 17, 18, 19, 20, 21, 22, 23, 24, 25, 26, 27, 28, 29, 30, 31, 32, 33, 34, 35, 36, 37, 38, 41, 42, 45, 46, 47, 48, 49], 75719.60807290461], [[0, 1, 2, 3, 4, 5, 6, 8, 10, 11, 12, 13, 14, 15, 16, 17, 18, 19, 20, 21, 22, 23, 24, 25, 26, 27, 28, 29, 30, 31, 32, 33, 34, 35, 36, 37, 38, 41, 42, 45, 47, 48, 49], 40880.45817033158], [[0, 4, 6, 8, 10, 11, 12, 14, 16, 17, 20, 23, 24, 25, 27, 28, 29, 30, 33, 35, 36, 37, 38, 42, 45, 48], 0.0858164798184746], [[0, 4, 6, 8, 10, 11, 12, 14, 16, 17, 20, 23, 24, 25, 27, 28, 29, 30, 33, 35, 36, 37, 38, 45, 48], 0.10760944140704759], [[0, 4, 6, 8, 10, 11, 12, 14, 16, 17, 20, 23, 24, 25, 27, 28, 29, 30, 33, 35, 36, 38, 45, 48], 0.05891632566684861], [[0, 4, 8, 10, 11, 12, 14, 16, 17, 20, 23, 24, 25, 27, 28, 29, 30, 33, 35, 36, 38, 45, 48], 1.6697044049744714], [[0, 4, 8, 10, 11, 12, 14, 16, 17, 20, 23, 24, 25, 27, 28, 29, 30, 33, 35, 36, 38, 45], 0.15543988081063487], [[0, 4, 8, 10, 11, 12, 14, 16, 17, 20, 23, 24, 25, 27, 28, 29, 30, 33, 35, 36, 38], 0.06927429779575504], [[0, 4, 8, 10, 11, 12, 14, 16, 17, 23, 24, 25, 27, 28, 29, 30, 33, 35, 36, 38], 0.037400682106808886], [[0, 4, 8, 10, 11, 12, 14, 17, 23, 24, 25, 27, 28, 29, 30, 33, 35, 36, 38], 0.08076972086550172], [[0, 4, 8, 10, 11, 12, 14, 17, 23, 24, 27, 28, 29, 30, 33, 35, 36, 38], 0.020602811840398336], [[0, 4, 8, 10, 11, 12, 17, 23, 24, 27, 28, 29, 30, 33, 35, 36, 38], 0.039835697041666666], [[4, 10, 11, 12, 17, 23, 24, 36, 38], 7.038849402289498], [[4, 10, 11, 12, 17, 24, 36, 38], 4522.270613273987], [[4, 10, 11, 12, 17, 24, 38], 3357.1182437428233], [[10, 11, 12, 17, 24, 38], 1938.9357081998469], [[10, 11, 12], 165044.43735000002], [[10, 11], 109.00000000000001], [[10, 11, 12, 17, 38], 1046.8170801304846], [[17, 38], 712.0], [[4, 10, 11, 12, 17, 23, 24, 27, 36, 38], 13.03749887354452], [[4, 10, 11, 12, 17, 23, 24, 27, 30, 36, 38], 24.14829545417214], [[0, 4, 10, 11, 12, 17, 23, 24, 27, 30, 36, 38], 44.49254969791103], [[0, 4, 8, 10, 11, 12, 17, 23, 24, 27, 30, 36, 38], 82.40999761925963], [[0, 4, 8, 10, 11, 12, 17, 23, 24, 27, 30, 35, 36, 38], 7.177428794077971], [[0, 4, 8, 10, 11, 12, 17, 23, 24, 27, 29, 30, 33, 35, 36, 38], 0.021507024989618276], [[29, 33], 26.0], [[0, 4, 6, 8, 10, 11, 12, 14, 16, 17, 20, 23, 24, 25, 27, 28, 29, 30, 33, 35, 36, 37, 38, 41, 42, 45, 48], 0.11921326078832237], [[0, 4, 5, 6, 8, 10, 11, 12, 14, 16, 17, 20, 23, 24, 25, 27, 28, 29, 30, 33, 35, 36, 37, 38, 41, 42, 45, 48], 0.22080920594513676], [[0, 4, 5, 6, 8, 10, 11, 12, 14, 16, 17, 20, 23, 24, 25, 27, 28, 29, 30, 33, 35, 36, 37, 38, 41, 42, 45, 48, 49], 0.3408227204554101], [[0, 1, 4, 5, 6, 8, 10, 11, 12, 14, 16, 17, 20, 23, 24, 25, 27, 28, 29, 30, 33, 35, 36, 37, 38, 41, 42, 45, 48, 49], 0.6312718428275106], [[0, 1, 4, 5, 6, 8, 10, 11, 12, 13, 14, 16, 17, 20, 23, 24, 25, 27, 28, 29, 30, 33, 35, 36, 37, 38, 41, 42, 45, 48, 49], 1.1692469678838053], [[0, 1, 4, 5, 6, 8, 10, 11, 12, 13, 14, 16, 17, 20, 23, 24, 25, 27, 28, 29, 30, 33, 34, 35, 36, 37, 38, 41, 42, 45, 48, 49], 2.1657001841021866], [[0, 1, 4, 5, 6, 8, 10, 11, 12, 13, 14, 15, 16, 17, 20, 23, 24, 25, 27, 28, 29, 30, 33, 34, 35, 36, 37, 38, 41, 42, 45, 48, 49], 4.011349709962973], [[0, 1, 3, 4, 5, 6, 8, 10, 11, 12, 13, 14, 15, 16, 17, 20, 23, 24, 25, 27, 28, 29, 30, 33, 34, 35, 36, 37, 38, 41, 42, 45, 48, 49], 7.429897887344139], [[0, 1, 3, 4, 5, 6, 8, 10, 11, 12, 13, 14, 15, 16, 17, 20, 23, 24, 25, 27, 28, 29, 30, 33, 34, 35, 36, 37, 38, 41, 42, 45, 47, 48, 49], 13.761805918284685], [[0, 1, 3, 4, 5, 6, 8, 10, 11, 12, 13, 14, 15, 16, 17, 20, 22, 23, 24, 25, 27, 28, 29, 30, 33, 34, 35, 36, 37, 38, 41, 42, 45, 47, 48, 49], 25.48989299773984], [[0, 1, 2, 3, 4, 5, 6, 8, 10, 11, 12, 13, 14, 15, 16, 17, 20, 22, 23, 24, 25, 27, 28, 29, 30, 33, 34, 35, 36, 37, 38, 41, 42, 45, 47, 48, 49], 47.212891163721004], [[0, 1, 2, 3, 4, 5, 6, 8, 10, 11, 12, 13, 14, 15, 16, 17, 20, 22, 23, 24, 25, 27, 28, 29, 30, 32, 33, 34, 35, 36, 37, 38, 41, 42, 45, 47, 48, 49], 87.44866892620853], [[0, 1, 2, 3, 4, 5, 6, 8, 10, 11, 12, 13, 14, 15, 16, 17, 20, 21, 22, 23, 24, 25, 27, 28, 29, 30, 32, 33, 34, 35, 36, 37, 38, 41, 42, 45, 47, 48, 49], 161.97418826452179], [[0, 1, 2, 3, 4, 5, 6, 8, 10, 11, 12, 13, 14, 15, 16, 17, 20, 21, 22, 23, 24, 25, 27, 28, 29, 30, 31, 32, 33, 34, 35, 36, 37, 38, 41, 42, 45, 47, 48, 49], 6433.37802636088], [[0, 1, 2, 3, 4, 5, 6, 8, 10, 11, 12, 13, 14, 15, 16, 17, 20, 21, 22, 23, 24, 25, 26, 27, 28, 29, 30, 31, 32, 33, 34, 35, 36, 37, 38, 41, 42, 45, 47, 48, 49], 11916.0220748526], [[0, 1, 2, 3, 4, 5, 6, 8, 10, 11, 12, 13, 14, 15, 16, 17, 18, 20, 21, 22, 23, 24, 25, 26, 27, 28, 29, 30, 31, 32, 33, 34, 35, 36, 37, 38, 41, 42, 45, 47, 48, 49], 22071.07704639172]]}