{"costs": 56164, "join_operands": {"0": [0, 1, 2, 3, 4, 5, 6], "1": [0, 2, 3, 4, 5, 6], "2": [], "3": [0, 2, 4, 5, 6], "4": [], "5": [], "6": [0, 2, 4, 5], "7": [0, 2, 5], "8": [2, 5]}, "join_predecessors": {"0": [1, 2], "1": [3, 5], "2": [4], "3": [6], "4": [], "5": [], "6": [7], "7": [8], "8": []}, "leaf_joins": [], "opt_time": 0.2375638484954834, "status": 2, "intermediate_costs": [[[0, 2, 3, 4, 5, 6], 2.7208872550784814e-15], [[0, 2, 4, 5, 6], 0.001051583985556148], [[0, 2, 4, 5], 2658.7303065214646], [[0, 2, 5], 48290.00000000001], [[2, 5], 5216.0]]}