{"costs": 5984445, "root_join": 0, "join_operands": {"0": [0, 1, 2, 3, 4, 5, 6, 7, 8, 9, 10, 11, 12, 13, 14, 15, 16, 17, 18, 19], "1": [0, 1, 2, 3, 4, 5, 6, 7, 8, 9, 10, 11, 12, 14, 15, 16, 17, 18, 19], "2": [], "3": [0, 1, 2, 3, 4, 5, 7, 8, 9, 10, 11, 12, 14, 15, 16, 18, 19], "4": [], "5": [6, 17], "6": [], "7": [0, 1, 2, 3, 4, 7, 8, 9, 10, 11, 12, 14, 15, 16, 18, 19], "8": [], "9": [], "10": [], "11": [], "12": [], "13": [], "14": [], "15": [0, 1, 2, 3, 4, 8, 10, 11, 14, 15, 16, 18], "16": [1, 2, 3, 4, 8, 10, 11, 14, 15, 16, 18], "17": [1, 11, 14, 15], "18": [11, 14, 15], "19": [11, 14], "20": [1, 11, 14, 15, 16], "21": [1, 4, 11, 14, 15, 16], "22": [1, 3, 4, 11, 14, 15, 16], "23": [1, 3, 4, 8, 11, 14, 15, 16], "24": [1, 3, 4, 8, 11, 14, 15, 16, 18], "25": [1, 2, 3, 4, 8, 11, 14, 15, 16, 18], "26": [0, 1, 2, 3, 4, 7, 8, 10, 11, 14, 15, 16, 18], "27": [0, 1, 2, 3, 4, 7, 8, 9, 10, 11, 14, 15, 16, 18], "29": [12, 19]}, "join_predecessors": {"0": [1], "1": [3, 5], "2": [], "3": [7], "4": [], "5": [], "6": [], "7": [27, 29], "8": [], "9": [], "10": [], "11": [], "12": [], "13": [], "14": [], "15": [16], "17": [18], "19": [], "18": [19], "20": [17], "21": [20], "22": [21], "23": [22], "24": [23], "25": [24], "16": [25], "26": [15], "27": [26], "29": []}, "intermediate_costs": [[[0, 1, 2, 3, 4, 5, 6, 7, 8, 9, 10, 11, 12, 14, 15, 16, 17, 18, 19], 1295165.836818787], [[0, 1, 2, 3, 4, 5, 7, 8, 9, 10, 11, 12, 14, 15, 16, 18, 19], 862087.7792825358], [[6, 17], 85193.0], [[0, 1, 2, 3, 4, 7, 8, 9, 10, 11, 12, 14, 15, 16, 18, 19], 698219.9287674663], [[0, 1, 2, 3, 4, 8, 10, 11, 14, 15, 16, 18], 300778.66488493397], [[1, 2, 3, 4, 8, 10, 11, 14, 15, 16, 18], 246343.02630133816], [[1, 11, 14, 15], 55343.17715785942], [[11, 14, 15], 44823.40377275105], [[11, 14], 38061.0], [[1, 11, 14, 15, 16], 5088.543918627849], [[1, 4, 11, 14, 15, 16], 5880.050223878889], [[1, 3, 4, 11, 14, 15, 16], 41024.50732992876], [[1, 3, 4, 8, 11, 14, 15, 16], 553491.2243916634], [[1, 3, 4, 8, 11, 14, 15, 16, 18], 683392.1621377458], [[1, 2, 3, 4, 8, 11, 14, 15, 16, 18], 210944.981850675], [[0, 1, 2, 3, 4, 7, 8, 10, 11, 14, 15, 16, 18], 370957.3713465518], [[0, 1, 2, 3, 4, 7, 8, 9, 10, 11, 14, 15, 16, 18], 458018.7552297946], [[12, 19], 29632.0]]}