{"costs": 30910490, "root_join": 29, "join_operands": {"0": [0, 20], "1": [0, 12, 20], "2": [0, 12, 14, 20], "3": [0, 12, 13, 14, 20], "4": [0, 12, 13, 14, 20, 26], "5": [0, 12, 13, 14, 20, 26, 29], "6": [0, 12, 13, 14, 20, 26, 28, 29], "7": [0, 3, 12, 13, 14, 20, 26, 28, 29], "8": [0, 3, 12, 13, 14, 20, 26, 28, 29, 34], "9": [0, 3, 4, 12, 13, 14, 20, 26, 28, 29, 34], "10": [0, 3, 4, 6, 12, 13, 14, 20, 26, 28, 29, 34], "11": [0, 3, 4, 6, 7, 12, 13, 14, 20, 26, 28, 29, 34], "12": [0, 2, 3, 4, 6, 7, 11, 12, 13, 14, 15, 16, 17, 18, 20, 22, 24, 26, 27, 28, 29, 30, 32, 34, 35, 36, 38, 39], "13": [2, 11, 15, 16, 17, 18, 22, 24, 27, 30, 32, 35, 36, 38, 39], "14": [11, 15, 16, 17, 18, 22, 24, 27, 30, 32, 35, 36, 38, 39], "15": [11, 16, 17, 18, 22, 24, 27, 30, 32, 35, 36, 38, 39], "16": [18, 35], "17": [18, 35, 36], "18": [17, 18, 35, 36], "19": [11, 16, 22, 24, 27, 30, 32, 38, 39], "20": [16, 32], "21": [16, 24, 32], "22": [16, 24, 32, 38], "23": [11, 16, 24, 32, 38], "24": [11, 16, 24, 30, 32, 38], "25": [11, 16, 24, 30, 32, 38, 39], "26": [11, 16, 22, 24, 30, 32, 38, 39], "27": [0, 2, 3, 4, 6, 7, 11, 12, 13, 14, 15, 16, 17, 18, 20, 21, 22, 24, 25, 26, 27, 28, 29, 30, 32, 34, 35, 36, 38, 39], "28": [21, 25], "29": [0, 1, 2, 3, 4, 5, 6, 7, 8, 9, 10, 11, 12, 13, 14, 15, 16, 17, 18, 19, 20, 21, 22, 23, 24, 25, 26, 27, 28, 29, 30, 31, 32, 33, 34, 35, 36, 37, 38, 39], "30": [1, 5, 8, 9, 10, 19, 23, 31, 33, 37], "31": [1, 10, 37], "32": [1, 10], "33": [1, 10, 23, 37], "34": [1, 9, 10, 23, 37], "35": [1, 9, 10, 23, 31, 37], "36": [1, 5, 9, 10, 23, 31, 37], "37": [1, 5, 9, 10, 23, 31, 33, 37], "38": [8, 19]}, "join_predecessors": {"0": [], "1": [0], "2": [1], "3": [2], "4": [3], "5": [4], "6": [5], "7": [6], "8": [7], "9": [8], "10": [9], "11": [10], "12": [11, 13], "14": [15], "16": [], "17": [16], "18": [17], "15": [18, 19], "20": [], "21": [20], "22": [21], "23": [22], "24": [23], "25": [24], "26": [25], "19": [26], "13": [14], "27": [12, 28], "28": [], "29": [27, 30], "31": [32], "32": [], "33": [31], "34": [33], "35": [34], "36": [35], "37": [36], "30": [37, 38], "38": []}, "intermediate_costs": [[[0, 20], 36.0], [[0, 12, 20], 0.5806153846153846], [[0, 12, 14, 20], 0.9954605240930179], [[0, 12, 13, 14, 20], 0.5169953510127797], [[0, 12, 13, 14, 20, 26], 0.8899174197383894], [[0, 12, 13, 14, 20, 26, 29], 1.5368932945061795], [[0, 12, 13, 14, 20, 26, 28, 29], 1380.2290025570644], [[0, 3, 12, 13, 14, 20, 26, 28, 29], 2228.208367219836], [[0, 3, 12, 13, 14, 20, 26, 28, 29, 34], 3848.130821584743], [[0, 3, 4, 12, 13, 14, 20, 26, 28, 29, 34], 6645.747784578485], [[0, 3, 4, 6, 12, 13, 14, 20, 26, 28, 29, 34], 10873.184780600333], [[0, 3, 4, 6, 7, 12, 13, 14, 20, 26, 28, 29, 34], 18778.063127613263], [[0, 2, 3, 4, 6, 7, 11, 12, 13, 14, 15, 16, 17, 18, 20, 22, 24, 26, 27, 28, 29, 30, 32, 34, 35, 36, 38, 39], 669259.5552406325], [[2, 11, 15, 16, 17, 18, 22, 24, 27, 30, 32, 35, 36, 38, 39], 2063715.4667568917], [[11, 15, 16, 17, 18, 22, 24, 27, 30, 32, 35, 36, 38, 39], 1194971.3183305685], [[11, 16, 17, 18, 22, 24, 27, 30, 32, 35, 36, 38, 39], 691932.6661925876], [[18, 35], 643948.0], [[18, 35, 36], 1112101.5498958332], [[17, 18, 35, 36], 1920606.607499427], [[11, 16, 22, 24, 27, 30, 32, 38, 39], 101800.80959941915], [[16, 32], 3348.0], [[16, 24, 32], 5782.018459183674], [[16, 24, 32, 38], 65934.22714310234], [[11, 16, 24, 32, 38], 12173.014907025861], [[11, 16, 24, 30, 32, 38], 21022.8784039252], [[11, 16, 24, 30, 32, 38, 39], 34289.409618385536], [[11, 16, 22, 24, 30, 32, 38, 39], 58946.39810248713], [[0, 2, 3, 4, 6, 7, 11, 12, 13, 14, 15, 16, 17, 18, 20, 21, 22, 24, 25, 26, 27, 28, 29, 30, 32, 34, 35, 36, 38, 39], 1996099.8199222235], [[21, 25], 17216530.0], [[1, 5, 8, 9, 10, 19, 23, 31, 33, 37], 1614354.988299437], [[1, 10, 37], 38021.77781920765], [[1, 10], 22016.0], [[1, 10, 23, 37], 65116.60791035579], [[1, 9, 10, 23, 37], 112456.81314989134], [[1, 9, 10, 23, 31, 37], 193812.81117388967], [[1, 5, 9, 10, 23, 31, 37], 334716.00842585834], [[1, 5, 9, 10, 23, 31, 33, 37], 578056.7634856479], [[8, 19], 95683.0]]}