{"costs": 1783146, "root_join": 18, "join_operands": {"0": [0, 7], "1": [0, 5, 7], "2": [0, 1, 5, 6, 7, 17, 18], "3": [1, 6, 17, 18], "4": [6, 17, 18], "5": [6, 17], "6": [0, 1, 5, 6, 7, 17, 18, 19], "7": [0, 1, 5, 6, 7, 14, 17, 18, 19], "8": [0, 1, 5, 6, 7, 14, 15, 17, 18, 19], "9": [0, 1, 5, 6, 7, 9, 14, 15, 17, 18, 19], "10": [0, 1, 5, 6, 7, 9, 10, 14, 15, 17, 18, 19], "11": [0, 1, 3, 5, 6, 7, 9, 10, 14, 15, 17, 18, 19], "12": [0, 1, 3, 5, 6, 7, 9, 10, 12, 14, 15, 17, 18, 19], "13": [0, 1, 3, 5, 6, 7, 9, 10, 12, 13, 14, 15, 17, 18, 19], "14": [0, 1, 3, 5, 6, 7, 8, 9, 10, 12, 13, 14, 15, 17, 18, 19], "15": [0, 1, 3, 5, 6, 7, 8, 9, 10, 12, 13, 14, 15, 16, 17, 18, 19], "16": [0, 1, 2, 3, 5, 6, 7, 8, 9, 10, 12, 13, 14, 15, 16, 17, 18, 19], "17": [0, 1, 2, 3, 4, 5, 6, 7, 8, 9, 10, 12, 13, 14, 15, 16, 17, 18, 19], "18": [0, 1, 2, 3, 4, 5, 6, 7, 8, 9, 10, 11, 12, 13, 14, 15, 16, 17, 18, 19]}, "join_predecessors": {"0": [], "1": [0], "2": [1, 3], "3": [4], "4": [5], "5": [], "6": [2], "7": [6], "8": [7], "9": [8], "10": [9], "11": [10], "12": [11], "13": [12], "14": [13], "15": [14], "16": [15], "17": [16], "18": [17]}, "intermediate_costs": [[[0, 7], 111.0], [[0, 5, 7], 629.4345973445837], [[0, 1, 5, 6, 7, 17, 18], 4.7293697260150624], [[1, 6, 17, 18], 83.47675804894448], [[6, 17, 18], 0.09016928864569083], [[6, 17], 465.0], [[0, 1, 5, 6, 7, 17, 18, 19], 0.05472770654406648], [[0, 1, 5, 6, 7, 14, 17, 18, 19], 0.30692763930276634], [[0, 1, 5, 6, 7, 14, 15, 17, 18, 19], 1.7404551020691439], [[0, 1, 5, 6, 7, 9, 14, 15, 17, 18, 19], 9.869389388211507], [[0, 1, 5, 6, 7, 9, 10, 14, 15, 17, 18, 19], 159.28551673083103], [[0, 1, 3, 5, 6, 7, 9, 10, 14, 15, 17, 18, 19], 261.556043501951], [[0, 1, 3, 5, 6, 7, 9, 10, 12, 14, 15, 17, 18, 19], 1483.1749810422375], [[0, 1, 3, 5, 6, 7, 9, 10, 12, 13, 14, 15, 17, 18, 19], 8410.46366784016], [[0, 1, 3, 5, 6, 7, 8, 9, 10, 12, 13, 14, 15, 17, 18, 19], 89.98079311231649], [[0, 1, 3, 5, 6, 7, 8, 9, 10, 12, 13, 14, 15, 16, 17, 18, 19], 510.24346199456954], [[0, 1, 2, 3, 5, 6, 7, 8, 9, 10, 12, 13, 14, 15, 16, 17, 18, 19], 2893.3773738981627], [[0, 1, 2, 3, 4, 5, 6, 7, 8, 9, 10, 12, 13, 14, 15, 16, 17, 18, 19], 1768032.6948004041]]}