{"costs": 2218454, "root_join": 27, "join_operands": {"0": [0, 1, 2, 3, 4, 5, 6, 7, 8, 9, 10, 11, 12, 14, 15, 16, 18, 19, 20, 22, 23, 25, 26, 27, 29], "1": [1, 2, 3, 4, 5, 6, 7, 8, 9, 10, 11, 12, 14, 15, 16, 18, 19, 20, 22, 23, 25, 26, 27, 29], "2": [1, 2, 3, 10, 12, 15, 22, 23, 25, 27, 29], "3": [2, 3, 10, 12, 15, 22, 23, 25, 27, 29], "4": [2, 10], "5": [2, 10, 29], "6": [2, 10, 12, 29], "7": [2, 10, 12, 15, 29], "8": [2, 10, 12, 15, 25, 29], "9": [2, 10, 12, 15, 22, 25, 29], "10": [2, 3, 10, 12, 15, 22, 25, 29], "11": [2, 3, 10, 12, 15, 22, 25, 27, 29], "12": [1, 2, 3, 10, 12, 15, 18, 22, 23, 25, 27, 29], "13": [1, 2, 3, 10, 12, 15, 18, 19, 22, 23, 25, 27, 29], "14": [1, 2, 3, 10, 11, 12, 15, 18, 19, 22, 23, 25, 27, 29], "15": [1, 2, 3, 4, 10, 11, 12, 15, 18, 19, 22, 23, 25, 27, 29], "16": [1, 2, 3, 4, 7, 10, 11, 12, 15, 18, 19, 22, 23, 25, 27, 29], "17": [1, 2, 3, 4, 6, 7, 10, 11, 12, 15, 18, 19, 22, 23, 25, 27, 29], "18": [1, 2, 3, 4, 6, 7, 10, 11, 12, 15, 18, 19, 20, 22, 23, 25, 27, 29], "19": [1, 2, 3, 4, 6, 7, 10, 11, 12, 14, 15, 18, 19, 20, 22, 23, 25, 27, 29], "20": [1, 2, 3, 4, 6, 7, 10, 11, 12, 14, 15, 16, 18, 19, 20, 22, 23, 25, 27, 29], "21": [1, 2, 3, 4, 6, 7, 9, 10, 11, 12, 14, 15, 16, 18, 19, 20, 22, 23, 25, 27, 29], "22": [1, 2, 3, 4, 6, 7, 8, 9, 10, 11, 12, 14, 15, 16, 18, 19, 20, 22, 23, 25, 27, 29], "23": [1, 2, 3, 4, 5, 6, 7, 8, 9, 10, 11, 12, 14, 15, 16, 18, 19, 20, 22, 23, 25, 27, 29], "24": [0, 1, 2, 3, 4, 5, 6, 7, 8, 9, 10, 11, 12, 14, 15, 16, 18, 19, 20, 21, 22, 23, 25, 26, 27, 29], "25": [0, 1, 2, 3, 4, 5, 6, 7, 8, 9, 10, 11, 12, 14, 15, 16, 17, 18, 19, 20, 21, 22, 23, 25, 26, 27, 29], "26": [0, 1, 2, 3, 4, 5, 6, 7, 8, 9, 10, 11, 12, 13, 14, 15, 16, 17, 18, 19, 20, 21, 22, 23, 25, 26, 27, 29], "27": [0, 1, 2, 3, 4, 5, 6, 7, 8, 9, 10, 11, 12, 13, 14, 15, 16, 17, 18, 19, 20, 21, 22, 23, 24, 25, 26, 27, 28, 29], "28": [24, 28]}, "join_predecessors": {"0": [1], "2": [3], "4": [], "5": [4], "6": [5], "7": [6], "8": [7], "9": [8], "10": [9], "11": [10], "3": [11], "12": [2], "13": [12], "14": [13], "15": [14], "16": [15], "17": [16], "18": [17], "19": [18], "20": [19], "21": [20], "22": [21], "23": [22], "1": [23], "24": [0], "25": [24], "26": [25], "27": [26, 28], "28": []}, "intermediate_costs": [[[0, 1, 2, 3, 4, 5, 6, 7, 8, 9, 10, 11, 12, 14, 15, 16, 18, 19, 20, 22, 23, 25, 26, 27, 29], 1081.158448635574], [[1, 2, 3, 4, 5, 6, 7, 8, 9, 10, 11, 12, 14, 15, 16, 18, 19, 20, 22, 23, 25, 26, 27, 29], 424.2292527205296], [[1, 2, 3, 10, 12, 15, 22, 23, 25, 27, 29], 0.000672286070521107], [[2, 3, 10, 12, 15, 22, 23, 25, 27, 29], 0.33483168401766444], [[2, 10], 68.0], [[2, 10, 29], 0.0425648854961832], [[2, 10, 12, 29], 0.10482106683759687], [[2, 10, 12, 15, 29], 2.0949322887628568], [[2, 10, 12, 15, 25, 29], 155.70846454264736], [[2, 10, 12, 15, 22, 25, 29], 1.9633491882833454], [[2, 3, 10, 12, 15, 22, 25, 29], 0.38687110865871593], [[2, 3, 10, 12, 15, 22, 25, 27, 29], 0.13138322790100534], [[1, 2, 3, 10, 12, 15, 18, 22, 23, 25, 27, 29], 0.2756374947155122], [[1, 2, 3, 10, 12, 15, 18, 19, 22, 23, 25, 27, 29], 0.03633456742150043], [[1, 2, 3, 10, 11, 12, 15, 18, 19, 22, 23, 25, 27, 29], 0.05255648373514915], [[1, 2, 3, 4, 10, 11, 12, 15, 18, 19, 22, 23, 25, 27, 29], 0.10715301710426267], [[1, 2, 3, 4, 7, 10, 11, 12, 15, 18, 19, 22, 23, 25, 27, 29], 0.2509402436966522], [[1, 2, 3, 4, 6, 7, 10, 11, 12, 15, 18, 19, 22, 23, 25, 27, 29], 0.6075509026199178], [[1, 2, 3, 4, 6, 7, 10, 11, 12, 15, 18, 19, 20, 22, 23, 25, 27, 29], 1.54835053987224], [[1, 2, 3, 4, 6, 7, 10, 11, 12, 14, 15, 18, 19, 20, 22, 23, 25, 27, 29], 3.9460038792370895], [[1, 2, 3, 4, 6, 7, 10, 11, 12, 14, 15, 16, 18, 19, 20, 22, 23, 25, 27, 29], 10.056481252736775], [[1, 2, 3, 4, 6, 7, 9, 10, 11, 12, 14, 15, 16, 18, 19, 20, 22, 23, 25, 27, 29], 25.629184221070734], [[1, 2, 3, 4, 6, 7, 8, 9, 10, 11, 12, 14, 15, 16, 18, 19, 20, 22, 23, 25, 27, 29], 65.31658769987405], [[1, 2, 3, 4, 5, 6, 7, 8, 9, 10, 11, 12, 14, 15, 16, 18, 19, 20, 22, 23, 25, 27, 29], 166.46081438064917], [[0, 1, 2, 3, 4, 5, 6, 7, 8, 9, 10, 11, 12, 14, 15, 16, 18, 19, 20, 21, 22, 23, 25, 26, 27, 29], 2755.358411332061], [[0, 1, 2, 3, 4, 5, 6, 7, 8, 9, 10, 11, 12, 14, 15, 16, 17, 18, 19, 20, 21, 22, 23, 25, 26, 27, 29], 597261.2735742881], [[0, 1, 2, 3, 4, 5, 6, 7, 8, 9, 10, 11, 12, 13, 14, 15, 16, 17, 18, 19, 20, 21, 22, 23, 25, 26, 27, 29], 1522134.655247177], [[24, 28], 94295.0]]}