{"costs": 2742724, "root_join": 1, "join_operands": {"0": [14, 20], "1": [0, 1, 2, 3, 4, 5, 6, 7, 8, 9, 10, 11, 12, 13, 14, 15, 16, 17, 18, 19, 20, 21, 22, 23, 24, 25, 26, 27, 28, 29], "2": [0, 1, 2, 3, 4, 5, 6, 7, 8, 9, 10, 11, 12, 13, 15, 16, 17, 18, 19, 21, 22, 23, 24, 25, 26, 27, 28, 29], "3": [3, 22], "4": [3, 22, 27], "5": [1, 3, 22, 23, 27], "6": [1, 23], "7": [1, 3, 22, 23, 25, 27], "8": [1, 2, 3, 10, 12, 15, 22, 23, 25, 27, 29], "9": [2, 10, 12, 15, 29], "10": [2, 10, 12, 29], "11": [2, 10, 29], "12": [2, 10], "13": [1, 2, 3, 10, 12, 15, 18, 22, 23, 25, 27, 29], "14": [1, 2, 3, 10, 12, 15, 18, 19, 22, 23, 25, 27, 29], "15": [1, 2, 3, 10, 11, 12, 15, 18, 19, 22, 23, 25, 27, 29], "16": [1, 2, 3, 4, 10, 11, 12, 15, 18, 19, 22, 23, 25, 27, 29], "17": [1, 2, 3, 4, 7, 10, 11, 12, 15, 18, 19, 22, 23, 25, 27, 29], "18": [1, 2, 3, 4, 6, 7, 10, 11, 12, 15, 18, 19, 22, 23, 25, 27, 29], "19": [1, 2, 3, 4, 6, 7, 9, 10, 11, 12, 15, 18, 19, 22, 23, 25, 27, 29], "20": [1, 2, 3, 4, 6, 7, 9, 10, 11, 12, 15, 18, 19, 22, 23, 25, 27, 28, 29], "21": [1, 2, 3, 4, 6, 7, 9, 10, 11, 12, 15, 18, 19, 22, 23, 24, 25, 27, 28, 29], "22": [1, 2, 3, 4, 6, 7, 9, 10, 11, 12, 15, 16, 18, 19, 22, 23, 24, 25, 27, 28, 29], "23": [1, 2, 3, 4, 6, 7, 8, 9, 10, 11, 12, 15, 16, 18, 19, 22, 23, 24, 25, 27, 28, 29], "24": [1, 2, 3, 4, 5, 6, 7, 8, 9, 10, 11, 12, 15, 16, 18, 19, 22, 23, 24, 25, 27, 28, 29], "25": [1, 2, 3, 4, 5, 6, 7, 8, 9, 10, 11, 12, 15, 16, 18, 19, 22, 23, 24, 25, 26, 27, 28, 29], "26": [0, 1, 2, 3, 4, 5, 6, 7, 8, 9, 10, 11, 12, 15, 16, 18, 19, 22, 23, 24, 25, 26, 27, 28, 29], "27": [0, 1, 2, 3, 4, 5, 6, 7, 8, 9, 10, 11, 12, 15, 16, 18, 19, 21, 22, 23, 24, 25, 26, 27, 28, 29], "28": [0, 1, 2, 3, 4, 5, 6, 7, 8, 9, 10, 11, 12, 15, 16, 17, 18, 19, 21, 22, 23, 24, 25, 26, 27, 28, 29]}, "join_predecessors": {"0": [], "1": [0, 2], "3": [], "4": [3], "5": [4, 6], "6": [], "7": [5], "8": [7, 9], "9": [10], "10": [11], "12": [], "11": [12], "13": [8], "14": [13], "15": [14], "16": [15], "17": [16], "18": [17], "19": [18], "20": [19], "21": [20], "22": [21], "23": [22], "24": [23], "25": [24], "26": [25], "27": [26], "28": [27], "2": [28]}, "intermediate_costs": [[[14, 20], 606548.0], [[0, 1, 2, 3, 4, 5, 6, 7, 8, 9, 10, 11, 12, 13, 15, 16, 17, 18, 19, 21, 22, 23, 24, 25, 26, 27, 28, 29], 1522137.4892678973], [[3, 22], 8473.0], [[3, 22, 27], 2877.4702093023257], [[1, 3, 22, 23, 27], 14.723973302825248], [[1, 23], 769.0], [[1, 3, 22, 23, 25, 27], 37.524217171242036], [[1, 2, 3, 10, 12, 15, 22, 23, 25, 27, 29], 0.000672286070521107], [[2, 10, 12, 15, 29], 2.0949322887628568], [[2, 10, 12, 29], 0.10482106683759687], [[2, 10, 29], 0.0425648854961832], [[2, 10], 68.0], [[1, 2, 3, 10, 12, 15, 18, 22, 23, 25, 27, 29], 0.2756374947155122], [[1, 2, 3, 10, 12, 15, 18, 19, 22, 23, 25, 27, 29], 0.03633456742150043], [[1, 2, 3, 10, 11, 12, 15, 18, 19, 22, 23, 25, 27, 29], 0.05255648373514915], [[1, 2, 3, 4, 10, 11, 12, 15, 18, 19, 22, 23, 25, 27, 29], 0.10715301710426267], [[1, 2, 3, 4, 7, 10, 11, 12, 15, 18, 19, 22, 23, 25, 27, 29], 0.2509402436966522], [[1, 2, 3, 4, 6, 7, 10, 11, 12, 15, 18, 19, 22, 23, 25, 27, 29], 0.6075509026199178], [[1, 2, 3, 4, 6, 7, 9, 10, 11, 12, 15, 18, 19, 22, 23, 25, 27, 29], 1.5483580802863997], [[1, 2, 3, 4, 6, 7, 9, 10, 11, 12, 15, 18, 19, 22, 23, 25, 27, 28, 29], 3.9460275235249025], [[1, 2, 3, 4, 6, 7, 9, 10, 11, 12, 15, 18, 19, 22, 23, 24, 25, 27, 28, 29], 10.056504468399478], [[1, 2, 3, 4, 6, 7, 9, 10, 11, 12, 15, 16, 18, 19, 22, 23, 24, 25, 27, 28, 29], 25.629231939345118], [[1, 2, 3, 4, 6, 7, 8, 9, 10, 11, 12, 15, 16, 18, 19, 22, 23, 24, 25, 27, 28, 29], 65.31670931103525], [[1, 2, 3, 4, 5, 6, 7, 8, 9, 10, 11, 12, 15, 16, 18, 19, 22, 23, 24, 25, 27, 28, 29], 166.46112430946883], [[1, 2, 3, 4, 5, 6, 7, 8, 9, 10, 11, 12, 15, 16, 18, 19, 22, 23, 24, 25, 26, 27, 28, 29], 424.23004258132687], [[0, 1, 2, 3, 4, 5, 6, 7, 8, 9, 10, 11, 12, 15, 16, 18, 19, 22, 23, 24, 25, 26, 27, 28, 29], 1081.1604616148034], [[0, 1, 2, 3, 4, 5, 6, 7, 8, 9, 10, 11, 12, 15, 16, 18, 19, 21, 22, 23, 24, 25, 26, 27, 28, 29], 2755.363541458232], [[0, 1, 2, 3, 4, 5, 6, 7, 8, 9, 10, 11, 12, 15, 16, 17, 18, 19, 21, 22, 23, 24, 25, 26, 27, 28, 29], 597262.3855986539]]}