{"costs": 1830640, "root_join": 28, "join_operands": {"0": [0, 19, 21], "1": [19, 21], "2": [0, 1, 2, 4, 5, 7, 8, 9, 10, 11, 12, 13, 15, 16, 17, 18, 19, 20, 21, 22, 23, 24, 25, 26, 27, 28], "3": [1, 2, 4, 5, 7, 8, 9, 10, 11, 12, 13, 15, 16, 17, 18, 20, 22, 23, 24, 25, 26, 27, 28], "4": [4, 5, 8, 9, 11, 12, 15, 16, 17, 18, 20, 24, 26], "5": [4, 5, 8, 9, 11, 12, 15, 16, 18, 20, 24, 26], "6": [8, 24], "7": [4, 8, 20, 24], "8": [4, 20], "9": [4, 8, 20, 24, 26], "10": [4, 8, 18, 20, 24, 26], "11": [4, 8, 11, 18, 20, 24, 26], "12": [4, 8, 9, 11, 18, 20, 24, 26], "13": [4, 8, 9, 11, 12, 18, 20, 24, 26], "14": [4, 5, 8, 9, 11, 12, 18, 20, 24, 26], "15": [4, 5, 8, 9, 11, 12, 15, 18, 20, 24, 26], "16": [1, 4, 5, 8, 9, 11, 12, 15, 16, 17, 18, 20, 24, 26], "17": [1, 2, 4, 5, 8, 9, 11, 12, 15, 16, 17, 18, 20, 24, 26], "18": [1, 2, 4, 5, 8, 9, 11, 12, 15, 16, 17, 18, 20, 23, 24, 26], "19": [1, 2, 4, 5, 8, 9, 11, 12, 15, 16, 17, 18, 20, 23, 24, 25, 26], "20": [1, 2, 4, 5, 8, 9, 11, 12, 15, 16, 17, 18, 20, 22, 23, 24, 25, 26], "21": [1, 2, 4, 5, 7, 8, 9, 11, 12, 15, 16, 17, 18, 20, 22, 23, 24, 25, 26], "22": [1, 2, 4, 5, 7, 8, 9, 10, 11, 12, 15, 16, 17, 18, 20, 22, 23, 24, 25, 26], "23": [1, 2, 4, 5, 7, 8, 9, 10, 11, 12, 15, 16, 17, 18, 20, 22, 23, 24, 25, 26, 27], "24": [13, 28], "25": [0, 1, 2, 4, 5, 7, 8, 9, 10, 11, 12, 13, 14, 15, 16, 17, 18, 19, 20, 21, 22, 23, 24, 25, 26, 27, 28], "26": [0, 1, 2, 3, 4, 5, 7, 8, 9, 10, 11, 12, 13, 14, 15, 16, 17, 18, 19, 20, 21, 22, 23, 24, 25, 26, 27, 28, 29], "27": [3, 29], "28": [0, 1, 2, 3, 4, 5, 6, 7, 8, 9, 10, 11, 12, 13, 14, 15, 16, 17, 18, 19, 20, 21, 22, 23, 24, 25, 26, 27, 28, 29]}, "join_predecessors": {"0": [1], "1": [], "2": [0, 3], "4": [5], "6": [], "7": [6, 8], "8": [], "9": [7], "10": [9], "11": [10], "12": [11], "13": [12], "14": [13], "15": [14], "5": [15], "16": [4], "17": [16], "18": [17], "19": [18], "20": [19], "21": [20], "22": [21], "23": [22], "3": [23, 24], "24": [], "25": [2], "26": [25, 27], "27": [], "28": [26]}, "intermediate_costs": [[[0, 19, 21], 49418.45688888889], [[19, 21], 22064.0], [[0, 1, 2, 4, 5, 7, 8, 9, 10, 11, 12, 13, 15, 16, 17, 18, 19, 20, 21, 22, 23, 24, 25, 26, 27, 28], 8112.0317830231], [[1, 2, 4, 5, 7, 8, 9, 10, 11, 12, 13, 15, 16, 17, 18, 20, 22, 23, 24, 25, 26, 27, 28], 4954.646101473644], [[4, 5, 8, 9, 11, 12, 15, 16, 17, 18, 20, 24, 26], 690.8219741751977], [[4, 5, 8, 9, 11, 12, 15, 16, 18, 20, 24, 26], 570.4558003098247], [[8, 24], 47807.0], [[4, 8, 20, 24], 229.57045518244158], [[4, 20], 1849.0], [[4, 8, 20, 24, 26], 281.4121731001791], [[4, 8, 18, 20, 24, 26], 265.356124633919], [[4, 8, 11, 18, 20, 24, 26], 319.8596567857469], [[4, 8, 9, 11, 18, 20, 24, 26], 392.0929674832916], [[4, 8, 9, 11, 12, 18, 20, 24, 26], 480.6385971696266], [[4, 5, 8, 9, 11, 12, 18, 20, 24, 26], 8527.42647557829], [[4, 5, 8, 9, 11, 12, 15, 18, 20, 24, 26], 507.6694929110682], [[1, 4, 5, 8, 9, 11, 12, 15, 16, 17, 18, 20, 24, 26], 846.8263406613222], [[1, 2, 4, 5, 8, 9, 11, 12, 15, 16, 17, 18, 20, 24, 26], 977.0009543890561], [[1, 2, 4, 5, 8, 9, 11, 12, 15, 16, 17, 18, 20, 23, 24, 26], 1193.2240804781686], [[1, 2, 4, 5, 8, 9, 11, 12, 15, 16, 17, 18, 20, 23, 24, 25, 26], 1460.2921060805772], [[1, 2, 4, 5, 8, 9, 11, 12, 15, 16, 17, 18, 20, 22, 23, 24, 25, 26], 1790.05601834344], [[1, 2, 4, 5, 7, 8, 9, 11, 12, 15, 16, 17, 18, 20, 22, 23, 24, 25, 26], 2194.3002500802263], [[1, 2, 4, 5, 7, 8, 9, 10, 11, 12, 15, 16, 17, 18, 20, 22, 23, 24, 25, 26], 2689.8264973493892], [[1, 2, 4, 5, 7, 8, 9, 10, 11, 12, 15, 16, 17, 18, 20, 22, 23, 24, 25, 26, 27], 3297.2641278745523], [[13, 28], 348135.0], [[0, 1, 2, 4, 5, 7, 8, 9, 10, 11, 12, 13, 14, 15, 16, 17, 18, 19, 20, 21, 22, 23, 24, 25, 26, 27, 28], 499736.72992080817], [[0, 1, 2, 3, 4, 5, 7, 8, 9, 10, 11, 12, 13, 14, 15, 16, 17, 18, 19, 20, 21, 22, 23, 24, 25, 26, 27, 28, 29], 739719.3895971813], [[3, 29], 82130.0]]}