{"costs": 9107838, "root_join": 26, "join_operands": {"0": [0, 19, 21], "1": [19, 21], "2": [0, 1, 2, 4, 5, 6, 7, 8, 9, 10, 11, 12, 13, 15, 16, 17, 18, 19, 20, 21, 22, 23, 24, 25, 26, 27, 28], "3": [1, 2, 4, 5, 6, 7, 8, 9, 10, 11, 12, 13, 15, 16, 17, 18, 20, 22, 23, 24, 25, 26, 27, 28], "4": [17, 24], "5": [17, 24, 25], "6": [8, 17, 24, 25], "7": [8, 17, 24, 25, 26], "8": [1, 2, 4, 5, 7, 8, 11, 12, 13, 15, 17, 20, 24, 25, 26, 27, 28], "9": [1, 2, 4, 5, 7, 11, 12, 13, 15, 20, 27, 28], "10": [4, 20], "11": [4, 11, 20], "12": [4, 11, 20, 27], "13": [4, 11, 12, 20, 27], "14": [1, 2, 4, 5, 7, 11, 12, 15, 20, 27], "15": [1, 2, 5, 7, 15], "16": [1, 2, 5, 15], "17": [1, 2, 15], "18": [1, 15], "19": [13, 28], "20": [1, 2, 4, 5, 7, 8, 9, 11, 12, 13, 15, 16, 17, 20, 24, 25, 26, 27, 28], "21": [9, 16], "22": [1, 2, 4, 5, 7, 8, 9, 11, 12, 13, 15, 16, 17, 20, 22, 24, 25, 26, 27, 28], "23": [1, 2, 4, 5, 7, 8, 9, 10, 11, 12, 13, 15, 16, 17, 20, 22, 24, 25, 26, 27, 28], "24": [1, 2, 4, 5, 7, 8, 9, 10, 11, 12, 13, 15, 16, 17, 18, 20, 22, 24, 25, 26, 27, 28], "25": [1, 2, 4, 5, 7, 8, 9, 10, 11, 12, 13, 15, 16, 17, 18, 20, 22, 23, 24, 25, 26, 27, 28], "26": [0, 1, 2, 3, 4, 5, 6, 7, 8, 9, 10, 11, 12, 13, 14, 15, 16, 17, 18, 19, 20, 21, 22, 23, 24, 25, 26, 27, 28, 29], "27": [3, 14, 29], "28": [3, 29]}, "join_predecessors": {"0": [1], "1": [], "2": [0, 3], "4": [], "5": [4], "6": [5], "7": [6], "8": [7, 9], "10": [], "11": [10], "12": [11], "13": [12], "14": [13, 15], "16": [17], "18": [], "17": [18], "15": [16], "9": [14, 19], "19": [], "20": [8, 21], "21": [], "22": [20], "23": [22], "24": [23], "25": [24], "3": [25], "26": [2, 27], "27": [28], "28": []}, "intermediate_costs": [[[0, 19, 21], 49418.45688888889], [[19, 21], 22064.0], [[0, 1, 2, 4, 5, 6, 7, 8, 9, 10, 11, 12, 13, 15, 16, 17, 18, 19, 20, 21, 22, 23, 24, 25, 26, 27, 28], 109599.69793425428], [[1, 2, 4, 5, 6, 7, 8, 9, 10, 11, 12, 13, 15, 16, 17, 18, 20, 22, 23, 24, 25, 26, 27, 28], 66941.02422393032], [[17, 24], 47229.0], [[17, 24, 25], 57799.819], [[8, 17, 24, 25], 70852.20376751282], [[8, 17, 24, 25, 26], 86852.08475675604], [[1, 2, 4, 5, 7, 8, 11, 12, 13, 15, 17, 20, 24, 25, 26, 27, 28], 2078.613590609869], [[1, 2, 4, 5, 7, 11, 12, 13, 15, 20, 27, 28], 9215.224552943697], [[4, 20], 1849.0], [[4, 11, 20], 2228.7803087747084], [[4, 11, 20, 27], 2732.1008876512115], [[4, 11, 12, 20, 27], 3349.0861781970825], [[1, 2, 4, 5, 7, 11, 12, 15, 20, 27], 6132.633638493926], [[1, 2, 5, 7, 15], 504902.8314593438], [[1, 2, 5, 15], 411887.2757269192], [[1, 2, 15], 338007.81797332666], [[1, 15], 292972.0], [[13, 28], 348135.0], [[1, 2, 4, 5, 7, 8, 9, 11, 12, 13, 15, 16, 17, 20, 24, 25, 26, 27, 28], 2863.151194903618], [[9, 16], 3075500.0], [[1, 2, 4, 5, 7, 8, 9, 11, 12, 13, 15, 16, 17, 20, 22, 24, 25, 26, 27, 28], 3509.7094660194175], [[1, 2, 4, 5, 7, 8, 9, 10, 11, 12, 13, 15, 16, 17, 20, 22, 24, 25, 26, 27, 28], 4302.287036312304], [[1, 2, 4, 5, 7, 8, 9, 10, 11, 12, 13, 15, 16, 17, 18, 20, 22, 24, 25, 26, 27, 28], 4056.818873333434], [[1, 2, 4, 5, 7, 8, 9, 10, 11, 12, 13, 15, 16, 17, 18, 20, 22, 23, 24, 25, 26, 27, 28], 4954.646101473644], [[3, 14, 29], 3496275.3258208954], [[3, 29], 82130.0]]}