{"costs": 28330, "root_join": 18, "join_operands": {"0": [3, 9, 19], "1": [9, 19], "2": [3, 9, 10, 19], "3": [3, 5, 9, 10, 19], "4": [2, 3, 5, 9, 10, 19], "5": [2, 3, 5, 9, 10, 16, 19], "6": [2, 3, 5, 9, 10, 12, 16, 19], "7": [2, 3, 5, 9, 10, 12, 13, 16, 19], "8": [2, 3, 5, 6, 9, 10, 12, 13, 16, 19], "9": [2, 3, 5, 6, 9, 10, 12, 13, 16, 18, 19], "10": [2, 3, 5, 6, 8, 9, 10, 12, 13, 16, 18, 19], "11": [1, 2, 3, 5, 6, 8, 9, 10, 12, 13, 16, 18, 19], "12": [1, 2, 3, 5, 6, 8, 9, 10, 12, 13, 15, 16, 18, 19], "13": [1, 2, 3, 5, 6, 8, 9, 10, 11, 12, 13, 15, 16, 18, 19], "14": [1, 2, 3, 5, 6, 8, 9, 10, 11, 12, 13, 15, 16, 17, 18, 19], "15": [1, 2, 3, 4, 5, 6, 8, 9, 10, 11, 12, 13, 15, 16, 17, 18, 19], "16": [1, 2, 3, 4, 5, 6, 7, 8, 9, 10, 11, 12, 13, 15, 16, 17, 18, 19], "17": [0, 1, 2, 3, 4, 5, 6, 7, 8, 9, 10, 11, 12, 13, 15, 16, 17, 18, 19], "18": [0, 1, 2, 3, 4, 5, 6, 7, 8, 9, 10, 11, 12, 13, 14, 15, 16, 17, 18, 19]}, "join_predecessors": {"0": [1], "1": [], "2": [0], "3": [2], "4": [3], "5": [4], "6": [5], "7": [6], "8": [7], "9": [8], "10": [9], "11": [10], "12": [11], "13": [12], "14": [13], "15": [14], "16": [15], "17": [16], "18": [17]}, "intermediate_costs": [[[3, 9, 19], 0.002184143222506394], [[9, 19], 49.0], [[3, 9, 10, 19], 0.056363413215253656], [[3, 5, 9, 10, 19], 8.79308005655812], [[2, 3, 5, 9, 10, 19], 0.020537557793588117], [[2, 3, 5, 9, 10, 16, 19], 2.9451350598220692e-05], [[2, 3, 5, 9, 10, 12, 16, 19], 1.9776581926705194e-06], [[2, 3, 5, 9, 10, 12, 13, 16, 19], 1.561342380162147e-05], [[2, 3, 5, 6, 9, 10, 12, 13, 16, 19], 0.00010085436127813017], [[2, 3, 5, 6, 9, 10, 12, 13, 16, 18, 19], 6.124885581447278e-06], [[2, 3, 5, 6, 8, 9, 10, 12, 13, 16, 18, 19], 4.835538937006605e-05], [[1, 2, 3, 5, 6, 8, 9, 10, 12, 13, 16, 18, 19], 0.0003817612214261127], [[1, 2, 3, 5, 6, 8, 9, 10, 12, 13, 15, 16, 18, 19], 0.003013968679812745], [[1, 2, 3, 5, 6, 8, 9, 10, 11, 12, 13, 15, 16, 18, 19], 0.023794997495152737], [[1, 2, 3, 5, 6, 8, 9, 10, 11, 12, 13, 15, 16, 17, 18, 19], 50.18972933913714], [[1, 2, 3, 4, 5, 6, 8, 9, 10, 11, 12, 13, 15, 16, 17, 18, 19], 396.2431540315148], [[1, 2, 3, 4, 5, 6, 7, 8, 9, 10, 11, 12, 13, 15, 16, 17, 18, 19], 3128.302105719315], [[0, 1, 2, 3, 4, 5, 6, 7, 8, 9, 10, 11, 12, 13, 15, 16, 17, 18, 19], 24697.648492139917]]}