{"costs": 164066, "root_join": 18, "join_operands": {"0": [0, 3, 4, 7, 9, 17, 19], "1": [3, 4, 7, 9, 17, 19], "2": [3, 9, 17, 19], "3": [3, 9, 19], "4": [9, 19], "5": [3, 4, 9, 17, 19], "6": [0, 1, 2, 3, 4, 5, 6, 7, 8, 9, 10, 11, 12, 13, 15, 16, 17, 18, 19], "7": [1, 2, 5, 6, 8, 10, 11, 12, 13, 15, 16, 18], "8": [1, 2, 5, 6, 8, 10, 12, 13, 15, 16, 18], "9": [1, 2, 5, 6, 8, 12, 13, 15, 16, 18], "10": [2, 5, 16], "11": [2, 16], "12": [2, 5, 13, 16], "13": [2, 5, 6, 13, 16], "14": [2, 5, 6, 13, 16, 18], "15": [2, 5, 6, 8, 13, 16, 18], "16": [1, 2, 5, 6, 8, 13, 16, 18], "17": [1, 2, 5, 6, 8, 13, 15, 16, 18], "18": [0, 1, 2, 3, 4, 5, 6, 7, 8, 9, 10, 11, 12, 13, 14, 15, 16, 17, 18, 19]}, "join_predecessors": {"0": [1], "2": [3], "4": [], "3": [4], "5": [2], "1": [5], "6": [0, 7], "8": [9], "10": [11], "11": [], "12": [10], "13": [12], "14": [13], "15": [14], "16": [15], "17": [16], "9": [17], "7": [8], "18": [6]}, "intermediate_costs": [[[0, 3, 4, 7, 9, 17, 19], 2266.9975727856827], [[3, 4, 7, 9, 17, 19], 287.1469031905214], [[3, 9, 17, 19], 4.6069161048593354], [[3, 9, 19], 0.002184143222506394], [[9, 19], 49.0], [[3, 4, 9, 17, 19], 36.37116580990566], [[0, 1, 2, 3, 4, 5, 6, 7, 8, 9, 10, 11, 12, 13, 15, 16, 17, 18, 19], 24697.648492139917], [[1, 2, 5, 6, 8, 10, 11, 12, 13, 15, 16, 18], 92455.4450160262], [[1, 2, 5, 6, 8, 10, 12, 13, 15, 16, 18], 11710.773056951048], [[1, 2, 5, 6, 8, 12, 13, 15, 16, 18], 1676.8111613685605], [[2, 5, 16], 16.38515812431843], [[2, 16], 1315.0], [[2, 5, 13, 16], 129.35926885631753], [[2, 5, 6, 13, 16], 835.5916422735502], [[2, 5, 6, 13, 16, 18], 50.74548226650575], [[2, 5, 6, 8, 13, 16, 18], 400.63075809962214], [[1, 2, 5, 6, 8, 13, 16, 18], 3162.9419087598244], [[1, 2, 5, 6, 8, 13, 15, 16, 18], 24971.126751579457]]}