{"costs": 912447.7213801949, "int_costs": [[[0, 1, 2, 3, 4, 5, 6, 7, 8, 9, 10, 11, 12, 13, 14, 15, 16, 17, 18, 19, 20, 21, 22, 23, 24, 25, 26, 27, 28, 29, 30, 31, 32, 33, 34, 36, 37, 38, 39], 457763.64013277553], [[0, 1, 2, 3, 4, 5, 6, 7, 8, 9, 10, 11, 12, 13, 14, 15, 16, 17, 18, 19, 20, 21, 22, 23, 25, 26, 27, 28, 29, 30, 31, 32, 33, 34, 36, 37, 38, 39], 252594.2708386961], [[0, 1, 2, 3, 4, 5, 6, 7, 9, 10, 11, 12, 13, 14, 15, 16, 17, 18, 19, 20, 21, 22, 23, 25, 26, 27, 29, 30, 31, 32, 33, 34, 36, 37, 38, 39], 76912.17028962566], [[8, 28], 32620.0], [[0, 1, 2, 3, 4, 5, 6, 7, 9, 10, 11, 12, 13, 15, 16, 17, 18, 19, 20, 21, 22, 23, 25, 26, 27, 29, 30, 31, 32, 33, 34, 36, 37, 38, 39], 42440.18133778947], [[0, 1, 2, 3, 4, 5, 6, 7, 9, 10, 12, 13, 15, 16, 17, 18, 19, 20, 21, 22, 23, 25, 26, 27, 29, 30, 31, 32, 33, 34, 36, 37, 38, 39], 23418.52895115073], [[0, 1, 2, 3, 4, 5, 6, 7, 9, 10, 13, 15, 16, 17, 18, 19, 20, 21, 22, 23, 25, 26, 27, 29, 30, 31, 32, 33, 34, 36, 37, 38, 39], 12922.366960725147], [[0, 1, 2, 3, 4, 5, 6, 7, 9, 13, 15, 16, 17, 18, 19, 20, 21, 22, 23, 25, 26, 27, 29, 30, 31, 32, 33, 34, 36, 37, 38, 39], 7130.5698512073495], [[0, 1, 2, 3, 4, 5, 6, 7, 13, 15, 16, 17, 18, 19, 20, 21, 22, 23, 25, 26, 27, 29, 30, 31, 32, 33, 34, 36, 37, 38, 39], 4153.2444512860375], [[0, 1, 2, 3, 4, 5, 6, 7, 13, 15, 17, 18, 19, 20, 21, 22, 23, 25, 26, 27, 29, 30, 31, 32, 33, 34, 36, 37, 38, 39], 2384.6720313450314], [[0, 1, 2, 3, 4, 5, 6, 7, 13, 15, 18, 19, 20, 21, 22, 23, 25, 26, 27, 29, 30, 31, 32, 33, 34, 36, 37, 38, 39], 33.8386777519399], [[0, 1, 2, 3, 4, 5, 6, 7, 13, 15, 18, 20, 21, 22, 23, 25, 26, 27, 29, 30, 31, 32, 33, 34, 36, 37, 38, 39], 18.74011102687672], [[0, 1, 2, 3, 4, 5, 6, 7, 13, 15, 18, 20, 21, 22, 23, 25, 27, 29, 30, 31, 32, 33, 34, 36, 37, 38, 39], 10.987104613159369], [[0, 1, 2, 3, 4, 5, 6, 7, 13, 15, 18, 20, 21, 22, 23, 25, 27, 29, 30, 31, 32, 33, 34, 37, 38, 39], 6.0627219017864595], [[0, 1, 2, 5, 13, 15, 22, 23, 31, 32, 33, 34], 0.0006822346254241966], [[1, 2, 5, 13, 15, 22, 23, 31, 32, 33, 34], 0.0007260257128025489], [[31, 32], 35.0], [[13, 31, 32], 0.5257291666666666], [[13, 31, 32, 33], 1.088686119745223], [[13, 15, 31, 32, 33], 0.07566332121322283], [[5, 13, 15, 31, 32, 33], 0.011143623563798609], [[5, 13, 15, 31, 32, 33, 34], 0.020194967014984935], [[2, 5, 13, 15, 31, 32, 33, 34], 3.659792570069511e-05], [[2, 5, 13, 15, 23, 31, 32, 33, 34], 6.632437807244694e-05], [[2, 5, 13, 15, 22, 23, 31, 32, 33, 34], 1.0889574705290444e-05], [[0, 1, 2, 5, 13, 15, 22, 23, 30, 31, 32, 33, 34], 0.0006954630695879118], [[0, 1, 2, 5, 13, 15, 20, 22, 23, 30, 31, 32, 33, 34], 0.0012603512067156685], [[0, 1, 2, 5, 7, 13, 15, 20, 22, 23, 30, 31, 32, 33, 34], 0.0020764273181129267], [[0, 1, 2, 5, 7, 13, 15, 20, 21, 22, 23, 30, 31, 32, 33, 34], 0.0037084667880378968], [[0, 1, 2, 5, 7, 13, 15, 20, 21, 22, 23, 30, 31, 32, 33, 34, 39], 0.006666465384376351], [[0, 1, 2, 5, 7, 13, 15, 20, 21, 22, 23, 30, 31, 32, 33, 34, 38, 39], 0.012045954122890975], [[0, 1, 2, 5, 7, 13, 15, 20, 21, 22, 23, 25, 30, 31, 32, 33, 34, 38, 39], 0.021830154880520397], [[0, 1, 2, 5, 7, 13, 15, 20, 21, 22, 23, 25, 29, 30, 31, 32, 33, 34, 38, 39], 0.0395615952097944], [[0, 1, 2, 3, 5, 7, 13, 15, 20, 21, 22, 23, 25, 29, 30, 31, 32, 33, 34, 38, 39], 0.07169539457057568], [[0, 1, 2, 3, 5, 7, 13, 15, 18, 20, 21, 22, 23, 25, 29, 30, 31, 32, 33, 34, 38, 39], 0.12992979931561818], [[0, 1, 2, 3, 5, 6, 7, 13, 15, 18, 20, 21, 22, 23, 25, 29, 30, 31, 32, 33, 34, 38, 39], 0.23546497140484096], [[0, 1, 2, 3, 5, 6, 7, 13, 15, 18, 20, 21, 22, 23, 25, 27, 29, 30, 31, 32, 33, 34, 38, 39], 0.42672111880053], [[0, 1, 2, 3, 5, 6, 7, 13, 15, 18, 20, 21, 22, 23, 25, 27, 29, 30, 31, 32, 33, 34, 37, 38, 39], 0.7733248672282801]]}