{"costs": 2114573, "root_join": 18, "join_operands": {"0": [0, 12], "1": [0, 8, 12], "2": [0, 8, 12, 18], "3": [0, 8, 11, 12, 18], "4": [0, 2, 8, 11, 12, 18], "5": [0, 2, 4, 8, 11, 12, 18], "6": [0, 2, 4, 8, 11, 12, 18, 19], "7": [0, 2, 4, 7, 8, 11, 12, 18, 19], "8": [0, 2, 4, 7, 8, 9, 11, 12, 18, 19], "9": [0, 2, 4, 7, 8, 9, 11, 12, 15, 18, 19], "10": [0, 2, 4, 6, 7, 8, 9, 11, 12, 15, 18, 19], "11": [0, 1, 2, 4, 6, 7, 8, 9, 11, 12, 15, 18, 19], "12": [0, 1, 2, 4, 6, 7, 8, 9, 11, 12, 13, 15, 18, 19], "13": [0, 1, 2, 4, 6, 7, 8, 9, 11, 12, 13, 15, 16, 18, 19], "14": [0, 1, 2, 4, 6, 7, 8, 9, 11, 12, 13, 15, 16, 17, 18, 19], "15": [0, 1, 2, 3, 4, 6, 7, 8, 9, 11, 12, 13, 15, 16, 17, 18, 19], "16": [0, 1, 2, 3, 4, 5, 6, 7, 8, 9, 11, 12, 13, 15, 16, 17, 18, 19], "17": [0, 1, 2, 3, 4, 5, 6, 7, 8, 9, 10, 11, 12, 13, 15, 16, 17, 18, 19], "18": [0, 1, 2, 3, 4, 5, 6, 7, 8, 9, 10, 11, 12, 13, 14, 15, 16, 17, 18, 19]}, "join_predecessors": {"0": [], "1": [0], "2": [1], "3": [2], "4": [3], "5": [4], "6": [5], "7": [6], "8": [7], "9": [8], "10": [9], "11": [10], "12": [11], "13": [12], "14": [13], "15": [14], "16": [15], "17": [16], "18": [17]}, "intermediate_costs": [[[0, 12], 34304.0], [[0, 8, 12], 563.6744658708295], [[0, 8, 12, 18], 1413.354653766344], [[0, 8, 11, 12, 18], 8241.468198388822], [[0, 2, 8, 11, 12, 18], 6.208927335012244], [[0, 2, 4, 8, 11, 12, 18], 36.205121652410114], [[0, 2, 4, 8, 11, 12, 18, 19], 211.1175600312757], [[0, 2, 4, 7, 8, 11, 12, 18, 19], 0.1896835085984512], [[0, 2, 4, 7, 8, 9, 11, 12, 18, 19], 0.8149994565373686], [[0, 2, 4, 7, 8, 9, 11, 12, 15, 18, 19], 1.5841230226133312], [[0, 2, 4, 6, 7, 8, 9, 11, 12, 15, 18, 19], 8.264918335550327], [[0, 1, 2, 4, 6, 7, 8, 9, 11, 12, 15, 18, 19], 43.67580417904587], [[0, 1, 2, 4, 6, 7, 8, 9, 11, 12, 13, 15, 18, 19], 254.36188764094425], [[0, 1, 2, 4, 6, 7, 8, 9, 11, 12, 13, 15, 16, 18, 19], 1483.2227637887474], [[0, 1, 2, 4, 6, 7, 8, 9, 11, 12, 13, 15, 16, 17, 18, 19], 8648.896666373972], [[0, 1, 2, 3, 4, 6, 7, 8, 9, 11, 12, 13, 15, 16, 17, 18, 19], 50433.029301697105], [[0, 1, 2, 3, 4, 5, 6, 7, 8, 9, 11, 12, 13, 15, 16, 17, 18, 19], 294082.64113454614], [[0, 1, 2, 3, 4, 5, 6, 7, 8, 9, 10, 11, 12, 13, 15, 16, 17, 18, 19], 1714840.508150303]]}