{"costs": 4, "join_operands": {"0": [0, 1, 2, 3, 4, 5, 6, 7, 8, 9, 10, 11], "1": [0, 1, 2, 6, 7, 8, 9, 10, 11], "2": [3, 4, 5], "3": [1, 2, 6, 7, 8, 9, 10, 11], "4": [3, 4], "5": [], "6": [], "7": [2, 6, 7, 8, 9, 10, 11], "8": [], "9": [], "10": [], "11": [6, 7, 8, 9, 10, 11], "12": [6, 7, 9, 10, 11], "13": [6, 7, 9, 10], "14": [6, 7, 9], "15": [6, 9], "16": [], "17": []}, "join_predecessors": {"0": [1, 2], "1": [3, 5], "2": [4, 6], "3": [7], "4": [8], "5": [9], "6": [10], "7": [11], "8": [], "9": [], "10": [], "11": [12], "12": [13], "13": [14], "14": [15], "15": [16], "16": [17], "17": []}, "leaf_joins": [], "opt_time": 0.33916187286376953, "status": 2, "intermediate_costs": [[[0, 1, 2, 6, 7, 8, 9, 10, 11], 0.039954084301000024], [[3, 4, 5], 0.034106412005457026], [[1, 2, 6, 7, 8, 9, 10, 11], 0.3871519796608529], [[3, 4], 1.0], [[2, 6, 7, 8, 9, 10, 11], 0.15005890684529183], [[6, 7, 8, 9, 10, 11], 0.0011632473398859831], [[6, 7, 9, 10, 11], 0.034106412005457026], [[6, 7, 9, 10], 1.0], [[6, 7, 9], 1.0], [[6, 9], 1.0]]}