{"costs": 788509876, "root_join": 14, "join_operands": {"0": [0, 17], "1": [0, 9, 10, 12, 13, 15, 17], "2": [9, 10, 12, 13, 15], "3": [9, 10, 13, 15], "4": [10, 13, 15], "5": [13, 15], "6": [0, 1, 2, 3, 4, 6, 7, 9, 10, 11, 12, 13, 14, 15, 17], "7": [1, 2, 3, 4, 6, 7, 11, 14], "8": [2, 6], "9": [2, 4, 6], "10": [2, 4, 6, 14], "11": [2, 3, 4, 6, 14], "12": [1, 2, 3, 4, 6, 14], "13": [1, 2, 3, 4, 6, 11, 14], "14": [0, 1, 2, 3, 4, 5, 6, 7, 8, 9, 10, 11, 12, 13, 14, 15, 16, 17, 18, 19], "15": [5, 8, 16, 18, 19], "16": [8, 16, 19], "17": [8, 19], "18": [5, 8, 16, 19]}, "join_predecessors": {"0": [], "1": [0, 2], "3": [4], "5": [], "4": [5], "2": [3], "6": [1, 7], "8": [], "9": [8], "10": [9], "11": [10], "12": [11], "13": [12], "7": [13], "14": [6, 15], "16": [17], "17": [], "18": [16], "15": [18]}, "intermediate_costs": [[[0, 17], 43966000.0], [[0, 9, 10, 12, 13, 15, 17], 45699043.35515152], [[9, 10, 12, 13, 15], 45699043.35515153], [[9, 10, 13, 15], 49853502.8], [[10, 13, 15], 167440.0], [[13, 15], 182000.0], [[0, 1, 2, 3, 4, 6, 7, 9, 10, 11, 12, 13, 14, 15, 17], 575888120.0351813], [[1, 2, 3, 4, 6, 7, 11, 14], 494905.2631578947], [[2, 6], 36000.0], [[2, 4, 6], 36000.0], [[2, 4, 6, 14], 36000.0], [[2, 3, 4, 6, 14], 28800.0], [[1, 2, 3, 4, 6, 14], 494905.2631578947], [[1, 2, 3, 4, 6, 11, 14], 494905.2631578948], [[5, 8, 16, 18, 19], 6319206.684056026], [[8, 16, 19], 6349298.25], [[8, 19], 6445500.0], [[5, 8, 16, 19], 6319206.684056027]]}