{"costs": 153417713140, "root_join": 18, "join_operands": {"0": [8, 18], "1": [8, 18, 19], "2": [8, 16, 18, 19], "3": [5, 8, 16, 18, 19], "4": [5, 8, 12, 16, 18, 19], "5": [5, 8, 9, 12, 16, 18, 19], "6": [2, 5, 8, 9, 12, 16, 18, 19], "7": [2, 5, 8, 9, 12, 15, 16, 18, 19], "8": [0, 2, 5, 8, 9, 12, 15, 16, 18, 19], "9": [0, 2, 5, 6, 8, 9, 12, 15, 16, 18, 19], "10": [0, 2, 4, 5, 6, 8, 9, 12, 15, 16, 18, 19], "11": [0, 2, 4, 5, 6, 8, 9, 12, 14, 15, 16, 18, 19], "12": [0, 2, 3, 4, 5, 6, 8, 9, 12, 14, 15, 16, 18, 19], "13": [0, 2, 3, 4, 5, 6, 8, 9, 12, 13, 14, 15, 16, 18, 19], "14": [0, 2, 3, 4, 5, 6, 8, 9, 10, 12, 13, 14, 15, 16, 18, 19], "15": [0, 2, 3, 4, 5, 6, 8, 9, 10, 12, 13, 14, 15, 16, 17, 18, 19], "16": [0, 1, 2, 3, 4, 5, 6, 8, 9, 10, 12, 13, 14, 15, 16, 17, 18, 19], "17": [0, 1, 2, 3, 4, 5, 6, 7, 8, 9, 10, 12, 13, 14, 15, 16, 17, 18, 19], "18": [0, 1, 2, 3, 4, 5, 6, 7, 8, 9, 10, 11, 12, 13, 14, 15, 16, 17, 18, 19]}, "join_predecessors": {"0": [], "1": [0], "2": [1], "3": [2], "4": [3], "5": [4], "6": [5], "7": [6], "8": [7], "9": [8], "10": [9], "11": [10], "12": [11], "13": [12], "14": [13], "15": [14], "16": [15], "17": [16], "18": [17]}, "intermediate_costs": [[[8, 18], 8594000.0], [[8, 18, 19], 6445500.0], [[8, 16, 18, 19], 6349298.249999999], [[5, 8, 16, 18, 19], 6319206.684056026], [[5, 8, 12, 16, 18, 19], 685681083.4789151], [[5, 8, 9, 12, 16, 18, 19], 4908066431.453311], [[2, 5, 8, 9, 12, 16, 18, 19], 4499060895.498868], [[2, 5, 8, 9, 12, 15, 16, 18, 19], 4294558055.474308], [[0, 2, 5, 8, 9, 12, 15, 16, 18, 19], 4294558055.4743075], [[0, 2, 5, 6, 8, 9, 12, 15, 16, 18, 19], 4294558055.474308], [[0, 2, 4, 5, 6, 8, 9, 12, 15, 16, 18, 19], 4294558055.4743075], [[0, 2, 4, 5, 6, 8, 9, 12, 14, 15, 16, 18, 19], 4294558055.4743075], [[0, 2, 3, 4, 5, 6, 8, 9, 12, 14, 15, 16, 18, 19], 3435646444.379446], [[0, 2, 3, 4, 5, 6, 8, 9, 12, 13, 14, 15, 16, 18, 19], 3435646444.379446], [[0, 2, 3, 4, 5, 6, 8, 9, 10, 12, 13, 14, 15, 16, 18, 19], 3160794728.82909], [[0, 2, 3, 4, 5, 6, 8, 9, 10, 12, 13, 14, 15, 16, 17, 18, 19], 3160794728.82909], [[0, 1, 2, 3, 4, 5, 6, 8, 9, 10, 12, 13, 14, 15, 16, 17, 18, 19], 54315762050.66832], [[0, 1, 2, 3, 4, 5, 6, 7, 8, 9, 10, 12, 13, 14, 15, 16, 17, 18, 19], 54315762050.66831]]}