{"costs": 381777, "root_join": 18, "join_operands": {"0": [0, 1, 2, 4, 8, 12, 14], "1": [1, 2, 4, 8, 12, 14], "2": [2, 8], "3": [1, 4, 12, 14], "4": [1, 4, 14], "5": [4, 14], "6": [0, 1, 2, 4, 8, 9, 12, 14], "7": [0, 1, 2, 4, 8, 9, 10, 12, 14], "8": [0, 1, 2, 4, 8, 9, 10, 12, 14, 19], "9": [0, 1, 2, 4, 8, 9, 10, 12, 14, 17, 19], "10": [0, 1, 2, 4, 7, 8, 9, 10, 12, 14, 17, 19], "11": [0, 1, 2, 4, 5, 7, 8, 9, 10, 12, 14, 17, 19], "12": [0, 1, 2, 4, 5, 7, 8, 9, 10, 12, 14, 16, 17, 19], "13": [0, 1, 2, 4, 5, 7, 8, 9, 10, 12, 14, 15, 16, 17, 19], "14": [0, 1, 2, 3, 4, 5, 7, 8, 9, 10, 12, 14, 15, 16, 17, 19], "15": [0, 1, 2, 3, 4, 5, 6, 7, 8, 9, 10, 12, 14, 15, 16, 17, 19], "16": [0, 1, 2, 3, 4, 5, 6, 7, 8, 9, 10, 12, 13, 14, 15, 16, 17, 19], "17": [0, 1, 2, 3, 4, 5, 6, 7, 8, 9, 10, 11, 12, 13, 14, 15, 16, 17, 19], "18": [0, 1, 2, 3, 4, 5, 6, 7, 8, 9, 10, 11, 12, 13, 14, 15, 16, 17, 18, 19]}, "join_predecessors": {"0": [1], "2": [], "1": [2, 3], "3": [4], "4": [5], "5": [], "6": [0], "7": [6], "8": [7], "9": [8], "10": [9], "11": [10], "12": [11], "13": [12], "14": [13], "15": [14], "16": [15], "17": [16], "18": [17]}, "intermediate_costs": [[[0, 1, 2, 4, 8, 12, 14], 69.94726593860669], [[1, 2, 4, 8, 12, 14], 6.578683212297847], [[2, 8], 208.99999999999997], [[1, 4, 12, 14], 156.90500073511484], [[1, 4, 14], 0.8257693591455273], [[4, 14], 1555.0], [[0, 1, 2, 4, 8, 9, 12, 14], 0.34245015615776186], [[0, 1, 2, 4, 8, 9, 10, 12, 14], 3.6410709211088057], [[0, 1, 2, 4, 8, 9, 10, 12, 14, 19], 38.71336402568036], [[0, 1, 2, 4, 8, 9, 10, 12, 14, 17, 19], 411.6164128554173], [[0, 1, 2, 4, 7, 8, 9, 10, 12, 14, 17, 19], 267.5506683560212], [[0, 1, 2, 4, 5, 7, 8, 9, 10, 12, 14, 17, 19], 0.9571259761666497], [[0, 1, 2, 4, 5, 7, 8, 9, 10, 12, 14, 16, 17, 19], 428.7315371430532], [[0, 1, 2, 4, 5, 7, 8, 9, 10, 12, 14, 15, 16, 17, 19], 1.1897875965535536], [[0, 1, 2, 3, 4, 5, 7, 8, 9, 10, 12, 14, 15, 16, 17, 19], 12.242236556346404], [[0, 1, 2, 3, 4, 5, 6, 7, 8, 9, 10, 12, 14, 15, 16, 17, 19], 130.16449568506397], [[0, 1, 2, 3, 4, 5, 6, 7, 8, 9, 10, 12, 13, 14, 15, 16, 17, 19], 34964.27385626007], [[0, 1, 2, 3, 4, 5, 6, 7, 8, 9, 10, 11, 12, 13, 14, 15, 16, 17, 19], 343520.0213565285]]}