{"costs": 9438481, "root_join": 18, "join_operands": {"0": [15, 16], "1": [4, 15, 16], "2": [4, 14, 15, 16], "3": [1, 4, 14, 15, 16], "4": [1, 4, 6, 14, 15, 16], "5": [1, 4, 6, 14, 15, 16, 18], "6": [1, 4, 6, 12, 14, 15, 16, 18], "7": [1, 3, 4, 6, 12, 14, 15, 16, 18], "8": [1, 2, 3, 4, 6, 12, 14, 15, 16, 18], "9": [1, 2, 3, 4, 6, 8, 12, 14, 15, 16, 18], "10": [0, 1, 2, 3, 4, 6, 8, 12, 14, 15, 16, 18], "11": [0, 1, 2, 3, 4, 6, 8, 9, 12, 14, 15, 16, 18], "12": [0, 1, 2, 3, 4, 6, 8, 9, 10, 12, 14, 15, 16, 18], "13": [0, 1, 2, 3, 4, 6, 8, 9, 10, 12, 14, 15, 16, 17, 18], "14": [0, 1, 2, 3, 4, 6, 7, 8, 9, 10, 12, 14, 15, 16, 17, 18], "15": [0, 1, 2, 3, 4, 5, 6, 7, 8, 9, 10, 12, 14, 15, 16, 17, 18], "16": [0, 1, 2, 3, 4, 5, 6, 7, 8, 9, 10, 12, 14, 15, 16, 17, 18, 19], "17": [0, 1, 2, 3, 4, 5, 6, 7, 8, 9, 10, 12, 13, 14, 15, 16, 17, 18, 19], "18": [0, 1, 2, 3, 4, 5, 6, 7, 8, 9, 10, 11, 12, 13, 14, 15, 16, 17, 18, 19]}, "join_predecessors": {"0": [], "1": [0], "2": [1], "3": [2], "4": [3], "5": [4], "6": [5], "7": [6], "8": [7], "9": [8], "10": [9], "11": [10], "12": [11], "13": [12], "14": [13], "15": [14], "16": [15], "17": [16], "18": [17]}, "intermediate_costs": [[[15, 16], 50624.0], [[4, 15, 16], 538255.1953829624], [[4, 14, 15, 16], 1932.9949857286526], [[1, 4, 14, 15, 16], 1.0265003412197216], [[1, 4, 6, 14, 15, 16], 10.914173943661087], [[1, 4, 6, 14, 15, 16, 18], 316.5610870147855], [[1, 4, 6, 12, 14, 15, 16, 18], 60149.9886628879], [[1, 3, 4, 6, 12, 14, 15, 16, 18], 618909.1163882235], [[1, 2, 3, 4, 6, 12, 14, 15, 16, 18], 6580496.342354722], [[1, 2, 3, 4, 6, 8, 12, 14, 15, 16, 18], 25949.504444379938], [[0, 1, 2, 3, 4, 6, 8, 12, 14, 15, 16, 18], 275905.8051242006], [[0, 1, 2, 3, 4, 6, 8, 9, 12, 14, 15, 16, 18], 1350.7888375872321], [[0, 1, 2, 3, 4, 6, 8, 9, 10, 12, 14, 15, 16, 18], 14362.14254442167], [[0, 1, 2, 3, 4, 6, 8, 9, 10, 12, 14, 15, 16, 17, 18], 152704.20806446898], [[0, 1, 2, 3, 4, 6, 7, 8, 9, 10, 12, 14, 15, 16, 17, 18], 99257.73524190484], [[0, 1, 2, 3, 4, 5, 6, 7, 8, 9, 10, 12, 14, 15, 16, 17, 18], 355.0809920201084], [[0, 1, 2, 3, 4, 5, 6, 7, 8, 9, 10, 12, 14, 15, 16, 17, 18, 19], 3775.367192926858], [[0, 1, 2, 3, 4, 5, 6, 7, 8, 9, 10, 12, 13, 14, 15, 16, 17, 18, 19], 1014124.2567467766]]}