{"costs": 749866658665.9076, "join_operands": {"0": [0, 1, 2, 3, 4, 5, 6, 7, 8, 9, 10, 11, 12, 13, 14, 15, 16, 17, 18, 19, 20, 21, 22, 23, 24, 25, 26, 27, 28, 29, 30, 31, 32, 33, 34, 35, 36, 37, 38, 39], "1": [1, 2, 4, 5, 6, 7, 8, 9, 10, 11, 12, 15, 16, 17, 18, 19, 20, 22, 23, 24, 25, 26, 27, 28, 29, 31, 32, 33, 34, 35, 36, 37, 38, 39], "2": [0, 3, 13, 14, 21, 30], "3": [1, 2, 4, 5, 6, 8, 9, 10, 11, 12, 15, 16, 17, 18, 19, 20, 22, 23, 24, 25, 26, 27, 28, 29, 31, 32, 33, 34, 35, 36, 37, 38, 39], "4": [0, 21, 30], "5": [], "6": [3, 13, 14], "7": [1, 2, 4, 5, 6, 8, 9, 10, 11, 12, 15, 16, 17, 18, 19, 20, 22, 23, 24, 25, 27, 28, 29, 31, 32, 33, 34, 35, 36, 37, 38, 39], "8": [], "9": [], "10": [], "11": [], "12": [0, 21], "13": [], "14": [3, 13], "15": [1, 2, 4, 5, 6, 8, 9, 10, 12, 15, 16, 17, 19, 20, 22, 23, 24, 25, 27, 28, 29, 31, 32, 33, 34, 35, 36, 37, 38, 39], "16": [], "17": [], "18": [], "19": [], "20": [], "21": [], "22": [], "23": [11, 18], "24": [], "25": [], "26": [], "27": [], "28": [], "29": [], "30": [], "31": [1, 4, 5, 6, 8, 9, 10, 12, 15, 16, 17, 19, 20, 22, 23, 24, 25, 27, 28, 29, 31, 32, 33, 34, 35, 36, 37, 38, 39], "32": [], "33": [], "34": [], "35": [], "36": [], "37": [], "38": []}, "join_predecessors": {"0": [1, 2], "1": [3, 5], "2": [4, 6], "3": [7, 11], "4": [8, 12], "5": [9, 13], "6": [10, 14], "7": [15, 23], "8": [16, 24], "9": [17, 25], "10": [18, 26], "11": [19, 27], "12": [20, 28], "13": [21, 29], "14": [22, 30], "15": [31], "16": [32], "17": [33], "18": [34], "19": [35], "20": [36], "21": [37], "22": [38], "23": [], "24": [], "25": [], "26": [], "27": [], "28": [], "29": [], "30": [], "31": [], "32": [], "33": [], "34": [], "35": [], "36": [], "37": [], "38": []}, "leaf_joins": [31, 32], "opt_time": 20.021661043167114, "status": 9, "intermediate_costs": [[[1, 2, 4, 5, 6, 7, 8, 9, 10, 11, 12, 15, 16, 17, 18, 19, 20, 22, 23, 24, 25, 26, 27, 28, 29, 31, 32, 33, 34, 35, 36, 37, 38, 39], 749865146820.3434], [[0, 3, 13, 14, 21, 30], 148467.1337266682], [[1, 2, 4, 5, 6, 8, 9, 10, 11, 12, 15, 16, 17, 18, 19, 20, 22, 23, 24, 25, 26, 27, 28, 29, 31, 32, 33, 34, 35, 36, 37, 38, 39], 380256.15964520455], [[0, 21, 30], 154139.46863373186], [[3, 13, 14], 191347.27802777776], [[1, 2, 4, 5, 6, 8, 9, 10, 11, 12, 15, 16, 17, 18, 19, 20, 22, 23, 24, 25, 27, 28, 29, 31, 32, 33, 34, 35, 36, 37, 38, 39], 164936.19323286883], [[0, 21], 66858.0], [[3, 13], 82997.0], [[1, 2, 4, 5, 6, 8, 9, 10, 12, 15, 16, 17, 19, 20, 22, 23, 24, 25, 27, 28, 29, 31, 32, 33, 34, 35, 36, 37, 38, 39], 86151.91406453907], [[11, 18], 199324.0], [[1, 4, 5, 6, 8, 9, 10, 12, 15, 16, 17, 19, 20, 22, 23, 24, 25, 27, 28, 29, 31, 32, 33, 34, 35, 36, 37, 38, 39], 37368.41685313305]]}