{"costs": 5627404, "root_join": 24, "join_operands": {"0": [0, 1, 7, 9, 10, 12, 15, 19, 21, 22, 23, 25, 26, 29], "1": [1, 7, 9, 10, 12, 15, 19, 21, 22, 23, 25, 26, 29], "2": [1, 7, 9, 10, 12, 15, 19, 21, 22, 25, 26, 29], "3": [12, 25], "4": [12, 21, 25], "5": [1, 12, 21, 25], "6": [1, 12, 19, 21, 25], "7": [1, 7, 9, 10, 12, 15, 19, 21, 25, 29], "8": [7, 9, 10, 15, 29], "9": [7, 9, 15, 29], "10": [7, 9, 15], "11": [7, 15], "12": [1, 7, 9, 10, 12, 15, 19, 21, 25, 26, 29], "13": [0, 1, 4, 7, 9, 10, 12, 15, 19, 21, 22, 23, 25, 26, 29], "14": [0, 1, 4, 6, 7, 9, 10, 12, 15, 19, 21, 22, 23, 25, 26, 29], "15": [0, 1, 2, 4, 6, 7, 9, 10, 12, 15, 19, 21, 22, 23, 25, 26, 29], "16": [0, 1, 2, 3, 4, 6, 7, 9, 10, 12, 15, 19, 21, 22, 23, 25, 26, 29], "17": [0, 1, 2, 3, 4, 6, 7, 9, 10, 12, 15, 19, 21, 22, 23, 24, 25, 26, 27, 29], "18": [24, 27], "19": [0, 1, 2, 3, 4, 6, 7, 9, 10, 12, 13, 15, 19, 21, 22, 23, 24, 25, 26, 27, 29], "20": [0, 1, 2, 3, 4, 6, 7, 9, 10, 12, 13, 14, 15, 19, 21, 22, 23, 24, 25, 26, 27, 29], "21": [0, 1, 2, 3, 4, 6, 7, 9, 10, 11, 12, 13, 14, 15, 19, 21, 22, 23, 24, 25, 26, 27, 29], "22": [0, 1, 2, 3, 4, 5, 6, 7, 9, 10, 11, 12, 13, 14, 15, 19, 21, 22, 23, 24, 25, 26, 27, 29], "23": [0, 1, 2, 3, 4, 5, 6, 7, 9, 10, 11, 12, 13, 14, 15, 18, 19, 21, 22, 23, 24, 25, 26, 27, 29], "24": [0, 1, 2, 3, 4, 5, 6, 7, 8, 9, 10, 11, 12, 13, 14, 15, 16, 17, 18, 19, 20, 21, 22, 23, 24, 25, 26, 27, 28, 29], "25": [8, 16, 17, 20, 28], "26": [8, 16, 17, 28], "27": [8, 16, 28], "28": [8, 16]}, "join_predecessors": {"0": [1], "1": [2], "3": [], "4": [3], "5": [4], "6": [5], "7": [6, 8], "8": [9], "9": [10], "10": [11], "11": [], "12": [7], "2": [12], "13": [0], "14": [13], "15": [14], "16": [15], "17": [16, 18], "18": [], "19": [17], "20": [19], "21": [20], "22": [21], "23": [22], "24": [23, 25], "26": [27], "28": [], "27": [28], "25": [26]}, "intermediate_costs": [[[0, 1, 7, 9, 10, 12, 15, 19, 21, 22, 23, 25, 26, 29], 4.49191052563848], [[1, 7, 9, 10, 12, 15, 19, 21, 22, 23, 25, 26, 29], 1.49319438038066], [[1, 7, 9, 10, 12, 15, 19, 21, 22, 25, 26, 29], 0.48330323199388486], [[12, 25], 813.0], [[12, 21, 25], 25246.4078886619], [[1, 12, 21, 25], 73.4095754583734], [[1, 12, 19, 21, 25], 1.6326474537081372], [[1, 7, 9, 10, 12, 15, 19, 21, 25, 29], 0.05520528743601716], [[7, 9, 10, 15, 29], 262.66539139842126], [[7, 9, 15, 29], 7.625493933099452], [[7, 9, 15], 48.88293663060278], [[7, 15], 2835.0], [[1, 7, 9, 10, 12, 15, 19, 21, 25, 26, 29], 0.1611714282191167], [[0, 1, 4, 7, 9, 10, 12, 15, 19, 21, 22, 23, 25, 26, 29], 13.603214727882584], [[0, 1, 4, 6, 7, 9, 10, 12, 15, 19, 21, 22, 23, 25, 26, 29], 42.0276987024069], [[0, 1, 2, 4, 6, 7, 9, 10, 12, 15, 19, 21, 22, 23, 25, 26, 29], 129.84707601651124], [[0, 1, 2, 3, 4, 6, 7, 9, 10, 12, 15, 19, 21, 22, 23, 25, 26, 29], 401.1703449869932], [[0, 1, 2, 3, 4, 6, 7, 9, 10, 12, 15, 19, 21, 22, 23, 24, 25, 26, 27, 29], 542.3572460303354], [[24, 27], 180284.0], [[0, 1, 2, 3, 4, 6, 7, 9, 10, 12, 13, 15, 19, 21, 22, 23, 24, 25, 26, 27, 29], 1675.645310361969], [[0, 1, 2, 3, 4, 6, 7, 9, 10, 12, 13, 14, 15, 19, 21, 22, 23, 24, 25, 26, 27, 29], 5139.2041668801585], [[0, 1, 2, 3, 4, 6, 7, 9, 10, 11, 12, 13, 14, 15, 19, 21, 22, 23, 24, 25, 26, 27, 29], 15877.879625826263], [[0, 1, 2, 3, 4, 5, 6, 7, 9, 10, 11, 12, 13, 14, 15, 19, 21, 22, 23, 24, 25, 26, 27, 29], 77036.4436462259], [[0, 1, 2, 3, 4, 5, 6, 7, 9, 10, 11, 12, 13, 14, 15, 18, 19, 21, 22, 23, 24, 25, 26, 27, 29], 395739.7447924811], [[8, 16, 17, 20, 28], 3360439.8926294465], [[8, 16, 17, 28], 1087678.4743142761], [[8, 16, 28], 356050.6359527798], [[8, 16], 117058.0]]}