{"costs": 11383477.357034573, "int_costs": [[[0, 1, 2, 3, 4, 5, 6, 7, 8, 9, 10, 11, 12, 13, 14, 15, 16, 17, 18, 19, 21, 22, 24, 25, 26, 27, 28, 29, 30, 31, 32, 33, 34, 35, 36, 37, 38, 39, 40, 41, 42, 43, 44, 45, 46, 47, 49], 3290230.4128047223], [[20, 23, 48], 1897865.8778952272], [[0, 1, 2, 3, 4, 5, 6, 7, 8, 9, 10, 11, 12, 13, 15, 16, 17, 18, 19, 21, 22, 24, 25, 26, 27, 28, 29, 30, 31, 32, 33, 34, 35, 36, 37, 38, 39, 40, 41, 42, 43, 44, 45, 46, 47, 49], 2201356.921244523], [[20, 48], 1283893.0], [[0, 1, 2, 3, 4, 5, 6, 7, 8, 9, 10, 11, 12, 13, 15, 16, 17, 18, 19, 21, 22, 24, 25, 26, 27, 29, 30, 31, 32, 33, 34, 35, 36, 37, 38, 39, 40, 41, 42, 43, 44, 45, 46, 47, 49], 1472836.7581345974], [[0, 1, 2, 3, 4, 5, 6, 7, 8, 9, 10, 11, 12, 13, 15, 16, 17, 18, 19, 21, 22, 24, 25, 26, 27, 29, 30, 31, 32, 33, 34, 35, 36, 37, 38, 39, 40, 41, 42, 43, 44, 46, 47, 49], 453100.3670173232], [[0, 2, 3, 4, 5, 6, 7, 8, 9, 10, 11, 12, 13, 15, 16, 17, 18, 19, 21, 22, 24, 25, 26, 27, 29, 30, 31, 32, 33, 34, 35, 36, 37, 38, 39, 40, 41, 42, 43, 44, 46, 47, 49], 303150.69234145596], [[0, 2, 3, 4, 5, 6, 7, 8, 9, 10, 11, 12, 13, 15, 16, 17, 18, 19, 21, 22, 24, 25, 26, 27, 29, 30, 31, 32, 33, 34, 35, 37, 38, 39, 40, 41, 42, 43, 44, 46, 47, 49], 202825.60355920807], [[0, 2, 3, 4, 5, 6, 7, 8, 9, 10, 11, 12, 13, 15, 16, 17, 18, 19, 21, 22, 24, 25, 26, 27, 29, 30, 31, 32, 33, 34, 35, 38, 39, 40, 41, 42, 43, 44, 46, 47, 49], 162842.6546152768], [[0, 2, 3, 4, 5, 6, 7, 8, 9, 10, 11, 12, 13, 15, 16, 17, 18, 19, 21, 22, 24, 25, 26, 27, 29, 30, 31, 32, 33, 34, 35, 38, 39, 40, 41, 42, 43, 46, 47, 49], 108951.33044059497], [[0, 2, 3, 4, 5, 6, 7, 8, 9, 10, 11, 12, 13, 15, 16, 17, 18, 19, 21, 22, 24, 25, 26, 27, 29, 30, 31, 32, 33, 34, 35, 38, 39, 40, 41, 42, 43, 46, 47], 1499.2767291230841], [[0, 2, 3, 4, 5, 6, 7, 8, 9, 10, 11, 12, 13, 15, 16, 17, 18, 19, 21, 22, 24, 25, 26, 27, 29, 30, 31, 32, 33, 34, 35, 38, 39, 40, 41, 42, 43, 46], 1028.1816374111147], [[0, 2, 3, 4, 5, 6, 7, 8, 9, 10, 11, 12, 13, 15, 16, 17, 18, 19, 21, 22, 24, 25, 26, 27, 29, 30, 31, 32, 33, 34, 35, 38, 39, 41, 42, 43, 46], 687.9137578802992], [[0, 2, 3, 4, 5, 6, 7, 8, 9, 10, 11, 12, 13, 15, 16, 17, 18, 19, 21, 22, 24, 25, 26, 27, 29, 30, 31, 32, 33, 34, 38, 39, 41, 42, 43, 46], 460.25461733520103], [[0, 2, 3, 4, 5, 6, 7, 8, 9, 10, 11, 12, 13, 15, 16, 17, 18, 19, 21, 22, 24, 25, 26, 27, 29, 30, 31, 32, 33, 34, 38, 39, 42, 43, 46], 319.55758231873375], [[0, 6, 7, 10, 12, 15, 19, 24, 26, 27, 30, 32, 33, 39, 43], 0.0001948686404117414], [[33, 39, 43], 548.69265625], [[39, 43], 185.0], [[12, 30, 33, 39, 43], 16.94049893152505], [[12, 30], 1384.0], [[10, 12, 30, 33, 39, 43], 25.319902664281038], [[10, 12, 26, 30, 33, 39, 43], 0.04671338564004313], [[10, 12, 26, 27, 30, 33, 39, 43], 0.05390215671835562], [[10, 12, 26, 27, 30, 32, 33, 39, 43], 0.6806283978841846], [[0, 10, 12, 26, 27, 30, 32, 33, 39, 43], 0.0003895478630974336], [[0, 10, 12, 19, 26, 27, 30, 32, 33, 39, 43], 0.0005822327995949921], [[0, 10, 12, 15, 19, 26, 27, 30, 32, 33, 39, 43], 0.028533401975025845], [[0, 10, 12, 15, 19, 24, 26, 27, 30, 32, 33, 39, 43], 0.21278520944528834], [[0, 7, 10, 12, 15, 19, 24, 26, 27, 30, 32, 33, 39, 43], 2.751425066296193e-06], [[0, 3, 6, 7, 10, 12, 15, 19, 24, 26, 27, 30, 32, 33, 39, 43], 0.0002849262532443654], [[0, 3, 6, 7, 10, 12, 15, 19, 24, 26, 27, 30, 32, 33, 39, 42, 43], 0.00042586122868132744], [[0, 3, 6, 7, 10, 12, 15, 19, 24, 26, 27, 30, 32, 33, 39, 42, 43, 46], 0.0005078485760796889], [[0, 3, 6, 7, 10, 12, 15, 19, 24, 26, 27, 30, 31, 32, 33, 39, 42, 43, 46], 0.004766829246628305], [[0, 3, 6, 7, 9, 10, 12, 15, 19, 24, 26, 27, 30, 31, 32, 33, 39, 42, 43, 46], 0.0007563267864751166], [[0, 3, 6, 7, 9, 10, 12, 15, 19, 24, 26, 27, 30, 31, 32, 33, 34, 39, 42, 43, 46], 0.0011304337557713723], [[0, 3, 5, 6, 7, 9, 10, 12, 15, 19, 24, 26, 27, 30, 31, 32, 33, 34, 39, 42, 43, 46], 0.0013599127556550644], [[0, 3, 5, 6, 7, 9, 10, 12, 15, 19, 22, 24, 26, 27, 30, 31, 32, 33, 34, 39, 42, 43, 46], 0.0019448966953060079], [[0, 2, 3, 5, 6, 7, 9, 10, 12, 15, 19, 22, 24, 26, 27, 30, 31, 32, 33, 34, 39, 42, 43, 46], 0.002836014934415091], [[0, 2, 3, 5, 6, 7, 9, 10, 12, 15, 19, 22, 24, 26, 27, 29, 30, 31, 32, 33, 34, 39, 42, 43, 46], 0.0042388106751410845], [[0, 2, 3, 5, 6, 7, 9, 10, 12, 15, 16, 19, 22, 24, 26, 27, 29, 30, 31, 32, 33, 34, 39, 42, 43, 46], 0.006335482662234381], [[0, 2, 3, 5, 6, 7, 8, 9, 10, 12, 15, 16, 19, 22, 24, 26, 27, 29, 30, 31, 32, 33, 34, 39, 42, 43, 46], 0.009469248414760961], [[0, 2, 3, 5, 6, 7, 8, 9, 10, 11, 12, 15, 16, 19, 22, 24, 26, 27, 29, 30, 31, 32, 33, 34, 39, 42, 43, 46], 0.01415309166683709], [[0, 2, 3, 5, 6, 7, 8, 9, 10, 11, 12, 13, 15, 16, 19, 22, 24, 26, 27, 29, 30, 31, 32, 33, 34, 39, 42, 43, 46], 0.021153738391490925], [[0, 2, 3, 5, 6, 7, 8, 9, 10, 11, 12, 13, 15, 16, 17, 19, 22, 24, 26, 27, 29, 30, 31, 32, 33, 34, 39, 42, 43, 46], 0.03161716655492968], [[0, 2, 3, 5, 6, 7, 8, 9, 10, 11, 12, 13, 15, 16, 17, 19, 22, 24, 25, 26, 27, 29, 30, 31, 32, 33, 34, 39, 42, 43, 46], 0.04725619695406111], [[0, 2, 3, 4, 5, 6, 7, 8, 9, 10, 11, 12, 13, 15, 16, 17, 19, 22, 24, 25, 26, 27, 29, 30, 31, 32, 33, 34, 39, 42, 43, 46], 0.07063087733951481], [[0, 2, 3, 4, 5, 6, 7, 8, 9, 10, 11, 12, 13, 15, 16, 17, 18, 19, 22, 24, 25, 26, 27, 29, 30, 31, 32, 33, 34, 39, 42, 43, 46], 0.10556754983648921], [[0, 2, 3, 4, 5, 6, 7, 8, 9, 10, 11, 12, 13, 15, 16, 17, 18, 19, 22, 24, 25, 26, 27, 29, 30, 31, 32, 33, 34, 38, 39, 42, 43, 46], 267.2534325652062]]}