{"costs": 2476, "join_operands": {"0": [0, 1, 2, 3, 4, 5, 6, 7, 8, 9, 10, 11, 12, 13], "1": [0, 1, 2, 3, 4, 5, 6, 8, 9, 10, 11, 12, 13], "2": [], "3": [0, 1, 2, 3, 4, 5, 6, 8, 9, 10, 11, 13], "4": [], "5": [], "6": [], "7": [0, 1, 2, 3, 4, 5, 6, 8, 10, 11, 13], "8": [], "9": [], "10": [], "11": [], "12": [], "13": [0, 1, 2, 3, 5, 6, 8, 10, 11, 13], "14": [0, 2, 3, 5, 6, 8, 10, 11, 13], "15": [2, 3, 5, 6, 8, 10, 11, 13], "16": [2, 3, 5, 6, 8, 10, 11], "17": [3, 5, 6, 8, 10, 11], "18": [3, 6, 8, 10, 11], "19": [3, 6, 10, 11], "20": [3, 6, 11], "21": [3, 6]}, "join_predecessors": {"0": [1, 2], "1": [3, 5], "2": [4, 6], "3": [7, 11], "4": [8, 12], "5": [9], "6": [10], "7": [13], "8": [], "9": [], "10": [], "11": [], "12": [], "13": [14], "14": [15], "15": [16], "16": [17], "17": [18], "18": [19], "19": [20], "20": [21], "21": []}, "leaf_joins": [], "opt_time": 2.9091758728027344, "status": 2, "intermediate_costs": [[[0, 1, 2, 3, 4, 5, 6, 8, 9, 10, 11, 12, 13], 1.6050445405316273e-18], [[0, 1, 2, 3, 4, 5, 6, 8, 9, 10, 11, 13], 1.2557228117607892e-11], [[0, 1, 2, 3, 4, 5, 6, 8, 10, 11, 13], 1.803501756622853e-11], [[0, 1, 2, 3, 5, 6, 8, 10, 11, 13], 9.017508783114264e-12], [[0, 2, 3, 5, 6, 8, 10, 11, 13], 9.017508783114264e-12], [[2, 3, 5, 6, 8, 10, 11, 13], 7.143712891637696e-17], [[2, 3, 5, 6, 8, 10, 11], 0.0041951942127263515], [[3, 5, 6, 8, 10, 11], 0.0041951942127263515], [[3, 6, 8, 10, 11], 0.0020975971063631757], [[3, 6, 10, 11], 159.21278655178287], [[3, 6, 11], 2315.0], [[3, 6], 2.0]]}