{"costs": 2743106, "root_join": 28, "join_operands": {"0": [0, 2, 3, 5, 6, 7, 8, 9, 10, 11, 12, 13, 15, 16, 17, 18, 20, 22, 23, 24, 27, 28], "1": [2, 3, 5, 6, 7, 8, 9, 10, 11, 12, 13, 15, 16, 17, 18, 20, 22, 23, 24, 27, 28], "2": [2, 3, 5, 6, 7, 8, 9, 10, 11, 12, 13, 15, 17, 18, 20, 22, 23, 24, 27, 28], "3": [2, 3, 5, 6, 7, 8, 9, 10, 11, 12, 13, 15, 17, 18, 20, 22, 23, 24, 27], "4": [2, 3, 5, 6, 7, 8, 10, 11, 12, 13, 17, 18, 20, 22, 23, 24, 27], "5": [2, 3, 5, 6, 7, 8, 10, 11, 12, 13, 17, 18, 20, 22, 23, 24], "6": [2, 3, 5, 6, 7, 8, 10, 12, 13, 17, 18, 20, 22, 24], "7": [2, 3, 5, 6, 7, 10, 12, 13, 17, 18, 20, 22, 24], "8": [7, 24], "9": [7, 12, 24], "10": [7, 12, 22, 24], "11": [5, 7, 12, 22, 24], "12": [5, 7, 12, 20, 22, 24], "13": [5, 7, 12, 17, 20, 22, 24], "14": [5, 6, 7, 12, 17, 20, 22, 24], "15": [2, 5, 6, 7, 12, 17, 20, 22, 24], "16": [2, 3, 5, 6, 7, 12, 17, 20, 22, 24], "17": [2, 3, 5, 6, 7, 10, 12, 17, 20, 22, 24], "18": [2, 3, 5, 6, 7, 10, 12, 13, 17, 20, 22, 24], "19": [2, 3, 5, 6, 7, 8, 10, 11, 12, 13, 17, 18, 20, 22, 24], "20": [2, 3, 5, 6, 7, 8, 9, 10, 11, 12, 13, 17, 18, 20, 22, 23, 24, 27], "21": [0, 2, 3, 5, 6, 7, 8, 9, 10, 11, 12, 13, 14, 15, 16, 17, 18, 20, 22, 23, 24, 27, 28], "22": [0, 2, 3, 5, 6, 7, 8, 9, 10, 11, 12, 13, 14, 15, 16, 17, 18, 20, 22, 23, 24, 25, 27, 28], "23": [0, 2, 3, 4, 5, 6, 7, 8, 9, 10, 11, 12, 13, 14, 15, 16, 17, 18, 19, 20, 21, 22, 23, 24, 25, 27, 28, 29], "24": [4, 19, 21, 29], "25": [4, 21, 29], "26": [4, 21], "27": [0, 2, 3, 4, 5, 6, 7, 8, 9, 10, 11, 12, 13, 14, 15, 16, 17, 18, 19, 20, 21, 22, 23, 24, 25, 26, 27, 28, 29], "28": [0, 1, 2, 3, 4, 5, 6, 7, 8, 9, 10, 11, 12, 13, 14, 15, 16, 17, 18, 19, 20, 21, 22, 23, 24, 25, 26, 27, 28, 29]}, "join_predecessors": {"0": [1], "2": [3], "4": [5], "6": [7], "8": [], "9": [8], "10": [9], "11": [10], "12": [11], "13": [12], "14": [13], "15": [14], "16": [15], "17": [16], "18": [17], "7": [18], "19": [6], "5": [19], "20": [4], "3": [20], "1": [2], "21": [0], "22": [21], "23": [22, 24], "24": [25], "26": [], "25": [26], "27": [23], "28": [27]}, "intermediate_costs": [[[0, 2, 3, 5, 6, 7, 8, 9, 10, 11, 12, 13, 15, 16, 17, 18, 20, 22, 23, 24, 27, 28], 2710.8546142854534], [[2, 3, 5, 6, 7, 8, 9, 10, 11, 12, 13, 15, 16, 17, 18, 20, 22, 23, 24, 27, 28], 2305.150458169153], [[2, 3, 5, 6, 7, 8, 9, 10, 11, 12, 13, 15, 17, 18, 20, 22, 23, 24, 27, 28], 2038.8184099698449], [[2, 3, 5, 6, 7, 8, 9, 10, 11, 12, 13, 15, 17, 18, 20, 22, 23, 24, 27], 1716.3536288594726], [[2, 3, 5, 6, 7, 8, 10, 11, 12, 13, 17, 18, 20, 22, 23, 24, 27], 1459.6407769285538], [[2, 3, 5, 6, 7, 8, 10, 11, 12, 13, 17, 18, 20, 22, 23, 24], 1228.7802360112703], [[2, 3, 5, 6, 7, 8, 10, 12, 13, 17, 18, 20, 22, 24], 2477.914850780795], [[2, 3, 5, 6, 7, 10, 12, 13, 17, 18, 20, 22, 24], 29.52897543858963], [[7, 24], 468.0], [[7, 12, 24], 521.1813605095542], [[7, 12, 22, 24], 619.0996589580764], [[5, 7, 12, 22, 24], 735.4067327261193], [[5, 7, 12, 20, 22, 24], 0.1252290918011707], [[5, 7, 12, 17, 20, 22, 24], 0.1487552382095474], [[5, 6, 7, 12, 17, 20, 22, 24], 0.17670303126954343], [[2, 5, 6, 7, 12, 17, 20, 22, 24], 0.2099015156371893], [[2, 3, 5, 6, 7, 12, 17, 20, 22, 24], 0.24933735269229773], [[2, 3, 5, 6, 7, 10, 12, 17, 20, 22, 24], 0.919658501813357], [[2, 3, 5, 6, 7, 10, 12, 13, 17, 20, 22, 24], 24.858597040829427], [[2, 3, 5, 6, 7, 8, 10, 11, 12, 13, 17, 18, 20, 22, 24], 1287.763759806085], [[2, 3, 5, 6, 7, 8, 9, 10, 11, 12, 13, 17, 18, 20, 22, 23, 24, 27], 1733.8748909150352], [[0, 2, 3, 5, 6, 7, 8, 9, 10, 11, 12, 13, 14, 15, 16, 17, 18, 20, 22, 23, 24, 27, 28], 3220.164074247083], [[0, 2, 3, 5, 6, 7, 8, 9, 10, 11, 12, 13, 14, 15, 16, 17, 18, 20, 22, 23, 24, 25, 27, 28], 57941.784716877446], [[0, 2, 3, 4, 5, 6, 7, 8, 9, 10, 11, 12, 13, 14, 15, 16, 17, 18, 19, 20, 21, 22, 23, 24, 25, 27, 28, 29], 73091.20775715644], [[4, 19, 21, 29], 981235.9916741656], [[4, 21, 29], 826041.5485665797], [[4, 21], 695393.0], [[0, 2, 3, 4, 5, 6, 7, 8, 9, 10, 11, 12, 13, 14, 15, 16, 17, 18, 19, 20, 21, 22, 23, 24, 25, 26, 27, 28, 29], 86823.42465632135]]}