{"costs": 224019, "root_join": 28, "join_operands": {"0": [0, 2, 3, 5, 6, 7, 8, 9, 11, 12, 15, 16, 17, 20, 22, 23, 24, 27, 28], "1": [2, 3, 5, 6, 7, 8, 9, 11, 12, 15, 16, 17, 20, 22, 23, 24, 27, 28], "2": [2, 5, 6, 7, 12, 17, 20, 22, 24], "3": [5, 6, 7, 12, 17, 20, 22, 24], "4": [5, 20], "5": [5, 20, 22], "6": [5, 7, 20, 22, 24], "7": [7, 24], "8": [5, 7, 12, 20, 22, 24], "9": [5, 7, 12, 17, 20, 22, 24], "10": [2, 3, 5, 6, 7, 12, 17, 20, 22, 24], "11": [2, 3, 5, 6, 7, 8, 12, 17, 20, 22, 24], "12": [2, 3, 5, 6, 7, 8, 11, 12, 17, 20, 22, 24], "13": [2, 3, 5, 6, 7, 8, 11, 12, 17, 20, 22, 23, 24], "14": [2, 3, 5, 6, 7, 8, 9, 11, 12, 17, 20, 22, 23, 24], "15": [2, 3, 5, 6, 7, 8, 9, 11, 12, 15, 17, 20, 22, 23, 24], "16": [2, 3, 5, 6, 7, 8, 9, 11, 12, 15, 17, 20, 22, 23, 24, 27], "17": [2, 3, 5, 6, 7, 8, 9, 11, 12, 15, 17, 20, 22, 23, 24, 27, 28], "18": [0, 2, 3, 5, 6, 7, 8, 9, 11, 12, 14, 15, 16, 17, 20, 22, 23, 24, 27, 28], "19": [0, 2, 3, 5, 6, 7, 8, 9, 11, 12, 14, 15, 16, 17, 20, 22, 23, 24, 25, 27, 28], "20": [0, 2, 3, 5, 6, 7, 8, 9, 11, 12, 14, 15, 16, 17, 19, 20, 22, 23, 24, 25, 27, 28], "21": [0, 2, 3, 5, 6, 7, 8, 9, 11, 12, 14, 15, 16, 17, 19, 20, 21, 22, 23, 24, 25, 27, 28], "22": [0, 2, 3, 4, 5, 6, 7, 8, 9, 11, 12, 14, 15, 16, 17, 19, 20, 21, 22, 23, 24, 25, 27, 28], "23": [0, 2, 3, 4, 5, 6, 7, 8, 9, 11, 12, 14, 15, 16, 17, 19, 20, 21, 22, 23, 24, 25, 27, 28, 29], "24": [0, 2, 3, 4, 5, 6, 7, 8, 9, 11, 12, 14, 15, 16, 17, 19, 20, 21, 22, 23, 24, 25, 26, 27, 28, 29], "25": [0, 2, 3, 4, 5, 6, 7, 8, 9, 10, 11, 12, 14, 15, 16, 17, 19, 20, 21, 22, 23, 24, 25, 26, 27, 28, 29], "26": [0, 2, 3, 4, 5, 6, 7, 8, 9, 10, 11, 12, 13, 14, 15, 16, 17, 19, 20, 21, 22, 23, 24, 25, 26, 27, 28, 29], "27": [0, 2, 3, 4, 5, 6, 7, 8, 9, 10, 11, 12, 13, 14, 15, 16, 17, 18, 19, 20, 21, 22, 23, 24, 25, 26, 27, 28, 29], "28": [0, 1, 2, 3, 4, 5, 6, 7, 8, 9, 10, 11, 12, 13, 14, 15, 16, 17, 18, 19, 20, 21, 22, 23, 24, 25, 26, 27, 28, 29]}, "join_predecessors": {"0": [1], "2": [3], "4": [], "5": [4], "6": [5, 7], "7": [], "8": [6], "9": [8], "3": [9], "10": [2], "11": [10], "12": [11], "13": [12], "14": [13], "15": [14], "16": [15], "17": [16], "1": [17], "18": [0], "19": [18], "20": [19], "21": [20], "22": [21], "23": [22], "24": [23], "25": [24], "26": [25], "27": [26], "28": [27]}, "intermediate_costs": [[[0, 2, 3, 5, 6, 7, 8, 9, 11, 12, 15, 16, 17, 20, 22, 23, 24, 27, 28], 22.88996834533986], [[2, 3, 5, 6, 7, 8, 9, 11, 12, 15, 16, 17, 20, 22, 23, 24, 27, 28], 19.46427548739854], [[2, 5, 6, 7, 12, 17, 20, 22, 24], 0.2099015156371893], [[5, 6, 7, 12, 17, 20, 22, 24], 0.17670303126954343], [[5, 20], 847.0], [[5, 20, 22], 7.484217330116606], [[5, 7, 20, 22, 24], 0.11245071179377589], [[7, 24], 468.0], [[5, 7, 12, 20, 22, 24], 0.1252290918011707], [[5, 7, 12, 17, 20, 22, 24], 0.1487552382095474], [[2, 3, 5, 6, 7, 12, 17, 20, 22, 24], 0.24933735269229773], [[2, 3, 5, 6, 7, 8, 12, 17, 20, 22, 24], 20.923066916951], [[2, 3, 5, 6, 7, 8, 11, 12, 17, 20, 22, 24], 10.873645359991707], [[2, 3, 5, 6, 7, 8, 11, 12, 17, 20, 22, 23, 24], 10.375599103491968], [[2, 3, 5, 6, 7, 8, 9, 11, 12, 17, 20, 22, 23, 24], 12.324943950662076], [[2, 3, 5, 6, 7, 8, 9, 11, 12, 15, 17, 20, 22, 23, 24], 12.200397148634334], [[2, 3, 5, 6, 7, 8, 9, 11, 12, 15, 17, 20, 22, 23, 24, 27], 14.492581058006369], [[2, 3, 5, 6, 7, 8, 9, 11, 12, 15, 17, 20, 22, 23, 24, 27, 28], 17.215415618445885], [[0, 2, 3, 5, 6, 7, 8, 9, 11, 12, 14, 15, 16, 17, 20, 22, 23, 24, 27, 28], 27.190485737555953], [[0, 2, 3, 5, 6, 7, 8, 9, 11, 12, 14, 15, 16, 17, 20, 22, 23, 24, 25, 27, 28], 489.2499992632078], [[0, 2, 3, 5, 6, 7, 8, 9, 11, 12, 14, 15, 16, 17, 19, 20, 22, 23, 24, 25, 27, 28], 56691.67369790368], [[0, 2, 3, 5, 6, 7, 8, 9, 11, 12, 14, 15, 16, 17, 19, 20, 21, 22, 23, 24, 25, 27, 28], 858.4643017255586], [[0, 2, 3, 4, 5, 6, 7, 8, 9, 11, 12, 14, 15, 16, 17, 19, 20, 21, 22, 23, 24, 25, 27, 28], 519.556193359305], [[0, 2, 3, 4, 5, 6, 7, 8, 9, 11, 12, 14, 15, 16, 17, 19, 20, 21, 22, 23, 24, 25, 27, 28, 29], 617.1690001623219], [[0, 2, 3, 4, 5, 6, 7, 8, 9, 11, 12, 14, 15, 16, 17, 19, 20, 21, 22, 23, 24, 25, 26, 27, 28, 29], 733.1213675363573], [[0, 2, 3, 4, 5, 6, 7, 8, 9, 10, 11, 12, 14, 15, 16, 17, 19, 20, 21, 22, 23, 24, 25, 26, 27, 28, 29], 2704.0525265698516], [[0, 2, 3, 4, 5, 6, 7, 8, 9, 10, 11, 12, 13, 14, 15, 16, 17, 19, 20, 21, 22, 23, 24, 25, 26, 27, 28, 29], 73091.20940294271], [[0, 2, 3, 4, 5, 6, 7, 8, 9, 10, 11, 12, 13, 14, 15, 16, 17, 18, 19, 20, 21, 22, 23, 24, 25, 26, 27, 28, 29], 86823.42465632135]]}