{"costs": 148.0, "root_join": 0, "join_operands": {"0": [0, 1, 2, 3, 4, 5, 6, 7, 8], "1": [0], "2": [1, 2, 3, 4, 5, 6, 7, 8], "3": [1], "4": [2, 3, 4, 5, 6, 7, 8], "5": [2], "6": [3, 4, 5, 6, 7, 8], "7": [3], "8": [4, 5, 6, 7, 8], "9": [6], "10": [4, 5, 7, 8], "11": [5], "12": [4, 7, 8], "13": [7], "14": [4, 8], "15": [4], "16": [8]}, "join_predecessors": {"0": [1, 2], "2": [3, 4], "4": [5, 6], "6": [7, 8], "8": [9, 10], "10": [11, 12], "12": [13, 14], "14": [15, 16]}, "intermediate_costs": [[[1, 2, 3, 4, 5, 6, 7, 8], 3.210941946011643e-17], [[2, 3, 4, 5, 6, 7, 8], 6.276043509227316e-17], [[3, 4, 5, 6, 7, 8], 1.8831746664073632e-16], [[4, 5, 6, 7, 8], 9.200128559241456e-16], [[4, 5, 7, 8], 8.463736765394365e-05], [[4, 7, 8], 59.938775510204074], [[4, 8], 89.0]]}