{"costs": 2710903.525549266, "join_operands": {"0": [0, 1, 2, 3, 4, 5, 6, 7, 8, 9, 10, 11, 12, 13, 14, 15, 16, 17, 18, 19, 20, 21, 22, 23, 24, 25, 26, 27, 28, 29, 30, 31, 32, 33, 34, 35, 36, 37, 38, 39, 40, 41, 42, 43, 44, 45, 46, 47, 48, 49], "1": [0, 1, 2, 3, 4, 7, 8, 9, 11, 12, 14, 16, 18, 21, 22, 23, 24, 25, 26, 28, 29, 30, 33, 34, 35, 36, 37, 39, 40, 41, 43, 44, 47, 48, 49], "2": [5, 6, 10, 13, 15, 17, 19, 20, 27, 31, 32, 38, 42, 45, 46], "3": [0, 1, 2, 3, 4, 7, 8, 9, 11, 12, 14, 16, 18, 21, 22, 23, 24, 25, 26, 29, 33, 34, 35, 36, 37, 39, 40, 41, 43, 44, 47, 48, 49], "4": [5, 6, 10, 13, 15, 17, 19, 20, 27, 31, 38, 42, 45, 46], "5": [28, 30], "6": [], "7": [0, 1, 2, 3, 4, 7, 8, 11, 12, 14, 16, 18, 21, 22, 23, 24, 25, 26, 29, 33, 34, 35, 36, 37, 39, 40, 41, 43, 44, 47, 48, 49], "8": [5, 6, 10, 15, 17, 19, 20, 27, 31, 38, 42, 45, 46], "9": [], "10": [], "11": [], "12": [], "13": [], "14": [], "15": [0, 1, 2, 3, 4, 7, 8, 11, 12, 14, 16, 18, 21, 22, 23, 24, 25, 26, 29, 33, 34, 35, 36, 37, 40, 41, 43, 44, 47, 48, 49], "16": [5, 6, 10, 17, 19, 20, 27, 31, 38, 42, 45, 46], "17": [], "18": [], "19": [], "20": [], "21": [], "22": [], "23": [], "24": [], "25": [], "26": [], "27": [], "28": [], "29": [], "30": [], "31": [0, 1, 2, 3, 4, 7, 8, 11, 12, 14, 16, 18, 21, 22, 23, 24, 25, 29, 33, 34, 35, 36, 37, 40, 41, 43, 44, 47, 48, 49], "32": [5, 6, 10, 17, 20, 27, 31, 38, 42, 45, 46], "33": [], "34": [], "35": [], "36": [], "37": [], "38": [], "39": [], "40": [], "41": [], "42": [], "43": [], "44": [], "45": [], "46": [], "47": [], "48": []}, "join_predecessors": {"0": [1, 2], "1": [3, 5], "2": [4, 6], "3": [7, 11], "4": [8, 12], "5": [9, 13], "6": [10, 14], "7": [15, 23], "8": [16, 24], "9": [17, 25], "10": [18, 26], "11": [19, 27], "12": [20, 28], "13": [21, 29], "14": [22, 30], "15": [31, 47], "16": [32, 48], "17": [33], "18": [34], "19": [35], "20": [36], "21": [37], "22": [38], "23": [39], "24": [40], "25": [41], "26": [42], "27": [43], "28": [44], "29": [45], "30": [46], "31": [], "32": [], "33": [], "34": [], "35": [], "36": [], "37": [], "38": [], "39": [], "40": [], "41": [], "42": [], "43": [], "44": [], "45": [], "46": [], "47": [], "48": []}, "leaf_joins": [31, 32], "opt_time": 29.761041164398193, "status": 2, "intermediate_costs": [[[0, 1, 2, 3, 4, 7, 8, 9, 11, 12, 14, 16, 18, 21, 22, 23, 24, 25, 26, 28, 29, 30, 33, 34, 35, 36, 37, 39, 40, 41, 43, 44, 47, 48, 49], 128575.48696648901], [[5, 6, 10, 13, 15, 17, 19, 20, 27, 31, 32, 38, 42, 45, 46], 1018325.1945040794], [[0, 1, 2, 3, 4, 7, 8, 9, 11, 12, 14, 16, 18, 21, 22, 23, 24, 25, 26, 29, 33, 34, 35, 36, 37, 39, 40, 41, 43, 44, 47, 48, 49], 65012.50755894899], [[5, 6, 10, 13, 15, 17, 19, 20, 27, 31, 38, 42, 45, 46], 595560.7773486901], [[28, 30], 39326.0], [[0, 1, 2, 3, 4, 7, 8, 11, 12, 14, 16, 18, 21, 22, 23, 24, 25, 26, 29, 33, 34, 35, 36, 37, 39, 40, 41, 43, 44, 47, 48, 49], 38022.280158325724], [[5, 6, 10, 15, 17, 19, 20, 27, 31, 38, 42, 45, 46], 348311.2090801631], [[0, 1, 2, 3, 4, 7, 8, 11, 12, 14, 16, 18, 21, 22, 23, 24, 25, 26, 29, 33, 34, 35, 36, 37, 40, 41, 43, 44, 47, 48, 49], 22237.086974360784], [[5, 6, 10, 17, 19, 20, 27, 31, 38, 42, 45, 46], 203917.53607587723], [[0, 1, 2, 3, 4, 7, 8, 11, 12, 14, 16, 18, 21, 22, 23, 24, 25, 29, 33, 34, 35, 36, 37, 40, 41, 43, 44, 47, 48, 49], 13093.086806678788], [[5, 6, 10, 17, 20, 27, 31, 38, 42, 45, 46], 238522.36007565295]]}