{"costs": 11468563, "root_join": 18, "join_operands": {"0": [6, 12], "1": [6, 7, 12], "2": [4, 6, 7, 12], "3": [4, 6, 7, 12, 14], "4": [2, 4, 6, 7, 12, 14], "5": [2, 4, 5, 6, 7, 12, 14], "6": [0, 2, 4, 5, 6, 7, 12, 14], "7": [0, 2, 4, 5, 6, 7, 9, 12, 14], "8": [0, 2, 4, 5, 6, 7, 9, 10, 12, 14], "9": [0, 2, 4, 5, 6, 7, 9, 10, 12, 14, 18], "10": [0, 2, 3, 4, 5, 6, 7, 9, 10, 12, 14, 18], "11": [0, 2, 3, 4, 5, 6, 7, 9, 10, 12, 14, 16, 18], "12": [0, 1, 2, 3, 4, 5, 6, 7, 9, 10, 12, 14, 16, 18], "13": [0, 1, 2, 3, 4, 5, 6, 7, 9, 10, 11, 12, 14, 16, 18], "14": [0, 1, 2, 3, 4, 5, 6, 7, 9, 10, 11, 12, 14, 15, 16, 18], "15": [0, 1, 2, 3, 4, 5, 6, 7, 9, 10, 11, 12, 14, 15, 16, 18, 19], "16": [0, 1, 2, 3, 4, 5, 6, 7, 9, 10, 11, 12, 14, 15, 16, 17, 18, 19], "17": [0, 1, 2, 3, 4, 5, 6, 7, 8, 9, 10, 11, 12, 14, 15, 16, 17, 18, 19], "18": [0, 1, 2, 3, 4, 5, 6, 7, 8, 9, 10, 11, 12, 13, 14, 15, 16, 17, 18, 19]}, "join_predecessors": {"0": [], "1": [0], "2": [1], "3": [2], "4": [3], "5": [4], "6": [5], "7": [6], "8": [7], "9": [8], "10": [9], "11": [10], "12": [11], "13": [12], "14": [13], "15": [14], "16": [15], "17": [16], "18": [17]}, "intermediate_costs": [[[6, 12], 5536.0], [[6, 7, 12], 245.13303765690378], [[4, 6, 7, 12], 203.46930223034676], [[4, 6, 7, 12, 14], 1510.5680685405785], [[2, 4, 6, 7, 12, 14], 3761.4697827104696], [[2, 4, 5, 6, 7, 12, 14], 4663309.948718968], [[0, 2, 4, 5, 6, 7, 12, 14], 8763.950501441606], [[0, 2, 4, 5, 6, 7, 9, 12, 14], 21823.084872831674], [[0, 2, 4, 5, 6, 7, 9, 10, 12, 14], 54341.840585769554], [[0, 2, 4, 5, 6, 7, 9, 10, 12, 14, 18], 2879.0849622029436], [[0, 2, 3, 4, 5, 6, 7, 9, 10, 12, 14, 18], 6864.077265769724], [[0, 2, 3, 4, 5, 6, 7, 9, 10, 12, 14, 16, 18], 16878.63769601811], [[0, 1, 2, 3, 4, 5, 6, 7, 9, 10, 12, 14, 16, 18], 42029.44127963633], [[0, 1, 2, 3, 4, 5, 6, 7, 9, 10, 11, 12, 14, 16, 18], 104657.84137309913], [[0, 1, 2, 3, 4, 5, 6, 7, 9, 10, 11, 12, 14, 15, 16, 18], 260071.6576403462], [[0, 1, 2, 3, 4, 5, 6, 7, 9, 10, 11, 12, 14, 15, 16, 18, 19], 647601.3750236656], [[0, 1, 2, 3, 4, 5, 6, 7, 9, 10, 11, 12, 14, 15, 16, 17, 18, 19], 1612584.5651067235], [[0, 1, 2, 3, 4, 5, 6, 7, 8, 9, 10, 11, 12, 14, 15, 16, 17, 18, 19], 4015501.346837388]]}