{"costs": 1583052, "root_join": 0, "join_operands": {"0": [0, 1, 2, 3, 4, 5, 6, 7, 8, 9, 10, 11, 12, 13, 14, 15, 16, 17, 18, 19], "1": [0, 1, 2, 3, 4, 5, 6, 7, 8, 9, 10, 12, 14, 16, 18, 19], "2": [11, 13, 15, 17], "3": [0, 2, 3, 4, 5, 6, 7, 8, 9, 10, 12, 14, 16, 18, 19], "4": [11, 15, 17], "5": [], "6": [], "7": [0, 2, 4, 5, 6, 7, 8, 9, 10, 12, 14, 16, 18, 19], "8": [11, 17], "9": [], "10": [], "11": [], "12": [], "13": [], "14": [], "15": [0, 2, 5, 6, 7, 8, 9, 10, 12, 14, 16, 18, 19], "16": [], "17": [], "18": [], "19": [0, 5], "20": [0, 2, 5, 6, 7, 12, 14], "21": [2, 6, 7, 12, 14], "22": [6, 7, 12, 14], "23": [6, 12], "24": [6, 7, 12], "25": [0, 2, 5, 6, 7, 9, 12, 14], "26": [0, 2, 5, 6, 7, 9, 10, 12, 14], "27": [0, 2, 5, 6, 7, 9, 10, 12, 14, 18], "28": [0, 2, 5, 6, 7, 9, 10, 12, 14, 16, 18], "29": [0, 2, 5, 6, 7, 9, 10, 12, 14, 16, 18, 19]}, "join_predecessors": {"0": [1, 2], "1": [3], "2": [4], "3": [7], "4": [8], "5": [], "6": [], "7": [15], "8": [], "9": [], "10": [], "11": [], "12": [], "13": [], "14": [], "15": [29], "16": [], "17": [], "18": [], "19": [], "20": [19, 21], "21": [22], "23": [], "24": [23], "22": [24], "25": [20], "26": [25], "27": [26], "28": [27], "29": [28]}, "intermediate_costs": [[[0, 1, 2, 3, 4, 5, 6, 7, 8, 9, 10, 12, 14, 16, 18, 19], 260606.7321259705], [[11, 13, 15, 17], 523881.749382683], [[0, 2, 3, 4, 5, 6, 7, 8, 9, 10, 12, 14, 16, 18, 19], 104657.27068393618], [[11, 15, 17], 210385.06491176467], [[0, 2, 4, 5, 6, 7, 8, 9, 10, 12, 14, 16, 18, 19], 43897.69557431323], [[11, 17], 84663.0], [[0, 2, 5, 6, 7, 8, 9, 10, 12, 14, 16, 18, 19], 52886.481372444054], [[0, 5], 154386.0], [[0, 2, 5, 6, 7, 12, 14], 10558.515632304112], [[2, 6, 7, 12, 14], 4531.6934976589755], [[6, 7, 12, 14], 1819.8820911553041], [[6, 12], 5536.0], [[6, 7, 12], 245.13303765690378], [[0, 2, 5, 6, 7, 9, 12, 14], 26291.725716272624], [[0, 2, 5, 6, 7, 9, 10, 12, 14], 65469.239382244916], [[0, 2, 5, 6, 7, 9, 10, 12, 14, 18], 3468.6256586172053], [[0, 2, 5, 6, 7, 9, 10, 12, 14, 16, 18], 8529.285660415248], [[0, 2, 5, 6, 7, 9, 10, 12, 14, 16, 18, 19], 21238.673878462825]], "time_in_s": 10}