{"costs": 1892558, "root_join": 15, "join_operands": {"0": [0, 9], "1": [0, 9, 10], "2": [0, 9, 10, 18], "3": [0, 5, 9, 10, 18], "4": [0, 2, 3, 4, 5, 6, 7, 9, 10, 12, 14, 18, 19], "5": [2, 3, 4, 6, 7, 12, 14, 19], "6": [3, 4, 6, 7, 12, 14, 19], "7": [3, 4, 6, 7, 12, 19], "8": [6, 7, 12], "9": [6, 12], "10": [4, 6, 7, 12], "11": [3, 4, 6, 7, 12], "12": [0, 2, 3, 4, 5, 6, 7, 8, 9, 10, 12, 14, 18, 19], "13": [0, 2, 3, 4, 5, 6, 7, 8, 9, 10, 12, 14, 16, 18, 19], "14": [0, 1, 2, 3, 4, 5, 6, 7, 8, 9, 10, 12, 14, 16, 18, 19], "15": [0, 1, 2, 3, 4, 5, 6, 7, 8, 9, 10, 11, 12, 13, 14, 15, 16, 17, 18, 19], "16": [11, 13, 15, 17], "17": [11, 15], "18": [11, 15, 17]}, "join_predecessors": {"0": [], "1": [0], "2": [1], "3": [2], "4": [3, 5], "5": [6], "6": [7], "8": [9], "9": [], "10": [8], "11": [10], "7": [11], "12": [4], "13": [12], "14": [13], "15": [14, 16], "17": [], "18": [17], "16": [18]}, "intermediate_costs": [[[0, 9], 154386.0], [[0, 9, 10], 384437.83037837833], [[0, 9, 10, 18], 20367.900027187512], [[0, 5, 9, 10, 18], 50718.04215479631], [[0, 2, 3, 4, 5, 6, 7, 9, 10, 12, 14, 18, 19], 17092.158045643006], [[2, 3, 4, 6, 7, 12, 14, 19], 22330.579629996326], [[3, 4, 6, 7, 12, 14, 19], 8967.734021451679], [[3, 4, 6, 7, 12, 19], 1207.9287401427675], [[6, 7, 12], 245.13303765690378], [[6, 12], 5536.0], [[4, 6, 7, 12], 203.46930223034676], [[3, 4, 6, 7, 12], 485.09475408211495], [[0, 2, 3, 4, 5, 6, 7, 8, 9, 10, 12, 14, 18, 19], 42561.23067139409], [[0, 2, 3, 4, 5, 6, 7, 8, 9, 10, 12, 14, 16, 18, 19], 104657.27068393618], [[0, 1, 2, 3, 4, 5, 6, 7, 8, 9, 10, 12, 14, 16, 18, 19], 260606.7321259705], [[11, 13, 15, 17], 523881.749382683], [[11, 15], 84489.0], [[11, 15, 17], 210385.06491176467]]}