{"costs": 1503242, "root_join": 15, "join_operands": {"0": [0, 5], "1": [0, 2, 4, 5, 6, 7, 12, 14], "2": [2, 4, 6, 7, 12, 14], "3": [4, 6, 7, 12, 14], "4": [4, 6, 7, 12], "5": [6, 7, 12], "6": [6, 12], "7": [0, 2, 4, 5, 6, 7, 9, 12, 14], "8": [0, 2, 4, 5, 6, 7, 9, 10, 12, 14], "9": [0, 2, 4, 5, 6, 7, 9, 10, 12, 14, 18], "10": [0, 2, 3, 4, 5, 6, 7, 9, 10, 12, 14, 18], "11": [0, 2, 3, 4, 5, 6, 7, 9, 10, 12, 14, 16, 18], "12": [0, 2, 3, 4, 5, 6, 7, 9, 10, 12, 14, 16, 18, 19], "13": [0, 1, 2, 3, 4, 5, 6, 7, 9, 10, 12, 14, 16, 18, 19], "14": [0, 1, 2, 3, 4, 5, 6, 7, 8, 9, 10, 12, 14, 16, 18, 19], "15": [0, 1, 2, 3, 4, 5, 6, 7, 8, 9, 10, 11, 12, 13, 14, 15, 16, 17, 18, 19], "16": [11, 13, 15, 17], "17": [11, 15], "18": [11, 15, 17]}, "join_predecessors": {"0": [], "1": [0, 2], "2": [3], "4": [5], "6": [], "5": [6], "3": [4], "7": [1], "8": [7], "9": [8], "10": [9], "11": [10], "12": [11], "13": [12], "14": [13], "15": [14, 16], "17": [], "18": [17], "16": [18]}, "intermediate_costs": [[[0, 5], 154386.0], [[0, 2, 4, 5, 6, 7, 12, 14], 8763.950501441606], [[2, 4, 6, 7, 12, 14], 3761.4697827104696], [[4, 6, 7, 12, 14], 1510.5680685405785], [[4, 6, 7, 12], 203.46930223034676], [[6, 7, 12], 245.13303765690378], [[6, 12], 5536.0], [[0, 2, 4, 5, 6, 7, 9, 12, 14], 21823.084872831674], [[0, 2, 4, 5, 6, 7, 9, 10, 12, 14], 54341.840585769554], [[0, 2, 4, 5, 6, 7, 9, 10, 12, 14, 18], 2879.0849622029436], [[0, 2, 3, 4, 5, 6, 7, 9, 10, 12, 14, 18], 6864.077265769724], [[0, 2, 3, 4, 5, 6, 7, 9, 10, 12, 14, 16, 18], 16878.63769601811], [[0, 2, 3, 4, 5, 6, 7, 9, 10, 12, 14, 16, 18, 19], 42029.29715464651], [[0, 1, 2, 3, 4, 5, 6, 7, 9, 10, 12, 14, 16, 18, 19], 104657.01726640736], [[0, 1, 2, 3, 4, 5, 6, 7, 8, 9, 10, 12, 14, 16, 18, 19], 260606.7321259705], [[11, 13, 15, 17], 523881.749382683], [[11, 15], 84489.0], [[11, 15, 17], 210385.06491176467]]}