{"costs": 47364.0, "root_join": 0, "join_operands": {"0": [0, 1, 2, 3, 4, 5, 6, 7, 8, 9, 10], "1": [0], "2": [1, 2, 3, 4, 5, 6, 7, 8, 9, 10], "3": [1], "4": [2, 3, 4, 5, 6, 7, 8, 9, 10], "5": [2], "6": [3, 4, 5, 6, 7, 8, 9, 10], "7": [3], "8": [4, 5, 6, 7, 8, 9, 10], "9": [5], "10": [4, 6, 7, 8, 9, 10], "11": [6], "12": [4, 7, 8, 9, 10], "13": [8], "14": [4, 7, 9, 10], "15": [7], "16": [4, 9, 10], "17": [10], "18": [4, 9], "19": [4], "20": [9]}, "join_predecessors": {"0": [1, 2], "2": [3, 4], "4": [5, 6], "6": [7, 8], "8": [9, 10], "10": [11, 12], "12": [13, 14], "14": [15, 16], "16": [17, 18], "18": [19, 20]}, "intermediate_costs": [[[1, 2, 3, 4, 5, 6, 7, 8, 9, 10], 1.1696555707137089e-33], [[2, 3, 4, 5, 6, 7, 8, 9, 10], 1.1696555707137089e-33], [[3, 4, 5, 6, 7, 8, 9, 10], 1.363805702067828e-33], [[4, 5, 6, 7, 8, 9, 10], 4.016175552598879e-33], [[4, 6, 7, 8, 9, 10], 4.5544374729077477e-33], [[4, 7, 8, 9, 10], 1.839427104553678e-15], [[4, 7, 9, 10], 0.0034110797434974225], [[4, 9, 10], 10273.890442601898], [[4, 9], 37091.0]]}