{"costs": 6768135, "root_join": 0, "join_operands": {"0": [0, 1, 2, 3, 4, 5, 6, 7, 8, 9, 10, 11, 12, 13, 14, 15, 16, 17, 18, 19], "1": [0, 1, 3, 7, 8, 10, 12, 14, 15, 16, 18], "2": [2, 4, 5, 6, 9, 11, 13, 17, 19], "3": [0, 1, 3, 7, 8, 10, 12, 14, 15, 16], "4": [4, 5, 6, 9, 11, 13, 17, 19], "5": [], "6": [], "7": [0, 1, 3, 7, 8, 10, 14, 15, 16], "8": [4, 5, 9, 11, 13, 17, 19], "9": [], "10": [], "11": [], "12": [], "13": [], "14": [], "15": [0, 3, 7, 8, 14], "16": [3, 7, 8, 14], "17": [3, 7], "18": [3, 7, 8], "19": [0, 3, 7, 8, 14, 15], "20": [0, 3, 7, 8, 14, 15, 16], "21": [0, 3, 7, 8, 10, 14, 15, 16], "22": [4, 17], "24": [5, 9, 11, 13, 19], "25": [5, 19], "26": [9, 11, 13], "27": [9, 11]}, "join_predecessors": {"0": [1, 2], "1": [3], "2": [4], "3": [7], "4": [8], "5": [], "6": [], "7": [21], "8": [22, 24], "9": [], "10": [], "11": [], "12": [], "13": [], "14": [], "15": [16], "17": [], "18": [17], "16": [18], "19": [15], "20": [19], "21": [20], "22": [], "25": [], "24": [25, 26], "27": [], "26": [27]}, "intermediate_costs": [[[0, 1, 3, 7, 8, 10, 12, 14, 15, 16, 18], 493937.63331297546], [[2, 4, 5, 6, 9, 11, 13, 17, 19], 1052331.226482141], [[0, 1, 3, 7, 8, 10, 12, 14, 15, 16], 448734.2410801238], [[4, 5, 6, 9, 11, 13, 17, 19], 915025.4514791168], [[0, 1, 3, 7, 8, 10, 14, 15, 16], 389548.89548113017], [[4, 5, 9, 11, 13, 17, 19], 797118.3606351652], [[0, 3, 7, 8, 14], 7863.655366202451], [[3, 7, 8, 14], 6931.50876444342], [[3, 7], 444.0], [[3, 7, 8], 504.25429213483153], [[0, 3, 7, 8, 14, 15], 8953.073177509794], [[0, 3, 7, 8, 14, 15, 16], 278787.0660575054], [[0, 3, 7, 8, 10, 14, 15, 16], 338169.6916215385], [[4, 17], 193524.0], [[5, 9, 11, 13, 19], 600717.321250902], [[5, 19], 1088808.0], [[9, 11, 13], 78548.04558333333], [[9, 11], 68189.0]]}