{"costs": 1468436, "root_join": 0, "join_operands": {"0": [0, 1, 2, 3, 4, 5, 6, 7, 8, 9, 10, 11, 12, 13, 14, 15, 16, 17, 18, 19], "1": [0, 1, 2, 4, 6, 7, 8, 9, 10, 11, 12, 13, 14, 16, 17, 18, 19], "2": [3, 5, 15], "3": [0, 1, 2, 4, 6, 8, 9, 10, 11, 12, 13, 14, 16, 17, 18, 19], "4": [], "5": [], "6": [3, 15], "7": [0, 1, 2, 4, 6, 9, 10, 11, 12, 13, 14, 16, 17, 18, 19], "8": [], "9": [], "10": [], "11": [], "12": [], "13": [], "14": [], "15": [0, 1, 2, 4, 6, 9, 11, 12, 13, 14, 16, 17, 18, 19], "16": [], "17": [], "18": [], "19": [0, 4, 14, 17], "20": [4, 14, 17], "21": [14, 17], "22": [0, 4, 9, 14, 17], "23": [0, 2, 4, 9, 14, 17], "24": [0, 2, 4, 9, 13, 14, 17], "25": [0, 2, 4, 9, 13, 14, 16, 17], "26": [0, 2, 4, 6, 9, 13, 14, 16, 17], "27": [0, 1, 2, 4, 6, 9, 13, 14, 16, 17], "28": [0, 1, 2, 4, 6, 9, 13, 14, 16, 17, 18], "29": [0, 1, 2, 4, 6, 9, 13, 14, 16, 17, 18, 19], "30": [0, 1, 2, 4, 6, 9, 11, 13, 14, 16, 17, 18, 19]}, "join_predecessors": {"0": [1, 2], "1": [3], "2": [6], "3": [7], "4": [], "5": [], "6": [], "7": [15], "8": [], "9": [], "10": [], "11": [], "12": [], "13": [], "14": [], "15": [30], "16": [], "17": [], "18": [], "19": [20], "20": [21], "21": [], "22": [19], "23": [22], "24": [23], "25": [24], "26": [25], "27": [26], "28": [27], "29": [28], "30": [29]}, "intermediate_costs": [[[0, 1, 2, 4, 6, 7, 8, 9, 10, 11, 12, 13, 14, 16, 17, 18, 19], 515007.0170140299], [[3, 5, 15], 468073.2685076923], [[0, 1, 2, 4, 6, 8, 9, 10, 11, 12, 13, 14, 16, 17, 18, 19], 192087.24162230373], [[3, 15], 174553.0], [[0, 1, 2, 4, 6, 9, 10, 11, 12, 13, 14, 16, 17, 18, 19], 74211.45880516307], [[0, 1, 2, 4, 6, 9, 11, 12, 13, 14, 16, 17, 18, 19], 27634.843413379316], [[0, 4, 14, 17], 0.035107210557322965], [[4, 14, 17], 0.013073170731707317], [[14, 17], 268.0], [[0, 4, 9, 14, 17], 11.2421193226323], [[0, 2, 4, 9, 14, 17], 2.102620084418093], [[0, 2, 4, 9, 13, 14, 17], 113.36398584038781], [[0, 2, 4, 9, 13, 14, 16, 17], 109.59564014448252], [[0, 2, 4, 6, 9, 13, 14, 16, 17], 283.1362325117674], [[0, 1, 2, 4, 6, 9, 13, 14, 16, 17], 532.2387730750316], [[0, 1, 2, 4, 6, 9, 13, 14, 16, 17, 18], 1426.9602865845427], [[0, 1, 2, 4, 6, 9, 13, 14, 16, 17, 18, 19], 3832.0025042863817], [[0, 1, 2, 4, 6, 9, 11, 13, 14, 16, 17, 18, 19], 10290.614830839018]]}