{"costs": 4785563, "root_join": 1, "join_operands": {"0": [0, 27], "1": [0, 1, 2, 3, 4, 5, 6, 7, 8, 9, 10, 11, 12, 13, 14, 15, 16, 17, 18, 19, 20, 21, 22, 23, 24, 25, 26, 27, 28, 29], "2": [1, 2, 3, 4, 5, 6, 7, 8, 9, 10, 11, 12, 13, 14, 15, 16, 17, 18, 19, 20, 21, 22, 23, 24, 25, 26, 28, 29], "3": [1, 4, 6, 7, 9, 10, 11, 12, 13, 16, 17, 18, 19, 23, 24, 25, 28, 29], "4": [4, 6, 7, 9, 10, 11, 12, 13, 16, 17, 18, 19, 23, 24, 25, 28, 29], "5": [4, 7, 13, 18, 19, 23, 25, 28, 29], "6": [7, 13, 18, 19, 23, 25, 28, 29], "7": [7, 13], "8": [7, 13, 19, 25, 28], "9": [19, 25, 28], "10": [19, 28], "11": [7, 13, 19, 23, 25, 28], "12": [7, 13, 19, 23, 25, 28, 29], "13": [4, 7, 9, 13, 18, 19, 23, 25, 28, 29], "14": [4, 7, 9, 13, 18, 19, 23, 24, 25, 28, 29], "15": [4, 7, 9, 12, 13, 18, 19, 23, 24, 25, 28, 29], "16": [4, 6, 7, 9, 12, 13, 18, 19, 23, 24, 25, 28, 29], "17": [4, 6, 7, 9, 12, 13, 16, 18, 19, 23, 24, 25, 28, 29], "18": [4, 6, 7, 9, 12, 13, 16, 17, 18, 19, 23, 24, 25, 28, 29], "19": [4, 6, 7, 9, 11, 12, 13, 16, 17, 18, 19, 23, 24, 25, 28, 29], "20": [1, 4, 6, 7, 9, 10, 11, 12, 13, 16, 17, 18, 19, 20, 23, 24, 25, 28, 29], "21": [1, 4, 6, 7, 9, 10, 11, 12, 13, 16, 17, 18, 19, 20, 23, 24, 25, 26, 28, 29], "22": [1, 4, 6, 7, 9, 10, 11, 12, 13, 14, 16, 17, 18, 19, 20, 23, 24, 25, 26, 28, 29], "23": [1, 4, 6, 7, 9, 10, 11, 12, 13, 14, 15, 16, 17, 18, 19, 20, 23, 24, 25, 26, 28, 29], "24": [1, 2, 4, 6, 7, 9, 10, 11, 12, 13, 14, 15, 16, 17, 18, 19, 20, 23, 24, 25, 26, 28, 29], "25": [1, 2, 3, 4, 6, 7, 9, 10, 11, 12, 13, 14, 15, 16, 17, 18, 19, 20, 23, 24, 25, 26, 28, 29], "26": [1, 2, 3, 4, 5, 6, 7, 9, 10, 11, 12, 13, 14, 15, 16, 17, 18, 19, 20, 23, 24, 25, 26, 28, 29], "27": [1, 2, 3, 4, 5, 6, 7, 8, 9, 10, 11, 12, 13, 14, 15, 16, 17, 18, 19, 20, 23, 24, 25, 26, 28, 29], "28": [1, 2, 3, 4, 5, 6, 7, 8, 9, 10, 11, 12, 13, 14, 15, 16, 17, 18, 19, 20, 22, 23, 24, 25, 26, 28, 29]}, "join_predecessors": {"0": [], "1": [0, 2], "3": [4], "5": [6], "7": [], "8": [7, 9], "10": [], "9": [10], "11": [8], "12": [11], "6": [12], "13": [5], "14": [13], "15": [14], "16": [15], "17": [16], "18": [17], "19": [18], "4": [19], "20": [3], "21": [20], "22": [21], "23": [22], "24": [23], "25": [24], "26": [25], "27": [26], "28": [27], "2": [28]}, "intermediate_costs": [[[0, 27], 118493.0], [[1, 2, 3, 4, 5, 6, 7, 8, 9, 10, 11, 12, 13, 14, 15, 16, 17, 18, 19, 20, 21, 22, 23, 24, 25, 26, 28, 29], 2989656.95714766], [[1, 4, 6, 7, 9, 10, 11, 12, 13, 16, 17, 18, 19, 23, 24, 25, 28, 29], 0.05216620271237927], [[4, 6, 7, 9, 10, 11, 12, 13, 16, 17, 18, 19, 23, 24, 25, 28, 29], 0.0032397167579904947], [[4, 7, 13, 18, 19, 23, 25, 28, 29], 0.0009361430733439362], [[7, 13, 18, 19, 23, 25, 28, 29], 0.0005214259021738422], [[7, 13], 24.0], [[7, 13, 19, 25, 28], 0.12254212757332442], [[19, 25, 28], 147.8862254160363], [[19, 28], 179.0], [[7, 13, 19, 23, 25, 28], 0.22000631463061443], [[7, 13, 19, 23, 25, 28, 29], 0.394988847535251], [[4, 7, 9, 13, 18, 19, 23, 25, 28, 29], 0.0004984976334537502], [[4, 7, 9, 13, 18, 19, 23, 24, 25, 28, 29], 0.2928040583360151], [[4, 7, 9, 12, 13, 18, 19, 23, 24, 25, 28, 29], 0.00017368947533711508], [[4, 6, 7, 9, 12, 13, 18, 19, 23, 24, 25, 28, 29], 0.00031182843699005135], [[4, 6, 7, 9, 12, 13, 16, 18, 19, 23, 24, 25, 28, 29], 0.0005598322749661747], [[4, 6, 7, 9, 12, 13, 16, 17, 18, 19, 23, 24, 25, 28, 29], 0.0010050959560816536], [[4, 6, 7, 9, 11, 12, 13, 16, 17, 18, 19, 23, 24, 25, 28, 29], 0.0018045013572523605], [[1, 4, 6, 7, 9, 10, 11, 12, 13, 16, 17, 18, 19, 20, 23, 24, 25, 28, 29], 0.09365674333796559], [[1, 4, 6, 7, 9, 10, 11, 12, 13, 16, 17, 18, 19, 20, 23, 24, 25, 26, 28, 29], 0.16814690578565009], [[1, 4, 6, 7, 9, 10, 11, 12, 13, 14, 16, 17, 18, 19, 20, 23, 24, 25, 26, 28, 29], 1.698092128419838], [[1, 4, 6, 7, 9, 10, 11, 12, 13, 14, 15, 16, 17, 18, 19, 20, 23, 24, 25, 26, 28, 29], 3.015170118602896], [[1, 2, 4, 6, 7, 9, 10, 11, 12, 13, 14, 15, 16, 17, 18, 19, 20, 23, 24, 25, 26, 28, 29], 530.4328591644137], [[1, 2, 3, 4, 6, 7, 9, 10, 11, 12, 13, 14, 15, 16, 17, 18, 19, 20, 23, 24, 25, 26, 28, 29], 952.3141975414969], [[1, 2, 3, 4, 5, 6, 7, 9, 10, 11, 12, 13, 14, 15, 16, 17, 18, 19, 20, 23, 24, 25, 26, 28, 29], 3704.238604536914], [[1, 2, 3, 4, 5, 6, 7, 8, 9, 10, 11, 12, 13, 14, 15, 16, 17, 18, 19, 20, 23, 24, 25, 26, 28, 29], 6650.415762778552], [[1, 2, 3, 4, 5, 6, 7, 8, 9, 10, 11, 12, 13, 14, 15, 16, 17, 18, 19, 20, 22, 23, 24, 25, 26, 28, 29], 1665219.6212299836]]}