{"costs": 5406238, "root_join": 28, "join_operands": {"0": [19, 28], "1": [19, 25, 28], "2": [13, 19, 25, 28], "3": [7, 13, 19, 25, 28], "4": [7, 13, 19, 23, 25, 28], "5": [7, 13, 19, 23, 25, 28, 29], "6": [7, 13, 18, 19, 23, 25, 28, 29], "7": [4, 7, 13, 18, 19, 23, 25, 28, 29], "8": [4, 7, 9, 13, 18, 19, 23, 25, 28, 29], "9": [4, 7, 9, 13, 18, 19, 23, 24, 25, 28, 29], "10": [4, 7, 9, 12, 13, 18, 19, 23, 24, 25, 28, 29], "11": [4, 7, 9, 12, 13, 16, 18, 19, 23, 24, 25, 28, 29], "12": [4, 6, 7, 9, 12, 13, 16, 18, 19, 23, 24, 25, 28, 29], "13": [4, 6, 7, 9, 12, 13, 16, 18, 19, 23, 24, 25, 27, 28, 29], "14": [0, 4, 6, 7, 9, 12, 13, 16, 18, 19, 23, 24, 25, 27, 28, 29], "15": [0, 4, 6, 7, 9, 12, 13, 16, 17, 18, 19, 23, 24, 25, 27, 28, 29], "16": [0, 4, 6, 7, 9, 11, 12, 13, 16, 17, 18, 19, 23, 24, 25, 27, 28, 29], "17": [0, 4, 6, 7, 9, 10, 11, 12, 13, 16, 17, 18, 19, 23, 24, 25, 27, 28, 29], "18": [0, 1, 4, 6, 7, 9, 10, 11, 12, 13, 16, 17, 18, 19, 23, 24, 25, 27, 28, 29], "19": [0, 1, 4, 6, 7, 9, 10, 11, 12, 13, 16, 17, 18, 19, 23, 24, 25, 26, 27, 28, 29], "20": [0, 1, 4, 6, 7, 9, 10, 11, 12, 13, 16, 17, 18, 19, 20, 23, 24, 25, 26, 27, 28, 29], "21": [0, 1, 4, 6, 7, 9, 10, 11, 12, 13, 14, 16, 17, 18, 19, 20, 23, 24, 25, 26, 27, 28, 29], "22": [0, 1, 4, 6, 7, 9, 10, 11, 12, 13, 14, 15, 16, 17, 18, 19, 20, 23, 24, 25, 26, 27, 28, 29], "23": [0, 1, 2, 4, 6, 7, 9, 10, 11, 12, 13, 14, 15, 16, 17, 18, 19, 20, 23, 24, 25, 26, 27, 28, 29], "24": [0, 1, 2, 3, 4, 6, 7, 9, 10, 11, 12, 13, 14, 15, 16, 17, 18, 19, 20, 23, 24, 25, 26, 27, 28, 29], "25": [0, 1, 2, 3, 4, 5, 6, 7, 9, 10, 11, 12, 13, 14, 15, 16, 17, 18, 19, 20, 23, 24, 25, 26, 27, 28, 29], "26": [0, 1, 2, 3, 4, 5, 6, 7, 8, 9, 10, 11, 12, 13, 14, 15, 16, 17, 18, 19, 20, 23, 24, 25, 26, 27, 28, 29], "27": [0, 1, 2, 3, 4, 5, 6, 7, 8, 9, 10, 11, 12, 13, 14, 15, 16, 17, 18, 19, 20, 22, 23, 24, 25, 26, 27, 28, 29], "28": [0, 1, 2, 3, 4, 5, 6, 7, 8, 9, 10, 11, 12, 13, 14, 15, 16, 17, 18, 19, 20, 21, 22, 23, 24, 25, 26, 27, 28, 29]}, "join_predecessors": {"0": [], "1": [0], "2": [1], "3": [2], "4": [3], "5": [4], "6": [5], "7": [6], "8": [7], "9": [8], "10": [9], "11": [10], "12": [11], "13": [12], "14": [13], "15": [14], "16": [15], "17": [16], "18": [17], "19": [18], "20": [19], "21": [20], "22": [21], "23": [22], "24": [23], "25": [24], "26": [25], "27": [26], "28": [27]}, "intermediate_costs": [[[19, 28], 179.0], [[19, 25, 28], 147.8862254160363], [[13, 19, 25, 28], 265.5079430755362], [[7, 13, 19, 25, 28], 0.12254212757332442], [[7, 13, 19, 23, 25, 28], 0.22000631463061443], [[7, 13, 19, 23, 25, 28, 29], 0.394988847535251], [[7, 13, 18, 19, 23, 25, 28, 29], 0.0005214259021738422], [[4, 7, 13, 18, 19, 23, 25, 28, 29], 0.0009361430733439362], [[4, 7, 9, 13, 18, 19, 23, 25, 28, 29], 0.0004984976334537502], [[4, 7, 9, 13, 18, 19, 23, 24, 25, 28, 29], 0.2928040583360151], [[4, 7, 9, 12, 13, 18, 19, 23, 24, 25, 28, 29], 0.00017368947533711508], [[4, 7, 9, 12, 13, 16, 18, 19, 23, 24, 25, 28, 29], 0.00031182843699005135], [[4, 6, 7, 9, 12, 13, 16, 18, 19, 23, 24, 25, 28, 29], 0.0005598322749661747], [[4, 6, 7, 9, 12, 13, 16, 18, 19, 23, 24, 25, 27, 28, 29], 0.0010050960342764758], [[0, 4, 6, 7, 9, 12, 13, 16, 18, 19, 23, 24, 25, 27, 28, 29], 0.0018044976422654916], [[0, 4, 6, 7, 9, 12, 13, 16, 17, 18, 19, 23, 24, 25, 27, 28, 29], 0.0032397083271226337], [[0, 4, 6, 7, 9, 11, 12, 13, 16, 17, 18, 19, 23, 24, 25, 27, 28, 29], 0.005816417863410084], [[0, 4, 6, 7, 9, 10, 11, 12, 13, 16, 17, 18, 19, 23, 24, 25, 27, 28, 29], 0.010442522721211583], [[0, 1, 4, 6, 7, 9, 10, 11, 12, 13, 16, 17, 18, 19, 23, 24, 25, 27, 28, 29], 0.16814641457768703], [[0, 1, 4, 6, 7, 9, 10, 11, 12, 13, 16, 17, 18, 19, 23, 24, 25, 26, 27, 28, 29], 0.3018821530892167], [[0, 1, 4, 6, 7, 9, 10, 11, 12, 13, 16, 17, 18, 19, 20, 23, 24, 25, 26, 27, 28, 29], 0.5419849991013401], [[0, 1, 4, 6, 7, 9, 10, 11, 12, 13, 14, 16, 17, 18, 19, 20, 23, 24, 25, 26, 27, 28, 29], 5.47343084545872], [[0, 1, 4, 6, 7, 9, 10, 11, 12, 13, 14, 15, 16, 17, 18, 19, 20, 23, 24, 25, 26, 27, 28, 29], 9.71874544099307], [[0, 1, 2, 4, 6, 7, 9, 10, 11, 12, 13, 14, 15, 16, 17, 18, 19, 20, 23, 24, 25, 26, 27, 28, 29], 1709.7350162602902], [[0, 1, 2, 3, 4, 6, 7, 9, 10, 11, 12, 13, 14, 15, 16, 17, 18, 19, 20, 23, 24, 25, 26, 27, 28, 29], 3069.577802143355], [[0, 1, 2, 3, 4, 5, 6, 7, 9, 10, 11, 12, 13, 14, 15, 16, 17, 18, 19, 20, 23, 24, 25, 26, 27, 28, 29], 11939.807916004029], [[0, 1, 2, 3, 4, 5, 6, 7, 8, 9, 10, 11, 12, 13, 14, 15, 16, 17, 18, 19, 20, 23, 24, 25, 26, 27, 28, 29], 21436.16954693125], [[0, 1, 2, 3, 4, 5, 6, 7, 8, 9, 10, 11, 12, 13, 14, 15, 16, 17, 18, 19, 20, 22, 23, 24, 25, 26, 27, 28, 29], 5367473.464343043]]}