{"costs": 167180.8816457921, "int_costs": [[[0, 1, 2, 3, 4, 5, 6, 7, 8, 9, 10, 12, 13, 14, 15, 16, 17, 18, 19, 20, 21, 22, 23, 24, 25, 26, 27, 28, 29, 30, 31, 32, 33, 34, 35, 36, 37, 38, 39, 40, 41, 42, 43, 44, 45, 46, 47, 48, 49], 161998.55958895612], [[0, 1, 2, 3, 4, 5, 6, 7, 8, 9, 10, 12, 13, 14, 15, 16, 17, 18, 19, 20, 21, 22, 23, 24, 25, 26, 27, 28, 29, 30, 31, 32, 33, 34, 35, 36, 37, 38, 40, 41, 42, 43, 44, 45, 46, 47, 48, 49], 2895.346331669018], [[0, 1, 2, 3, 4, 5, 6, 7, 8, 9, 10, 12, 13, 14, 15, 16, 18, 19, 20, 21, 22, 23, 24, 25, 26, 27, 28, 29, 30, 31, 32, 33, 34, 35, 36, 37, 38, 40, 41, 42, 43, 44, 45, 46, 47, 48, 49], 365.5362697650518], [[0, 1, 2, 3, 4, 5, 6, 7, 8, 9, 10, 12, 13, 14, 15, 16, 18, 19, 20, 21, 22, 23, 24, 25, 26, 28, 29, 30, 31, 32, 33, 34, 35, 36, 37, 38, 40, 41, 42, 43, 44, 45, 46, 47, 48, 49], 161.73554494684845], [[0, 1, 2, 3, 4, 5, 6, 7, 8, 9, 10, 12, 13, 14, 15, 16, 18, 19, 20, 21, 22, 23, 24, 25, 26, 28, 29, 30, 31, 32, 33, 34, 35, 36, 37, 38, 40, 41, 43, 44, 45, 46, 47, 48, 49], 110.3097444556538], [[0, 1, 2, 4, 5, 6, 7, 8, 9, 10, 12, 13, 14, 15, 16, 18, 19, 20, 21, 22, 23, 24, 25, 26, 28, 29, 30, 31, 32, 33, 34, 35, 36, 37, 38, 40, 41, 43, 44, 45, 46, 47, 48, 49], 75.23537767847189], [[0, 1, 2, 13, 18, 21, 22, 30, 33, 35, 36, 38, 40, 44, 45], 0.0021530583717487783], [[2, 18, 21, 22, 30, 45], 0.1477790403598697], [[18, 21, 45], 46.032978172999194], [[18, 21], 1286.0], [[2, 18, 21, 45], 64.62115573008829], [[2, 18, 21, 30, 45], 0.1007910526179016], [[2, 18, 21, 22, 30, 38, 45], 7.831365524210314], [[2, 18, 21, 22, 30, 35, 38, 45], 0.00801375807175516], [[1, 2, 18, 21, 22, 30, 35, 38, 45], 0.011440528154226715], [[1, 2, 18, 21, 22, 30, 35, 36, 38, 45], 0.09673034237876509], [[1, 2, 18, 21, 22, 30, 35, 36, 38, 44, 45], 3.199273042640989], [[1, 2, 18, 21, 22, 30, 35, 36, 38, 40, 44, 45], 4.69075855890297], [[1, 2, 13, 18, 21, 22, 30, 35, 36, 38, 40, 44, 45], 0.0021772804232450646], [[1, 2, 13, 18, 21, 22, 30, 33, 35, 36, 38, 40, 44, 45], 0.001596159090884068], [[0, 1, 2, 13, 18, 21, 22, 28, 30, 33, 35, 36, 38, 40, 44, 45], 0.0028136166802013034], [[0, 1, 2, 13, 18, 21, 22, 28, 30, 33, 35, 36, 38, 40, 44, 45, 47], 0.003233170811643235], [[0, 1, 2, 13, 18, 21, 22, 26, 28, 30, 33, 35, 36, 38, 40, 44, 45, 47], 0.004138495379480745], [[0, 1, 2, 7, 13, 18, 21, 22, 26, 28, 30, 33, 35, 36, 38, 40, 44, 45, 47], 0.006034753962358824], [[0, 1, 2, 7, 13, 18, 21, 22, 26, 28, 30, 33, 35, 36, 38, 40, 41, 44, 45, 47], 0.0198121088637201], [[0, 1, 2, 7, 13, 18, 21, 22, 25, 26, 28, 30, 33, 35, 36, 38, 40, 41, 44, 45, 47], 0.014186143173423817], [[0, 1, 2, 5, 7, 13, 18, 21, 22, 25, 26, 28, 30, 33, 35, 36, 38, 40, 41, 44, 45, 47], 0.019343651748675698], [[0, 1, 2, 5, 7, 13, 18, 21, 22, 25, 26, 28, 30, 33, 35, 36, 38, 40, 41, 44, 45, 47, 48], 0.02836147796865356], [[0, 1, 2, 5, 7, 13, 18, 19, 21, 22, 25, 26, 28, 30, 33, 35, 36, 38, 40, 41, 44, 45, 47, 48], 0.038648157469215426], [[0, 1, 2, 5, 7, 13, 18, 19, 21, 22, 25, 26, 28, 30, 33, 35, 36, 38, 40, 41, 43, 44, 45, 47, 48], 0.055316555669152764], [[0, 1, 2, 5, 6, 7, 13, 18, 19, 21, 22, 25, 26, 28, 30, 33, 35, 36, 38, 40, 41, 43, 44, 45, 47, 48], 0.07867471441276655], [[0, 1, 2, 5, 6, 7, 13, 18, 19, 21, 22, 25, 26, 28, 30, 33, 35, 36, 38, 40, 41, 43, 44, 45, 46, 47, 48], 0.11375035575859906], [[0, 1, 2, 5, 6, 7, 13, 15, 18, 19, 21, 22, 25, 26, 28, 30, 33, 35, 36, 38, 40, 41, 43, 44, 45, 46, 47, 48], 0.16530635033528218], [[0, 1, 2, 5, 6, 7, 13, 14, 15, 18, 19, 21, 22, 25, 26, 28, 30, 33, 35, 36, 38, 40, 41, 43, 44, 45, 46, 47, 48], 0.2418530432368954], [[0, 1, 2, 5, 6, 7, 13, 14, 15, 16, 18, 19, 21, 22, 25, 26, 28, 30, 33, 35, 36, 38, 40, 41, 43, 44, 45, 46, 47, 48], 0.3546026286316195], [[0, 1, 2, 5, 6, 7, 13, 14, 15, 16, 18, 19, 20, 21, 22, 25, 26, 28, 30, 33, 35, 36, 38, 40, 41, 43, 44, 45, 46, 47, 48], 0.5199152452529573], [[0, 1, 2, 5, 6, 7, 13, 14, 15, 16, 18, 19, 20, 21, 22, 24, 25, 26, 28, 30, 33, 35, 36, 38, 40, 41, 43, 44, 45, 46, 47, 48], 0.7622951451024278], [[0, 1, 2, 5, 6, 7, 13, 14, 15, 16, 18, 19, 20, 21, 22, 23, 24, 25, 26, 28, 30, 33, 35, 36, 38, 40, 41, 43, 44, 45, 46, 47, 48], 1.117673512983937], [[0, 1, 2, 5, 6, 7, 13, 14, 15, 16, 18, 19, 20, 21, 22, 23, 24, 25, 26, 28, 30, 33, 35, 36, 37, 38, 40, 41, 43, 44, 45, 46, 47, 48], 1.6387199462035646], [[0, 1, 2, 5, 6, 7, 12, 13, 14, 15, 16, 18, 19, 20, 21, 22, 23, 24, 25, 26, 28, 30, 33, 35, 36, 37, 38, 40, 41, 43, 44, 45, 46, 47, 48], 2.402682028132116], [[0, 1, 2, 5, 6, 7, 8, 12, 13, 14, 15, 16, 18, 19, 20, 21, 22, 23, 24, 25, 26, 28, 30, 33, 35, 36, 37, 38, 40, 41, 43, 44, 45, 46, 47, 48], 3.5228006926318485], [[0, 1, 2, 5, 6, 7, 8, 12, 13, 14, 15, 16, 18, 19, 20, 21, 22, 23, 24, 25, 26, 28, 30, 33, 34, 35, 36, 37, 38, 40, 41, 43, 44, 45, 46, 47, 48], 5.165110204080908], [[0, 1, 2, 5, 6, 7, 8, 12, 13, 14, 15, 16, 18, 19, 20, 21, 22, 23, 24, 25, 26, 28, 30, 32, 33, 34, 35, 36, 37, 38, 40, 41, 43, 44, 45, 46, 47, 48], 7.573058518740747], [[0, 1, 2, 5, 6, 7, 8, 12, 13, 14, 15, 16, 18, 19, 20, 21, 22, 23, 24, 25, 26, 28, 30, 32, 33, 34, 35, 36, 37, 38, 40, 41, 43, 44, 45, 46, 47, 48, 49], 11.10358172413307], [[0, 1, 2, 5, 6, 7, 8, 9, 12, 13, 14, 15, 16, 18, 19, 20, 21, 22, 23, 24, 25, 26, 28, 30, 32, 33, 34, 35, 36, 37, 38, 40, 41, 43, 44, 45, 46, 47, 48, 49], 16.280018366723265], [[0, 1, 2, 5, 6, 7, 8, 9, 10, 12, 13, 14, 15, 16, 18, 19, 20, 21, 22, 23, 24, 25, 26, 28, 30, 32, 33, 34, 35, 36, 37, 38, 40, 41, 43, 44, 45, 46, 47, 48, 49], 23.869685103019233], [[0, 1, 2, 5, 6, 7, 8, 9, 10, 12, 13, 14, 15, 16, 18, 19, 20, 21, 22, 23, 24, 25, 26, 28, 29, 30, 32, 33, 34, 35, 36, 37, 38, 40, 41, 43, 44, 45, 46, 47, 48, 49], 34.99761855842105], [[0, 1, 2, 4, 5, 6, 7, 8, 9, 10, 12, 13, 14, 15, 16, 18, 19, 20, 21, 22, 23, 24, 25, 26, 28, 29, 30, 32, 33, 34, 35, 36, 37, 38, 40, 41, 43, 44, 45, 46, 47, 48, 49], 51.31334180311123]]}