{"costs": 2819969, "root_join": 3, "join_operands": {"0": [0, 13], "1": [0, 8, 13], "2": [0, 8, 13, 15], "3": [0, 1, 2, 3, 4, 5, 6, 7, 8, 9, 10, 11, 12, 13, 14, 15, 16, 17, 18, 19], "4": [1, 2, 3, 4, 5, 6, 7, 9, 10, 11, 12, 14, 16, 17, 18, 19], "5": [1, 2, 3, 5, 6, 7, 18], "6": [1, 3, 5, 6, 7, 18], "7": [5, 6], "8": [3, 5, 6], "9": [3, 5, 6, 18], "10": [3, 5, 6, 7, 18], "11": [1, 2, 3, 5, 6, 7, 12, 18], "12": [1, 2, 3, 4, 5, 6, 7, 12, 18], "13": [1, 2, 3, 4, 5, 6, 7, 9, 12, 14, 18], "14": [9, 14], "15": [1, 2, 3, 4, 5, 6, 7, 9, 12, 14, 18, 19], "16": [10, 11, 16, 17], "17": [10, 17], "18": [10, 11, 17]}, "join_predecessors": {"0": [], "1": [0], "2": [1], "3": [2, 4], "5": [6], "7": [], "8": [7], "9": [8], "10": [9], "6": [10], "11": [5], "12": [11], "13": [12, 14], "14": [], "15": [13], "4": [15, 16], "17": [], "18": [17], "16": [18]}, "intermediate_costs": [[[0, 13], 44802.0], [[0, 8, 13], 73958.49070875764], [[0, 8, 13, 15], 122721.78891606518], [[1, 2, 3, 4, 5, 6, 7, 9, 10, 11, 12, 14, 16, 17, 18, 19], 1325693.47250083], [[1, 2, 3, 5, 6, 7, 18], 29091.52576235275], [[1, 3, 5, 6, 7, 18], 19324.698617106525], [[5, 6], 1198.0], [[3, 5, 6], 4276.979631029619], [[3, 5, 6, 18], 7018.22861040712], [[3, 5, 6, 7, 18], 11645.827896450368], [[1, 2, 3, 5, 6, 7, 12, 18], 24136.592446673803], [[1, 2, 3, 4, 5, 6, 7, 12, 18], 39161.443769783786], [[1, 2, 3, 4, 5, 6, 7, 9, 12, 14, 18], 107828.90356290713], [[9, 14], 29868.0], [[1, 2, 3, 4, 5, 6, 7, 9, 12, 14, 18, 19], 178927.88322041303], [[10, 11, 16, 17], 406315.72370010265], [[10, 17], 149138.0], [[10, 11, 17], 244861.6516923077]]}