{"costs": 13997, "join_operands": {"0": [0, 1, 2, 3, 4, 5, 6], "1": [0, 1, 2, 3, 4, 5], "2": [], "3": [0, 1, 3, 4, 5], "4": [], "5": [], "6": [0, 3, 4, 5], "7": [0, 4, 5], "8": [0, 5]}, "join_predecessors": {"0": [1, 2], "1": [3, 5], "2": [4], "3": [6], "4": [], "5": [], "6": [7], "7": [8], "8": []}, "leaf_joins": [], "opt_time": 0.17574214935302734, "status": 2, "intermediate_costs": [[[0, 1, 2, 3, 4, 5], 0.00020073071603758457], [[0, 1, 3, 4, 5], 0.0006023078053171891], [[0, 3, 4, 5], 0.07332543846240633], [[0, 4, 5], 7278.005934593383], [[0, 5], 6719.0]]}