{"costs": 3180556.254510238, "join_operands": {"0": [0, 1, 2, 3, 4, 5, 6, 7, 8, 9, 10, 11, 12, 13, 14, 15, 16, 17, 18, 19, 20, 21, 22, 23, 24, 25, 26, 27, 28, 29], "1": [0, 2, 3, 4, 5, 6, 7, 8, 10, 11, 12, 13, 14, 15, 16, 17, 19, 20, 23, 24, 25, 26, 27, 28], "2": [1, 9, 18, 21, 22, 29], "3": [0, 2, 3, 4, 5, 7, 8, 10, 11, 12, 13, 14, 15, 16, 17, 19, 20, 23, 24, 25, 27, 28], "4": [1, 18, 21, 22, 29], "5": [6, 26], "6": [], "7": [0, 2, 3, 4, 5, 7, 8, 10, 11, 12, 14, 15, 16, 17, 19, 20, 23, 24, 25, 27, 28], "8": [1, 18, 21, 22], "9": [], "10": [], "11": [], "12": [], "13": [], "14": [], "15": [0, 2, 3, 4, 5, 7, 8, 10, 11, 12, 14, 15, 16, 17, 19, 20, 23, 25, 27, 28], "16": [1, 21, 22], "17": [], "18": [], "19": [], "20": [], "21": [], "22": [], "23": [], "24": [], "25": [], "26": [], "27": [], "28": []}, "join_predecessors": {"0": [1, 2], "1": [3, 5], "2": [4, 6], "3": [7, 11], "4": [8, 12], "5": [9, 13], "6": [10, 14], "7": [15, 23], "8": [16, 24], "9": [17, 25], "10": [18, 26], "11": [19, 27], "12": [20, 28], "13": [21], "14": [22], "15": [], "16": [], "17": [], "18": [], "19": [], "20": [], "21": [], "22": [], "23": [], "24": [], "25": [], "26": [], "27": [], "28": []}, "leaf_joins": [15, 16], "opt_time": 4.0550549030303955, "status": 2, "intermediate_costs": [[[0, 2, 3, 4, 5, 6, 7, 8, 10, 11, 12, 13, 14, 15, 16, 17, 19, 20, 23, 24, 25, 26, 27, 28], 1845624.6185967203], [[1, 9, 18, 21, 22, 29], 208143.1973609871], [[0, 2, 3, 4, 5, 7, 8, 10, 11, 12, 13, 14, 15, 16, 17, 19, 20, 23, 24, 25, 27, 28], 390957.1288981247], [[1, 18, 21, 22, 29], 94850.29208202993], [[6, 26], 323302.0], [[0, 2, 3, 4, 5, 7, 8, 10, 11, 12, 14, 15, 16, 17, 19, 20, 23, 24, 25, 27, 28], 176148.79699090676], [[1, 18, 21, 22], 42855.92418911627], [[0, 2, 3, 4, 5, 7, 8, 10, 11, 12, 14, 15, 16, 17, 19, 20, 23, 25, 27, 28], 79365.22410474849], [[1, 21, 22], 19309.07228760453]]}