{"costs": 4508742, "root_join": 23, "join_operands": {"0": [0, 2, 3, 4, 5, 6, 7, 16, 19, 21, 27, 28], "1": [2, 3, 4, 5, 6, 7, 16, 19, 21, 27, 28], "2": [3, 4, 5, 6, 7, 16, 19, 21, 27, 28], "3": [3, 4], "4": [3, 4, 16], "5": [3, 4, 5, 6, 7, 16, 19, 28], "6": [5, 6, 7, 19, 28], "7": [5, 19], "8": [5, 19, 28], "9": [5, 6, 19, 28], "10": [3, 4, 5, 6, 7, 16, 19, 27, 28], "11": [0, 1, 2, 3, 4, 5, 6, 7, 16, 19, 21, 27, 28], "12": [0, 1, 2, 3, 4, 5, 6, 7, 16, 17, 19, 21, 27, 28], "13": [0, 1, 2, 3, 4, 5, 6, 7, 9, 16, 17, 19, 21, 27, 28], "14": [0, 1, 2, 3, 4, 5, 6, 7, 9, 16, 17, 19, 21, 27, 28, 29], "15": [0, 1, 2, 3, 4, 5, 6, 7, 9, 12, 16, 17, 19, 21, 27, 28, 29], "16": [0, 1, 2, 3, 4, 5, 6, 7, 9, 12, 16, 17, 19, 21, 23, 27, 28, 29], "17": [0, 1, 2, 3, 4, 5, 6, 7, 9, 12, 13, 16, 17, 19, 21, 23, 27, 28, 29], "18": [0, 1, 2, 3, 4, 5, 6, 7, 9, 10, 12, 13, 16, 17, 19, 21, 23, 27, 28, 29], "19": [0, 1, 2, 3, 4, 5, 6, 7, 9, 10, 12, 13, 14, 16, 17, 19, 21, 23, 27, 28, 29], "20": [0, 1, 2, 3, 4, 5, 6, 7, 9, 10, 12, 13, 14, 15, 16, 17, 19, 21, 23, 27, 28, 29], "21": [0, 1, 2, 3, 4, 5, 6, 7, 9, 10, 12, 13, 14, 15, 16, 17, 19, 21, 23, 25, 27, 28, 29], "22": [0, 1, 2, 3, 4, 5, 6, 7, 9, 10, 12, 13, 14, 15, 16, 17, 19, 20, 21, 23, 25, 27, 28, 29], "23": [0, 1, 2, 3, 4, 5, 6, 7, 8, 9, 10, 11, 12, 13, 14, 15, 16, 17, 18, 19, 20, 21, 22, 23, 24, 25, 26, 27, 28, 29], "24": [8, 11, 18, 22, 24, 26], "25": [8, 24, 26], "26": [24, 26], "27": [8, 11, 24, 26], "28": [8, 11, 18, 24, 26]}, "join_predecessors": {"0": [1], "1": [2], "3": [], "4": [3], "5": [4, 6], "7": [], "8": [7], "9": [8], "6": [9], "10": [5], "2": [10], "11": [0], "12": [11], "13": [12], "14": [13], "15": [14], "16": [15], "17": [16], "18": [17], "19": [18], "20": [19], "21": [20], "22": [21], "23": [22, 24], "25": [26], "26": [], "27": [25], "28": [27], "24": [28]}, "intermediate_costs": [[[0, 2, 3, 4, 5, 6, 7, 16, 19, 21, 27, 28], 210.76376789748304], [[2, 3, 4, 5, 6, 7, 16, 19, 21, 27, 28], 131.42156549514252], [[3, 4, 5, 6, 7, 16, 19, 21, 27, 28], 81.94779844829891], [[3, 4], 8169.0], [[3, 4, 16], 12505.301861111111], [[3, 4, 5, 6, 7, 16, 19, 28], 32.28727934941983], [[5, 6, 7, 19, 28], 738.9591761328215], [[5, 19], 160.0], [[5, 19, 28], 1538.8127102803737], [[5, 6, 19, 28], 462.7943059120358], [[3, 4, 5, 6, 7, 16, 19, 27, 28], 51.09849904975856], [[0, 1, 2, 3, 4, 5, 6, 7, 16, 19, 21, 27, 28], 338.0068105210898], [[0, 1, 2, 3, 4, 5, 6, 7, 16, 17, 19, 21, 27, 28], 542.0694699964333], [[0, 1, 2, 3, 4, 5, 6, 7, 9, 16, 17, 19, 21, 27, 28], 869.3295688213765], [[0, 1, 2, 3, 4, 5, 6, 7, 9, 16, 17, 19, 21, 27, 28, 29], 29241.646831020047], [[0, 1, 2, 3, 4, 5, 6, 7, 9, 12, 16, 17, 19, 21, 27, 28, 29], 33496.7859209965], [[0, 1, 2, 3, 4, 5, 6, 7, 9, 12, 16, 17, 19, 21, 23, 27, 28, 29], 51161.49979132833], [[0, 1, 2, 3, 4, 5, 6, 7, 9, 12, 13, 16, 17, 19, 21, 23, 27, 28, 29], 82048.90258549532], [[0, 1, 2, 3, 4, 5, 6, 7, 9, 10, 12, 13, 16, 17, 19, 21, 23, 27, 28, 29], 127769.73509339783], [[0, 1, 2, 3, 4, 5, 6, 7, 9, 10, 12, 13, 14, 16, 17, 19, 21, 23, 27, 28, 29], 204907.29075123812], [[0, 1, 2, 3, 4, 5, 6, 7, 9, 10, 12, 13, 14, 15, 16, 17, 19, 21, 23, 27, 28, 29], 324445.9874338358], [[0, 1, 2, 3, 4, 5, 6, 7, 9, 10, 12, 13, 14, 15, 16, 17, 19, 21, 23, 25, 27, 28, 29], 517269.7938175577], [[0, 1, 2, 3, 4, 5, 6, 7, 9, 10, 12, 13, 14, 15, 16, 17, 19, 20, 21, 23, 25, 27, 28, 29], 829557.4885159415], [[8, 11, 18, 22, 24, 26], 944773.9002422547], [[8, 24, 26], 232635.829677585], [[24, 26], 149146.0], [[8, 11, 24, 26], 367341.9809030434], [[8, 11, 18, 24, 26], 589113.8396103797]]}