{"costs": 1091522.4083365249, "int_costs": [[[0, 1, 2, 3, 4, 5, 6, 7, 8, 9, 10, 11, 12, 13, 14, 15, 16, 17, 19, 20, 21, 22, 23, 24, 25, 26, 27, 28, 29, 30, 31, 33, 34, 35, 36, 37, 38, 39], 441958.75985492644], [[18, 32], 517501.0], [[0, 1, 2, 3, 4, 5, 6, 7, 8, 9, 10, 11, 12, 13, 14, 15, 16, 17, 19, 20, 22, 23, 24, 25, 26, 27, 28, 29, 30, 31, 33, 34, 35, 36, 37, 38, 39], 103598.74976230552], [[0, 1, 2, 3, 5, 6, 7, 8, 9, 10, 11, 12, 13, 14, 15, 16, 17, 19, 20, 22, 23, 24, 25, 26, 27, 28, 29, 30, 31, 33, 34, 35, 36, 37, 38, 39], 21820.754589813176], [[0, 1, 2, 3, 5, 7, 8, 9, 10, 11, 12, 13, 14, 15, 16, 17, 19, 20, 22, 23, 24, 25, 26, 27, 28, 29, 30, 31, 33, 34, 35, 36, 37, 38, 39], 4670.182705990461], [[0, 1, 2, 3, 5, 7, 8, 9, 10, 11, 12, 13, 14, 15, 16, 17, 19, 20, 22, 23, 24, 25, 26, 27, 28, 29, 30, 31, 33, 34, 36, 37, 38, 39], 985.3152349049083], [[0, 1, 2, 3, 5, 8, 9, 10, 11, 12, 13, 14, 15, 16, 17, 19, 20, 22, 23, 24, 25, 26, 27, 28, 29, 30, 31, 33, 34, 36, 37, 38, 39], 207.53456662302014], [[0, 1, 2, 3, 5, 8, 9, 10, 11, 12, 13, 14, 15, 16, 17, 19, 20, 22, 23, 24, 25, 26, 27, 28, 29, 30, 31, 33, 34, 36, 37, 38], 43.71250495124864], [[0, 1, 2, 3, 5, 8, 9, 10, 11, 12, 13, 14, 15, 16, 17, 19, 22, 23, 24, 25, 26, 27, 28, 29, 30, 31, 33, 34, 36, 37, 38], 9.225552870607705], [[0, 1, 2, 3, 8, 9, 10, 11, 12, 13, 14, 15, 16, 17, 19, 22, 23, 24, 25, 26, 27, 28, 29, 30, 31, 33, 34, 36, 37, 38], 1.9854032774360943], [[0, 1, 2, 8, 9, 10, 11, 12, 13, 14, 15, 16, 17, 19, 22, 23, 24, 25, 26, 27, 28, 29, 30, 31, 33, 34, 36, 37, 38], 0.5120033067858761], [[0, 1, 2, 8, 9, 10, 11, 12, 14, 15, 16, 17, 19, 22, 23, 24, 25, 26, 27, 28, 29, 30, 31, 33, 34, 36, 37, 38], 0.10784202134874613], [[0, 1, 2, 8, 9, 10, 11, 12, 14, 15, 16, 17, 19, 22, 23, 24, 25, 26, 27, 28, 29, 30, 31, 33, 34, 37, 38], 0.022714507463779444], [[0, 1, 2, 8, 9, 10, 11, 12, 14, 15, 16, 17, 19, 22, 23, 25, 26, 27, 28, 29, 30, 31, 33, 34, 37, 38], 0.004784301814213375], [[1, 8, 9, 10, 12, 14, 15, 16, 17, 23, 25, 27, 30, 31, 37, 38], 1.1867836273369342e-09], [[8, 9, 10, 12, 14, 15, 16, 17, 23, 25, 27, 30, 31, 37, 38], 5.849364360356026e-07], [[8, 9, 10, 12, 14, 15, 16, 17, 23, 25, 27, 30, 37, 38], 1.2373251953682427e-07], [[8, 9, 10, 12, 14, 16, 17, 23, 25, 27, 30, 37, 38], 0.00010643507599390859], [[8, 10, 12, 14, 16, 17, 23, 25, 27, 30, 37, 38], 2.241816329913621e-05], [[8, 10, 16], 97.60616216216215], [[8, 16], 163.0], [[8, 10, 16, 30], 463.40628715503794], [[8, 10, 16, 30, 38], 0.521956850401129], [[8, 10, 16, 23, 30, 38], 1.3366744672763778e-05], [[8, 10, 12, 16, 23, 30, 38], 0.00143494295504063], [[8, 10, 12, 16, 23, 30, 37, 38], 0.0006174120358281194], [[8, 10, 12, 14, 16, 23, 30, 37, 38], 0.002931297130267462], [[8, 10, 12, 14, 16, 23, 25, 30, 37, 38], 7.37033717088137e-06], [[8, 10, 12, 14, 16, 23, 25, 27, 30, 37, 38], 1.1215875666252936e-08], [[1, 8, 9, 10, 12, 14, 15, 16, 17, 23, 25, 27, 28, 30, 31, 37, 38], 4.34662342611091e-09], [[1, 8, 9, 10, 12, 14, 15, 16, 17, 19, 23, 25, 27, 28, 30, 31, 37, 38], 2.0021825116966776e-08], [[1, 2, 8, 9, 10, 12, 14, 15, 16, 17, 19, 23, 25, 27, 28, 30, 31, 37, 38], 8.945493534159161e-08], [[1, 2, 8, 9, 10, 12, 14, 15, 16, 17, 19, 23, 25, 27, 28, 29, 30, 31, 37, 38], 4.177442223898391e-07], [[1, 2, 8, 9, 10, 12, 14, 15, 16, 17, 19, 22, 23, 25, 27, 28, 29, 30, 31, 37, 38], 1.9833302124148446e-06], [[0, 1, 2, 8, 9, 10, 12, 14, 15, 16, 17, 19, 22, 23, 25, 27, 28, 29, 30, 31, 37, 38], 9.416287449433808e-06], [[0, 1, 2, 8, 9, 10, 12, 14, 15, 16, 17, 19, 22, 23, 25, 27, 28, 29, 30, 31, 34, 37, 38], 4.470585320354039e-05], [[0, 1, 2, 8, 9, 10, 12, 14, 15, 16, 17, 19, 22, 23, 25, 26, 27, 28, 29, 30, 31, 34, 37, 38], 0.00021225066900189813], [[0, 1, 2, 8, 9, 10, 11, 12, 14, 15, 16, 17, 19, 22, 23, 25, 26, 27, 28, 29, 30, 31, 34, 37, 38], 0.0010077059294971507]]}