{"costs": 4015205, "root_join": 28, "join_operands": {"0": [0, 2], "1": [0, 2, 9], "2": [0, 2, 4, 7, 9, 18, 19, 20, 21], "3": [4, 7, 18, 19, 20, 21], "4": [4, 18, 19, 20], "5": [18, 19, 20], "6": [18, 20], "7": [4, 7, 18, 19, 20], "8": [0, 2, 4, 7, 9, 17, 18, 19, 20, 21], "9": [0, 2, 4, 7, 9, 17, 18, 19, 20, 21, 29], "10": [0, 2, 4, 7, 9, 17, 18, 19, 20, 21, 24, 29], "11": [0, 2, 4, 7, 9, 10, 17, 18, 19, 20, 21, 24, 29], "12": [0, 2, 4, 7, 9, 10, 11, 17, 18, 19, 20, 21, 24, 29], "13": [0, 2, 4, 7, 9, 10, 11, 16, 17, 18, 19, 20, 21, 24, 29], "14": [0, 2, 4, 7, 9, 10, 11, 16, 17, 18, 19, 20, 21, 22, 24, 29], "15": [0, 2, 4, 7, 9, 10, 11, 16, 17, 18, 19, 20, 21, 22, 24, 25, 29], "16": [0, 2, 4, 7, 9, 10, 11, 16, 17, 18, 19, 20, 21, 22, 24, 25, 27, 29], "17": [0, 2, 4, 6, 7, 9, 10, 11, 16, 17, 18, 19, 20, 21, 22, 24, 25, 27, 29], "18": [0, 1, 2, 4, 6, 7, 9, 10, 11, 16, 17, 18, 19, 20, 21, 22, 24, 25, 27, 29], "19": [0, 1, 2, 4, 6, 7, 8, 9, 10, 11, 16, 17, 18, 19, 20, 21, 22, 24, 25, 27, 29], "20": [0, 1, 2, 4, 6, 7, 8, 9, 10, 11, 15, 16, 17, 18, 19, 20, 21, 22, 24, 25, 27, 29], "21": [0, 1, 2, 4, 5, 6, 7, 8, 9, 10, 11, 15, 16, 17, 18, 19, 20, 21, 22, 24, 25, 27, 29], "22": [0, 1, 2, 3, 4, 5, 6, 7, 8, 9, 10, 11, 15, 16, 17, 18, 19, 20, 21, 22, 24, 25, 27, 29], "23": [0, 1, 2, 3, 4, 5, 6, 7, 8, 9, 10, 11, 15, 16, 17, 18, 19, 20, 21, 22, 23, 24, 25, 27, 29], "24": [0, 1, 2, 3, 4, 5, 6, 7, 8, 9, 10, 11, 13, 15, 16, 17, 18, 19, 20, 21, 22, 23, 24, 25, 27, 29], "25": [0, 1, 2, 3, 4, 5, 6, 7, 8, 9, 10, 11, 13, 14, 15, 16, 17, 18, 19, 20, 21, 22, 23, 24, 25, 27, 29], "26": [0, 1, 2, 3, 4, 5, 6, 7, 8, 9, 10, 11, 13, 14, 15, 16, 17, 18, 19, 20, 21, 22, 23, 24, 25, 26, 27, 29], "27": [0, 1, 2, 3, 4, 5, 6, 7, 8, 9, 10, 11, 13, 14, 15, 16, 17, 18, 19, 20, 21, 22, 23, 24, 25, 26, 27, 28, 29], "28": [0, 1, 2, 3, 4, 5, 6, 7, 8, 9, 10, 11, 12, 13, 14, 15, 16, 17, 18, 19, 20, 21, 22, 23, 24, 25, 26, 27, 28, 29]}, "join_predecessors": {"0": [], "1": [0], "2": [1, 3], "4": [5], "6": [], "5": [6], "7": [4], "3": [7], "8": [2], "9": [8], "10": [9], "11": [10], "12": [11], "13": [12], "14": [13], "15": [14], "16": [15], "17": [16], "18": [17], "19": [18], "20": [19], "21": [20], "22": [21], "23": [22], "24": [23], "25": [24], "26": [25], "27": [26], "28": [27]}, "intermediate_costs": [[[0, 2], 2872.0000000000005], [[0, 2, 9], 7210.2443171610275], [[0, 2, 4, 7, 9, 18, 19, 20, 21], 0.14541883924418528], [[4, 7, 18, 19, 20, 21], 0.5462784732741316], [[4, 18, 19, 20], 0.3505587165723754], [[18, 19, 20], 1.348789893078636], [[18, 20], 1739.0], [[4, 7, 18, 19, 20], 0.8983601658276672], [[0, 2, 4, 7, 9, 17, 18, 19, 20, 21], 1.262976225276848], [[0, 2, 4, 7, 9, 17, 18, 19, 20, 21, 29], 0.5027480523293743], [[0, 2, 4, 7, 9, 17, 18, 19, 20, 21, 24, 29], 1.2918834415258595], [[0, 2, 4, 7, 9, 10, 17, 18, 19, 20, 21, 24, 29], 1.669348963546162], [[0, 2, 4, 7, 9, 10, 11, 17, 18, 19, 20, 21, 24, 29], 0.005325223193712256], [[0, 2, 4, 7, 9, 10, 11, 16, 17, 18, 19, 20, 21, 24, 29], 0.013279457121297678], [[0, 2, 4, 7, 9, 10, 11, 16, 17, 18, 19, 20, 21, 22, 24, 29], 0.033767692132479064], [[0, 2, 4, 7, 9, 10, 11, 16, 17, 18, 19, 20, 21, 22, 24, 25, 29], 0.08691053779373038], [[0, 2, 4, 7, 9, 10, 11, 16, 17, 18, 19, 20, 21, 22, 24, 25, 27, 29], 0.22460895418443025], [[0, 2, 4, 6, 7, 9, 10, 11, 16, 17, 18, 19, 20, 21, 22, 24, 25, 27, 29], 0.5804726164276824], [[0, 1, 2, 4, 6, 7, 9, 10, 11, 16, 17, 18, 19, 20, 21, 22, 24, 25, 27, 29], 1.4695405145068765], [[0, 1, 2, 4, 6, 7, 8, 9, 10, 11, 16, 17, 18, 19, 20, 21, 22, 24, 25, 27, 29], 3.758439591200657], [[0, 1, 2, 4, 6, 7, 8, 9, 10, 11, 15, 16, 17, 18, 19, 20, 21, 22, 24, 25, 27, 29], 9.633227605132625], [[0, 1, 2, 4, 5, 6, 7, 8, 9, 10, 11, 15, 16, 17, 18, 19, 20, 21, 22, 24, 25, 27, 29], 24.895819508683857], [[0, 1, 2, 3, 4, 5, 6, 7, 8, 9, 10, 11, 15, 16, 17, 18, 19, 20, 21, 22, 24, 25, 27, 29], 64.34000611874689], [[0, 1, 2, 3, 4, 5, 6, 7, 8, 9, 10, 11, 15, 16, 17, 18, 19, 20, 21, 22, 23, 24, 25, 27, 29], 720.2691860805834], [[0, 1, 2, 3, 4, 5, 6, 7, 8, 9, 10, 11, 13, 15, 16, 17, 18, 19, 20, 21, 22, 23, 24, 25, 27, 29], 13166.205198227179], [[0, 1, 2, 3, 4, 5, 6, 7, 8, 9, 10, 11, 13, 14, 15, 16, 17, 18, 19, 20, 21, 22, 23, 24, 25, 27, 29], 34026.34370005102], [[0, 1, 2, 3, 4, 5, 6, 7, 8, 9, 10, 11, 13, 14, 15, 16, 17, 18, 19, 20, 21, 22, 23, 24, 25, 26, 27, 29], 87936.6566267627], [[0, 1, 2, 3, 4, 5, 6, 7, 8, 9, 10, 11, 13, 14, 15, 16, 17, 18, 19, 20, 21, 22, 23, 24, 25, 26, 27, 28, 29], 3867421.4378286046]]}