{"costs": 2322, "join_operands": {"0": [0, 1, 2, 3, 4, 5, 6, 7, 8, 9, 10], "1": [0, 1, 2, 3, 4, 5, 6, 7, 8, 10], "2": [], "3": [0, 1, 4, 5, 6, 7, 8, 10], "4": [], "5": [2, 3], "6": [], "7": [0, 1, 5, 6, 7, 8, 10], "8": [], "9": [], "10": [0, 1, 5, 6, 8, 10], "11": [0, 1, 5, 6, 10], "12": [0, 1, 5, 6], "13": [1, 5, 6], "14": [1, 5], "15": []}, "join_predecessors": {"0": [1, 2], "1": [3, 5], "2": [4, 6], "3": [7], "4": [8], "5": [9], "6": [], "7": [10], "8": [], "9": [], "10": [11], "11": [12], "12": [13], "13": [14], "14": [15], "15": []}, "leaf_joins": [], "opt_time": 1.747831106185913, "status": 2, "intermediate_costs": [[[0, 1, 2, 3, 4, 5, 6, 7, 8, 10], 5.833502070263545e-61], [[0, 1, 4, 5, 6, 7, 8, 10], 1.7726847162836185e-60], [[2, 3], 1.0], [[0, 1, 5, 6, 7, 8, 10], 1.045376537338289e-58], [[0, 1, 5, 6, 8, 10], 1.440379884787163e-34], [[0, 1, 5, 6, 10], 1.9154060621909332e-17], [[0, 1, 5, 6], 0.0001224394873066898], [[1, 5, 6], 507.5818299586452], [[1, 5], 1814.0]]}