{"costs": 9226036, "root_join": 17, "join_operands": {"0": [0, 6], "1": [0, 6, 18], "2": [0, 2, 6, 18], "3": [0, 1, 2, 6, 10, 12, 13, 16, 18, 19], "4": [1, 10, 12, 13, 16, 19], "5": [12, 19], "6": [1, 10, 13, 16], "7": [10, 13], "8": [1, 10, 13], "9": [0, 1, 2, 6, 10, 12, 13, 14, 16, 18, 19], "10": [0, 1, 2, 3, 6, 10, 12, 13, 14, 16, 18, 19], "11": [0, 1, 2, 3, 6, 8, 10, 12, 13, 14, 16, 18, 19], "12": [0, 1, 2, 3, 5, 6, 8, 10, 12, 13, 14, 16, 18, 19], "13": [0, 1, 2, 3, 4, 5, 6, 8, 10, 12, 13, 14, 16, 18, 19], "14": [0, 1, 2, 3, 4, 5, 6, 7, 8, 10, 12, 13, 14, 16, 18, 19], "15": [0, 1, 2, 3, 4, 5, 6, 7, 8, 10, 12, 13, 14, 16, 17, 18, 19], "16": [0, 1, 2, 3, 4, 5, 6, 7, 8, 10, 11, 12, 13, 14, 16, 17, 18, 19], "17": [0, 1, 2, 3, 4, 5, 6, 7, 8, 9, 10, 11, 12, 13, 14, 15, 16, 17, 18, 19], "18": [9, 15]}, "join_predecessors": {"0": [], "1": [0], "2": [1], "3": [2, 4], "5": [], "4": [5, 6], "7": [], "8": [7], "6": [8], "9": [3], "10": [9], "11": [10], "12": [11], "13": [12], "14": [13], "15": [14], "16": [15], "17": [16, 18], "18": []}, "intermediate_costs": [[[0, 6], 318.0], [[0, 6, 18], 1011.0196576774904], [[0, 2, 6, 18], 3217.765046305747], [[0, 1, 2, 6, 10, 12, 13, 16, 18, 19], 130.52010499601312], [[1, 10, 12, 13, 16, 19], 8946.771317563307], [[12, 19], 5921.0], [[1, 10, 13, 16], 4178386.0789793413], [[10, 13], 34243.0], [[1, 10, 13], 52167.40408997576], [[0, 1, 2, 6, 10, 12, 13, 14, 16, 18, 19], 415.4054071550689], [[0, 1, 2, 3, 6, 10, 12, 13, 14, 16, 18, 19], 1322.107819439585], [[0, 1, 2, 3, 6, 8, 10, 12, 13, 14, 16, 18, 19], 4207.862710169133], [[0, 1, 2, 3, 5, 6, 8, 10, 12, 13, 14, 16, 18, 19], 13392.335147913042], [[0, 1, 2, 3, 4, 5, 6, 8, 10, 12, 13, 14, 16, 18, 19], 42623.68954611162], [[0, 1, 2, 3, 4, 5, 6, 7, 8, 10, 12, 13, 14, 16, 18, 19], 135658.0810187066], [[0, 1, 2, 3, 4, 5, 6, 7, 8, 10, 12, 13, 14, 16, 17, 18, 19], 431758.0234104727], [[0, 1, 2, 3, 4, 5, 6, 7, 8, 10, 11, 12, 13, 14, 16, 17, 18, 19], 1374153.1742837355], [[9, 15], 2938164.0]]}