{"costs": 5041567.303967337, "int_costs": [[[0, 1, 3, 5, 6, 7, 8, 9, 10, 11, 12, 13, 14, 15, 16, 17, 18, 19, 20, 21, 22, 23, 24, 25, 26, 28, 29, 30, 31, 32, 33, 34, 35, 36, 37, 38, 39, 40, 41, 42, 43, 44, 45, 46, 47, 48, 49], 1341711.788753799], [[2, 4, 27], 1525551.1327822015], [[0, 1, 3, 5, 6, 7, 8, 9, 10, 11, 12, 13, 14, 15, 16, 17, 18, 19, 20, 21, 22, 23, 24, 25, 26, 28, 29, 30, 31, 32, 33, 34, 35, 36, 37, 38, 39, 40, 41, 42, 43, 45, 46, 47, 48, 49], 680188.3653770608], [[2, 4], 862826.0], [[0, 1, 3, 5, 6, 7, 8, 9, 10, 11, 12, 13, 14, 15, 16, 17, 18, 19, 20, 21, 22, 23, 24, 25, 28, 29, 30, 31, 32, 33, 34, 35, 36, 37, 38, 39, 40, 41, 42, 43, 45, 46, 47, 48, 49], 336615.3327384828], [[0, 1, 3, 5, 6, 7, 8, 10, 11, 12, 13, 14, 15, 16, 17, 18, 19, 20, 21, 22, 23, 24, 25, 28, 29, 30, 31, 32, 33, 34, 35, 36, 37, 38, 39, 40, 41, 42, 43, 45, 46, 47, 48, 49], 166585.93747302186], [[0, 1, 3, 5, 6, 7, 8, 10, 11, 12, 13, 14, 15, 16, 17, 18, 19, 20, 21, 22, 23, 24, 25, 28, 29, 30, 31, 32, 33, 34, 35, 36, 37, 38, 39, 40, 41, 42, 43, 46, 47, 48, 49], 83388.5119813911], [[0, 1, 3, 5, 6, 7, 8, 10, 11, 12, 13, 14, 15, 16, 17, 18, 19, 20, 21, 22, 23, 24, 25, 28, 29, 30, 31, 32, 33, 34, 35, 36, 37, 38, 39, 40, 42, 43, 46, 47, 48, 49], 41267.73839105662], [[0, 1, 3, 5, 6, 7, 8, 10, 11, 12, 13, 14, 15, 16, 17, 18, 19, 20, 21, 22, 23, 24, 25, 28, 29, 30, 31, 32, 34, 35, 36, 37, 38, 39, 40, 42, 43, 46, 47, 48, 49], 1836.4112380134766], [[0, 1, 3, 5, 6, 7, 8, 10, 11, 12, 14, 15, 16, 17, 18, 19, 20, 21, 22, 23, 24, 25, 28, 29, 30, 31, 32, 34, 35, 36, 37, 38, 39, 40, 42, 43, 46, 47, 48, 49], 1009.7918783209578], [[0, 1, 3, 5, 6, 7, 8, 10, 11, 12, 14, 15, 17, 18, 19, 20, 21, 22, 23, 24, 25, 28, 29, 30, 31, 32, 34, 35, 36, 37, 38, 39, 40, 42, 43, 46, 47, 48, 49], 499.7310823873914], [[0, 1, 3, 5, 6, 7, 8, 10, 11, 12, 14, 17, 18, 19, 20, 21, 22, 23, 24, 25, 28, 29, 30, 31, 32, 34, 35, 36, 37, 38, 39, 40, 42, 43, 46, 47, 48, 49], 9.008924291049954], [[0, 1, 3, 6, 7, 8, 10, 11, 12, 14, 17, 18, 19, 20, 21, 22, 23, 24, 25, 28, 29, 30, 31, 32, 34, 35, 36, 37, 38, 39, 40, 42, 43, 46, 47, 48, 49], 4.75560860907302], [[0, 1, 3, 6, 7, 8, 10, 11, 12, 14, 17, 18, 19, 20, 21, 22, 23, 24, 25, 28, 29, 30, 31, 32, 34, 35, 36, 37, 38, 39, 40, 43, 46, 47, 48, 49], 2.359334677615792], [[0, 3, 6, 7, 8, 10, 11, 12, 14, 17, 18, 19, 20, 21, 22, 23, 24, 25, 28, 29, 30, 31, 32, 34, 35, 36, 37, 38, 39, 40, 43, 46, 47, 48, 49], 0.15177348522696008], [[6, 47], 18.0], [[6, 29, 47], 9.093], [[6, 29, 43, 47], 18.373922], [[6, 29, 36, 43, 47], 0.0075461904898259935], [[6, 29, 36, 39, 43, 47], 0.015248366521220509], [[6, 29, 36, 37, 39, 43, 47], 0.10274547781027978], [[6, 19, 29, 36, 37, 39, 43, 47], 3.8175553245997587], [[6, 19, 20, 29, 36, 37, 39, 43, 47], 20.469473848336694], [[6, 19, 20, 29, 31, 36, 37, 39, 43, 47], 0.08639456413387621], [[6, 19, 20, 29, 31, 34, 36, 37, 39, 43, 47], 0.1745746159265192], [[6, 19, 20, 21, 29, 31, 34, 36, 37, 39, 43, 47], 0.0005615483478969702], [[6, 7, 19, 20, 21, 29, 31, 34, 36, 37, 39, 43, 47], 9.010373564564471e-07], [[6, 7, 19, 20, 21, 29, 31, 34, 35, 36, 37, 39, 43, 47], 1.2218527177758776e-08], [[6, 7, 19, 20, 21, 29, 31, 34, 35, 36, 37, 39, 43, 47, 48], 1.2344785291928949e-08], [[6, 7, 19, 20, 21, 23, 29, 31, 34, 35, 36, 37, 39, 43, 47, 48], 2.4944744872767718e-08], [[0, 6, 7, 19, 20, 21, 23, 29, 31, 34, 35, 36, 37, 39, 43, 47, 48], 2.011164175616802e-05], [[0, 6, 7, 19, 20, 21, 23, 29, 31, 34, 35, 36, 37, 39, 43, 47, 48, 49], 1.0150087137754375e-06], [[0, 6, 7, 12, 19, 20, 21, 23, 29, 31, 34, 35, 36, 37, 39, 43, 47, 48, 49], 1.852499653573792e-06], [[0, 6, 7, 12, 14, 19, 20, 21, 23, 29, 31, 34, 35, 36, 37, 39, 43, 47, 48, 49], 3.719193441778104e-06], [[0, 6, 7, 12, 14, 18, 19, 20, 21, 23, 29, 31, 34, 35, 36, 37, 39, 43, 47, 48, 49], 7.33632933704414e-06], [[0, 6, 7, 12, 14, 17, 18, 19, 20, 21, 23, 29, 31, 34, 35, 36, 37, 39, 43, 47, 48, 49], 1.4824101472545834e-05], [[0, 6, 7, 12, 14, 17, 18, 19, 20, 21, 23, 29, 31, 32, 34, 35, 36, 37, 39, 43, 47, 48, 49], 2.9954567708857617e-05], [[0, 6, 7, 12, 14, 17, 18, 19, 20, 21, 23, 29, 31, 32, 34, 35, 36, 37, 39, 43, 46, 47, 48, 49], 6.05281964836983e-05], [[0, 6, 7, 12, 14, 17, 18, 19, 20, 21, 23, 29, 31, 32, 34, 35, 36, 37, 39, 40, 43, 46, 47, 48, 49], 0.00012230730902805967], [[0, 6, 7, 10, 12, 14, 17, 18, 19, 20, 21, 23, 29, 31, 32, 34, 35, 36, 37, 39, 40, 43, 46, 47, 48, 49], 0.0002471426551166007], [[0, 6, 7, 10, 12, 14, 17, 18, 19, 20, 21, 23, 29, 31, 32, 34, 35, 36, 37, 38, 39, 40, 43, 46, 47, 48, 49], 0.000499393789240769], [[0, 6, 7, 10, 12, 14, 17, 18, 19, 20, 21, 23, 29, 30, 31, 32, 34, 35, 36, 37, 38, 39, 40, 43, 46, 47, 48, 49], 0.0010091103816789245], [[0, 6, 7, 10, 12, 14, 17, 18, 19, 20, 21, 22, 23, 29, 30, 31, 32, 34, 35, 36, 37, 38, 39, 40, 43, 46, 47, 48, 49], 0.0020390791319590384], [[0, 3, 6, 7, 10, 12, 14, 17, 18, 19, 20, 21, 22, 23, 29, 30, 31, 32, 34, 35, 36, 37, 38, 39, 40, 43, 46, 47, 48, 49], 0.004120306640743802], [[0, 3, 6, 7, 8, 10, 12, 14, 17, 18, 19, 20, 21, 22, 23, 29, 30, 31, 32, 34, 35, 36, 37, 38, 39, 40, 43, 46, 47, 48, 49], 0.008325782548694675], [[0, 3, 6, 7, 8, 10, 11, 12, 14, 17, 18, 19, 20, 21, 22, 23, 29, 30, 31, 32, 34, 35, 36, 37, 38, 39, 40, 43, 46, 47, 48, 49], 0.01682366550842299], [[0, 3, 6, 7, 8, 10, 11, 12, 14, 17, 18, 19, 20, 21, 22, 23, 25, 29, 30, 31, 32, 34, 35, 36, 37, 38, 39, 40, 43, 46, 47, 48, 49], 0.03717107395360413], [[0, 3, 6, 7, 8, 10, 11, 12, 14, 17, 18, 19, 20, 21, 22, 23, 24, 25, 29, 30, 31, 32, 34, 35, 36, 37, 38, 39, 40, 43, 46, 47, 48, 49], 0.07511044812723347]]}