{"costs": 23437963.79464157, "join_operands": {"0": [0, 1, 2, 3, 4, 5, 6, 7, 8, 9, 10, 11, 12, 13, 14, 15, 16, 17, 18, 19], "1": [1, 4, 5, 6, 7, 8, 11, 12, 13, 14, 15], "2": [0, 2, 3, 9, 10, 16, 17, 18, 19], "3": [1, 4, 5, 7, 8, 11, 12, 13, 14, 15], "4": [0, 3, 9, 10, 16, 17, 18, 19], "5": [], "6": [], "7": [1, 4, 5, 7, 8, 11, 12, 14, 15], "8": [0, 3, 9, 10, 16, 17, 19], "9": [], "10": [], "11": [], "12": [], "13": [], "14": [], "15": [1, 5, 7, 8, 11, 12, 14, 15], "16": [0, 3, 9, 10, 16, 19], "17": [], "18": []}, "join_predecessors": {"0": [1, 2], "1": [3, 5], "2": [4, 6], "3": [7, 11], "4": [8, 12], "5": [9, 13], "6": [10, 14], "7": [15], "8": [16], "9": [17], "10": [18], "11": [], "12": [], "13": [], "14": [], "15": [], "16": [], "17": [], "18": []}, "leaf_joins": [15, 16], "opt_time": 1.9006578922271729, "status": 2, "intermediate_costs": [[[1, 4, 5, 6, 7, 8, 11, 12, 13, 14, 15], 4828841.287725318], [[0, 2, 3, 9, 10, 16, 17, 18, 19], 821978.7854462586], [[1, 4, 5, 7, 8, 11, 12, 13, 14, 15], 4828841.287725318], [[0, 3, 9, 10, 16, 17, 18, 19], 862570.3401239319], [[1, 4, 5, 7, 8, 11, 12, 14, 15], 5159583.8416791065], [[0, 3, 9, 10, 16, 17, 19], 862570.3401239319], [[1, 5, 7, 8, 11, 12, 14, 15], 5173090.911817705], [[0, 3, 9, 10, 16, 19], 900487.0000000002]]}