{"costs": 2, "join_operands": {"0": [0, 1, 2, 3, 4, 5], "1": [0, 2, 3, 4, 5], "2": [], "3": [0, 2, 3, 4], "4": [], "5": [0, 2, 4], "6": [0, 2]}, "join_predecessors": {"0": [1, 2], "1": [3], "2": [4], "3": [5], "4": [], "5": [6], "6": []}, "leaf_joins": [], "opt_time": 0.04189896583557129, "status": 2, "intermediate_costs": [[[0, 2, 3, 4, 5], 0.011864447002147678], [[0, 2, 3, 4], 0.011864447002147678], [[0, 2, 4], 1.0], [[0, 2], 1.0]]}