{"costs": 136834, "root_join": 28, "join_operands": {"0": [0, 1, 2, 3, 4, 5, 7, 8, 9, 10, 11, 12, 16, 18, 19, 20, 21, 22, 23, 24, 25, 26, 27], "1": [1, 2, 3, 4, 5, 7, 8, 9, 10, 11, 12, 16, 18, 19, 20, 21, 22, 23, 24, 25, 26, 27], "2": [1, 2, 3, 4, 5, 7, 8, 9, 10, 11, 12, 16, 18, 19, 20, 22, 24, 25, 26, 27], "3": [1, 2, 3, 4, 5, 7, 9, 10, 11, 12, 16, 18, 19, 20, 22, 24, 25, 26, 27], "4": [3, 20], "5": [1, 2, 3, 4, 5, 9, 10, 11, 12, 16, 18, 19, 20, 22, 25, 26], "6": [1, 2, 4, 5, 9, 10, 11, 12, 16, 18, 19, 22, 25, 26], "7": [1, 2, 4, 5, 10, 11, 12, 16, 18, 19, 22, 25, 26], "8": [1, 2, 4, 5, 10, 11, 12, 16, 18, 19, 25, 26], "9": [1, 2, 4, 5, 10, 11, 12, 16, 19, 25], "10": [1, 2, 4, 5, 11, 12, 16, 19, 25], "11": [1, 4, 5, 11], "12": [1, 5, 11], "13": [5, 11], "14": [1, 4, 5, 11, 12], "15": [1, 4, 5, 11, 12, 16], "16": [1, 4, 5, 11, 12, 16, 19], "17": [1, 2, 4, 5, 11, 12, 16, 19], "18": [1, 2, 4, 5, 10, 11, 12, 16, 19, 25, 26], "19": [1, 2, 3, 4, 5, 9, 10, 11, 12, 16, 18, 19, 20, 22, 24, 25, 26], "20": [1, 2, 3, 4, 5, 7, 9, 10, 11, 12, 16, 18, 19, 20, 22, 24, 25, 26], "21": [1, 2, 3, 4, 5, 7, 8, 9, 10, 11, 12, 16, 18, 19, 20, 21, 22, 24, 25, 26, 27], "22": [0, 1, 2, 3, 4, 5, 7, 8, 9, 10, 11, 12, 16, 18, 19, 20, 21, 22, 23, 24, 25, 26, 27, 29], "23": [0, 1, 2, 3, 4, 5, 7, 8, 9, 10, 11, 12, 15, 16, 18, 19, 20, 21, 22, 23, 24, 25, 26, 27, 29], "24": [0, 1, 2, 3, 4, 5, 7, 8, 9, 10, 11, 12, 14, 15, 16, 18, 19, 20, 21, 22, 23, 24, 25, 26, 27, 29], "25": [0, 1, 2, 3, 4, 5, 6, 7, 8, 9, 10, 11, 12, 13, 14, 15, 16, 18, 19, 20, 21, 22, 23, 24, 25, 26, 27, 29], "26": [6, 13], "27": [0, 1, 2, 3, 4, 5, 6, 7, 8, 9, 10, 11, 12, 13, 14, 15, 16, 17, 18, 19, 20, 21, 22, 23, 24, 25, 26, 27, 29], "28": [0, 1, 2, 3, 4, 5, 6, 7, 8, 9, 10, 11, 12, 13, 14, 15, 16, 17, 18, 19, 20, 21, 22, 23, 24, 25, 26, 27, 28, 29]}, "join_predecessors": {"0": [1], "2": [3], "4": [], "5": [4, 6], "6": [7], "7": [8], "9": [10], "11": [12], "12": [13], "13": [], "14": [11], "15": [14], "16": [15], "17": [16], "10": [17], "18": [9], "8": [18], "19": [5], "20": [19], "3": [20], "21": [2], "1": [21], "22": [0], "23": [22], "24": [23], "25": [24, 26], "26": [], "27": [25], "28": [27]}, "intermediate_costs": [[[0, 1, 2, 3, 4, 5, 7, 8, 9, 10, 11, 12, 16, 18, 19, 20, 21, 22, 23, 24, 25, 26, 27], 910.4058526547248], [[1, 2, 3, 4, 5, 7, 8, 9, 10, 11, 12, 16, 18, 19, 20, 21, 22, 23, 24, 25, 26, 27], 918.2745605691981], [[1, 2, 3, 4, 5, 7, 8, 9, 10, 11, 12, 16, 18, 19, 20, 22, 24, 25, 26, 27], 912.1077612966932], [[1, 2, 3, 4, 5, 7, 9, 10, 11, 12, 16, 18, 19, 20, 22, 24, 25, 26, 27], 909.04730204647], [[3, 20], 29641.0], [[1, 2, 3, 4, 5, 9, 10, 11, 12, 16, 18, 19, 20, 22, 25, 26], 902.6063414018308], [[1, 2, 4, 5, 9, 10, 11, 12, 16, 18, 19, 22, 25, 26], 1517.4440104777802], [[1, 2, 4, 5, 10, 11, 12, 16, 18, 19, 22, 25, 26], 1187.3439317580385], [[1, 2, 4, 5, 10, 11, 12, 16, 18, 19, 25, 26], 145.38830170169885], [[1, 2, 4, 5, 10, 11, 12, 16, 19, 25], 144.4129279842735], [[1, 2, 4, 5, 11, 12, 16, 19, 25], 20.242911127596507], [[1, 4, 5, 11], 421.13944418934096], [[1, 5, 11], 587.6114556213017], [[5, 11], 592.0], [[1, 4, 5, 11, 12], 3382.761869479721], [[1, 4, 5, 11, 12, 16], 20.040787799266543], [[1, 4, 5, 11, 12, 16, 19], 20.106922399004123], [[1, 2, 4, 5, 11, 12, 16, 19], 20.174801411014624], [[1, 2, 4, 5, 10, 11, 12, 16, 19, 25, 26], 144.89917910887877], [[1, 2, 3, 4, 5, 9, 10, 11, 12, 16, 18, 19, 20, 22, 24, 25, 26], 905.6451160845503], [[1, 2, 3, 4, 5, 7, 9, 10, 11, 12, 16, 18, 19, 20, 22, 24, 25, 26], 908.7015301271116], [[1, 2, 3, 4, 5, 7, 8, 9, 10, 11, 12, 16, 18, 19, 20, 21, 22, 24, 25, 26, 27], 915.1859476761858], [[0, 1, 2, 3, 4, 5, 7, 8, 9, 10, 11, 12, 16, 18, 19, 20, 21, 22, 23, 24, 25, 26, 27, 29], 913.4792818009735], [[0, 1, 2, 3, 4, 5, 7, 8, 9, 10, 11, 12, 15, 16, 18, 19, 20, 21, 22, 23, 24, 25, 26, 27, 29], 916.5629664068107], [[0, 1, 2, 3, 4, 5, 7, 8, 9, 10, 11, 12, 14, 15, 16, 18, 19, 20, 21, 22, 23, 24, 25, 26, 27, 29], 919.6572102264018], [[0, 1, 2, 3, 4, 5, 6, 7, 8, 9, 10, 11, 12, 13, 14, 15, 16, 18, 19, 20, 21, 22, 23, 24, 25, 26, 27, 29], 925.8739902437683], [[6, 13], 51172.0], [[0, 1, 2, 3, 4, 5, 6, 7, 8, 9, 10, 11, 12, 13, 14, 15, 16, 17, 18, 19, 20, 21, 22, 23, 24, 25, 26, 27, 29], 36860.31083456298]]}