{"costs": 10496894, "root_join": 18, "join_operands": {"0": [10, 19], "1": [10, 15, 19], "2": [10, 14, 15, 19], "3": [5, 10, 14, 15, 19], "4": [5, 10, 14, 15, 16, 19], "5": [5, 10, 11, 14, 15, 16, 19], "6": [5, 10, 11, 14, 15, 16, 17, 19], "7": [5, 9, 10, 11, 14, 15, 16, 17, 19], "8": [5, 6, 9, 10, 11, 14, 15, 16, 17, 19], "9": [5, 6, 9, 10, 11, 13, 14, 15, 16, 17, 19], "10": [3, 5, 6, 9, 10, 11, 13, 14, 15, 16, 17, 19], "11": [3, 5, 6, 8, 9, 10, 11, 13, 14, 15, 16, 17, 19], "12": [0, 3, 5, 6, 8, 9, 10, 11, 13, 14, 15, 16, 17, 19], "13": [0, 3, 5, 6, 8, 9, 10, 11, 12, 13, 14, 15, 16, 17, 19], "14": [0, 2, 3, 5, 6, 8, 9, 10, 11, 12, 13, 14, 15, 16, 17, 19], "15": [0, 2, 3, 5, 6, 8, 9, 10, 11, 12, 13, 14, 15, 16, 17, 18, 19], "16": [0, 2, 3, 4, 5, 6, 8, 9, 10, 11, 12, 13, 14, 15, 16, 17, 18, 19], "17": [0, 2, 3, 4, 5, 6, 7, 8, 9, 10, 11, 12, 13, 14, 15, 16, 17, 18, 19], "18": [0, 1, 2, 3, 4, 5, 6, 7, 8, 9, 10, 11, 12, 13, 14, 15, 16, 17, 18, 19]}, "join_predecessors": {"0": [], "1": [0], "2": [1], "3": [2], "4": [3], "5": [4], "6": [5], "7": [6], "8": [7], "9": [8], "10": [9], "11": [10], "12": [11], "13": [12], "14": [13], "15": [14], "16": [15], "17": [16], "18": [17]}, "intermediate_costs": [[[10, 19], 227.0], [[10, 15, 19], 388.56220895750823], [[10, 14, 15, 19], 1066.8512240442867], [[5, 10, 14, 15, 19], 31550.473214391146], [[5, 10, 14, 15, 16, 19], 123.31047482713521], [[5, 10, 11, 14, 15, 16, 19], 219.86782387103003], [[5, 10, 11, 14, 15, 16, 17, 19], 1347.620278881847], [[5, 9, 10, 11, 14, 15, 16, 17, 19], 142089.9459253802], [[5, 6, 9, 10, 11, 14, 15, 16, 17, 19], 253353.43657806283], [[5, 6, 9, 10, 11, 13, 14, 15, 16, 17, 19], 451741.7244460213], [[3, 5, 6, 9, 10, 11, 13, 14, 15, 16, 17, 19], 446407.90649473097], [[3, 5, 6, 8, 9, 10, 11, 13, 14, 15, 16, 17, 19], 28424.538220066675], [[0, 3, 5, 6, 8, 9, 10, 11, 13, 14, 15, 16, 17, 19], 35087.79237748852], [[0, 3, 5, 6, 8, 9, 10, 11, 12, 13, 14, 15, 16, 17, 19], 61107.678759681745], [[0, 2, 3, 5, 6, 8, 9, 10, 11, 12, 13, 14, 15, 16, 17, 19], 108957.17364561111], [[0, 2, 3, 5, 6, 8, 9, 10, 11, 12, 13, 14, 15, 16, 17, 18, 19], 194275.27708559888], [[0, 2, 3, 4, 5, 6, 8, 9, 10, 11, 12, 13, 14, 15, 16, 17, 18, 19], 3140628.344136333], [[0, 2, 3, 4, 5, 6, 7, 8, 9, 10, 11, 12, 13, 14, 15, 16, 17, 18, 19], 5599896.692680685]]}