{"costs": 32269083, "root_join": 18, "join_operands": {"0": [0, 10, 19], "1": [10, 19], "2": [0, 10, 18, 19], "3": [0, 10, 11, 18, 19], "4": [0, 10, 11, 17, 18, 19], "5": [0, 9, 10, 11, 17, 18, 19], "6": [0, 6, 9, 10, 11, 17, 18, 19], "7": [0, 4, 6, 9, 10, 11, 17, 18, 19], "8": [0, 3, 4, 6, 8, 9, 10, 11, 12, 13, 17, 18, 19], "9": [3, 8, 12, 13], "10": [3, 8, 12], "11": [3, 8], "12": [0, 3, 4, 5, 6, 8, 9, 10, 11, 12, 13, 14, 15, 16, 17, 18, 19], "13": [5, 14, 15, 16], "14": [5, 14, 16], "15": [5, 16], "16": [0, 2, 3, 4, 5, 6, 8, 9, 10, 11, 12, 13, 14, 15, 16, 17, 18, 19], "17": [0, 1, 2, 3, 4, 5, 6, 8, 9, 10, 11, 12, 13, 14, 15, 16, 17, 18, 19], "18": [0, 1, 2, 3, 4, 5, 6, 7, 8, 9, 10, 11, 12, 13, 14, 15, 16, 17, 18, 19]}, "join_predecessors": {"0": [1], "1": [], "2": [0], "3": [2], "4": [3], "5": [4], "6": [5], "7": [6], "8": [7, 9], "9": [10], "11": [], "10": [11], "12": [8, 13], "13": [14], "14": [15], "15": [], "16": [12], "17": [16], "18": [17]}, "intermediate_costs": [[[0, 10, 19], 280.2131316267769], [[10, 19], 227.0], [[0, 10, 18, 19], 499.63193765359114], [[0, 10, 11, 18, 19], 890.8650057698701], [[0, 10, 11, 17, 18, 19], 5460.315776927357], [[0, 9, 10, 11, 17, 18, 19], 575722.9878752305], [[0, 6, 9, 10, 11, 17, 18, 19], 1026542.7053634075], [[0, 4, 6, 9, 10, 11, 17, 18, 19], 16594953.12679544], [[0, 3, 4, 6, 8, 9, 10, 11, 12, 13, 17, 18, 19], 3242517.963796301], [[3, 8, 12, 13], 9095.384166805294], [[3, 8, 12], 5101.044521739131], [[3, 8], 2929.0], [[0, 3, 4, 5, 6, 8, 9, 10, 11, 12, 13, 14, 15, 16, 17, 18, 19], 1761393.9636618393], [[5, 14, 15, 16], 226271.02308182023], [[5, 14, 16], 49123.01792452831], [[5, 16], 27550.0], [[0, 2, 3, 4, 5, 6, 8, 9, 10, 11, 12, 13, 14, 15, 16, 17, 18, 19], 3140628.344136333], [[0, 1, 2, 3, 4, 5, 6, 8, 9, 10, 11, 12, 13, 14, 15, 16, 17, 18, 19], 5599896.692680685]]}