{"costs": 1438, "join_operands": {"0": [0, 1, 2, 3, 4], "1": [0, 1, 2, 4], "2": [], "3": [0, 1, 4], "4": [0, 1]}, "join_predecessors": {"0": [1, 2], "1": [3], "2": [], "3": [4], "4": []}, "leaf_joins": [], "opt_time": 0.03207588195800781, "status": 2, "intermediate_costs": [[[0, 1, 2, 4], 359.69200000000006], [[0, 1, 4], 359.692], [[0, 1], 719.384]]}