{"costs": 131277, "join_operands": {"0": [0, 1, 2, 3, 4, 5, 6, 7], "1": [0, 1, 2, 3, 4, 5, 6], "2": [], "3": [0, 1, 2, 3, 4, 6], "4": [], "5": [], "6": [], "7": [0, 2, 3, 4, 6], "8": [0, 3, 4, 6], "9": [0, 4, 6], "10": [0, 6]}, "join_predecessors": {"0": [1, 2], "1": [3, 5], "2": [4, 6], "3": [7], "4": [], "5": [], "6": [], "7": [8], "8": [9], "9": [10], "10": []}, "leaf_joins": [], "opt_time": 0.372467041015625, "status": 2, "intermediate_costs": [[[0, 1, 2, 3, 4, 5, 6], 4738.557368001841], [[0, 1, 2, 3, 4, 6], 4738.557368001841], [[0, 2, 3, 4, 6], 23692.786840009197], [[0, 3, 4, 6], 23692.786840009197], [[0, 4, 6], 72014.6], [[0, 6], 2400.0]]}