{"costs": 4259572.059516225, "join_operands": {"0": [0, 1, 2, 3, 4, 5, 6, 7, 8, 9, 10, 11, 12, 13, 14, 15, 16, 17, 18, 19, 20, 21, 22, 23, 24, 25, 26, 27, 28, 29, 30, 31, 32, 33, 34, 35, 36, 37, 38, 39, 40, 41, 42, 43, 44, 45, 46, 47, 48, 49, 50, 51, 52, 53, 54, 55, 56, 57, 58, 59], "1": [0, 1, 2, 3, 4, 5, 6, 9, 10, 11, 14, 15, 16, 18, 20, 22, 23, 25, 26, 28, 30, 31, 32, 33, 34, 35, 36, 38, 39, 40, 42, 43, 45, 46, 48, 49, 50, 51, 52, 53, 54, 55, 56, 57, 58, 59], "2": [7, 8, 12, 13, 17, 19, 21, 24, 27, 29, 37, 41, 44, 47], "3": [0, 1, 2, 3, 4, 5, 6, 9, 10, 11, 14, 15, 16, 18, 20, 22, 23, 25, 26, 28, 30, 31, 32, 34, 35, 36, 38, 39, 40, 42, 43, 45, 46, 48, 49, 50, 51, 52, 53, 54, 55, 56, 57, 58, 59], "4": [8, 12, 13, 17, 19, 21, 24, 27, 29, 37, 41, 44], "5": [], "6": [7, 47], "7": [0, 2, 3, 4, 5, 6, 9, 10, 11, 14, 15, 16, 18, 20, 22, 23, 25, 26, 28, 30, 31, 32, 34, 35, 36, 38, 39, 40, 42, 43, 45, 46, 48, 49, 50, 51, 52, 53, 54, 55, 56, 57, 58, 59], "8": [8, 12, 13, 17, 19, 21, 24, 27, 29, 37], "9": [], "10": [], "11": [], "12": [41, 44], "13": [], "14": [], "15": [0, 2, 3, 5, 6, 9, 10, 11, 14, 15, 16, 18, 20, 22, 23, 25, 26, 28, 30, 31, 32, 34, 35, 36, 38, 39, 40, 42, 43, 45, 46, 48, 49, 50, 51, 52, 53, 54, 55, 56, 57, 58, 59], "16": [8, 12, 13, 17, 19, 21, 24, 27, 29], "17": [], "18": [], "19": [], "20": [], "21": [], "22": [], "23": [], "24": [], "25": [], "26": [], "27": [], "28": [], "29": [], "30": []}, "join_predecessors": {"0": [1, 2], "1": [3, 5], "2": [4, 6], "3": [7, 11], "4": [8, 12], "5": [9, 13], "6": [10, 14], "7": [15, 23], "8": [16, 24], "9": [17, 25], "10": [18, 26], "11": [19, 27], "12": [20, 28], "13": [21, 29], "14": [22, 30], "15": [], "16": [], "17": [], "18": [], "19": [], "20": [], "21": [], "22": [], "23": [], "24": [], "25": [], "26": [], "27": [], "28": [], "29": [], "30": []}, "leaf_joins": [15, 16], "opt_time": 20.01551604270935, "status": 9, "intermediate_costs": [[[0, 1, 2, 3, 4, 5, 6, 9, 10, 11, 14, 15, 16, 18, 20, 22, 23, 25, 26, 28, 30, 31, 32, 33, 34, 35, 36, 38, 39, 40, 42, 43, 45, 46, 48, 49, 50, 51, 52, 53, 54, 55, 56, 57, 58, 59], 249689.71638909975], [[7, 8, 12, 13, 17, 19, 21, 24, 27, 29, 37, 41, 44, 47], 1004286.5062418705], [[0, 1, 2, 3, 4, 5, 6, 9, 10, 11, 14, 15, 16, 18, 20, 22, 23, 25, 26, 28, 30, 31, 32, 34, 35, 36, 38, 39, 40, 42, 43, 45, 46, 48, 49, 50, 51, 52, 53, 54, 55, 56, 57, 58, 59], 208779.85351374798], [[8, 12, 13, 17, 19, 21, 24, 27, 29, 37, 41, 44], 717571.8300241751], [[7, 47], 139260.0], [[0, 2, 3, 4, 5, 6, 9, 10, 11, 14, 15, 16, 18, 20, 22, 23, 25, 26, 28, 30, 31, 32, 34, 35, 36, 38, 39, 40, 42, 43, 45, 46, 48, 49, 50, 51, 52, 53, 54, 55, 56, 57, 58, 59], 174572.4683302449], [[8, 12, 13, 17, 19, 21, 24, 27, 29, 37], 508923.0039872976], [[41, 44], 684980.0], [[0, 2, 3, 5, 6, 9, 10, 11, 14, 15, 16, 18, 20, 22, 23, 25, 26, 28, 30, 31, 32, 34, 35, 36, 38, 39, 40, 42, 43, 45, 46, 48, 49, 50, 51, 52, 53, 54, 55, 56, 57, 58, 59], 145969.78253244207], [[8, 12, 13, 17, 19, 21, 24, 27, 29], 425538.8984973475]]}