{"costs": 1633145.9483902848, "join_operands": {"0": [0, 1, 2, 3, 4, 5, 6, 7, 8, 9, 10, 11, 12, 13, 14, 15, 16, 17, 18, 19, 20, 21, 22, 23, 24, 25, 26, 27, 28, 29, 30, 31, 32, 33, 34, 35, 36, 37, 38, 39], "1": [1, 2, 3, 5, 6, 7, 8, 11, 12, 13, 14, 15, 16, 17, 18, 19, 20, 21, 22, 23, 24, 25, 26, 27, 29, 31, 32, 33, 34, 35, 36, 37, 38, 39], "2": [0, 4, 9, 10, 28, 30], "3": [1, 2, 3, 5, 6, 7, 8, 11, 12, 13, 14, 15, 16, 17, 18, 19, 20, 21, 22, 23, 24, 25, 26, 27, 29, 31, 32, 33, 34, 36, 37, 38, 39], "4": [], "5": [], "6": [0, 9, 10, 28, 30], "7": [1, 2, 3, 5, 6, 8, 11, 12, 13, 14, 15, 16, 17, 18, 19, 20, 21, 22, 23, 25, 26, 27, 29, 31, 32, 33, 34, 36, 37, 38, 39], "8": [], "9": [], "10": [0, 10, 28, 30], "11": [7, 24], "12": [], "13": [], "14": [], "15": [1, 2, 3, 5, 6, 8, 11, 12, 13, 14, 15, 16, 17, 18, 19, 20, 21, 22, 23, 25, 26, 27, 29, 31, 33, 34, 36, 37, 38, 39], "16": [], "17": [], "18": [0, 28], "19": [], "20": [], "21": [], "22": [], "23": [], "24": [], "25": [], "26": [10, 30], "27": [], "28": [], "29": [], "30": [], "31": [1, 2, 3, 5, 6, 8, 11, 12, 13, 14, 15, 16, 17, 18, 19, 20, 21, 22, 23, 25, 26, 27, 29, 31, 33, 34, 36, 38, 39], "32": [], "33": [], "34": [], "35": [], "36": [], "37": [], "38": []}, "join_predecessors": {"0": [1, 2], "1": [3, 5], "2": [4, 6], "3": [7, 11], "4": [8, 12], "5": [9, 13], "6": [10, 14], "7": [15, 23], "8": [16, 24], "9": [17, 25], "10": [18, 26], "11": [19, 27], "12": [20, 28], "13": [21, 29], "14": [22, 30], "15": [31], "16": [32], "17": [33], "18": [34], "19": [35], "20": [36], "21": [37], "22": [38], "23": [], "24": [], "25": [], "26": [], "27": [], "28": [], "29": [], "30": [], "31": [], "32": [], "33": [], "34": [], "35": [], "36": [], "37": [], "38": []}, "leaf_joins": [31, 32], "opt_time": 11.568784952163696, "status": 2, "intermediate_costs": [[[1, 2, 3, 5, 6, 7, 8, 11, 12, 13, 14, 15, 16, 17, 18, 19, 20, 21, 22, 23, 24, 25, 26, 27, 29, 31, 32, 33, 34, 35, 36, 37, 38, 39], 890605.9324437052], [[0, 4, 9, 10, 28, 30], 405644.10348361114], [[1, 2, 3, 5, 6, 7, 8, 11, 12, 13, 14, 15, 16, 17, 18, 19, 20, 21, 22, 23, 24, 25, 26, 27, 29, 31, 32, 33, 34, 36, 37, 38, 39], 29775.557603840574], [[0, 9, 10, 28, 30], 4979.580244941231], [[1, 2, 3, 5, 6, 8, 11, 12, 13, 14, 15, 16, 17, 18, 19, 20, 21, 22, 23, 25, 26, 27, 29, 31, 32, 33, 34, 36, 37, 38, 39], 19287.082897340802], [[0, 10, 28, 30], 4007.7071740628007], [[7, 24], 114309.99999999999], [[1, 2, 3, 5, 6, 8, 11, 12, 13, 14, 15, 16, 17, 18, 19, 20, 21, 22, 23, 25, 26, 27, 29, 31, 33, 34, 36, 37, 38, 39], 15522.791881564275], [[0, 28], 2185.0], [[10, 30], 134335.0], [[1, 2, 3, 5, 6, 8, 11, 12, 13, 14, 15, 16, 17, 18, 19, 20, 21, 22, 23, 25, 26, 27, 29, 31, 33, 34, 36, 38, 39], 12493.192661218733]]}