{"costs": 3580331.1648286623, "join_operands": {"0": [0, 1, 2, 3, 4, 5, 6, 7, 8, 9, 10, 11, 12, 13, 14, 15, 16, 17, 18, 19, 20, 21, 22, 23, 24, 25, 26, 27, 28, 29, 30, 31, 32, 33, 34, 35, 36, 37, 38, 39, 40, 41, 42, 43, 44, 45, 46, 47, 48, 49, 50, 51, 52, 53, 54, 55, 56, 57, 58, 59, 60, 61, 62, 63, 64, 65, 66, 67, 68, 69, 70, 71, 72, 73, 74, 75, 76, 77, 78, 79], "1": [0, 2, 3, 4, 5, 6, 7, 8, 9, 11, 12, 13, 14, 15, 17, 18, 20, 21, 22, 23, 27, 28, 29, 30, 31, 32, 33, 34, 35, 36, 37, 38, 40, 41, 42, 43, 44, 47, 48, 49, 50, 51, 54, 56, 57, 59, 60, 62, 63, 64, 65, 66, 67, 68, 70, 71, 72, 73, 74, 75, 76, 77, 78, 79], "2": [1, 10, 16, 19, 24, 25, 26, 39, 45, 46, 52, 53, 55, 58, 61, 69], "3": [0, 2, 3, 5, 6, 7, 8, 9, 11, 12, 13, 14, 15, 17, 18, 20, 21, 22, 23, 27, 28, 29, 30, 31, 32, 33, 34, 36, 37, 38, 40, 41, 42, 43, 44, 47, 48, 49, 50, 51, 54, 56, 57, 59, 60, 62, 63, 64, 65, 66, 67, 68, 70, 71, 72, 73, 74, 75, 76, 77, 78, 79], "4": [1, 10, 16, 19, 24, 25, 26, 39, 46, 52, 53, 55, 58, 61, 69], "5": [4, 35], "6": [], "7": [0, 2, 3, 5, 6, 7, 8, 9, 11, 12, 13, 14, 15, 17, 18, 20, 21, 23, 27, 28, 29, 30, 31, 32, 33, 34, 36, 37, 38, 40, 41, 42, 43, 44, 47, 48, 49, 50, 51, 54, 56, 57, 59, 60, 62, 63, 64, 65, 66, 67, 68, 70, 71, 72, 73, 74, 75, 76, 77, 78, 79], "8": [1, 10, 16, 19, 24, 25, 26, 39, 52, 53, 55, 58, 61, 69], "9": [], "10": [], "11": [], "12": [], "13": [], "14": [], "15": [0, 2, 3, 5, 6, 7, 8, 9, 11, 12, 13, 14, 15, 17, 18, 20, 21, 23, 27, 28, 29, 30, 31, 32, 33, 34, 36, 37, 38, 40, 41, 43, 44, 47, 48, 49, 50, 51, 54, 56, 57, 59, 60, 62, 63, 64, 65, 66, 67, 68, 70, 71, 72, 73, 74, 75, 76, 77, 78, 79], "16": [1, 10, 16, 19, 24, 25, 39, 52, 53, 55, 58, 61, 69], "17": [], "18": [], "19": [], "20": [], "21": [], "22": [], "23": [], "24": [], "25": [], "26": [], "27": [], "28": [], "29": [], "30": []}, "join_predecessors": {"0": [1, 2], "1": [3, 5], "2": [4, 6], "3": [7, 11], "4": [8, 12], "5": [9, 13], "6": [10, 14], "7": [15, 23], "8": [16, 24], "9": [17, 25], "10": [18, 26], "11": [19, 27], "12": [20, 28], "13": [21, 29], "14": [22, 30], "15": [], "16": [], "17": [], "18": [], "19": [], "20": [], "21": [], "22": [], "23": [], "24": [], "25": [], "26": [], "27": [], "28": [], "29": [], "30": []}, "leaf_joins": [15, 16], "opt_time": 20.04020404815674, "status": 9, "intermediate_costs": [[[0, 2, 3, 4, 5, 6, 7, 8, 9, 11, 12, 13, 14, 15, 17, 18, 20, 21, 22, 23, 27, 28, 29, 30, 31, 32, 33, 34, 35, 36, 37, 38, 40, 41, 42, 43, 44, 47, 48, 49, 50, 51, 54, 56, 57, 59, 60, 62, 63, 64, 65, 66, 67, 68, 70, 71, 72, 73, 74, 75, 76, 77, 78, 79], 775414.2213550057], [[1, 10, 16, 19, 24, 25, 26, 39, 45, 46, 52, 53, 55, 58, 61, 69], 350659.3130836549], [[0, 2, 3, 5, 6, 7, 8, 9, 11, 12, 13, 14, 15, 17, 18, 20, 21, 22, 23, 27, 28, 29, 30, 31, 32, 33, 34, 36, 37, 38, 40, 41, 42, 43, 44, 47, 48, 49, 50, 51, 54, 56, 57, 59, 60, 62, 63, 64, 65, 66, 67, 68, 70, 71, 72, 73, 74, 75, 76, 77, 78, 79], 593394.0347445805], [[1, 10, 16, 19, 24, 25, 26, 39, 46, 52, 53, 55, 58, 61, 69], 315145.42260549765], [[4, 35], 109981.0], [[0, 2, 3, 5, 6, 7, 8, 9, 11, 12, 13, 14, 15, 17, 18, 20, 21, 23, 27, 28, 29, 30, 31, 32, 33, 34, 36, 37, 38, 40, 41, 42, 43, 44, 47, 48, 49, 50, 51, 54, 56, 57, 59, 60, 62, 63, 64, 65, 66, 67, 68, 70, 71, 72, 73, 74, 75, 76, 77, 78, 79], 504469.72643847717], [[1, 10, 16, 19, 24, 25, 26, 39, 52, 53, 55, 58, 61, 69], 267918.61030386266], [[0, 2, 3, 5, 6, 7, 8, 9, 11, 12, 13, 14, 15, 17, 18, 20, 21, 23, 27, 28, 29, 30, 31, 32, 33, 34, 36, 37, 38, 40, 41, 43, 44, 47, 48, 49, 50, 51, 54, 56, 57, 59, 60, 62, 63, 64, 65, 66, 67, 68, 70, 71, 72, 73, 74, 75, 76, 77, 78, 79], 435572.4622644937], [[1, 10, 16, 19, 24, 25, 39, 52, 53, 55, 58, 61, 69], 227776.37403308987]]}