{"costs": 9566495, "root_join": 10, "join_operands": {"0": [0, 16], "1": [0, 13, 16], "2": [0, 10, 13, 16], "3": [0, 4, 10, 13, 16], "4": [0, 4, 7, 10, 13, 16], "5": [0, 1, 4, 7, 10, 13, 16], "6": [0, 1, 4, 7, 9, 10, 13, 16], "7": [0, 1, 4, 7, 9, 10, 13, 15, 16], "8": [0, 1, 3, 4, 7, 9, 10, 13, 15, 16, 17], "9": [3, 17], "10": [0, 1, 2, 3, 4, 5, 6, 7, 8, 9, 10, 11, 12, 13, 14, 15, 16, 17, 18, 19], "11": [2, 5, 6, 8, 11, 12, 14, 18, 19], "12": [5, 6, 8, 11, 12, 18, 19], "13": [5, 6, 11, 12, 18, 19], "14": [6, 18], "15": [6, 12, 18], "16": [6, 12, 18, 19], "17": [5, 6, 12, 18, 19], "18": [5, 6, 8, 11, 12, 14, 18, 19]}, "join_predecessors": {"0": [], "1": [0], "2": [1], "3": [2], "4": [3], "5": [4], "6": [5], "7": [6], "8": [7, 9], "9": [], "10": [8, 11], "12": [13], "14": [], "15": [14], "16": [15], "17": [16], "13": [17], "18": [12], "11": [18]}, "intermediate_costs": [[[0, 16], 87.0], [[0, 13, 16], 152.163], [[0, 10, 13, 16], 279.00739995652174], [[0, 4, 10, 13, 16], 486.64286647558987], [[0, 4, 7, 10, 13, 16], 892.326056073877], [[0, 1, 4, 7, 10, 13, 16], 1636.203878897298], [[0, 1, 4, 7, 9, 10, 13, 16], 102155.7941957241], [[0, 1, 4, 7, 9, 10, 13, 15, 16], 187316.8314525883], [[0, 1, 3, 4, 7, 9, 10, 13, 15, 16, 17], 615322.9529049783], [[3, 17], 252599.00000000003], [[2, 5, 6, 8, 11, 12, 14, 18, 19], 4527521.071369712], [[5, 6, 8, 11, 12, 18, 19], 1360906.1931069826], [[5, 6, 11, 12, 18, 19], 21761.177504000483], [[6, 18], 2992.0], [[6, 12, 18], 4169.528], [[6, 12, 18, 19], 7057.303747865463], [[5, 6, 12, 18, 19], 12016.097469527402], [[5, 6, 8, 11, 12, 14, 18, 19], 2469144.2272373918]]}