{"costs": 12921479, "root_join": 18, "join_operands": {"0": [6, 18], "1": [6, 8, 18], "2": [6, 8, 9, 18], "3": [6, 8, 9, 16, 18], "4": [0, 6, 8, 9, 16, 18], "5": [0, 6, 8, 9, 12, 16, 18], "6": [0, 6, 8, 9, 12, 16, 18, 19], "7": [0, 5, 6, 8, 9, 12, 16, 18, 19], "8": [0, 5, 6, 8, 9, 12, 13, 16, 18, 19], "9": [0, 5, 6, 8, 9, 10, 12, 13, 16, 18, 19], "10": [0, 4, 5, 6, 8, 9, 10, 12, 13, 16, 18, 19], "11": [0, 3, 4, 5, 6, 8, 9, 10, 12, 13, 16, 18, 19], "12": [0, 3, 4, 5, 6, 8, 9, 10, 12, 13, 16, 17, 18, 19], "13": [0, 3, 4, 5, 6, 8, 9, 10, 11, 12, 13, 16, 17, 18, 19], "14": [0, 3, 4, 5, 6, 8, 9, 10, 11, 12, 13, 14, 16, 17, 18, 19], "15": [0, 3, 4, 5, 6, 7, 8, 9, 10, 11, 12, 13, 14, 16, 17, 18, 19], "16": [0, 3, 4, 5, 6, 7, 8, 9, 10, 11, 12, 13, 14, 15, 16, 17, 18, 19], "17": [0, 1, 3, 4, 5, 6, 7, 8, 9, 10, 11, 12, 13, 14, 15, 16, 17, 18, 19], "18": [0, 1, 2, 3, 4, 5, 6, 7, 8, 9, 10, 11, 12, 13, 14, 15, 16, 17, 18, 19]}, "join_predecessors": {"0": [], "1": [0], "2": [1], "3": [2], "4": [3], "5": [4], "6": [5], "7": [6], "8": [7], "9": [8], "10": [9], "11": [10], "12": [11], "13": [12], "14": [13], "15": [14], "16": [15], "17": [16], "18": [17]}, "intermediate_costs": [[[6, 18], 2992.0], [[6, 8, 18], 187114.47618252935], [[6, 8, 9, 18], 343100.54646850674], [[6, 8, 9, 16, 18], 457543.5658333738], [[0, 6, 8, 9, 16, 18], 3618.753657045775], [[0, 6, 8, 9, 12, 16, 18], 5042.946088955467], [[0, 6, 8, 9, 12, 16, 18, 19], 8535.642963392713], [[0, 5, 6, 8, 9, 12, 16, 18, 19], 14533.187386788357], [[0, 5, 6, 8, 9, 12, 13, 16, 18, 19], 25418.544739492838], [[0, 5, 6, 8, 9, 10, 12, 13, 16, 18, 19], 46607.66466515789], [[0, 4, 5, 6, 8, 9, 10, 12, 13, 16, 18, 19], 81292.78125211004], [[0, 3, 4, 5, 6, 8, 9, 10, 12, 13, 16, 18, 19], 149061.60070508264], [[0, 3, 4, 5, 6, 8, 9, 10, 12, 13, 16, 17, 18, 19], 267041.21472697286], [[0, 3, 4, 5, 6, 8, 9, 10, 11, 12, 13, 16, 17, 18, 19], 483612.1951652343], [[0, 3, 4, 5, 6, 8, 9, 10, 11, 12, 13, 14, 16, 17, 18, 19], 877436.1274583242], [[0, 3, 4, 5, 6, 7, 8, 9, 10, 11, 12, 13, 14, 16, 17, 18, 19], 1608898.7900758544], [[0, 3, 4, 5, 6, 7, 8, 9, 10, 11, 12, 13, 14, 15, 16, 17, 18, 19], 2950139.3029894973], [[0, 1, 3, 4, 5, 6, 7, 8, 9, 10, 11, 12, 13, 14, 15, 16, 17, 18, 19], 5409490.553348976]]}