{"costs": 7342798, "root_join": 27, "join_operands": {"0": [0, 3, 9, 11, 15, 24], "1": [3, 9, 11, 15, 24], "2": [3, 15, 24], "3": [3, 15], "4": [3, 9, 15, 24], "5": [0, 2, 3, 9, 11, 15, 24], "6": [0, 2, 3, 9, 11, 15, 16, 24], "7": [0, 2, 3, 5, 9, 10, 11, 15, 16, 22, 24], "8": [5, 10, 22], "9": [10, 22], "10": [0, 1, 2, 3, 5, 9, 10, 11, 15, 16, 19, 22, 23, 24], "11": [1, 19, 23], "12": [1, 23], "13": [0, 1, 2, 3, 5, 9, 10, 11, 15, 16, 19, 22, 23, 24, 29], "14": [0, 1, 2, 3, 5, 9, 10, 11, 15, 16, 19, 21, 22, 23, 24, 29], "15": [0, 1, 2, 3, 5, 9, 10, 11, 15, 16, 17, 19, 21, 22, 23, 24, 29], "16": [0, 1, 2, 3, 5, 9, 10, 11, 15, 16, 17, 19, 21, 22, 23, 24, 25, 29], "17": [0, 1, 2, 3, 5, 7, 9, 10, 11, 15, 16, 17, 19, 21, 22, 23, 24, 25, 29], "18": [0, 1, 2, 3, 5, 7, 9, 10, 11, 14, 15, 16, 17, 19, 21, 22, 23, 24, 25, 29], "19": [0, 1, 2, 3, 5, 7, 9, 10, 11, 14, 15, 16, 17, 19, 21, 22, 23, 24, 25, 27, 29], "20": [0, 1, 2, 3, 5, 6, 7, 9, 10, 11, 14, 15, 16, 17, 19, 21, 22, 23, 24, 25, 27, 29], "21": [0, 1, 2, 3, 5, 6, 7, 9, 10, 11, 14, 15, 16, 17, 19, 21, 22, 23, 24, 25, 27, 28, 29], "22": [0, 1, 2, 3, 5, 6, 7, 9, 10, 11, 13, 14, 15, 16, 17, 19, 21, 22, 23, 24, 25, 27, 28, 29], "23": [0, 1, 2, 3, 5, 6, 7, 9, 10, 11, 12, 13, 14, 15, 16, 17, 19, 21, 22, 23, 24, 25, 27, 28, 29], "24": [0, 1, 2, 3, 5, 6, 7, 9, 10, 11, 12, 13, 14, 15, 16, 17, 19, 21, 22, 23, 24, 25, 26, 27, 28, 29], "25": [0, 1, 2, 3, 5, 6, 7, 8, 9, 10, 11, 12, 13, 14, 15, 16, 17, 19, 21, 22, 23, 24, 25, 26, 27, 28, 29], "26": [0, 1, 2, 3, 5, 6, 7, 8, 9, 10, 11, 12, 13, 14, 15, 16, 17, 18, 19, 21, 22, 23, 24, 25, 26, 27, 28, 29], "27": [0, 1, 2, 3, 4, 5, 6, 7, 8, 9, 10, 11, 12, 13, 14, 15, 16, 17, 18, 19, 20, 21, 22, 23, 24, 25, 26, 27, 28, 29], "28": [4, 20]}, "join_predecessors": {"0": [1], "2": [3], "3": [], "4": [2], "1": [4], "5": [0], "6": [5], "7": [6, 8], "9": [], "8": [9], "10": [7, 11], "12": [], "11": [12], "13": [10], "14": [13], "15": [14], "16": [15], "17": [16], "18": [17], "19": [18], "20": [19], "21": [20], "22": [21], "23": [22], "24": [23], "25": [24], "26": [25], "27": [26, 28], "28": []}, "intermediate_costs": [[[0, 3, 9, 11, 15, 24], 648.7020566597364], [[3, 9, 11, 15, 24], 365.0473529316737], [[3, 15, 24], 15599.105174067494], [[3, 15], 1489.0], [[3, 9, 15, 24], 235.3430215391922], [[0, 2, 3, 9, 11, 15, 24], 12209.117490102271], [[0, 2, 3, 9, 11, 15, 16, 24], 23364.959407084672], [[0, 2, 3, 5, 9, 10, 11, 15, 16, 22, 24], 122.61719085050153], [[5, 10, 22], 28342.34686006826], [[10, 22], 14810.0], [[0, 1, 2, 3, 5, 9, 10, 11, 15, 16, 19, 22, 23, 24], 0.8231442871432458], [[1, 19, 23], 24797.153781755198], [[1, 23], 15549.0], [[0, 1, 2, 3, 5, 9, 10, 11, 15, 16, 19, 22, 23, 24, 29], 1.5752762532482176], [[0, 1, 2, 3, 5, 9, 10, 11, 15, 16, 19, 21, 22, 23, 24, 29], 2.055445876362996], [[0, 1, 2, 3, 5, 9, 10, 11, 15, 16, 17, 19, 21, 22, 23, 24, 29], 3.5479250645404696], [[0, 1, 2, 3, 5, 9, 10, 11, 15, 16, 17, 19, 21, 22, 23, 24, 25, 29], 6.696761462483677], [[0, 1, 2, 3, 5, 7, 9, 10, 11, 15, 16, 17, 19, 21, 22, 23, 24, 25, 29], 12.815789498987927], [[0, 1, 2, 3, 5, 7, 9, 10, 11, 14, 15, 16, 17, 19, 21, 22, 23, 24, 25, 29], 24.525965578326467], [[0, 1, 2, 3, 5, 7, 9, 10, 11, 14, 15, 16, 17, 19, 21, 22, 23, 24, 25, 27, 29], 46.936086135768164], [[0, 1, 2, 3, 5, 6, 7, 9, 10, 11, 14, 15, 16, 17, 19, 21, 22, 23, 24, 25, 27, 29], 89.82301319778504], [[0, 1, 2, 3, 5, 6, 7, 9, 10, 11, 14, 15, 16, 17, 19, 21, 22, 23, 24, 25, 27, 28, 29], 171.8970296619495], [[0, 1, 2, 3, 5, 6, 7, 9, 10, 11, 13, 14, 15, 16, 17, 19, 21, 22, 23, 24, 25, 27, 28, 29], 328.9645688186486], [[0, 1, 2, 3, 5, 6, 7, 9, 10, 11, 12, 13, 14, 15, 16, 17, 19, 21, 22, 23, 24, 25, 27, 28, 29], 543945.4089298719], [[0, 1, 2, 3, 5, 6, 7, 9, 10, 11, 12, 13, 14, 15, 16, 17, 19, 21, 22, 23, 24, 25, 26, 27, 28, 29], 993648.2825155223], [[0, 1, 2, 3, 5, 6, 7, 8, 9, 10, 11, 12, 13, 14, 15, 16, 17, 19, 21, 22, 23, 24, 25, 26, 27, 28, 29], 1901574.9371607942], [[0, 1, 2, 3, 5, 6, 7, 8, 9, 10, 11, 12, 13, 14, 15, 16, 17, 18, 19, 21, 22, 23, 24, 25, 26, 27, 28, 29], 3639101.788093305], [[4, 20], 126306.00000000001]]}