{"costs": 9859299, "root_join": 28, "join_operands": {"0": [0, 1, 2, 3, 4, 5, 7, 9, 10, 11, 13, 15, 16, 17, 19, 20, 21, 22, 23, 24, 28, 29], "1": [1, 2, 3, 4, 5, 7, 9, 10, 11, 13, 15, 16, 17, 19, 20, 21, 22, 23, 24, 28, 29], "2": [1, 23], "3": [1, 5, 10, 16, 22, 23], "4": [5, 10, 16, 22], "5": [5, 10, 22], "6": [10, 22], "7": [1, 5, 10, 16, 19, 22, 23], "8": [1, 5, 10, 16, 17, 19, 22, 23], "9": [1, 5, 7, 10, 16, 17, 19, 22, 23], "10": [1, 5, 7, 10, 13, 16, 17, 19, 22, 23], "11": [1, 5, 7, 10, 13, 16, 17, 19, 22, 23, 28], "12": [1, 2, 5, 7, 10, 13, 16, 17, 19, 22, 23, 28], "13": [1, 2, 5, 7, 9, 10, 13, 16, 17, 19, 22, 23, 28], "14": [1, 2, 5, 7, 9, 10, 13, 16, 17, 19, 22, 23, 24, 28], "15": [1, 2, 3, 5, 7, 9, 10, 13, 15, 16, 17, 19, 22, 23, 24, 28], "16": [3, 15], "17": [1, 2, 3, 5, 7, 9, 10, 13, 15, 16, 17, 19, 22, 23, 24, 28, 29], "18": [1, 2, 3, 5, 7, 9, 10, 13, 15, 16, 17, 19, 21, 22, 23, 24, 28, 29], "19": [1, 2, 3, 5, 7, 9, 10, 11, 13, 15, 16, 17, 19, 21, 22, 23, 24, 28, 29], "20": [1, 2, 3, 5, 7, 9, 10, 11, 13, 15, 16, 17, 19, 20, 21, 22, 23, 24, 28, 29], "21": [0, 1, 2, 3, 4, 5, 7, 9, 10, 11, 13, 15, 16, 17, 19, 20, 21, 22, 23, 24, 25, 28, 29], "22": [0, 1, 2, 3, 4, 5, 7, 9, 10, 11, 13, 14, 15, 16, 17, 19, 20, 21, 22, 23, 24, 25, 28, 29], "23": [0, 1, 2, 3, 4, 5, 7, 9, 10, 11, 13, 14, 15, 16, 17, 19, 20, 21, 22, 23, 24, 25, 27, 28, 29], "24": [0, 1, 2, 3, 4, 5, 6, 7, 9, 10, 11, 13, 14, 15, 16, 17, 19, 20, 21, 22, 23, 24, 25, 27, 28, 29], "25": [0, 1, 2, 3, 4, 5, 6, 7, 9, 10, 11, 12, 13, 14, 15, 16, 17, 19, 20, 21, 22, 23, 24, 25, 27, 28, 29], "26": [0, 1, 2, 3, 4, 5, 6, 7, 9, 10, 11, 12, 13, 14, 15, 16, 17, 19, 20, 21, 22, 23, 24, 25, 26, 27, 28, 29], "27": [0, 1, 2, 3, 4, 5, 6, 7, 8, 9, 10, 11, 12, 13, 14, 15, 16, 17, 19, 20, 21, 22, 23, 24, 25, 26, 27, 28, 29], "28": [0, 1, 2, 3, 4, 5, 6, 7, 8, 9, 10, 11, 12, 13, 14, 15, 16, 17, 18, 19, 20, 21, 22, 23, 24, 25, 26, 27, 28, 29]}, "join_predecessors": {"0": [1], "2": [], "3": [2, 4], "5": [6], "6": [], "4": [5], "7": [3], "8": [7], "9": [8], "10": [9], "11": [10], "12": [11], "13": [12], "14": [13], "15": [14, 16], "16": [], "17": [15], "18": [17], "19": [18], "20": [19], "1": [20], "21": [0], "22": [21], "23": [22], "24": [23], "25": [24], "26": [25], "27": [26], "28": [27]}, "intermediate_costs": [[[0, 1, 2, 3, 4, 5, 7, 9, 10, 11, 13, 15, 16, 17, 19, 20, 21, 22, 23, 24, 28, 29], 68.30280613792111], [[1, 2, 3, 4, 5, 7, 9, 10, 11, 13, 15, 16, 17, 19, 20, 21, 22, 23, 24, 28, 29], 38.436379725449015], [[1, 23], 15549.0], [[1, 5, 10, 16, 22, 23], 462.60357275323764], [[5, 10, 16, 22], 109896.47141530116], [[5, 10, 22], 28342.34686006826], [[10, 22], 14810.0], [[1, 5, 10, 16, 19, 22, 23], 737.7485326099049], [[1, 5, 10, 16, 17, 19, 22, 23], 1273.4348981283424], [[1, 5, 7, 10, 16, 17, 19, 22, 23], 2437.009842220844], [[1, 5, 7, 10, 13, 16, 17, 19, 22, 23], 4663.779784499918], [[1, 5, 7, 10, 13, 16, 17, 19, 22, 23, 28], 8925.217084264455], [[1, 2, 5, 7, 10, 13, 16, 17, 19, 22, 23, 28], 76012.57090495096], [[1, 2, 5, 7, 9, 10, 13, 16, 17, 19, 22, 23, 28], 145467.5684022308], [[1, 2, 5, 7, 9, 10, 13, 16, 17, 19, 22, 23, 24, 28], 713.7981211024618], [[1, 2, 3, 5, 7, 9, 10, 13, 15, 16, 17, 19, 22, 23, 24, 28], 3.6127877884909365], [[3, 15], 1489.0], [[1, 2, 3, 5, 7, 9, 10, 13, 15, 16, 17, 19, 22, 23, 24, 28, 29], 6.913901851868808], [[1, 2, 3, 5, 7, 9, 10, 13, 15, 16, 17, 19, 21, 22, 23, 24, 28, 29], 9.021370709866824], [[1, 2, 3, 5, 7, 9, 10, 11, 13, 15, 16, 17, 19, 21, 22, 23, 24, 28, 29], 13.9933084733672], [[1, 2, 3, 5, 7, 9, 10, 11, 13, 15, 16, 17, 19, 20, 21, 22, 23, 24, 28, 29], 26.779419947108714], [[0, 1, 2, 3, 4, 5, 7, 9, 10, 11, 13, 15, 16, 17, 19, 20, 21, 22, 23, 24, 25, 28, 29], 128.92256504948688], [[0, 1, 2, 3, 4, 5, 7, 9, 10, 11, 13, 14, 15, 16, 17, 19, 20, 21, 22, 23, 24, 25, 28, 29], 246.72302809928112], [[0, 1, 2, 3, 4, 5, 7, 9, 10, 11, 13, 14, 15, 16, 17, 19, 20, 21, 22, 23, 24, 25, 27, 28, 29], 472.1613614584379], [[0, 1, 2, 3, 4, 5, 6, 7, 9, 10, 11, 13, 14, 15, 16, 17, 19, 20, 21, 22, 23, 24, 25, 27, 28, 29], 903.589534054602], [[0, 1, 2, 3, 4, 5, 6, 7, 9, 10, 11, 12, 13, 14, 15, 16, 17, 19, 20, 21, 22, 23, 24, 25, 27, 28, 29], 1494092.1460664615], [[0, 1, 2, 3, 4, 5, 6, 7, 9, 10, 11, 12, 13, 14, 15, 16, 17, 19, 20, 21, 22, 23, 24, 25, 26, 27, 28, 29], 2729321.859301275], [[0, 1, 2, 3, 4, 5, 6, 7, 8, 9, 10, 11, 12, 13, 14, 15, 16, 17, 19, 20, 21, 22, 23, 24, 25, 26, 27, 28, 29], 5223186.246498976]]}