{"costs": 1697401, "root_join": 28, "join_operands": {"0": [0, 1, 2, 3, 4, 5, 6, 7, 8, 9, 10, 11, 12, 13, 14, 16, 17, 18, 19, 20, 21, 23, 24, 26, 27, 28, 29], "1": [1, 2, 3, 4, 5, 6, 7, 8, 9, 10, 11, 12, 13, 14, 16, 17, 18, 19, 20, 21, 23, 24, 26, 27, 28, 29], "2": [5, 8], "3": [1, 3, 5, 7, 8, 10, 11, 12, 14, 16, 18, 19, 20, 21, 24, 26, 27, 28, 29], "4": [1, 3, 7, 10, 11, 12, 14, 16, 18, 19, 20, 21, 24, 26, 27, 28, 29], "5": [14, 27], "6": [1, 3, 7, 10, 11, 12, 14, 16, 18, 19, 20, 21, 24, 26, 27, 28], "7": [1, 3, 7, 10, 11, 12, 16, 18, 19, 20, 21, 24, 26, 28], "8": [1, 3, 7, 11, 12, 16, 18, 21, 26, 28], "9": [1, 3, 7, 11, 12, 16, 18, 21, 26], "10": [1, 3, 7, 11, 16, 18, 21, 26], "11": [1, 3, 7, 11, 18, 21, 26], "12": [1, 3], "13": [1, 3, 21], "14": [1, 3, 7, 21], "15": [1, 3, 7, 18, 21, 26], "16": [18, 26], "17": [10, 19, 20, 24], "18": [10, 20, 24], "19": [10, 20], "20": [1, 3, 5, 6, 7, 8, 10, 11, 12, 14, 16, 18, 19, 20, 21, 24, 26, 27, 28, 29], "21": [1, 3, 4, 5, 6, 7, 8, 10, 11, 12, 14, 16, 18, 19, 20, 21, 24, 26, 27, 28, 29], "22": [1, 3, 4, 5, 6, 7, 8, 9, 10, 11, 12, 14, 16, 18, 19, 20, 21, 24, 26, 27, 28, 29], "23": [1, 3, 4, 5, 6, 7, 8, 9, 10, 11, 12, 13, 14, 16, 18, 19, 20, 21, 24, 26, 27, 28, 29], "24": [1, 2, 3, 4, 5, 6, 7, 8, 9, 10, 11, 12, 13, 14, 16, 18, 19, 20, 21, 23, 24, 26, 27, 28, 29], "25": [2, 23], "26": [0, 1, 2, 3, 4, 5, 6, 7, 8, 9, 10, 11, 12, 13, 14, 15, 16, 17, 18, 19, 20, 21, 23, 24, 25, 26, 27, 28, 29], "27": [15, 25], "28": [0, 1, 2, 3, 4, 5, 6, 7, 8, 9, 10, 11, 12, 13, 14, 15, 16, 17, 18, 19, 20, 21, 22, 23, 24, 25, 26, 27, 28, 29]}, "join_predecessors": {"0": [1], "2": [], "3": [2, 4], "5": [], "6": [5, 7], "8": [9], "10": [11], "12": [], "13": [12], "14": [13], "15": [14, 16], "16": [], "11": [15], "9": [10], "7": [8, 17], "17": [18], "19": [], "18": [19], "4": [6], "20": [3], "21": [20], "22": [21], "23": [22], "24": [23, 25], "25": [], "1": [24], "26": [0, 27], "27": [], "28": [26]}, "intermediate_costs": [[[0, 1, 2, 3, 4, 5, 6, 7, 8, 9, 10, 11, 12, 13, 14, 16, 17, 18, 19, 20, 21, 23, 24, 26, 27, 28, 29], 9928.640569430712], [[1, 2, 3, 4, 5, 6, 7, 8, 9, 10, 11, 12, 13, 14, 16, 17, 18, 19, 20, 21, 23, 24, 26, 27, 28, 29], 6642.045227320149], [[5, 8], 1248172.0], [[1, 3, 5, 7, 8, 10, 11, 12, 14, 16, 18, 19, 20, 21, 24, 26, 27, 28, 29], 405.4542124061356], [[1, 3, 7, 10, 11, 12, 14, 16, 18, 19, 20, 21, 24, 26, 27, 28, 29], 56.065898786698476], [[14, 27], 67266.0], [[1, 3, 7, 10, 11, 12, 14, 16, 18, 19, 20, 21, 24, 26, 27, 28], 37.50685212618064], [[1, 3, 7, 10, 11, 12, 16, 18, 19, 20, 21, 24, 26, 28], 16.785691965498806], [[1, 3, 7, 11, 12, 16, 18, 21, 26, 28], 711.9784313496148], [[1, 3, 7, 11, 12, 16, 18, 21, 26], 4.627815991193207], [[1, 3, 7, 11, 16, 18, 21, 26], 3.095908392031037], [[1, 3, 7, 11, 18, 21, 26], 2.2115072092959256], [[1, 3], 1101.0], [[1, 3, 21], 1582.4946755700325], [[1, 3, 7, 21], 649.6907635249125], [[1, 3, 7, 18, 21, 26], 1.608097225054754], [[18, 26], 1075.0], [[10, 19, 20, 24], 106711.3287358514], [[10, 20, 24], 9098.36484858569], [[10, 20], 6192.0], [[1, 3, 5, 6, 7, 8, 10, 11, 12, 14, 16, 18, 19, 20, 21, 24, 26, 27, 28, 29], 606.0799019851818], [[1, 3, 4, 5, 6, 7, 8, 10, 11, 12, 14, 16, 18, 19, 20, 21, 24, 26, 27, 28, 29], 905.9790279283004], [[1, 3, 4, 5, 6, 7, 8, 9, 10, 11, 12, 14, 16, 18, 19, 20, 21, 24, 26, 27, 28, 29], 1330.3037994507288], [[1, 3, 4, 5, 6, 7, 8, 9, 10, 11, 12, 13, 14, 16, 18, 19, 20, 21, 24, 26, 27, 28, 29], 1988.5619093554526], [[1, 2, 3, 4, 5, 6, 7, 8, 9, 10, 11, 12, 13, 14, 16, 18, 19, 20, 21, 23, 24, 26, 27, 28, 29], 4443.384216928696], [[2, 23], 103142.0], [[0, 1, 2, 3, 4, 5, 6, 7, 8, 9, 10, 11, 12, 13, 14, 15, 16, 17, 18, 19, 20, 21, 23, 24, 25, 26, 27, 28, 29], 22184.99503219058], [[15, 25], 103142.0]]}