{"costs": 83680, "join_operands": {"0": [0, 1, 2, 3, 4], "1": [1, 2, 3, 4], "2": [], "3": [1, 3, 4], "4": [1, 3]}, "join_predecessors": {"0": [1, 2], "1": [3], "2": [], "3": [4], "4": []}, "leaf_joins": [], "opt_time": 0.06662106513977051, "status": 2, "intermediate_costs": [[[1, 2, 3, 4], 0.12753157031858925], [[1, 3, 4], 41840.0], [[1, 3], 41840.0]]}