{"costs": 3334816, "root_join": 28, "join_operands": {"0": [0, 1, 2, 3, 4, 5, 6, 7, 8, 9, 10, 11, 12, 15, 16, 17, 18, 20, 21, 22, 23, 24, 25, 26, 27, 28, 29], "1": [1, 2, 3, 4, 5, 6, 7, 8, 9, 10, 11, 12, 15, 16, 17, 18, 20, 21, 22, 23, 24, 25, 26, 27, 28, 29], "2": [1, 9, 10, 11, 18, 21, 25, 29], "3": [9, 10, 11, 18, 21, 25, 29], "4": [10, 11, 18, 21, 25, 29], "5": [10, 29], "6": [10, 11, 29], "7": [10, 11, 21, 29], "8": [10, 11, 18, 21, 29], "9": [1, 6, 9, 10, 11, 18, 21, 25, 29], "10": [1, 6, 9, 10, 11, 18, 21, 25, 27, 29], "11": [1, 3, 6, 9, 10, 11, 18, 21, 25, 27, 29], "12": [1, 3, 6, 9, 10, 11, 18, 21, 25, 26, 27, 29], "13": [1, 3, 6, 9, 10, 11, 16, 18, 21, 25, 26, 27, 29], "14": [1, 3, 5, 6, 8, 9, 10, 11, 16, 18, 21, 22, 25, 26, 27, 29], "15": [5, 8, 22], "16": [8, 22], "17": [1, 3, 5, 6, 8, 9, 10, 11, 15, 16, 18, 21, 22, 25, 26, 27, 29], "18": [1, 3, 5, 6, 8, 9, 10, 11, 15, 16, 18, 21, 22, 23, 25, 26, 27, 29], "19": [1, 3, 5, 6, 7, 8, 9, 10, 11, 15, 16, 18, 21, 22, 23, 25, 26, 27, 29], "20": [1, 3, 5, 6, 7, 8, 9, 10, 11, 15, 16, 18, 21, 22, 23, 25, 26, 27, 28, 29], "21": [1, 3, 5, 6, 7, 8, 9, 10, 11, 15, 16, 18, 20, 21, 22, 23, 25, 26, 27, 28, 29], "22": [1, 3, 5, 6, 7, 8, 9, 10, 11, 15, 16, 18, 20, 21, 22, 23, 24, 25, 26, 27, 28, 29], "23": [1, 3, 5, 6, 7, 8, 9, 10, 11, 12, 15, 16, 18, 20, 21, 22, 23, 24, 25, 26, 27, 28, 29], "24": [1, 2, 3, 5, 6, 7, 8, 9, 10, 11, 12, 15, 16, 18, 20, 21, 22, 23, 24, 25, 26, 27, 28, 29], "25": [1, 2, 3, 5, 6, 7, 8, 9, 10, 11, 12, 15, 16, 17, 18, 20, 21, 22, 23, 24, 25, 26, 27, 28, 29], "26": [0, 1, 2, 3, 4, 5, 6, 7, 8, 9, 10, 11, 12, 14, 15, 16, 17, 18, 20, 21, 22, 23, 24, 25, 26, 27, 28, 29], "27": [0, 1, 2, 3, 4, 5, 6, 7, 8, 9, 10, 11, 12, 14, 15, 16, 17, 18, 19, 20, 21, 22, 23, 24, 25, 26, 27, 28, 29], "28": [0, 1, 2, 3, 4, 5, 6, 7, 8, 9, 10, 11, 12, 13, 14, 15, 16, 17, 18, 19, 20, 21, 22, 23, 24, 25, 26, 27, 28, 29]}, "join_predecessors": {"0": [1], "2": [3], "3": [4], "5": [], "6": [5], "7": [6], "8": [7], "4": [8], "9": [2], "10": [9], "11": [10], "12": [11], "13": [12], "14": [13, 15], "15": [16], "16": [], "17": [14], "18": [17], "19": [18], "20": [19], "21": [20], "22": [21], "23": [22], "24": [23], "25": [24], "1": [25], "26": [0], "27": [26], "28": [27]}, "intermediate_costs": [[[0, 1, 2, 3, 4, 5, 6, 7, 8, 9, 10, 11, 12, 15, 16, 17, 18, 20, 21, 22, 23, 24, 25, 26, 27, 28, 29], 155611.46789116817], [[1, 2, 3, 4, 5, 6, 7, 8, 9, 10, 11, 12, 15, 16, 17, 18, 20, 21, 22, 23, 24, 25, 26, 27, 28, 29], 38882.69687599369], [[1, 9, 10, 11, 18, 21, 25, 29], 12.135429264390384], [[9, 10, 11, 18, 21, 25, 29], 6.107886803529167], [[10, 11, 18, 21, 25, 29], 0.0049891798764886905], [[10, 29], 905.0], [[10, 11, 29], 0.40401058081945074], [[10, 11, 21, 29], 0.16873192862343286], [[10, 11, 18, 21, 29], 0.001246650462936237], [[1, 6, 9, 10, 11, 18, 21, 25, 29], 48.566899753251505], [[1, 6, 9, 10, 11, 18, 21, 25, 27, 29], 194.3683788261715], [[1, 3, 6, 9, 10, 11, 18, 21, 25, 27, 29], 2882.9867659658985], [[1, 3, 6, 9, 10, 11, 18, 21, 25, 26, 27, 29], 1568.6732039023593], [[1, 3, 6, 9, 10, 11, 16, 18, 21, 25, 26, 27, 29], 6204.659733537148], [[1, 3, 5, 6, 8, 9, 10, 11, 16, 18, 21, 22, 25, 26, 27, 29], 0.038168430963822414], [[5, 8, 22], 11.336085879438482], [[8, 22], 400.0], [[1, 3, 5, 6, 8, 9, 10, 11, 15, 16, 18, 21, 22, 25, 26, 27, 29], 0.1479793441230072], [[1, 3, 5, 6, 8, 9, 10, 11, 15, 16, 18, 21, 22, 23, 25, 26, 27, 29], 0.5908471589524572], [[1, 3, 5, 6, 7, 8, 9, 10, 11, 15, 16, 18, 21, 22, 23, 25, 26, 27, 29], 2.364613674127811], [[1, 3, 5, 6, 7, 8, 9, 10, 11, 15, 16, 18, 21, 22, 23, 25, 26, 27, 28, 29], 9.463357389727486], [[1, 3, 5, 6, 7, 8, 9, 10, 11, 15, 16, 18, 20, 21, 22, 23, 25, 26, 27, 28, 29], 37.873064663206094], [[1, 3, 5, 6, 7, 8, 9, 10, 11, 15, 16, 18, 20, 21, 22, 23, 24, 25, 26, 27, 28, 29], 151.57081019434804], [[1, 3, 5, 6, 7, 8, 9, 10, 11, 12, 15, 16, 18, 20, 21, 22, 23, 24, 25, 26, 27, 28, 29], 606.5976469501488], [[1, 2, 3, 5, 6, 7, 8, 9, 10, 11, 12, 15, 16, 18, 20, 21, 22, 23, 24, 25, 26, 27, 28, 29], 2427.6491905958987], [[1, 2, 3, 5, 6, 7, 8, 9, 10, 11, 12, 15, 16, 17, 18, 20, 21, 22, 23, 24, 25, 26, 27, 28, 29], 9715.634309212866], [[0, 1, 2, 3, 4, 5, 6, 7, 8, 9, 10, 11, 12, 14, 15, 16, 17, 18, 20, 21, 22, 23, 24, 25, 26, 27, 28, 29], 622768.78225664], [[0, 1, 2, 3, 4, 5, 6, 7, 8, 9, 10, 11, 12, 14, 15, 16, 17, 18, 19, 20, 21, 22, 23, 24, 25, 26, 27, 28, 29], 2492367.460462647]]}