{"costs": 5, "join_operands": {"0": [0, 1, 2, 3, 4, 5, 6, 7, 8, 9, 10, 11, 12, 13, 14, 15, 16], "1": [0, 1, 2, 4, 5, 6, 7, 9, 10, 11, 12, 13, 14, 16], "2": [3, 8, 15], "3": [0, 1, 2, 4, 5, 6, 7, 9, 10, 11, 12, 13, 16], "4": [], "5": [], "6": [3, 8], "7": [1, 2, 4, 5, 6, 7, 9, 10, 11, 12, 13, 16], "8": [], "9": [], "10": [], "11": [], "12": [], "13": [], "14": [], "15": [1, 2, 4, 5, 6, 7, 9, 10, 11, 12, 16], "16": [1, 2, 4, 5, 7, 9, 10, 11, 12, 16], "17": [1, 2, 4, 5, 7, 9, 10, 11, 16], "18": [1, 2, 4, 7, 9, 10, 11, 16], "19": [1, 2, 4, 7, 9, 11, 16], "20": [1, 2, 4, 7, 9, 16], "21": [1, 2, 4, 9, 16], "22": [1, 2, 4, 16], "23": [1, 4, 16], "24": [1, 16], "25": [], "26": []}, "join_predecessors": {"0": [1, 2], "1": [3, 5], "2": [4, 6], "3": [7, 11], "4": [8, 12], "5": [9, 13], "6": [10, 14], "7": [15], "8": [], "9": [], "10": [], "11": [], "12": [], "13": [], "14": [], "15": [16], "16": [17], "17": [18], "18": [19], "19": [20], "20": [21], "21": [22], "22": [23], "23": [24], "24": [25], "25": [26], "26": []}, "leaf_joins": [], "opt_time": 5.141458034515381, "status": 2, "intermediate_costs": [[[0, 1, 2, 4, 5, 6, 7, 9, 10, 11, 12, 13, 14, 16], 2.2978004176884723e-78], [[3, 8, 15], 1.0], [[0, 1, 2, 4, 5, 6, 7, 9, 10, 11, 12, 13, 16], 5.883240418930169e-73], [[3, 8], 1.0], [[1, 2, 4, 5, 6, 7, 9, 10, 11, 12, 13, 16], 1.1904984192806862e-66], [[1, 2, 4, 5, 6, 7, 9, 10, 11, 12, 16], 1.5221442816481806e-64], [[1, 2, 4, 5, 7, 9, 10, 11, 12, 16], 3.442080351513882e-64], [[1, 2, 4, 5, 7, 9, 10, 11, 16], 3.3133106790330634e-39], [[1, 2, 4, 7, 9, 10, 11, 16], 3.778935769942347e-18], [[1, 2, 4, 7, 9, 11, 16], 2.555998966969758e-07], [[1, 2, 4, 7, 9, 16], 0.6361947204003375], [[1, 2, 4, 9, 16], 0.6361947204003375], [[1, 2, 4, 16], 0.6361947204003375], [[1, 4, 16], 1.0], [[1, 16], 1.0]]}