{"costs": 12635652.963564476, "join_operands": {"0": [0, 1, 2, 3, 4, 5, 6, 7, 8, 9, 10, 11, 12, 13, 14, 15, 16, 17, 18, 19, 20, 21, 22, 23, 24, 25, 26, 27, 28, 29, 30, 31, 32, 33, 34, 35, 36, 37, 38, 39], "1": [0, 1, 2, 3, 4, 5, 6, 7, 8, 9, 10, 11, 12, 13, 15, 18, 19, 20, 21, 22, 23, 24, 25, 26, 27, 28, 29, 30, 31, 32, 33, 36, 37, 38, 39], "2": [14, 16, 17, 34, 35], "3": [0, 1, 2, 3, 5, 6, 7, 8, 9, 10, 11, 12, 13, 15, 18, 19, 20, 21, 22, 24, 25, 26, 27, 28, 29, 30, 31, 32, 33, 36, 39], "4": [17, 34], "5": [4, 23, 37, 38], "6": [14, 16, 35], "7": [0, 1, 2, 3, 5, 6, 7, 8, 9, 10, 11, 12, 13, 15, 18, 19, 20, 21, 24, 25, 26, 27, 29, 30, 31, 33, 36, 39], "8": [], "9": [], "10": [16, 35], "11": [22, 28, 32], "12": [], "13": [4, 23, 38], "14": [], "15": [0, 1, 2, 3, 5, 6, 7, 8, 9, 10, 11, 12, 13, 15, 18, 19, 20, 24, 25, 26, 27, 29, 30, 31, 33, 36, 39], "16": [], "17": [], "18": [], "19": [22, 32], "20": [], "21": [4, 23], "22": [], "23": [], "24": [], "25": [], "26": [], "27": [], "28": [], "29": [], "30": []}, "join_predecessors": {"0": [1, 2], "1": [3, 5], "2": [4, 6], "3": [7, 11], "4": [8, 12], "5": [9, 13], "6": [10, 14], "7": [15, 23], "8": [16, 24], "9": [17, 25], "10": [18, 26], "11": [19, 27], "12": [20, 28], "13": [21, 29], "14": [22, 30], "15": [], "16": [], "17": [], "18": [], "19": [], "20": [], "21": [], "22": [], "23": [], "24": [], "25": [], "26": [], "27": [], "28": [], "29": [], "30": []}, "leaf_joins": [15, 16], "opt_time": 4.570125102996826, "status": 2, "intermediate_costs": [[[0, 1, 2, 3, 4, 5, 6, 7, 8, 9, 10, 11, 12, 13, 15, 18, 19, 20, 21, 22, 23, 24, 25, 26, 27, 28, 29, 30, 31, 32, 33, 36, 37, 38, 39], 3646721.6437804783], [[14, 16, 17, 34, 35], 488223.8725648061], [[0, 1, 2, 3, 5, 6, 7, 8, 9, 10, 11, 12, 13, 15, 18, 19, 20, 21, 22, 24, 25, 26, 27, 28, 29, 30, 31, 32, 33, 36, 39], 1778645.9063737195], [[17, 34], 478319.0], [[4, 23, 37, 38], 824587.9388825229], [[14, 16, 35], 326240.34615841584], [[0, 1, 2, 3, 5, 6, 7, 8, 9, 10, 11, 12, 13, 15, 18, 19, 20, 21, 24, 25, 26, 27, 29, 30, 31, 33, 36, 39], 971552.1840959884], [[16, 35], 247111.00000000003], [[22, 28, 32], 992191.8400739064], [[4, 23, 38], 674930.3619730679], [[0, 1, 2, 3, 5, 6, 7, 8, 9, 10, 11, 12, 13, 15, 18, 19, 20, 24, 25, 26, 27, 29, 30, 31, 33, 36, 39], 794190.8696615713], [[22, 32], 811063.0], [[4, 23], 601875.0]]}