{"costs": 603866, "root_join": 28, "join_operands": {"0": [0, 4, 10, 12, 13, 17, 18, 19, 23, 26], "1": [4, 10, 12, 13, 17, 18, 19, 23, 26], "2": [4, 10, 13, 17, 18, 23, 26], "3": [4, 10, 17, 18, 23, 26], "4": [17, 18, 23], "5": [17, 23], "6": [17, 18, 23, 26], "7": [4, 17, 18, 23, 26], "8": [4, 10, 13, 17, 18, 19, 23, 26], "9": [0, 2, 4, 10, 12, 13, 17, 18, 19, 23, 26], "10": [0, 2, 4, 10, 12, 13, 17, 18, 19, 23, 25, 26], "11": [0, 2, 4, 10, 12, 13, 16, 17, 18, 19, 23, 25, 26], "12": [0, 2, 4, 10, 12, 13, 16, 17, 18, 19, 21, 23, 25, 26], "13": [0, 2, 4, 8, 10, 12, 13, 16, 17, 18, 19, 21, 23, 25, 26], "14": [0, 2, 4, 8, 10, 12, 13, 14, 16, 17, 18, 19, 21, 23, 25, 26], "15": [0, 2, 3, 4, 8, 10, 12, 13, 14, 16, 17, 18, 19, 21, 23, 25, 26], "16": [0, 2, 3, 4, 6, 8, 10, 12, 13, 14, 16, 17, 18, 19, 21, 23, 25, 26], "17": [0, 2, 3, 4, 6, 8, 10, 12, 13, 14, 16, 17, 18, 19, 21, 23, 25, 26, 28], "18": [0, 2, 3, 4, 6, 8, 10, 11, 12, 13, 14, 16, 17, 18, 19, 21, 23, 25, 26, 28], "19": [0, 2, 3, 4, 6, 8, 9, 10, 11, 12, 13, 14, 16, 17, 18, 19, 21, 23, 25, 26, 28], "20": [0, 2, 3, 4, 6, 8, 9, 10, 11, 12, 13, 14, 16, 17, 18, 19, 21, 23, 24, 25, 26, 28], "21": [0, 2, 3, 4, 6, 8, 9, 10, 11, 12, 13, 14, 16, 17, 18, 19, 21, 23, 24, 25, 26, 27, 28], "22": [0, 1, 2, 3, 4, 6, 8, 9, 10, 11, 12, 13, 14, 16, 17, 18, 19, 21, 23, 24, 25, 26, 27, 28], "23": [0, 1, 2, 3, 4, 5, 6, 8, 9, 10, 11, 12, 13, 14, 16, 17, 18, 19, 21, 23, 24, 25, 26, 27, 28], "24": [0, 1, 2, 3, 4, 5, 6, 8, 9, 10, 11, 12, 13, 14, 15, 16, 17, 18, 19, 21, 23, 24, 25, 26, 27, 28], "25": [0, 1, 2, 3, 4, 5, 6, 7, 8, 9, 10, 11, 12, 13, 14, 15, 16, 17, 18, 19, 21, 23, 24, 25, 26, 27, 28], "26": [0, 1, 2, 3, 4, 5, 6, 7, 8, 9, 10, 11, 12, 13, 14, 15, 16, 17, 18, 19, 21, 22, 23, 24, 25, 26, 27, 28], "27": [0, 1, 2, 3, 4, 5, 6, 7, 8, 9, 10, 11, 12, 13, 14, 15, 16, 17, 18, 19, 21, 22, 23, 24, 25, 26, 27, 28, 29], "28": [0, 1, 2, 3, 4, 5, 6, 7, 8, 9, 10, 11, 12, 13, 14, 15, 16, 17, 18, 19, 20, 21, 22, 23, 24, 25, 26, 27, 28, 29]}, "join_predecessors": {"0": [1], "2": [3], "4": [5], "5": [], "6": [4], "7": [6], "3": [7], "8": [2], "1": [8], "9": [0], "10": [9], "11": [10], "12": [11], "13": [12], "14": [13], "15": [14], "16": [15], "17": [16], "18": [17], "19": [18], "20": [19], "21": [20], "22": [21], "23": [22], "24": [23], "25": [24], "26": [25], "27": [26], "28": [27]}, "intermediate_costs": [[[0, 4, 10, 12, 13, 17, 18, 19, 23, 26], 1877.9192988155694], [[4, 10, 12, 13, 17, 18, 19, 23, 26], 1877.9192988155696], [[4, 10, 13, 17, 18, 23, 26], 1877.9192988155698], [[4, 10, 17, 18, 23, 26], 1884.3505704761155], [[17, 18, 23], 2389.389317507418], [[17, 23], 2855.0], [[17, 18, 23, 26], 2311.474418991098], [[4, 17, 18, 23, 26], 1926.2286150712066], [[4, 10, 13, 17, 18, 19, 23, 26], 1877.9192988155696], [[0, 2, 4, 10, 12, 13, 17, 18, 19, 23, 26], 1877.9192988155696], [[0, 2, 4, 10, 12, 13, 17, 18, 19, 23, 25, 26], 1877.9192988155694], [[0, 2, 4, 10, 12, 13, 16, 17, 18, 19, 23, 25, 26], 1877.9192988155696], [[0, 2, 4, 10, 12, 13, 16, 17, 18, 19, 21, 23, 25, 26], 1877.9192988155696], [[0, 2, 4, 8, 10, 12, 13, 16, 17, 18, 19, 21, 23, 25, 26], 271012.6975847588], [[0, 2, 4, 8, 10, 12, 13, 14, 16, 17, 18, 19, 21, 23, 25, 26], 2847.167968367598], [[0, 2, 3, 4, 8, 10, 12, 13, 14, 16, 17, 18, 19, 21, 23, 25, 26], 2847.164602920827], [[0, 2, 3, 4, 6, 8, 10, 12, 13, 14, 16, 17, 18, 19, 21, 23, 25, 26], 3126.297793619239], [[0, 2, 3, 4, 6, 8, 10, 12, 13, 14, 16, 17, 18, 19, 21, 23, 25, 26, 28], 3038.23248707821], [[0, 2, 3, 4, 6, 8, 10, 11, 12, 13, 14, 16, 17, 18, 19, 21, 23, 25, 26, 28], 2968.33441477604], [[0, 2, 3, 4, 6, 8, 9, 10, 11, 12, 13, 14, 16, 17, 18, 19, 21, 23, 25, 26, 28], 2968.33441477604], [[0, 2, 3, 4, 6, 8, 9, 10, 11, 12, 13, 14, 16, 17, 18, 19, 21, 23, 24, 25, 26, 28], 2968.33441477604], [[0, 2, 3, 4, 6, 8, 9, 10, 11, 12, 13, 14, 16, 17, 18, 19, 21, 23, 24, 25, 26, 27, 28], 2968.33441477604], [[0, 1, 2, 3, 4, 6, 8, 9, 10, 11, 12, 13, 14, 16, 17, 18, 19, 21, 23, 24, 25, 26, 27, 28], 6540.647499909422], [[0, 1, 2, 3, 4, 5, 6, 8, 9, 10, 11, 12, 13, 14, 16, 17, 18, 19, 21, 23, 24, 25, 26, 27, 28], 121326.0648857072], [[0, 1, 2, 3, 4, 5, 6, 8, 9, 10, 11, 12, 13, 14, 15, 16, 17, 18, 19, 21, 23, 24, 25, 26, 27, 28], 3137.743057388979], [[0, 1, 2, 3, 4, 5, 6, 7, 8, 9, 10, 11, 12, 13, 14, 15, 16, 17, 18, 19, 21, 23, 24, 25, 26, 27, 28], 3029.54248106728], [[0, 1, 2, 3, 4, 5, 6, 7, 8, 9, 10, 11, 12, 13, 14, 15, 16, 17, 18, 19, 21, 22, 23, 24, 25, 26, 27, 28], 3029.54248106728], [[0, 1, 2, 3, 4, 5, 6, 7, 8, 9, 10, 11, 12, 13, 14, 15, 16, 17, 18, 19, 21, 22, 23, 24, 25, 26, 27, 28, 29], 145667.89763250583]]}