{"costs": 7528531, "root_join": 27, "join_operands": {"0": [0, 1, 2, 3, 4, 5, 6, 7, 9, 10, 11, 13, 14, 15, 16, 17, 18, 19, 21, 22, 23, 24, 25, 28, 29], "1": [1, 2, 3, 4, 5, 6, 7, 9, 10, 11, 13, 14, 15, 16, 17, 18, 19, 21, 22, 23, 24, 25, 28, 29], "2": [1, 4, 7, 9, 10, 15, 17, 23, 25, 28], "3": [4, 7, 9, 10, 15, 17, 23, 25, 28], "4": [4, 10], "5": [4, 9, 10], "6": [4, 7, 9, 10, 23], "7": [7, 23], "8": [4, 7, 9, 10, 17, 23], "9": [4, 7, 9, 10, 17, 23, 25], "10": [4, 7, 9, 10, 15, 17, 23, 25], "11": [1, 4, 7, 9, 10, 15, 17, 19, 23, 25, 28], "12": [1, 4, 7, 9, 10, 15, 17, 19, 23, 25, 28, 29], "13": [1, 4, 6, 7, 9, 10, 15, 17, 19, 23, 25, 28, 29], "14": [1, 4, 6, 7, 9, 10, 15, 17, 19, 22, 23, 25, 28, 29], "15": [1, 2, 4, 6, 7, 9, 10, 15, 17, 19, 22, 23, 25, 28, 29], "16": [1, 2, 4, 6, 7, 9, 10, 15, 17, 18, 19, 22, 23, 25, 28, 29], "17": [1, 2, 4, 6, 7, 9, 10, 14, 15, 17, 18, 19, 22, 23, 25, 28, 29], "18": [1, 2, 4, 6, 7, 9, 10, 11, 14, 15, 17, 18, 19, 22, 23, 25, 28, 29], "19": [1, 2, 4, 5, 6, 7, 9, 10, 11, 14, 15, 17, 18, 19, 22, 23, 25, 28, 29], "20": [1, 2, 4, 5, 6, 7, 9, 10, 11, 14, 15, 16, 17, 18, 19, 22, 23, 25, 28, 29], "21": [1, 2, 3, 4, 5, 6, 7, 9, 10, 11, 14, 15, 16, 17, 18, 19, 22, 23, 25, 28, 29], "22": [1, 2, 3, 4, 5, 6, 7, 9, 10, 11, 13, 14, 15, 16, 17, 18, 19, 22, 23, 25, 28, 29], "23": [1, 2, 3, 4, 5, 6, 7, 9, 10, 11, 13, 14, 15, 16, 17, 18, 19, 21, 22, 23, 25, 28, 29], "24": [0, 1, 2, 3, 4, 5, 6, 7, 9, 10, 11, 12, 13, 14, 15, 16, 17, 18, 19, 21, 22, 23, 24, 25, 28, 29], "25": [0, 1, 2, 3, 4, 5, 6, 7, 9, 10, 11, 12, 13, 14, 15, 16, 17, 18, 19, 21, 22, 23, 24, 25, 27, 28, 29], "26": [0, 1, 2, 3, 4, 5, 6, 7, 8, 9, 10, 11, 12, 13, 14, 15, 16, 17, 18, 19, 21, 22, 23, 24, 25, 27, 28, 29], "27": [0, 1, 2, 3, 4, 5, 6, 7, 8, 9, 10, 11, 12, 13, 14, 15, 16, 17, 18, 19, 20, 21, 22, 23, 24, 25, 26, 27, 28, 29], "28": [20, 26]}, "join_predecessors": {"0": [1], "2": [3], "4": [], "5": [4], "6": [5, 7], "7": [], "8": [6], "9": [8], "10": [9], "3": [10], "11": [2], "12": [11], "13": [12], "14": [13], "15": [14], "16": [15], "17": [16], "18": [17], "19": [18], "20": [19], "21": [20], "22": [21], "23": [22], "1": [23], "24": [0], "25": [24], "26": [25], "27": [26, 28], "28": []}, "intermediate_costs": [[[0, 1, 2, 3, 4, 5, 6, 7, 9, 10, 11, 13, 14, 15, 16, 17, 18, 19, 21, 22, 23, 24, 25, 28, 29], 75211.76681168059], [[1, 2, 3, 4, 5, 6, 7, 9, 10, 11, 13, 14, 15, 16, 17, 18, 19, 21, 22, 23, 24, 25, 28, 29], 44813.56734582092], [[1, 4, 7, 9, 10, 15, 17, 23, 25, 28], 3.234452382301889], [[4, 7, 9, 10, 15, 17, 23, 25, 28], 2.5148481640415876], [[4, 10], 193.0], [[4, 9, 10], 10214.59882902829], [[4, 7, 9, 10, 23], 8.802420851207355], [[7, 23], 62.0], [[4, 7, 9, 10, 17, 23], 14.716727131380486], [[4, 7, 9, 10, 17, 23, 25], 19.30531915178389], [[4, 7, 9, 10, 15, 17, 23, 25], 0.05441450251115557], [[1, 4, 7, 9, 10, 15, 17, 19, 23, 25, 28], 2.0898989233990353], [[1, 4, 7, 9, 10, 15, 17, 19, 23, 25, 28, 29], 3.5075310330982363], [[1, 4, 6, 7, 9, 10, 15, 17, 19, 23, 25, 28, 29], 1.0237739063879459], [[1, 4, 6, 7, 9, 10, 15, 17, 19, 22, 23, 25, 28, 29], 1.716151026907553], [[1, 2, 4, 6, 7, 9, 10, 15, 17, 19, 22, 23, 25, 28, 29], 2.504574267540063], [[1, 2, 4, 6, 7, 9, 10, 15, 17, 18, 19, 22, 23, 25, 28, 29], 4.102124330485396], [[1, 2, 4, 6, 7, 9, 10, 14, 15, 17, 18, 19, 22, 23, 25, 28, 29], 6.884697816961903], [[1, 2, 4, 6, 7, 9, 10, 11, 14, 15, 17, 18, 19, 22, 23, 25, 28, 29], 11.55476563770721], [[1, 2, 4, 5, 6, 7, 9, 10, 11, 14, 15, 17, 18, 19, 22, 23, 25, 28, 29], 19.392661192522947], [[1, 2, 4, 5, 6, 7, 9, 10, 11, 14, 15, 16, 17, 18, 19, 22, 23, 25, 28, 29], 32.54720389259232], [[1, 2, 3, 4, 5, 6, 7, 9, 10, 11, 14, 15, 16, 17, 18, 19, 22, 23, 25, 28, 29], 54.62481258071752], [[1, 2, 3, 4, 5, 6, 7, 9, 10, 11, 13, 14, 15, 16, 17, 18, 19, 22, 23, 25, 28, 29], 17059.601529232783], [[1, 2, 3, 4, 5, 6, 7, 9, 10, 11, 13, 14, 15, 16, 17, 18, 19, 21, 22, 23, 25, 28, 29], 26701.351442611496], [[0, 1, 2, 3, 4, 5, 6, 7, 9, 10, 11, 12, 13, 14, 15, 16, 17, 18, 19, 21, 22, 23, 24, 25, 28, 29], 1648176.1378617422], [[0, 1, 2, 3, 4, 5, 6, 7, 9, 10, 11, 12, 13, 14, 15, 16, 17, 18, 19, 21, 22, 23, 24, 25, 27, 28, 29], 2074632.2901245316], [[0, 1, 2, 3, 4, 5, 6, 7, 8, 9, 10, 11, 12, 13, 14, 15, 16, 17, 18, 19, 21, 22, 23, 24, 25, 27, 28, 29], 3481908.9320582645], [[20, 26], 149370.0]]}