{"costs": 10894986, "root_join": 1, "join_operands": {"0": [20, 26], "1": [0, 1, 2, 3, 4, 5, 6, 7, 8, 9, 10, 11, 12, 13, 14, 15, 16, 17, 18, 19, 20, 21, 22, 23, 24, 25, 26, 27, 28, 29], "2": [0, 1, 2, 3, 4, 5, 6, 7, 8, 9, 10, 11, 12, 13, 14, 15, 16, 17, 18, 19, 21, 22, 23, 24, 25, 27, 28, 29], "3": [1, 4, 6, 7, 9, 10, 15, 17, 19, 23, 25, 28, 29], "4": [1, 4, 6, 7, 9, 10, 15, 17, 23, 25, 28, 29], "5": [1, 6, 29], "6": [6, 29], "7": [4, 7, 9, 10, 15, 17, 23, 25, 28], "8": [4, 7, 9, 10, 15, 17, 23, 25], "9": [15, 17, 25], "10": [15, 25], "11": [4, 7, 9, 10, 23], "12": [7, 9, 23], "13": [7, 23], "14": [4, 10], "15": [1, 4, 6, 7, 9, 10, 15, 17, 19, 22, 23, 25, 28, 29], "16": [1, 2, 4, 6, 7, 9, 10, 15, 17, 19, 22, 23, 25, 28, 29], "17": [1, 2, 4, 6, 7, 9, 10, 15, 17, 18, 19, 22, 23, 25, 28, 29], "18": [1, 2, 4, 6, 7, 9, 10, 14, 15, 17, 18, 19, 22, 23, 25, 28, 29], "19": [1, 2, 4, 6, 7, 9, 10, 11, 14, 15, 17, 18, 19, 22, 23, 25, 28, 29], "20": [1, 2, 4, 5, 6, 7, 9, 10, 11, 14, 15, 17, 18, 19, 22, 23, 25, 28, 29], "21": [1, 2, 4, 5, 6, 7, 9, 10, 11, 14, 15, 16, 17, 18, 19, 22, 23, 25, 28, 29], "22": [1, 2, 3, 4, 5, 6, 7, 9, 10, 11, 14, 15, 16, 17, 18, 19, 22, 23, 25, 28, 29], "23": [1, 2, 3, 4, 5, 6, 7, 9, 10, 11, 13, 14, 15, 16, 17, 18, 19, 22, 23, 25, 28, 29], "24": [1, 2, 3, 4, 5, 6, 7, 9, 10, 11, 13, 14, 15, 16, 17, 18, 19, 21, 22, 23, 25, 28, 29], "25": [0, 1, 2, 3, 4, 5, 6, 7, 9, 10, 11, 13, 14, 15, 16, 17, 18, 19, 21, 22, 23, 25, 28, 29], "26": [0, 1, 2, 3, 4, 5, 6, 7, 9, 10, 11, 13, 14, 15, 16, 17, 18, 19, 21, 22, 23, 24, 25, 28, 29], "27": [0, 1, 2, 3, 4, 5, 6, 7, 9, 10, 11, 12, 13, 14, 15, 16, 17, 18, 19, 21, 22, 23, 24, 25, 28, 29], "28": [0, 1, 2, 3, 4, 5, 6, 7, 9, 10, 11, 12, 13, 14, 15, 16, 17, 18, 19, 21, 22, 23, 24, 25, 27, 28, 29]}, "join_predecessors": {"0": [], "1": [0, 2], "3": [4], "5": [6], "6": [], "4": [5, 7], "7": [8], "9": [10], "10": [], "8": [9, 11], "12": [13], "13": [], "11": [12, 14], "14": [], "15": [3], "16": [15], "17": [16], "18": [17], "19": [18], "20": [19], "21": [20], "22": [21], "23": [22], "24": [23], "25": [24], "26": [25], "27": [26], "28": [27], "2": [28]}, "intermediate_costs": [[[20, 26], 149370.0], [[0, 1, 2, 3, 4, 5, 6, 7, 8, 9, 10, 11, 12, 13, 14, 15, 16, 17, 18, 19, 21, 22, 23, 24, 25, 27, 28, 29], 3481908.9320582645], [[1, 4, 6, 7, 9, 10, 15, 17, 19, 23, 25, 28, 29], 1.0237739063879459], [[1, 4, 6, 7, 9, 10, 15, 17, 23, 25, 28, 29], 1.584453637149776], [[1, 6, 29], 3328650.785939394], [[6, 29], 19264.0], [[4, 7, 9, 10, 15, 17, 23, 25, 28], 2.5148481640415876], [[4, 7, 9, 10, 15, 17, 23, 25], 0.05441450251115557], [[15, 17, 25], 5213.417892156863], [[15, 25], 575.0], [[4, 7, 9, 10, 23], 8.802420851207355], [[7, 9, 23], 23006.976173913044], [[7, 23], 62.0], [[4, 10], 193.0], [[1, 4, 6, 7, 9, 10, 15, 17, 19, 22, 23, 25, 28, 29], 1.716151026907553], [[1, 2, 4, 6, 7, 9, 10, 15, 17, 19, 22, 23, 25, 28, 29], 2.504574267540063], [[1, 2, 4, 6, 7, 9, 10, 15, 17, 18, 19, 22, 23, 25, 28, 29], 4.102124330485396], [[1, 2, 4, 6, 7, 9, 10, 14, 15, 17, 18, 19, 22, 23, 25, 28, 29], 6.884697816961903], [[1, 2, 4, 6, 7, 9, 10, 11, 14, 15, 17, 18, 19, 22, 23, 25, 28, 29], 11.55476563770721], [[1, 2, 4, 5, 6, 7, 9, 10, 11, 14, 15, 17, 18, 19, 22, 23, 25, 28, 29], 19.392661192522947], [[1, 2, 4, 5, 6, 7, 9, 10, 11, 14, 15, 16, 17, 18, 19, 22, 23, 25, 28, 29], 32.54720389259232], [[1, 2, 3, 4, 5, 6, 7, 9, 10, 11, 14, 15, 16, 17, 18, 19, 22, 23, 25, 28, 29], 54.62481258071752], [[1, 2, 3, 4, 5, 6, 7, 9, 10, 11, 13, 14, 15, 16, 17, 18, 19, 22, 23, 25, 28, 29], 17059.601529232783], [[1, 2, 3, 4, 5, 6, 7, 9, 10, 11, 13, 14, 15, 16, 17, 18, 19, 21, 22, 23, 25, 28, 29], 26701.351442611496], [[0, 1, 2, 3, 4, 5, 6, 7, 9, 10, 11, 13, 14, 15, 16, 17, 18, 19, 21, 22, 23, 25, 28, 29], 44813.56734582091], [[0, 1, 2, 3, 4, 5, 6, 7, 9, 10, 11, 13, 14, 15, 16, 17, 18, 19, 21, 22, 23, 24, 25, 28, 29], 75211.76681168059], [[0, 1, 2, 3, 4, 5, 6, 7, 9, 10, 11, 12, 13, 14, 15, 16, 17, 18, 19, 21, 22, 23, 24, 25, 28, 29], 1648176.1378617422], [[0, 1, 2, 3, 4, 5, 6, 7, 9, 10, 11, 12, 13, 14, 15, 16, 17, 18, 19, 21, 22, 23, 24, 25, 27, 28, 29], 2074632.2901245316]]}