{"costs": 15210340, "root_join": 28, "join_operands": {"0": [4, 9], "1": [4, 9, 25], "2": [3, 4, 9, 25], "3": [1, 3, 4, 9, 25], "4": [1, 3, 4, 9, 15, 25], "5": [1, 3, 4, 9, 15, 25, 28], "6": [1, 3, 4, 9, 15, 22, 25, 28], "7": [1, 3, 4, 9, 15, 16, 22, 25, 28], "8": [1, 2, 3, 4, 9, 15, 16, 22, 25, 28], "9": [1, 2, 3, 4, 6, 9, 15, 16, 22, 25, 28], "10": [1, 2, 3, 4, 6, 9, 15, 16, 21, 22, 25, 28], "11": [1, 2, 3, 4, 6, 9, 10, 15, 16, 21, 22, 25, 28], "12": [1, 2, 3, 4, 6, 9, 10, 14, 15, 16, 21, 22, 25, 28], "13": [1, 2, 3, 4, 6, 8, 9, 10, 14, 15, 16, 21, 22, 25, 28], "14": [1, 2, 3, 4, 6, 8, 9, 10, 14, 15, 16, 21, 22, 23, 25, 28], "15": [0, 1, 2, 3, 4, 6, 8, 9, 10, 14, 15, 16, 21, 22, 23, 25, 28], "16": [0, 1, 2, 3, 4, 6, 8, 9, 10, 14, 15, 16, 21, 22, 23, 24, 25, 28], "17": [0, 1, 2, 3, 4, 6, 8, 9, 10, 14, 15, 16, 20, 21, 22, 23, 24, 25, 28], "18": [0, 1, 2, 3, 4, 6, 8, 9, 10, 14, 15, 16, 20, 21, 22, 23, 24, 25, 28, 29], "19": [0, 1, 2, 3, 4, 6, 8, 9, 10, 13, 14, 15, 16, 20, 21, 22, 23, 24, 25, 28, 29], "20": [0, 1, 2, 3, 4, 6, 8, 9, 10, 11, 13, 14, 15, 16, 20, 21, 22, 23, 24, 25, 28, 29], "21": [0, 1, 2, 3, 4, 6, 8, 9, 10, 11, 13, 14, 15, 16, 20, 21, 22, 23, 24, 25, 26, 28, 29], "22": [0, 1, 2, 3, 4, 6, 8, 9, 10, 11, 12, 13, 14, 15, 16, 20, 21, 22, 23, 24, 25, 26, 28, 29], "23": [0, 1, 2, 3, 4, 6, 7, 8, 9, 10, 11, 12, 13, 14, 15, 16, 20, 21, 22, 23, 24, 25, 26, 28, 29], "24": [0, 1, 2, 3, 4, 5, 6, 7, 8, 9, 10, 11, 12, 13, 14, 15, 16, 20, 21, 22, 23, 24, 25, 26, 28, 29], "25": [0, 1, 2, 3, 4, 5, 6, 7, 8, 9, 10, 11, 12, 13, 14, 15, 16, 17, 20, 21, 22, 23, 24, 25, 26, 28, 29], "26": [0, 1, 2, 3, 4, 5, 6, 7, 8, 9, 10, 11, 12, 13, 14, 15, 16, 17, 18, 20, 21, 22, 23, 24, 25, 26, 28, 29], "27": [0, 1, 2, 3, 4, 5, 6, 7, 8, 9, 10, 11, 12, 13, 14, 15, 16, 17, 18, 20, 21, 22, 23, 24, 25, 26, 27, 28, 29], "28": [0, 1, 2, 3, 4, 5, 6, 7, 8, 9, 10, 11, 12, 13, 14, 15, 16, 17, 18, 19, 20, 21, 22, 23, 24, 25, 26, 27, 28, 29]}, "join_predecessors": {"0": [], "1": [0], "2": [1], "3": [2], "4": [3], "5": [4], "6": [5], "7": [6], "8": [7], "9": [8], "10": [9], "11": [10], "12": [11], "13": [12], "14": [13], "15": [14], "16": [15], "17": [16], "18": [17], "19": [18], "20": [19], "21": [20], "22": [21], "23": [22], "24": [23], "25": [24], "26": [25], "27": [26], "28": [27]}, "intermediate_costs": [[[4, 9], 629.0], [[4, 9, 25], 0.016945250996830592], [[3, 4, 9, 25], 0.006168349153846283], [[1, 3, 4, 9, 25], 0.00016866895719041966], [[1, 3, 4, 9, 15, 25], 0.00020466180662890646], [[1, 3, 4, 9, 15, 25, 28], 0.0002980010108980241], [[1, 3, 4, 9, 15, 22, 25, 28], 0.00042572542437094063], [[1, 3, 4, 9, 15, 16, 22, 25, 28], 0.003155798614653506], [[1, 2, 3, 4, 9, 15, 16, 22, 25, 28], 0.11556800570172697], [[1, 2, 3, 4, 6, 9, 15, 16, 22, 25, 28], 0.017692756530468312], [[1, 2, 3, 4, 6, 9, 15, 16, 21, 22, 25, 28], 0.025388669085898877], [[1, 2, 3, 4, 6, 9, 10, 15, 16, 21, 22, 25, 28], 0.06101906954672512], [[1, 2, 3, 4, 6, 9, 10, 14, 15, 16, 21, 22, 25, 28], 0.07552123898601086], [[1, 2, 3, 4, 6, 8, 9, 10, 14, 15, 16, 21, 22, 25, 28], 0.10385565087046986], [[1, 2, 3, 4, 6, 8, 9, 10, 14, 15, 16, 21, 22, 23, 25, 28], 0.15122191892187367], [[0, 1, 2, 3, 4, 6, 8, 9, 10, 14, 15, 16, 21, 22, 23, 25, 28], 2.862481670921675], [[0, 1, 2, 3, 4, 6, 8, 9, 10, 14, 15, 16, 21, 22, 23, 24, 25, 28], 4.167996138522601], [[0, 1, 2, 3, 4, 6, 8, 9, 10, 14, 15, 16, 20, 21, 22, 23, 24, 25, 28], 670.5390422628873], [[0, 1, 2, 3, 4, 6, 8, 9, 10, 14, 15, 16, 20, 21, 22, 23, 24, 25, 28, 29], 943.811855923929], [[0, 1, 2, 3, 4, 6, 8, 9, 10, 13, 14, 15, 16, 20, 21, 22, 23, 24, 25, 28, 29], 1368.6884918067792], [[0, 1, 2, 3, 4, 6, 8, 9, 10, 11, 13, 14, 15, 16, 20, 21, 22, 23, 24, 25, 28, 29], 1992.9170988156511], [[0, 1, 2, 3, 4, 6, 8, 9, 10, 11, 13, 14, 15, 16, 20, 21, 22, 23, 24, 25, 26, 28, 29], 2671.537214700584], [[0, 1, 2, 3, 4, 6, 8, 9, 10, 11, 12, 13, 14, 15, 16, 20, 21, 22, 23, 24, 25, 26, 28, 29], 3889.9663438771527], [[0, 1, 2, 3, 4, 6, 7, 8, 9, 10, 11, 12, 13, 14, 15, 16, 20, 21, 22, 23, 24, 25, 26, 28, 29], 6652.150672114758], [[0, 1, 2, 3, 4, 5, 6, 7, 8, 9, 10, 11, 12, 13, 14, 15, 16, 20, 21, 22, 23, 24, 25, 26, 28, 29], 263179.2707229841], [[0, 1, 2, 3, 4, 5, 6, 7, 8, 9, 10, 11, 12, 13, 14, 15, 16, 17, 20, 21, 22, 23, 24, 25, 26, 28, 29], 3289352.716162744], [[0, 1, 2, 3, 4, 5, 6, 7, 8, 9, 10, 11, 12, 13, 14, 15, 16, 17, 18, 20, 21, 22, 23, 24, 25, 26, 28, 29], 4789553.864499969], [[0, 1, 2, 3, 4, 5, 6, 7, 8, 9, 10, 11, 12, 13, 14, 15, 16, 17, 18, 20, 21, 22, 23, 24, 25, 26, 27, 28, 29], 6849428.103646881]]}