{"costs": 6923625, "root_join": 0, "join_operands": {"0": [0, 1, 2, 3, 4, 5, 6, 7, 8, 9, 10, 11, 12, 13, 14, 15, 16, 17, 18, 19, 20, 21, 22, 23, 24, 25, 26, 27, 28, 29], "1": [0, 1, 2, 3, 4, 5, 7, 8, 10, 11, 12, 13, 14, 15, 16, 17, 19, 21, 22, 23, 24, 26, 27, 28], "2": [6, 9, 18, 20, 25, 29], "3": [0, 1, 2, 4, 5, 7, 8, 10, 11, 12, 13, 14, 16, 17, 19, 21, 22, 23, 24, 26, 27, 28], "4": [6, 9, 18, 25, 29], "5": [3, 15], "6": [], "7": [0, 1, 2, 4, 5, 7, 8, 10, 11, 12, 13, 14, 16, 17, 19, 21, 23, 24, 26, 27, 28], "8": [6, 9, 18, 29], "9": [], "10": [], "11": [], "12": [], "13": [], "14": [], "15": [0, 1, 2, 4, 5, 8, 10, 11, 12, 13, 14, 17, 19, 21, 23, 24, 26, 27, 28], "16": [6, 9, 18], "17": [], "18": [], "19": [], "20": [], "21": [], "22": [], "23": [7, 16], "24": [], "25": [], "26": [], "27": [], "28": [], "29": [0, 1, 2, 4, 5, 8, 10, 11, 12, 13, 14, 17, 19, 24, 26, 27], "30": [1, 2, 4, 5, 8, 10, 11, 12, 13, 14, 17, 19, 24, 26, 27], "31": [2, 4, 5, 8, 10, 11, 12, 13, 14, 17, 19, 24, 26, 27], "32": [2, 5, 8, 12, 13, 14, 17, 19, 24, 26, 27], "33": [5, 8, 12, 13, 14, 17, 19, 24, 26, 27], "34": [5, 14], "35": [5, 14, 27], "36": [5, 8, 14, 27], "37": [5, 8, 12, 14, 27], "38": [5, 8, 12, 14, 17, 27], "39": [5, 8, 12, 14, 17, 24, 27], "40": [5, 8, 12, 13, 14, 17, 24, 27], "41": [5, 8, 12, 13, 14, 17, 19, 24, 27], "42": [2, 5, 8, 10, 12, 13, 14, 17, 19, 24, 26, 27], "43": [2, 4, 5, 8, 10, 12, 13, 14, 17, 19, 24, 26, 27], "44": [0, 1, 2, 4, 5, 8, 10, 11, 12, 13, 14, 17, 19, 21, 24, 26, 27], "45": [0, 1, 2, 4, 5, 8, 10, 11, 12, 13, 14, 17, 19, 21, 24, 26, 27, 28], "47": [9, 18]}, "join_predecessors": {"0": [1, 2], "1": [3, 5], "2": [4], "3": [7], "4": [8], "5": [], "6": [], "7": [15, 23], "8": [16], "9": [], "10": [], "11": [], "12": [], "13": [], "14": [], "15": [45], "16": [47], "17": [], "18": [], "19": [], "20": [], "21": [], "22": [], "23": [], "24": [], "25": [], "26": [], "27": [], "28": [], "29": [30], "30": [31], "32": [33], "34": [], "35": [34], "36": [35], "37": [36], "38": [37], "39": [38], "40": [39], "41": [40], "33": [41], "42": [32], "43": [42], "31": [43], "44": [29], "45": [44], "47": []}, "intermediate_costs": [[[0, 1, 2, 3, 4, 5, 7, 8, 10, 11, 12, 13, 14, 15, 16, 17, 19, 21, 22, 23, 24, 26, 27, 28], 1479744.2761555745], [[6, 9, 18, 20, 25, 29], 417994.12865848205], [[0, 1, 2, 4, 5, 7, 8, 10, 11, 12, 13, 14, 16, 17, 19, 21, 22, 23, 24, 26, 27, 28], 818256.4298780183], [[6, 9, 18, 25, 29], 405900.2456106451], [[3, 15], 595075.0], [[0, 1, 2, 4, 5, 7, 8, 10, 11, 12, 13, 14, 16, 17, 19, 21, 23, 24, 26, 27, 28], 758464.927018418], [[6, 9, 18, 29], 403904.79410728137], [[0, 1, 2, 4, 5, 8, 10, 11, 12, 13, 14, 17, 19, 21, 23, 24, 26, 27, 28], 673396.3050184884], [[6, 9, 18], 18702.649223497174], [[7, 16], 42804.99999999999], [[0, 1, 2, 4, 5, 8, 10, 11, 12, 13, 14, 17, 19, 24, 26, 27], 15509.289403342193], [[1, 2, 4, 5, 8, 10, 11, 12, 13, 14, 17, 19, 24, 26, 27], 14376.088520886298], [[2, 4, 5, 8, 10, 11, 12, 13, 14, 17, 19, 24, 26, 27], 12056.506761986691], [[2, 5, 8, 12, 13, 14, 17, 19, 24, 26, 27], 2557.6412913253366], [[5, 8, 12, 13, 14, 17, 19, 24, 26, 27], 2634.1660473448114], [[5, 14], 197.0], [[5, 14, 27], 659.4943131313131], [[5, 8, 14, 27], 711.4826923076773], [[5, 8, 12, 14, 27], 766.574087180612], [[5, 8, 12, 14, 17, 27], 827.0036367879424], [[5, 8, 12, 14, 17, 24, 27], 892.1968883346059], [[5, 8, 12, 13, 14, 17, 24, 27], 962.5293676405742], [[5, 8, 12, 13, 14, 17, 19, 24, 27], 1825.589160309545], [[2, 5, 8, 10, 12, 13, 14, 17, 19, 24, 26, 27], 2759.1834250817733], [[2, 4, 5, 8, 10, 12, 13, 14, 17, 19, 24, 26, 27], 11175.520626608706], [[0, 1, 2, 4, 5, 8, 10, 11, 12, 13, 14, 17, 19, 21, 24, 26, 27], 593319.6827263058], [[0, 1, 2, 4, 5, 8, 10, 11, 12, 13, 14, 17, 19, 21, 24, 26, 27, 28], 630815.9462743576], [[9, 18], 17336.0]]}