{"costs": 1804212, "root_join": 28, "join_operands": {"0": [0, 5, 8, 9, 11, 18, 20, 23, 24], "1": [5, 8, 9, 11, 18, 20, 23, 24], "2": [8, 9, 11, 18, 20, 23, 24], "3": [8, 9, 11, 18, 20, 24], "4": [9, 11, 20, 24], "5": [11, 20, 24], "6": [11, 20], "7": [8, 9, 11, 20, 24], "8": [0, 5, 8, 9, 11, 18, 19, 20, 23, 24], "9": [0, 5, 8, 9, 11, 17, 18, 19, 20, 23, 24], "10": [0, 5, 8, 9, 10, 11, 17, 18, 19, 20, 23, 24], "11": [0, 5, 8, 9, 10, 11, 17, 18, 19, 20, 23, 24, 25], "12": [0, 2, 5, 8, 9, 10, 11, 17, 18, 19, 20, 23, 24, 25], "13": [0, 2, 5, 8, 9, 10, 11, 17, 18, 19, 20, 23, 24, 25, 28], "14": [0, 2, 5, 8, 9, 10, 11, 17, 18, 19, 20, 23, 24, 25, 27, 28], "15": [0, 2, 5, 8, 9, 10, 11, 17, 18, 19, 20, 23, 24, 25, 26, 27, 28], "16": [0, 2, 5, 8, 9, 10, 11, 14, 17, 18, 19, 20, 23, 24, 25, 26, 27, 28], "17": [0, 2, 5, 7, 8, 9, 10, 11, 14, 17, 18, 19, 20, 23, 24, 25, 26, 27, 28], "18": [0, 2, 4, 5, 7, 8, 9, 10, 11, 14, 17, 18, 19, 20, 21, 23, 24, 25, 26, 27, 28], "19": [4, 21], "20": [0, 2, 4, 5, 7, 8, 9, 10, 11, 14, 15, 17, 18, 19, 20, 21, 23, 24, 25, 26, 27, 28], "21": [0, 1, 2, 4, 5, 7, 8, 9, 10, 11, 14, 15, 17, 18, 19, 20, 21, 23, 24, 25, 26, 27, 28], "22": [0, 1, 2, 4, 5, 7, 8, 9, 10, 11, 14, 15, 17, 18, 19, 20, 21, 23, 24, 25, 26, 27, 28, 29], "23": [0, 1, 2, 4, 5, 7, 8, 9, 10, 11, 12, 14, 15, 17, 18, 19, 20, 21, 23, 24, 25, 26, 27, 28, 29], "24": [0, 1, 2, 4, 5, 7, 8, 9, 10, 11, 12, 14, 15, 17, 18, 19, 20, 21, 22, 23, 24, 25, 26, 27, 28, 29], "25": [0, 1, 2, 3, 4, 5, 7, 8, 9, 10, 11, 12, 14, 15, 17, 18, 19, 20, 21, 22, 23, 24, 25, 26, 27, 28, 29], "26": [0, 1, 2, 3, 4, 5, 7, 8, 9, 10, 11, 12, 14, 15, 16, 17, 18, 19, 20, 21, 22, 23, 24, 25, 26, 27, 28, 29], "27": [0, 1, 2, 3, 4, 5, 6, 7, 8, 9, 10, 11, 12, 14, 15, 16, 17, 18, 19, 20, 21, 22, 23, 24, 25, 26, 27, 28, 29], "28": [0, 1, 2, 3, 4, 5, 6, 7, 8, 9, 10, 11, 12, 13, 14, 15, 16, 17, 18, 19, 20, 21, 22, 23, 24, 25, 26, 27, 28, 29]}, "join_predecessors": {"0": [1], "1": [2], "2": [3], "4": [5], "6": [], "5": [6], "7": [4], "3": [7], "8": [0], "9": [8], "10": [9], "11": [10], "12": [11], "13": [12], "14": [13], "15": [14], "16": [15], "17": [16], "18": [17, 19], "19": [], "20": [18], "21": [20], "22": [21], "23": [22], "24": [23], "25": [24], "26": [25], "27": [26], "28": [27]}, "intermediate_costs": [[[0, 5, 8, 9, 11, 18, 20, 23, 24], 1.2574233698811063e-09], [[5, 8, 9, 11, 18, 20, 23, 24], 4.436908176580475e-06], [[8, 9, 11, 18, 20, 23, 24], 0.0021633930722668193], [[8, 9, 11, 18, 20, 24], 0.00029915799206593546], [[9, 11, 20, 24], 0.03568310484817746], [[11, 20, 24], 0.07056594110115237], [[11, 20], 332.0], [[8, 9, 11, 20, 24], 0.23711040852633403], [[0, 5, 8, 9, 11, 18, 19, 20, 23, 24], 8.300514822457631e-09], [[0, 5, 8, 9, 11, 17, 18, 19, 20, 23, 24], 5.515629339532976e-08], [[0, 5, 8, 9, 10, 11, 17, 18, 19, 20, 23, 24], 3.665094756900543e-07], [[0, 5, 8, 9, 10, 11, 17, 18, 19, 20, 23, 24, 25], 2.435428280314235e-06], [[0, 2, 5, 8, 9, 10, 11, 17, 18, 19, 20, 23, 24, 25], 6.548291647088064e-05], [[0, 2, 5, 8, 9, 10, 11, 17, 18, 19, 20, 23, 24, 25, 28], 0.0004351291249768946], [[0, 2, 5, 8, 9, 10, 11, 17, 18, 19, 20, 23, 24, 25, 27, 28], 0.0028914007745417646], [[0, 2, 5, 8, 9, 10, 11, 17, 18, 19, 20, 23, 24, 25, 26, 27, 28], 1.0224311001150543], [[0, 2, 5, 8, 9, 10, 11, 14, 17, 18, 19, 20, 23, 24, 25, 26, 27, 28], 6.793978896317988], [[0, 2, 5, 7, 8, 9, 10, 11, 14, 17, 18, 19, 20, 23, 24, 25, 26, 27, 28], 45.14548600708432], [[0, 2, 4, 5, 7, 8, 9, 10, 11, 14, 17, 18, 19, 20, 21, 23, 24, 25, 26, 27, 28], 4.189725131823357], [[4, 21], 1243.0], [[0, 2, 4, 5, 7, 8, 9, 10, 11, 14, 15, 17, 18, 19, 20, 21, 23, 24, 25, 26, 27, 28], 2434.296115188316], [[0, 1, 2, 4, 5, 7, 8, 9, 10, 11, 14, 15, 17, 18, 19, 20, 21, 23, 24, 25, 26, 27, 28], 18.38105270108004], [[0, 1, 2, 4, 5, 7, 8, 9, 10, 11, 14, 15, 17, 18, 19, 20, 21, 23, 24, 25, 26, 27, 28, 29], 120.03485853742548], [[0, 1, 2, 4, 5, 7, 8, 9, 10, 11, 12, 14, 15, 17, 18, 19, 20, 21, 23, 24, 25, 26, 27, 28, 29], 797.6227397247892], [[0, 1, 2, 4, 5, 7, 8, 9, 10, 11, 12, 14, 15, 17, 18, 19, 20, 21, 22, 23, 24, 25, 26, 27, 28, 29], 5242.845148241394], [[0, 1, 2, 3, 4, 5, 7, 8, 9, 10, 11, 12, 14, 15, 17, 18, 19, 20, 21, 22, 23, 24, 25, 26, 27, 28, 29], 34632.57922695864], [[0, 1, 2, 3, 4, 5, 7, 8, 9, 10, 11, 12, 14, 15, 16, 17, 18, 19, 20, 21, 22, 23, 24, 25, 26, 27, 28, 29], 230130.92262797971], [[0, 1, 2, 3, 4, 5, 6, 7, 8, 9, 10, 11, 12, 14, 15, 16, 17, 18, 19, 20, 21, 22, 23, 24, 25, 26, 27, 28, 29], 1529202.927755954]]}