{"costs": 28014884, "root_join": 28, "join_operands": {"0": [1, 15], "1": [1, 3, 15], "2": [1, 3, 15, 24], "3": [1, 3, 11, 15, 24], "4": [1, 3, 11, 15, 20, 24], "5": [1, 3, 9, 11, 15, 20, 24], "6": [1, 3, 8, 9, 11, 15, 20, 24], "7": [1, 3, 8, 9, 11, 15, 18, 20, 24], "8": [1, 3, 8, 9, 11, 15, 18, 19, 20, 24], "9": [1, 3, 8, 9, 11, 15, 18, 19, 20, 23, 24], "10": [1, 3, 5, 8, 9, 11, 15, 18, 19, 20, 23, 24], "11": [0, 1, 3, 5, 8, 9, 11, 15, 18, 19, 20, 23, 24], "12": [0, 1, 3, 5, 8, 9, 11, 15, 17, 18, 19, 20, 23, 24], "13": [0, 1, 3, 5, 8, 9, 10, 11, 15, 17, 18, 19, 20, 23, 24], "14": [0, 1, 3, 5, 8, 9, 10, 11, 15, 17, 18, 19, 20, 23, 24, 25], "15": [0, 1, 2, 3, 5, 8, 9, 10, 11, 15, 17, 18, 19, 20, 23, 24, 25], "16": [0, 1, 2, 3, 5, 8, 9, 10, 11, 15, 17, 18, 19, 20, 23, 24, 25, 28], "17": [0, 1, 2, 3, 5, 8, 9, 10, 11, 15, 17, 18, 19, 20, 23, 24, 25, 27, 28], "18": [0, 1, 2, 3, 5, 8, 9, 10, 11, 15, 17, 18, 19, 20, 23, 24, 25, 26, 27, 28], "19": [0, 1, 2, 3, 5, 6, 8, 9, 10, 11, 15, 17, 18, 19, 20, 23, 24, 25, 26, 27, 28], "20": [0, 1, 2, 3, 5, 6, 8, 9, 10, 11, 13, 15, 17, 18, 19, 20, 23, 24, 25, 26, 27, 28], "21": [0, 1, 2, 3, 5, 6, 8, 9, 10, 11, 13, 14, 15, 17, 18, 19, 20, 23, 24, 25, 26, 27, 28], "22": [0, 1, 2, 3, 5, 6, 7, 8, 9, 10, 11, 13, 14, 15, 17, 18, 19, 20, 23, 24, 25, 26, 27, 28], "23": [0, 1, 2, 3, 5, 6, 7, 8, 9, 10, 11, 13, 14, 15, 16, 17, 18, 19, 20, 23, 24, 25, 26, 27, 28], "24": [0, 1, 2, 3, 4, 5, 6, 7, 8, 9, 10, 11, 13, 14, 15, 16, 17, 18, 19, 20, 23, 24, 25, 26, 27, 28], "25": [0, 1, 2, 3, 4, 5, 6, 7, 8, 9, 10, 11, 13, 14, 15, 16, 17, 18, 19, 20, 21, 23, 24, 25, 26, 27, 28], "26": [0, 1, 2, 3, 4, 5, 6, 7, 8, 9, 10, 11, 13, 14, 15, 16, 17, 18, 19, 20, 21, 23, 24, 25, 26, 27, 28, 29], "27": [0, 1, 2, 3, 4, 5, 6, 7, 8, 9, 10, 11, 12, 13, 14, 15, 16, 17, 18, 19, 20, 21, 23, 24, 25, 26, 27, 28, 29], "28": [0, 1, 2, 3, 4, 5, 6, 7, 8, 9, 10, 11, 12, 13, 14, 15, 16, 17, 18, 19, 20, 21, 22, 23, 24, 25, 26, 27, 28, 29]}, "join_predecessors": {"0": [], "1": [0], "2": [1], "3": [2], "4": [3], "5": [4], "6": [5], "7": [6], "8": [7], "9": [8], "10": [9], "11": [10], "12": [11], "13": [12], "14": [13], "15": [14], "16": [15], "17": [16], "18": [17], "19": [18], "20": [19], "21": [20], "22": [21], "23": [22], "24": [23], "25": [24], "26": [25], "27": [26], "28": [27]}, "intermediate_costs": [[[1, 15], 31691.0], [[1, 3, 15], 209340.73718536092], [[1, 3, 15, 24], 1391053.686333377], [[1, 3, 11, 15, 24], 19242.909327611713], [[1, 3, 11, 15, 20, 24], 2.0450210937154574], [[1, 3, 9, 11, 15, 20, 24], 1.0341065528932842], [[1, 3, 8, 9, 11, 15, 20, 24], 6.871527246845207], [[1, 3, 8, 9, 11, 15, 18, 20, 24], 0.008669683909571055], [[1, 3, 8, 9, 11, 15, 18, 19, 20, 24], 0.057230397908240964], [[1, 3, 8, 9, 11, 15, 18, 19, 20, 23, 24], 0.41386775430179185], [[1, 3, 5, 8, 9, 11, 15, 18, 19, 20, 23, 24], 0.0008488023959328564], [[0, 1, 3, 5, 8, 9, 11, 15, 18, 19, 20, 23, 24], 2.4055128629676093e-07], [[0, 1, 3, 5, 8, 9, 11, 15, 17, 18, 19, 20, 23, 24], 1.5984451094178905e-06], [[0, 1, 3, 5, 8, 9, 10, 11, 15, 17, 18, 19, 20, 23, 24], 1.0621549109057568e-05], [[0, 1, 3, 5, 8, 9, 10, 11, 15, 17, 18, 19, 20, 23, 24, 25], 7.057940598190985e-05], [[0, 1, 2, 3, 5, 8, 9, 10, 11, 15, 17, 18, 19, 20, 23, 24, 25], 0.0018977135905974816], [[0, 1, 2, 3, 5, 8, 9, 10, 11, 15, 17, 18, 19, 20, 23, 24, 25, 28], 0.012610166111044289], [[0, 1, 2, 3, 5, 8, 9, 10, 11, 15, 17, 18, 19, 20, 23, 24, 25, 27, 28], 0.08379361887694797], [[0, 1, 2, 3, 5, 8, 9, 10, 11, 15, 17, 18, 19, 20, 23, 24, 25, 26, 27, 28], 29.630344809102837], [[0, 1, 2, 3, 5, 6, 8, 9, 10, 11, 15, 17, 18, 19, 20, 23, 24, 25, 26, 27, 28], 196.89144559571469], [[0, 1, 2, 3, 5, 6, 8, 9, 10, 11, 13, 15, 17, 18, 19, 20, 23, 24, 25, 26, 27, 28], 1280.1929575401462], [[0, 1, 2, 3, 5, 6, 8, 9, 10, 11, 13, 14, 15, 17, 18, 19, 20, 23, 24, 25, 26, 27, 28], 8506.787338299786], [[0, 1, 2, 3, 5, 6, 7, 8, 9, 10, 11, 13, 14, 15, 17, 18, 19, 20, 23, 24, 25, 26, 27, 28], 56526.97110298473], [[0, 1, 2, 3, 5, 6, 7, 8, 9, 10, 11, 13, 14, 15, 16, 17, 18, 19, 20, 23, 24, 25, 26, 27, 28], 375617.5342311464], [[0, 1, 2, 3, 4, 5, 6, 7, 8, 9, 10, 11, 13, 14, 15, 16, 17, 18, 19, 20, 23, 24, 25, 26, 27, 28], 24146215.893321563], [[0, 1, 2, 3, 4, 5, 6, 7, 8, 9, 10, 11, 13, 14, 15, 16, 17, 18, 19, 20, 21, 23, 24, 25, 26, 27, 28], 34859.171144481654], [[0, 1, 2, 3, 4, 5, 6, 7, 8, 9, 10, 11, 13, 14, 15, 16, 17, 18, 19, 20, 21, 23, 24, 25, 26, 27, 28, 29], 227642.8747094499], [[0, 1, 2, 3, 4, 5, 6, 7, 8, 9, 10, 11, 12, 13, 14, 15, 16, 17, 18, 19, 20, 21, 23, 24, 25, 26, 27, 28, 29], 1512670.032830221]]}