{"costs": 7168114.918687957, "int_costs": [[[0, 1, 2, 3, 4, 5, 6, 8, 9, 10, 11, 12, 13, 14, 15, 16, 17, 18, 19, 20, 21, 22, 23, 24, 25, 26, 27, 28, 29, 30, 31, 32, 33, 34, 35, 36, 37, 38, 39], 6881786.580844113], [[0, 1, 2, 3, 4, 5, 6, 8, 9, 10, 11, 12, 13, 14, 15, 16, 17, 18, 19, 20, 21, 22, 23, 24, 25, 26, 27, 28, 29, 31, 32, 33, 34, 35, 36, 37, 38, 39], 63771.74482087419], [[0, 1, 2, 3, 4, 5, 6, 8, 9, 10, 11, 12, 13, 14, 15, 16, 17, 19, 20, 21, 22, 23, 24, 25, 26, 27, 28, 29, 31, 32, 33, 34, 35, 36, 37, 38, 39], 44854.789740539665], [[0, 1, 2, 3, 4, 5, 6, 8, 9, 11, 12, 13, 14, 15, 16, 17, 19, 20, 21, 23, 24, 25, 26, 27, 28, 29, 31, 32, 33, 34, 35, 36, 37, 38, 39], 21444.9249625197], [[10, 22], 125822.99999999999], [[0, 1, 2, 3, 4, 5, 6, 8, 9, 11, 12, 13, 14, 15, 16, 17, 19, 20, 21, 23, 24, 25, 26, 27, 28, 29, 31, 32, 33, 34, 35, 37, 38, 39], 14827.947218355663], [[1, 2, 3, 4, 5, 6, 8, 9, 11, 12, 13, 14, 15, 16, 17, 19, 20, 21, 23, 24, 25, 26, 27, 28, 29, 31, 32, 33, 34, 35, 37, 38, 39], 1114.800739577266], [[1, 2, 3, 4, 5, 6, 8, 9, 11, 12, 13, 14, 15, 16, 17, 19, 20, 21, 23, 24, 25, 26, 27, 28, 29, 31, 32, 33, 34, 35, 37, 39], 770.8216003991469], [[1, 2, 3, 4, 5, 6, 8, 9, 11, 12, 13, 14, 15, 16, 17, 19, 20, 21, 23, 24, 25, 26, 27, 29, 31, 32, 33, 34, 35, 37, 39], 789.4758828634305], [[1, 2, 3, 4, 5, 6, 8, 9, 12, 13, 14, 15, 16, 17, 19, 20, 21, 23, 24, 25, 26, 27, 29, 31, 32, 33, 34, 35, 37, 39], 545.8777908129937], [[1, 2, 3, 4, 5, 6, 8, 9, 12, 13, 14, 15, 16, 17, 19, 20, 21, 23, 24, 25, 26, 27, 29, 31, 32, 34, 35, 37, 39], 377.4508387612894], [[1, 2, 3, 4, 5, 6, 8, 12, 13, 14, 15, 16, 17, 19, 20, 21, 23, 24, 25, 26, 27, 29, 31, 32, 34, 35, 37, 39], 260.99089957372496], [[1, 2, 3, 4, 5, 6, 8, 12, 13, 14, 15, 16, 17, 19, 20, 21, 24, 25, 26, 27, 29, 31, 32, 34, 35, 37, 39], 181.22527221985717], [[1, 2, 3, 4, 5, 6, 8, 12, 13, 14, 15, 16, 17, 19, 20, 21, 24, 25, 26, 27, 29, 31, 32, 34, 35, 37], 126.58565856060378], [[1, 20], 5782.0], [[1, 8, 16, 20, 35], 23.01043853742781], [[8, 16, 35], 3095.678451327434], [[8, 16], 645.0], [[1, 8, 16, 20, 25, 35], 32.98434868814887], [[1, 8, 13, 16, 20, 25, 35], 47.70359742707136], [[1, 4, 8, 12, 13, 15, 16, 17, 20, 21, 25, 31, 32, 35], 0.161229023182841], [[4, 12, 15, 17, 21, 31, 32], 189.29286188073135], [[4, 12, 15, 17, 21, 31], 241.13431765181477], [[12, 15, 17, 21, 31], 166.7307295777457], [[15, 17, 21, 31], 629.9525764788787], [[15, 17, 21], 208.26003373945642], [[17, 21], 144.0], [[1, 4, 8, 12, 13, 15, 16, 17, 19, 20, 21, 25, 31, 32, 35], 0.18654202907283407], [[1, 4, 6, 8, 12, 13, 15, 16, 17, 19, 20, 21, 25, 31, 32, 35], 0.26978629607819876], [[1, 4, 5, 6, 8, 12, 13, 15, 16, 17, 19, 20, 21, 25, 31, 32, 35], 0.39017843070309505], [[1, 4, 5, 6, 8, 12, 13, 15, 16, 17, 19, 20, 21, 25, 26, 31, 32, 35], 0.5907459950832331], [[1, 4, 5, 6, 8, 12, 13, 15, 16, 17, 19, 20, 21, 25, 26, 31, 32, 34, 35], 0.8543650728234653], [[1, 4, 5, 6, 8, 12, 13, 15, 16, 17, 19, 20, 21, 25, 26, 29, 31, 32, 34, 35], 1.2356235738133108], [[1, 2, 4, 5, 6, 8, 12, 13, 15, 16, 17, 19, 20, 21, 25, 26, 29, 31, 32, 34, 35], 1.7870210770483042], [[1, 2, 4, 5, 6, 8, 12, 13, 14, 15, 16, 17, 19, 20, 21, 25, 26, 29, 31, 32, 34, 35], 37.38263008859216], [[1, 2, 4, 5, 6, 8, 12, 13, 14, 15, 16, 17, 19, 20, 21, 25, 26, 29, 31, 32, 34, 35, 37], 42.050197590616676], [[1, 2, 3, 4, 5, 6, 8, 12, 13, 14, 15, 16, 17, 19, 20, 21, 25, 26, 29, 31, 32, 34, 35, 37], 60.51989030419597], [[1, 2, 3, 4, 5, 6, 8, 12, 13, 14, 15, 16, 17, 19, 20, 21, 24, 25, 26, 29, 31, 32, 34, 35, 37], 87.52685399448643]]}