{"costs": 16395943, "root_join": 28, "join_operands": {"0": [0, 1, 2, 3, 5, 6, 7, 8, 10, 11, 12, 13, 14, 16, 17, 18, 19, 20, 22, 23, 24, 25, 27, 29], "1": [1, 2, 3, 5, 6, 7, 8, 10, 11, 12, 13, 14, 16, 17, 18, 19, 20, 22, 23, 24, 25, 27, 29], "2": [23, 25], "3": [14, 23, 25], "4": [14, 19, 23, 25], "5": [1, 2, 3, 6, 7, 10, 11, 12, 13, 14, 16, 18, 19, 20, 23, 24, 25, 27, 29], "6": [1, 2, 3, 6, 7, 10, 11, 12, 13, 16, 18, 20, 24, 27, 29], "7": [1, 2, 3, 7, 10, 11, 12, 13, 16, 18, 20, 24, 27, 29], "8": [16, 20], "9": [3, 16, 20], "10": [3, 16, 20, 24], "11": [3, 7, 16, 20, 24], "12": [3, 7, 10, 16, 20, 24], "13": [3, 7, 10, 16, 18, 20, 24], "14": [3, 7, 10, 13, 16, 18, 20, 24], "15": [3, 7, 10, 12, 13, 16, 18, 20, 24], "16": [3, 7, 10, 12, 13, 16, 18, 20, 24, 27], "17": [3, 7, 10, 11, 12, 13, 16, 18, 20, 24, 27], "18": [1, 3, 7, 10, 11, 12, 13, 16, 18, 20, 24, 27], "19": [1, 3, 7, 10, 11, 12, 13, 16, 18, 20, 24, 27, 29], "20": [1, 2, 3, 6, 7, 8, 10, 11, 12, 13, 14, 16, 18, 19, 20, 23, 24, 25, 27, 29], "21": [1, 2, 3, 6, 7, 8, 10, 11, 12, 13, 14, 16, 17, 18, 19, 20, 23, 24, 25, 27, 29], "22": [1, 2, 3, 5, 6, 7, 8, 10, 11, 12, 13, 14, 16, 17, 18, 19, 20, 23, 24, 25, 27, 29], "23": [0, 1, 2, 3, 5, 6, 7, 8, 10, 11, 12, 13, 14, 15, 16, 17, 18, 19, 20, 22, 23, 24, 25, 27, 29], "24": [0, 1, 2, 3, 4, 5, 6, 7, 8, 10, 11, 12, 13, 14, 15, 16, 17, 18, 19, 20, 22, 23, 24, 25, 27, 29], "25": [0, 1, 2, 3, 4, 5, 6, 7, 8, 10, 11, 12, 13, 14, 15, 16, 17, 18, 19, 20, 22, 23, 24, 25, 26, 27, 29], "26": [0, 1, 2, 3, 4, 5, 6, 7, 8, 10, 11, 12, 13, 14, 15, 16, 17, 18, 19, 20, 22, 23, 24, 25, 26, 27, 28, 29], "27": [0, 1, 2, 3, 4, 5, 6, 7, 8, 10, 11, 12, 13, 14, 15, 16, 17, 18, 19, 20, 21, 22, 23, 24, 25, 26, 27, 28, 29], "28": [0, 1, 2, 3, 4, 5, 6, 7, 8, 9, 10, 11, 12, 13, 14, 15, 16, 17, 18, 19, 20, 21, 22, 23, 24, 25, 26, 27, 28, 29]}, "join_predecessors": {"0": [1], "2": [], "3": [2], "4": [3], "5": [4, 6], "6": [7], "8": [], "9": [8], "10": [9], "11": [10], "12": [11], "13": [12], "14": [13], "15": [14], "16": [15], "17": [16], "18": [17], "19": [18], "7": [19], "20": [5], "21": [20], "22": [21], "1": [22], "23": [0], "24": [23], "25": [24], "26": [25], "27": [26], "28": [27]}, "intermediate_costs": [[[0, 1, 2, 3, 5, 6, 7, 8, 10, 11, 12, 13, 14, 16, 17, 18, 19, 20, 22, 23, 24, 25, 27, 29], 66439.00297996352], [[1, 2, 3, 5, 6, 7, 8, 10, 11, 12, 13, 14, 16, 17, 18, 19, 20, 22, 23, 24, 25, 27, 29], 42313.56162298175], [[23, 25], 3212.0], [[14, 23, 25], 5043.349446049416], [[14, 19, 23, 25], 29520.14803244874], [[1, 2, 3, 6, 7, 10, 11, 12, 13, 14, 16, 18, 19, 20, 23, 24, 25, 27, 29], 8378.28685572111], [[1, 2, 3, 6, 7, 10, 11, 12, 13, 16, 18, 20, 24, 27, 29], 684633.4263240113], [[1, 2, 3, 7, 10, 11, 12, 13, 16, 18, 20, 24, 27, 29], 781.7032441230314], [[16, 20], 1258.0], [[3, 16, 20], 0.17954612937433725], [[3, 16, 20, 24], 0.27063926298999297], [[3, 7, 16, 20, 24], 0.3824516801219059], [[3, 7, 10, 16, 20, 24], 0.6005065055434106], [[3, 7, 10, 16, 18, 20, 24], 0.942887599319392], [[3, 7, 10, 13, 16, 18, 20, 24], 1.4804826091059324], [[3, 7, 10, 12, 13, 16, 18, 20, 24], 2.324592381494867], [[3, 7, 10, 12, 13, 16, 18, 20, 24, 27], 3.649978602910026], [[3, 7, 10, 11, 12, 13, 16, 18, 20, 24, 27], 5.731045289395632], [[1, 3, 7, 10, 11, 12, 13, 16, 18, 20, 24, 27], 8.998650031091664], [[1, 3, 7, 10, 11, 12, 13, 16, 18, 20, 24, 27, 29], 14.129294844414654], [[1, 2, 3, 6, 7, 8, 10, 11, 12, 13, 14, 16, 18, 19, 20, 23, 24, 25, 27, 29], 11275.90696283598], [[1, 2, 3, 6, 7, 8, 10, 11, 12, 13, 14, 16, 17, 18, 19, 20, 23, 24, 25, 27, 29], 17162.97368049138], [[1, 2, 3, 5, 6, 7, 8, 10, 11, 12, 13, 14, 16, 17, 18, 19, 20, 23, 24, 25, 27, 29], 26948.590725058555], [[0, 1, 2, 3, 5, 6, 7, 8, 10, 11, 12, 13, 14, 15, 16, 17, 18, 19, 20, 22, 23, 24, 25, 27, 29], 104319.77224501214], [[0, 1, 2, 3, 4, 5, 6, 7, 8, 10, 11, 12, 13, 14, 15, 16, 17, 18, 19, 20, 22, 23, 24, 25, 27, 29], 2233794.337901368], [[0, 1, 2, 3, 4, 5, 6, 7, 8, 10, 11, 12, 13, 14, 15, 16, 17, 18, 19, 20, 22, 23, 24, 25, 26, 27, 29], 2727986.6455653915], [[0, 1, 2, 3, 4, 5, 6, 7, 8, 10, 11, 12, 13, 14, 15, 16, 17, 18, 19, 20, 22, 23, 24, 25, 26, 27, 28, 29], 4069202.991983126], [[0, 1, 2, 3, 4, 5, 6, 7, 8, 10, 11, 12, 13, 14, 15, 16, 17, 18, 19, 20, 21, 22, 23, 24, 25, 26, 27, 28, 29], 6363633.658294328]]}