{"costs": 4169690, "root_join": 28, "join_operands": {"0": [0, 19], "1": [0, 19, 29], "2": [0, 19, 26, 29], "3": [0, 11, 19, 26, 29], "4": [0, 2, 3, 4, 5, 6, 7, 8, 9, 10, 11, 12, 13, 14, 16, 17, 18, 19, 20, 21, 22, 23, 24, 26, 27, 28, 29], "5": [2, 3, 4, 5, 6, 7, 8, 9, 10, 12, 13, 14, 16, 17, 18, 20, 21, 22, 23, 24, 27, 28], "6": [2, 3, 4, 5, 6, 7, 8, 9, 10, 12, 13, 14, 17, 18, 20, 21, 22, 23, 24, 27, 28], "7": [7, 28], "8": [7, 8, 14, 24, 27, 28], "9": [8, 14, 24, 27], "10": [8, 14, 27], "11": [8, 27], "12": [7, 8, 14, 21, 24, 27, 28], "13": [7, 8, 14, 21, 22, 24, 27, 28], "14": [2, 5, 6, 7, 8, 9, 14, 18, 21, 22, 23, 24, 27, 28], "15": [2, 5, 6, 9, 18, 23], "16": [2, 18, 23], "17": [2, 18], "18": [2, 9, 18, 23], "19": [2, 6, 9, 18, 23], "20": [2, 4, 5, 6, 7, 8, 9, 14, 18, 21, 22, 23, 24, 27, 28], "21": [2, 4, 5, 6, 7, 8, 9, 14, 18, 20, 21, 22, 23, 24, 27, 28], "22": [2, 4, 5, 6, 7, 8, 9, 12, 14, 18, 20, 21, 22, 23, 24, 27, 28], "23": [2, 3, 4, 5, 6, 7, 8, 9, 12, 14, 18, 20, 21, 22, 23, 24, 27, 28], "24": [2, 3, 4, 5, 6, 7, 8, 9, 10, 12, 14, 18, 20, 21, 22, 23, 24, 27, 28], "25": [2, 3, 4, 5, 6, 7, 8, 9, 10, 12, 13, 14, 18, 20, 21, 22, 23, 24, 27, 28], "26": [0, 2, 3, 4, 5, 6, 7, 8, 9, 10, 11, 12, 13, 14, 15, 16, 17, 18, 19, 20, 21, 22, 23, 24, 26, 27, 28, 29], "27": [0, 1, 2, 3, 4, 5, 6, 7, 8, 9, 10, 11, 12, 13, 14, 15, 16, 17, 18, 19, 20, 21, 22, 23, 24, 26, 27, 28, 29], "28": [0, 1, 2, 3, 4, 5, 6, 7, 8, 9, 10, 11, 12, 13, 14, 15, 16, 17, 18, 19, 20, 21, 22, 23, 24, 25, 26, 27, 28, 29]}, "join_predecessors": {"0": [], "1": [0], "2": [1], "3": [2], "4": [3, 5], "5": [6], "7": [], "8": [7, 9], "9": [10], "10": [11], "11": [], "12": [8], "13": [12], "14": [13, 15], "16": [17], "17": [], "18": [16], "19": [18], "15": [19], "20": [14], "21": [20], "22": [21], "23": [22], "24": [23], "25": [24], "6": [25], "26": [4], "27": [26], "28": [27]}, "intermediate_costs": [[[0, 19], 324.0], [[0, 19, 29], 938.0598637274549], [[0, 19, 26, 29], 2715.9145306678124], [[0, 11, 19, 26, 29], 621792.3314506884], [[0, 2, 3, 4, 5, 6, 7, 8, 9, 10, 11, 12, 13, 14, 16, 17, 18, 19, 20, 21, 22, 23, 24, 26, 27, 28, 29], 14159.704785101383], [[2, 3, 4, 5, 6, 7, 8, 9, 10, 12, 13, 14, 16, 17, 18, 20, 21, 22, 23, 24, 27, 28], 50771.41226354192], [[2, 3, 4, 5, 6, 7, 8, 9, 10, 12, 13, 14, 17, 18, 20, 21, 22, 23, 24, 27, 28], 1238.8023035504345], [[7, 28], 5205.0], [[7, 8, 14, 24, 27, 28], 0.5224048909150546], [[8, 14, 24, 27], 2586.482614237924], [[8, 14, 27], 1159.689092172302], [[8, 27], 13125.000000000002], [[7, 8, 14, 21, 24, 27, 28], 1.3678180758124932], [[7, 8, 14, 21, 22, 24, 27, 28], 3.9043954980671285], [[2, 5, 6, 7, 8, 9, 14, 18, 21, 22, 23, 24, 27, 28], 0.2143498851540133], [[2, 5, 6, 9, 18, 23], 4266.444778944529], [[2, 18, 23], 193.981644984326], [[2, 18], 67.0], [[2, 9, 18, 23], 561.6250535944044], [[2, 6, 9, 18, 23], 1473.60231022054], [[2, 4, 5, 6, 7, 8, 9, 14, 18, 21, 22, 23, 24, 27, 28], 0.6131190551079485], [[2, 4, 5, 6, 7, 8, 9, 14, 18, 20, 21, 22, 23, 24, 27, 28], 1.7751318325275363], [[2, 4, 5, 6, 7, 8, 9, 12, 14, 18, 20, 21, 22, 23, 24, 27, 28], 5.139447628938799], [[2, 3, 4, 5, 6, 7, 8, 9, 12, 14, 18, 20, 21, 22, 23, 24, 27, 28], 51.04397476502906], [[2, 3, 4, 5, 6, 7, 8, 9, 10, 12, 14, 18, 20, 21, 22, 23, 24, 27, 28], 147.7849894575544], [[2, 3, 4, 5, 6, 7, 8, 9, 10, 12, 13, 14, 18, 20, 21, 22, 23, 24, 27, 28], 427.8742635052908], [[0, 2, 3, 4, 5, 6, 7, 8, 9, 10, 11, 12, 13, 14, 15, 16, 17, 18, 19, 20, 21, 22, 23, 24, 26, 27, 28, 29], 34163.21945302056], [[0, 1, 2, 3, 4, 5, 6, 7, 8, 9, 10, 11, 12, 13, 14, 15, 16, 17, 18, 19, 20, 21, 22, 23, 24, 26, 27, 28, 29], 3414307.8281168127]]}