{"costs": 14551990, "root_join": 28, "join_operands": {"0": [2, 18], "1": [2, 5, 18], "2": [2, 5, 9, 18], "3": [2, 5, 6, 9, 18], "4": [2, 5, 6, 9, 18, 23], "5": [2, 5, 6, 9, 18, 22, 23], "6": [2, 5, 6, 9, 18, 22, 23, 28], "7": [2, 5, 6, 7, 9, 18, 22, 23, 28], "8": [2, 5, 6, 7, 9, 18, 21, 22, 23, 28], "9": [2, 4, 5, 6, 7, 9, 18, 21, 22, 23, 28], "10": [2, 4, 5, 6, 7, 9, 18, 21, 22, 23, 24, 28], "11": [2, 4, 5, 6, 7, 9, 18, 20, 21, 22, 23, 24, 28], "12": [2, 4, 5, 6, 7, 9, 14, 18, 20, 21, 22, 23, 24, 28], "13": [2, 4, 5, 6, 7, 8, 9, 14, 18, 20, 21, 22, 23, 24, 28], "14": [2, 4, 5, 6, 7, 8, 9, 14, 18, 20, 21, 22, 23, 24, 27, 28], "15": [2, 4, 5, 6, 7, 8, 9, 12, 14, 18, 20, 21, 22, 23, 24, 27, 28], "16": [2, 3, 4, 5, 6, 7, 8, 9, 12, 14, 18, 20, 21, 22, 23, 24, 27, 28], "17": [2, 3, 4, 5, 6, 7, 8, 9, 12, 13, 14, 18, 20, 21, 22, 23, 24, 27, 28], "18": [2, 3, 4, 5, 6, 7, 8, 9, 12, 13, 14, 17, 18, 20, 21, 22, 23, 24, 27, 28], "19": [2, 3, 4, 5, 6, 7, 8, 9, 10, 12, 13, 14, 17, 18, 20, 21, 22, 23, 24, 27, 28], "20": [2, 3, 4, 5, 6, 7, 8, 9, 10, 12, 13, 14, 16, 17, 18, 20, 21, 22, 23, 24, 27, 28], "21": [2, 3, 4, 5, 6, 7, 8, 9, 10, 11, 12, 13, 14, 16, 17, 18, 20, 21, 22, 23, 24, 27, 28], "22": [2, 3, 4, 5, 6, 7, 8, 9, 10, 11, 12, 13, 14, 15, 16, 17, 18, 20, 21, 22, 23, 24, 27, 28], "23": [2, 3, 4, 5, 6, 7, 8, 9, 10, 11, 12, 13, 14, 15, 16, 17, 18, 19, 20, 21, 22, 23, 24, 27, 28], "24": [0, 2, 3, 4, 5, 6, 7, 8, 9, 10, 11, 12, 13, 14, 15, 16, 17, 18, 19, 20, 21, 22, 23, 24, 27, 28], "25": [0, 2, 3, 4, 5, 6, 7, 8, 9, 10, 11, 12, 13, 14, 15, 16, 17, 18, 19, 20, 21, 22, 23, 24, 26, 27, 28], "26": [0, 2, 3, 4, 5, 6, 7, 8, 9, 10, 11, 12, 13, 14, 15, 16, 17, 18, 19, 20, 21, 22, 23, 24, 26, 27, 28, 29], "27": [0, 1, 2, 3, 4, 5, 6, 7, 8, 9, 10, 11, 12, 13, 14, 15, 16, 17, 18, 19, 20, 21, 22, 23, 24, 26, 27, 28, 29], "28": [0, 1, 2, 3, 4, 5, 6, 7, 8, 9, 10, 11, 12, 13, 14, 15, 16, 17, 18, 19, 20, 21, 22, 23, 24, 25, 26, 27, 28, 29]}, "join_predecessors": {"0": [], "1": [0], "2": [1], "3": [2], "4": [3], "5": [4], "6": [5], "7": [6], "8": [7], "9": [8], "10": [9], "11": [10], "12": [11], "13": [12], "14": [13], "15": [14], "16": [15], "17": [16], "18": [17], "19": [18], "20": [19], "21": [20], "22": [21], "23": [22], "24": [23], "25": [24], "26": [25], "27": [26], "28": [27]}, "intermediate_costs": [[[2, 18], 67.0], [[2, 5, 18], 193.981644984326], [[2, 5, 9, 18], 561.6250535944044], [[2, 5, 6, 9, 18], 1473.60231022054], [[2, 5, 6, 9, 18, 23], 4266.444778944529], [[2, 5, 6, 9, 18, 22, 23], 174086.74048514385], [[2, 5, 6, 9, 18, 22, 23, 28], 104055.01013555538], [[2, 5, 6, 7, 9, 18, 22, 23, 28], 815.6721803547678], [[2, 5, 6, 7, 9, 18, 21, 22, 23, 28], 2135.682823092205], [[2, 4, 5, 6, 7, 9, 18, 21, 22, 23, 28], 6108.833851549429], [[2, 4, 5, 6, 7, 9, 18, 21, 22, 23, 24, 28], 17686.582808596522], [[2, 4, 5, 6, 7, 9, 18, 20, 21, 22, 23, 24, 28], 51207.046805365135], [[2, 4, 5, 6, 7, 9, 14, 18, 20, 21, 22, 23, 24, 28], 148257.12333745227], [[2, 4, 5, 6, 7, 8, 9, 14, 18, 20, 21, 22, 23, 24, 28], 876.00220032616], [[2, 4, 5, 6, 7, 8, 9, 14, 18, 20, 21, 22, 23, 24, 27, 28], 1.7751318325275363], [[2, 4, 5, 6, 7, 8, 9, 12, 14, 18, 20, 21, 22, 23, 24, 27, 28], 5.139447628938799], [[2, 3, 4, 5, 6, 7, 8, 9, 12, 14, 18, 20, 21, 22, 23, 24, 27, 28], 51.04397476502906], [[2, 3, 4, 5, 6, 7, 8, 9, 12, 13, 14, 18, 20, 21, 22, 23, 24, 27, 28], 147.7849894575544], [[2, 3, 4, 5, 6, 7, 8, 9, 12, 13, 14, 17, 18, 20, 21, 22, 23, 24, 27, 28], 427.8742635052908], [[2, 3, 4, 5, 6, 7, 8, 9, 10, 12, 13, 14, 17, 18, 20, 21, 22, 23, 24, 27, 28], 1238.8023035504345], [[2, 3, 4, 5, 6, 7, 8, 9, 10, 12, 13, 14, 16, 17, 18, 20, 21, 22, 23, 24, 27, 28], 50771.41226354192], [[2, 3, 4, 5, 6, 7, 8, 9, 10, 11, 12, 13, 14, 16, 17, 18, 20, 21, 22, 23, 24, 27, 28], 1023118.4664191803], [[2, 3, 4, 5, 6, 7, 8, 9, 10, 11, 12, 13, 14, 15, 16, 17, 18, 20, 21, 22, 23, 24, 27, 28], 2468485.129117474], [[2, 3, 4, 5, 6, 7, 8, 9, 10, 11, 12, 13, 14, 15, 16, 17, 18, 19, 20, 21, 22, 23, 24, 27, 28], 7031605.5452388255], [[0, 2, 3, 4, 5, 6, 7, 8, 9, 10, 11, 12, 13, 14, 15, 16, 17, 18, 19, 20, 21, 22, 23, 24, 27, 28], 4075.563858063291], [[0, 2, 3, 4, 5, 6, 7, 8, 9, 10, 11, 12, 13, 14, 15, 16, 17, 18, 19, 20, 21, 22, 23, 24, 26, 27, 28], 11799.761966998121], [[0, 2, 3, 4, 5, 6, 7, 8, 9, 10, 11, 12, 13, 14, 15, 16, 17, 18, 19, 20, 21, 22, 23, 24, 26, 27, 28, 29], 34163.21945302056], [[0, 1, 2, 3, 4, 5, 6, 7, 8, 9, 10, 11, 12, 13, 14, 15, 16, 17, 18, 19, 20, 21, 22, 23, 24, 26, 27, 28, 29], 3414307.8281168127]]}