{"costs": 1156563.863919696, "int_costs": [[[0, 1, 2, 3, 4, 5, 6, 7, 8, 9, 10, 11, 12, 13, 14, 15, 16, 17, 18, 19, 20, 22, 23, 24, 25, 26, 27, 28, 29, 30, 31, 32, 33, 34, 35, 36, 37, 38, 39], 636749.6990077072], [[0, 1, 2, 3, 4, 5, 6, 7, 8, 9, 10, 11, 12, 13, 14, 16, 17, 18, 19, 22, 23, 24, 25, 26, 27, 28, 29, 30, 31, 32, 34, 35, 36, 37, 38, 39], 184151.57797676712], [[15, 20, 33], 83544.21927777778], [[0, 1, 2, 3, 4, 5, 6, 7, 8, 9, 10, 11, 12, 13, 14, 16, 17, 18, 19, 22, 23, 24, 25, 26, 27, 28, 29, 30, 31, 32, 34, 35, 36, 37, 39], 124036.6053683267], [[15, 20], 55171.0], [[0, 1, 2, 3, 4, 5, 6, 7, 8, 9, 10, 11, 12, 13, 14, 16, 17, 18, 19, 22, 23, 24, 25, 26, 28, 29, 30, 31, 32, 34, 35, 36, 37, 39], 7848.18814744877], [[0, 2, 3, 4, 5, 6, 7, 8, 9, 10, 11, 12, 13, 14, 16, 17, 18, 19, 22, 23, 24, 25, 26, 28, 29, 30, 31, 32, 34, 35, 36, 37, 39], 2813.259557172861], [[0, 2, 3, 4, 5, 7, 8, 9, 10, 11, 12, 13, 14, 16, 17, 18, 19, 22, 23, 24, 25, 26, 28, 29, 30, 31, 32, 34, 35, 36, 37, 39], 1839.4620000113157], [[0, 2, 3, 4, 5, 7, 8, 9, 10, 11, 12, 13, 14, 16, 17, 19, 22, 23, 24, 25, 26, 28, 29, 30, 31, 32, 34, 35, 36, 37, 39], 1200.264524476451], [[0, 2, 3, 4, 5, 7, 8, 9, 10, 11, 12, 13, 14, 16, 17, 19, 22, 24, 25, 26, 28, 29, 30, 31, 32, 34, 35, 36, 37, 39], 787.8372646053175], [[0, 2, 3, 4, 5, 7, 8, 9, 10, 11, 12, 13, 14, 16, 19, 22, 24, 25, 26, 28, 29, 30, 31, 32, 34, 35, 36, 37, 39], 514.0705015945321], [[0, 2, 3, 4, 5, 7, 8, 9, 10, 12, 13, 14, 16, 19, 22, 24, 25, 26, 28, 29, 30, 31, 32, 34, 35, 36, 37, 39], 335.4353506688097], [[0, 2, 3, 4, 5, 7, 8, 9, 10, 12, 13, 14, 16, 19, 24, 25, 26, 28, 29, 30, 31, 32, 34, 35, 36, 37, 39], 218.8744021758019], [[0, 2, 3, 4, 5, 7, 8, 9, 10, 12, 13, 14, 16, 19, 24, 25, 28, 29, 30, 31, 32, 34, 35, 36, 37, 39], 56118.54288791329], [[0, 2, 3, 4, 5, 8, 9, 10, 12, 13, 14, 16, 19, 24, 25, 28, 29, 30, 31, 32, 34, 35, 36, 37, 39], 0.21419291178592864], [[0, 3, 4, 5, 12, 13, 14, 16, 19, 25, 28, 30, 31, 32, 34, 35, 36, 37, 39], 0.016531890248867556], [[3, 32], 239.0], [[3, 12, 32], 366.27859784411277], [[3, 12, 14, 32], 549.8833272137482], [[3, 12, 14, 32, 36], 0.859866575397969], [[3, 12, 13, 14, 32, 36], 1.3177856904166203], [[3, 5, 12, 13, 14, 32, 36], 8.66365493548698], [[3, 5, 12, 13, 14, 32, 36, 37], 7.984406827082095], [[3, 5, 12, 13, 14, 25, 32, 36, 37], 3.9184149347177324], [[3, 5, 12, 13, 14, 25, 28, 32, 36, 37], 55.7320280812203], [[3, 5, 12, 13, 14, 25, 28, 30, 32, 36, 37], 0.33965984599972454], [[3, 5, 12, 13, 14, 16, 25, 28, 30, 32, 36, 37], 0.2351552149727824], [[3, 5, 12, 13, 14, 16, 25, 28, 30, 32, 35, 36, 37], 0.0014336165766117915], [[3, 5, 12, 13, 14, 16, 19, 25, 28, 30, 32, 35, 36, 37], 0.0021970678831144935], [[3, 5, 12, 13, 14, 16, 19, 25, 28, 30, 31, 32, 35, 36, 37], 0.003314498023647125], [[3, 5, 12, 13, 14, 16, 19, 25, 28, 30, 31, 32, 35, 36, 37, 39], 0.004617820793383118], [[3, 5, 12, 13, 14, 16, 19, 25, 28, 30, 31, 32, 34, 35, 36, 37, 39], 0.0070508351238968495], [[3, 4, 5, 12, 13, 14, 16, 19, 25, 28, 30, 31, 32, 34, 35, 36, 37, 39], 0.010787530341838528], [[0, 3, 4, 5, 9, 12, 13, 14, 16, 19, 25, 28, 30, 31, 32, 34, 35, 36, 37, 39], 0.025335887461041876], [[0, 3, 4, 5, 8, 9, 12, 13, 14, 16, 19, 25, 28, 30, 31, 32, 34, 35, 36, 37, 39], 0.038828423993165946], [[0, 3, 4, 5, 8, 9, 12, 13, 14, 16, 19, 25, 28, 29, 30, 31, 32, 34, 35, 36, 37, 39], 0.0595063843772182], [[0, 2, 3, 4, 5, 8, 9, 12, 13, 14, 16, 19, 25, 28, 29, 30, 31, 32, 34, 35, 36, 37, 39], 0.09119633471901996], [[0, 2, 3, 4, 5, 8, 9, 12, 13, 14, 16, 19, 24, 25, 28, 29, 30, 31, 32, 34, 35, 36, 37, 39], 0.13976268583235132]]}