{"costs": 21572423.9928908, "intermediate_costs": [[[39, 42], 22866.0], [[8, 20, 25, 46], 406.3429461520708], [[8, 20, 25], 4868.42335915493], [[8, 25], 134.0], [[8, 20, 25, 38, 46], 824.5170536482666], [[6, 8, 20, 25, 38, 46], 739.3632935510452], [[6, 8, 17, 20, 25, 38, 46], 994.5068086757202], [[6, 8, 17, 20, 25, 32, 38, 46], 17346.193676605297], [[1, 6, 8, 11, 12, 14, 16, 17, 18, 20, 22, 25, 32, 38, 46], 2362.084751570622], [[1, 11, 12, 14, 16, 18, 22], 5770.536804298693], [[11, 12, 14, 16, 18, 22], 4528.433196595624], [[11, 12, 14, 16, 18], 3366.650614432147], [[11, 12, 14, 16], 2531.0494357136317], [[12, 14, 16], 530.6243231731145], [[12, 16], 1133.0], [[1, 4, 6, 8, 11, 12, 14, 16, 17, 18, 20, 22, 25, 32, 38, 46], 3177.2059214421006], [[1, 3, 4, 6, 8, 11, 12, 13, 14, 16, 17, 18, 19, 20, 22, 25, 32, 33, 38, 46, 47], 4200.253453460454], [[3, 13, 19, 33, 47], 18673.84758106382], [[3, 13, 19, 47], 13937.468008491502], [[3, 13, 47], 18651.1878410596], [[3, 13], 708.0], [[0, 1, 3, 4, 6, 8, 11, 12, 13, 14, 16, 17, 18, 19, 20, 22, 25, 32, 33, 38, 46, 47], 5649.698645198453], [[0, 1, 3, 4, 6, 8, 11, 12, 13, 14, 16, 17, 18, 19, 20, 22, 25, 32, 33, 38, 41, 46, 47], 4559.595110585417], [[0, 1, 3, 4, 6, 8, 11, 12, 13, 14, 16, 17, 18, 19, 20, 22, 25, 32, 33, 34, 38, 41, 46, 47], 5694.967574837321], [[0, 1, 3, 4, 6, 8, 11, 12, 13, 14, 16, 17, 18, 19, 20, 22, 24, 25, 32, 33, 34, 38, 41, 46, 47], 7660.214443441562], [[0, 1, 3, 4, 6, 8, 11, 12, 13, 14, 16, 17, 18, 19, 20, 22, 24, 25, 32, 33, 34, 36, 38, 41, 46, 47], 10303.62677763252], [[0, 1, 3, 4, 6, 8, 11, 12, 13, 14, 16, 17, 18, 19, 20, 22, 24, 25, 29, 32, 33, 34, 36, 38, 41, 46, 47], 12011.358279350723], [[0, 1, 3, 4, 6, 8, 11, 12, 13, 14, 16, 17, 18, 19, 20, 22, 24, 25, 27, 29, 32, 33, 34, 36, 38, 41, 46, 47], 16156.304825705804], [[0, 1, 3, 4, 6, 8, 11, 12, 13, 14, 16, 17, 18, 19, 20, 22, 24, 25, 27, 29, 32, 33, 34, 36, 38, 41, 45, 46, 47], 20743.800585477442], [[0, 1, 3, 4, 6, 8, 11, 12, 13, 14, 16, 17, 18, 19, 20, 22, 24, 25, 27, 29, 31, 32, 33, 34, 36, 38, 41, 45, 46, 47], 27268.02737833954], [[0, 1, 3, 4, 5, 6, 8, 11, 12, 13, 14, 16, 17, 18, 19, 20, 22, 24, 25, 27, 29, 31, 32, 33, 34, 36, 38, 41, 45, 46, 47], 36677.79558198869], [[0, 1, 3, 4, 5, 6, 8, 11, 12, 13, 14, 15, 16, 17, 18, 19, 20, 22, 24, 25, 27, 29, 31, 32, 33, 34, 36, 38, 41, 45, 46, 47], 47900.62364058524], [[0, 1, 3, 4, 5, 6, 8, 11, 12, 13, 14, 15, 16, 17, 18, 19, 20, 22, 24, 25, 27, 29, 31, 32, 33, 34, 36, 37, 38, 41, 45, 46, 47], 64430.33051522385], [[0, 1, 3, 4, 5, 6, 8, 11, 12, 13, 14, 15, 16, 17, 18, 19, 20, 22, 24, 25, 27, 28, 29, 31, 32, 33, 34, 36, 37, 38, 41, 45, 46, 47], 86664.16373718569], [[0, 1, 3, 4, 5, 6, 8, 9, 11, 12, 13, 14, 15, 16, 17, 18, 19, 20, 22, 24, 25, 27, 28, 29, 31, 32, 33, 34, 36, 37, 38, 41, 45, 46, 47], 116570.53998466479], [[0, 1, 3, 4, 5, 6, 8, 9, 11, 12, 13, 14, 15, 16, 17, 18, 19, 20, 22, 24, 25, 27, 28, 29, 31, 32, 33, 34, 36, 37, 38, 41, 45, 46, 47, 48], 156797.17212307034], [[0, 1, 3, 4, 5, 6, 8, 9, 11, 12, 13, 14, 15, 16, 17, 18, 19, 20, 22, 24, 25, 27, 28, 29, 30, 31, 32, 33, 34, 36, 37, 38, 41, 45, 46, 47, 48], 210905.4148717842], [[0, 1, 3, 4, 5, 6, 8, 9, 11, 12, 13, 14, 15, 16, 17, 18, 19, 20, 22, 23, 24, 25, 27, 28, 29, 30, 31, 32, 33, 34, 36, 37, 38, 41, 45, 46, 47, 48], 283685.67230113264], [[0, 1, 2, 3, 4, 5, 6, 8, 9, 11, 12, 13, 14, 15, 16, 17, 18, 19, 20, 22, 23, 24, 25, 27, 28, 29, 30, 31, 32, 33, 34, 36, 37, 38, 41, 45, 46, 47, 48], 381581.4810472493], [[0, 1, 2, 3, 4, 5, 6, 8, 9, 11, 12, 13, 14, 15, 16, 17, 18, 19, 20, 22, 23, 24, 25, 27, 28, 29, 30, 31, 32, 33, 34, 36, 37, 38, 41, 44, 45, 46, 47, 48], 513259.3862096189], [[0, 1, 2, 3, 4, 5, 6, 8, 9, 11, 12, 13, 14, 15, 16, 17, 18, 19, 20, 22, 23, 24, 25, 26, 27, 28, 29, 30, 31, 32, 33, 34, 36, 37, 38, 41, 44, 45, 46, 47, 48], 690377.5861029607], [[0, 1, 2, 3, 4, 5, 6, 7, 8, 9, 11, 12, 13, 14, 15, 16, 17, 18, 19, 20, 22, 23, 24, 25, 26, 27, 28, 29, 30, 31, 32, 33, 34, 36, 37, 38, 41, 44, 45, 46, 47, 48], 928616.7407344572], [[0, 1, 2, 3, 4, 5, 6, 7, 8, 9, 11, 12, 13, 14, 15, 16, 17, 18, 19, 20, 22, 23, 24, 25, 26, 27, 28, 29, 30, 31, 32, 33, 34, 35, 36, 37, 38, 41, 44, 45, 46, 47, 48], 1249068.724898727], [[0, 1, 2, 3, 4, 5, 6, 7, 8, 9, 11, 12, 13, 14, 15, 16, 17, 18, 19, 20, 21, 22, 23, 24, 25, 26, 27, 28, 29, 30, 31, 32, 33, 34, 35, 36, 37, 38, 41, 44, 45, 46, 47, 48], 1680104.168344033], [[0, 1, 2, 3, 4, 5, 6, 7, 8, 9, 11, 12, 13, 14, 15, 16, 17, 18, 19, 20, 21, 22, 23, 24, 25, 26, 27, 28, 29, 30, 31, 32, 33, 34, 35, 36, 37, 38, 40, 41, 44, 45, 46, 47, 48], 2259883.761391621], [[0, 1, 2, 3, 4, 5, 6, 7, 8, 9, 11, 12, 13, 14, 15, 16, 17, 18, 19, 20, 21, 22, 23, 24, 25, 26, 27, 28, 29, 30, 31, 32, 33, 34, 35, 36, 37, 38, 40, 41, 44, 45, 46, 47, 48, 49], 3039736.992229406], [[0, 1, 2, 3, 4, 5, 6, 7, 8, 9, 11, 12, 13, 14, 15, 16, 17, 18, 19, 20, 21, 22, 23, 24, 25, 26, 27, 28, 29, 30, 31, 32, 33, 34, 35, 36, 37, 38, 40, 41, 43, 44, 45, 46, 47, 48, 49], 4088706.3269929746], [[0, 1, 2, 3, 4, 5, 6, 7, 8, 9, 10, 11, 12, 13, 14, 15, 16, 17, 18, 19, 20, 21, 22, 23, 24, 25, 26, 27, 28, 29, 30, 31, 32, 33, 34, 35, 36, 37, 38, 40, 41, 43, 44, 45, 46, 47, 48, 49], 5499659.829494462]]}