{"costs": 109, "join_operands": {"0": [0, 1, 2, 3, 4, 5, 6, 7, 8], "1": [1, 2, 3, 4, 5, 6, 7, 8], "2": [], "3": [1, 2, 4, 5, 6, 7, 8], "4": [], "5": [], "6": [], "7": [2, 4, 5, 6, 7, 8], "8": [2, 4, 5, 7, 8], "9": [2, 4, 7, 8], "10": [2, 4, 8], "11": [2, 4]}, "join_predecessors": {"0": [1, 2], "1": [3, 5], "2": [4, 6], "3": [7], "4": [], "5": [], "6": [], "7": [8], "8": [9], "9": [10], "10": [11], "11": []}, "leaf_joins": [], "opt_time": 0.2339611053466797, "status": 2, "intermediate_costs": [[[1, 2, 3, 4, 5, 6, 7, 8], 3.210941946011643e-17], [[1, 2, 4, 5, 6, 7, 8], 1.568685009762011e-16], [[2, 4, 5, 6, 7, 8], 3.066120639698217e-16], [[2, 4, 5, 7, 8], 2.8207038432393288e-05], [[2, 4, 7, 8], 19.97575528718777], [[2, 4, 8], 89.0], [[2, 4], 1.0]]}