{"costs": 3240839, "root_join": 23, "join_operands": {"0": [0, 2, 3, 5, 7, 8, 11, 12, 14, 15, 16, 17, 19, 20, 23, 24, 25, 28], "1": [2, 3, 5, 7, 8, 11, 12, 14, 15, 16, 17, 19, 20, 23, 24, 25, 28], "2": [2, 15, 17, 19, 28], "3": [15, 17, 19, 28], "4": [15, 19, 28], "5": [19, 28], "6": [2, 15, 17, 19, 20, 28], "7": [2, 8, 15, 17, 19, 20, 28], "8": [2, 8, 12, 15, 17, 19, 20, 28], "9": [2, 8, 12, 15, 17, 19, 20, 23, 28], "10": [2, 3, 8, 12, 15, 17, 19, 20, 23, 28], "11": [2, 3, 8, 12, 15, 16, 17, 19, 20, 23, 28], "12": [2, 3, 8, 12, 14, 15, 16, 17, 19, 20, 23, 28], "13": [2, 3, 7, 8, 12, 14, 15, 16, 17, 19, 20, 23, 28], "14": [2, 3, 7, 8, 12, 14, 15, 16, 17, 19, 20, 23, 25, 28], "15": [2, 3, 7, 8, 11, 12, 14, 15, 16, 17, 19, 20, 23, 25, 28], "16": [2, 3, 5, 7, 8, 11, 12, 14, 15, 16, 17, 19, 20, 23, 25, 28], "17": [0, 2, 3, 5, 7, 8, 11, 12, 14, 15, 16, 17, 19, 20, 23, 24, 25, 27, 28], "18": [0, 2, 3, 4, 5, 7, 8, 11, 12, 14, 15, 16, 17, 19, 20, 23, 24, 25, 27, 28], "19": [0, 2, 3, 4, 5, 7, 8, 10, 11, 12, 14, 15, 16, 17, 19, 20, 23, 24, 25, 27, 28], "20": [0, 2, 3, 4, 5, 7, 8, 10, 11, 12, 13, 14, 15, 16, 17, 19, 20, 23, 24, 25, 27, 28], "21": [0, 2, 3, 4, 5, 6, 7, 8, 10, 11, 12, 13, 14, 15, 16, 17, 19, 20, 23, 24, 25, 26, 27, 28], "22": [6, 26], "23": [0, 1, 2, 3, 4, 5, 6, 7, 8, 9, 10, 11, 12, 13, 14, 15, 16, 17, 18, 19, 20, 21, 22, 23, 24, 25, 26, 27, 28, 29], "24": [1, 9, 18, 21, 22, 29], "25": [1, 9, 18, 21, 22], "26": [9, 18, 21, 22], "27": [18, 21, 22], "28": [21, 22]}, "join_predecessors": {"0": [1], "2": [3], "4": [5], "5": [], "3": [4], "6": [2], "7": [6], "8": [7], "9": [8], "10": [9], "11": [10], "12": [11], "13": [12], "14": [13], "15": [14], "16": [15], "1": [16], "17": [0], "18": [17], "19": [18], "20": [19], "21": [20, 22], "22": [], "23": [21, 24], "25": [26], "26": [27], "27": [28], "28": [], "24": [25]}, "intermediate_costs": [[[0, 2, 3, 5, 7, 8, 11, 12, 14, 15, 16, 17, 19, 20, 23, 24, 25, 28], 10956.006061186035], [[2, 3, 5, 7, 8, 11, 12, 14, 15, 16, 17, 19, 20, 23, 24, 25, 28], 4936.314453222306], [[2, 15, 17, 19, 28], 0.04851944526665116], [[15, 17, 19, 28], 5.814043762335125], [[15, 19, 28], 0.005833850931677019], [[19, 28], 221.0], [[2, 15, 17, 19, 20, 28], 61.86646707981195], [[2, 8, 15, 17, 19, 20, 28], 2.37897583766513], [[2, 8, 12, 15, 17, 19, 20, 28], 5.209666762939216], [[2, 8, 12, 15, 17, 19, 20, 23, 28], 9.91088585378841], [[2, 3, 8, 12, 15, 17, 19, 20, 23, 28], 21.996917738099544], [[2, 3, 8, 12, 15, 16, 17, 19, 20, 23, 28], 46.78142605925978], [[2, 3, 8, 12, 14, 15, 16, 17, 19, 20, 23, 28], 92.05543497927472], [[2, 3, 7, 8, 12, 14, 15, 16, 17, 19, 20, 23, 28], 203.4258565380002], [[2, 3, 7, 8, 12, 14, 15, 16, 17, 19, 20, 23, 25, 28], 451.49683153474746], [[2, 3, 7, 8, 11, 12, 14, 15, 16, 17, 19, 20, 23, 25, 28], 1002.0837656272689], [[2, 3, 5, 7, 8, 11, 12, 14, 15, 16, 17, 19, 20, 23, 25, 28], 2224.095250856136], [[0, 2, 3, 5, 7, 8, 11, 12, 14, 15, 16, 17, 19, 20, 23, 24, 25, 27, 28], 35972.11006624692], [[0, 2, 3, 4, 5, 7, 8, 11, 12, 14, 15, 16, 17, 19, 20, 23, 24, 25, 27, 28], 79365.22301206594], [[0, 2, 3, 4, 5, 7, 8, 10, 11, 12, 14, 15, 16, 17, 19, 20, 23, 24, 25, 27, 28], 176148.79699090676], [[0, 2, 3, 4, 5, 7, 8, 10, 11, 12, 13, 14, 15, 16, 17, 19, 20, 23, 24, 25, 27, 28], 390957.1288981247], [[0, 2, 3, 4, 5, 6, 7, 8, 10, 11, 12, 13, 14, 15, 16, 17, 19, 20, 23, 24, 25, 26, 27, 28], 1845624.6185967203], [[6, 26], 323302.0], [[1, 9, 18, 21, 22, 29], 208143.1973609871], [[1, 9, 18, 21, 22], 94044.71921782008], [[9, 18, 21, 22], 40361.78313229363], [[18, 21, 22], 18392.755408720142], [[21, 22], 8287.0]]}