{"costs": 52547, "root_join": 0, "join_operands": {"0": [0, 1, 2, 3, 4, 5, 6, 7, 8, 9, 10, 11, 12, 13, 14, 15, 16, 17, 18, 19], "1": [0, 1, 2, 3, 4, 5, 6, 7, 9, 10, 11, 12, 13, 14, 15, 16, 17, 18, 19], "2": [], "3": [0, 1, 2, 3, 4, 5, 6, 7, 9, 10, 11, 12, 13, 14, 15, 16, 17, 19], "4": [], "5": [], "6": [], "7": [0, 1, 2, 3, 4, 6, 7, 9, 10, 11, 12, 13, 14, 15, 16, 17, 19], "8": [], "9": [], "10": [], "11": [], "12": [], "13": [], "14": [], "15": [0, 1, 2, 3, 4, 6, 7, 9, 10, 11, 12, 13, 14, 15, 16, 17], "16": [], "17": [], "18": [], "19": [0, 17], "20": [0, 13, 17], "21": [0, 13, 14, 17], "22": [0, 1, 13, 14, 17], "23": [0, 1, 7, 13, 14, 17], "24": [0, 1, 3, 7, 13, 14, 17], "25": [0, 1, 2, 3, 7, 13, 14, 17], "26": [0, 1, 2, 3, 7, 13, 14, 16, 17], "27": [0, 1, 2, 3, 7, 9, 13, 14, 16, 17], "28": [0, 1, 2, 3, 7, 9, 10, 13, 14, 16, 17], "29": [0, 1, 2, 3, 7, 9, 10, 13, 14, 15, 16, 17], "30": [0, 1, 2, 3, 6, 7, 9, 10, 13, 14, 15, 16, 17], "31": [0, 1, 2, 3, 6, 7, 9, 10, 12, 13, 14, 15, 16, 17], "32": [0, 1, 2, 3, 6, 7, 9, 10, 11, 12, 13, 14, 15, 16, 17]}, "join_predecessors": {"0": [1], "1": [3], "2": [], "3": [7], "4": [], "5": [], "6": [], "7": [15], "8": [], "9": [], "10": [], "11": [], "12": [], "13": [], "14": [], "15": [32], "16": [], "17": [], "18": [], "19": [], "20": [19], "21": [20], "22": [21], "23": [22], "24": [23], "25": [24], "26": [25], "27": [26], "28": [27], "29": [28], "30": [29], "31": [30], "32": [31]}, "intermediate_costs": [[[0, 1, 2, 3, 4, 5, 6, 7, 9, 10, 11, 12, 13, 14, 15, 16, 17, 18, 19], 42912.01554342557], [[0, 1, 2, 3, 4, 5, 6, 7, 9, 10, 11, 12, 13, 14, 15, 16, 17, 19], 7869.425790777914], [[0, 1, 2, 3, 4, 6, 7, 9, 10, 11, 12, 13, 14, 15, 16, 17, 19], 1362.9614627217054], [[0, 1, 2, 3, 4, 6, 7, 9, 10, 11, 12, 13, 14, 15, 16, 17], 290.536538450099], [[0, 17], 57.0], [[0, 13, 17], 5.379082191780822], [[0, 13, 14, 17], 7.314808689145559e-05], [[0, 1, 13, 14, 17], 8.121167015146242e-09], [[0, 1, 7, 13, 14, 17], 4.612106475765207e-08], [[0, 1, 3, 7, 13, 14, 17], 2.6629239697841066e-07], [[0, 1, 2, 3, 7, 13, 14, 17], 1.5375109438934545e-06], [[0, 1, 2, 3, 7, 13, 14, 16, 17], 1.5876574546789026e-05], [[0, 1, 2, 3, 7, 9, 13, 14, 16, 17], 9.166758568434232e-05], [[0, 1, 2, 3, 7, 9, 10, 13, 14, 16, 17], 0.0005292669549361769], [[0, 1, 2, 3, 7, 9, 10, 13, 14, 15, 16, 17], 0.0030558621948659093], [[0, 1, 2, 3, 6, 7, 9, 10, 13, 14, 15, 16, 17], 0.017643842857003555], [[0, 1, 2, 3, 6, 7, 9, 10, 12, 13, 14, 15, 16, 17], 0.10187148765258286], [[0, 1, 2, 3, 6, 7, 9, 10, 11, 12, 13, 14, 15, 16, 17], 50.32007619718634]]}