{"costs": 4641909.6267331205, "int_costs": [[[0, 1, 2, 3, 4, 5, 6, 7, 8, 9, 10, 11, 12, 13, 14, 15, 16, 17, 18, 19, 20, 22, 23, 24, 25, 26, 27, 28, 29, 30, 31, 32, 33, 34, 35, 36, 37, 38], 2777251.1841794075], [[21, 39], 66274.0], [[0, 1, 2, 3, 4, 5, 6, 7, 8, 9, 10, 11, 12, 13, 14, 15, 17, 18, 19, 20, 22, 23, 24, 25, 26, 27, 28, 29, 30, 31, 32, 33, 34, 35, 36, 37], 774589.0505285377], [[16, 38], 151483.0], [[0, 1, 2, 3, 4, 5, 6, 7, 8, 9, 10, 11, 12, 13, 14, 15, 17, 18, 19, 20, 22, 23, 24, 26, 27, 28, 29, 30, 31, 32, 33, 34, 35, 36, 37], 409067.5600335766], [[0, 1, 2, 3, 4, 5, 6, 7, 8, 9, 10, 11, 12, 13, 14, 15, 17, 18, 19, 20, 22, 23, 24, 26, 27, 28, 29, 30, 32, 33, 34, 35, 36, 37], 216032.31187830417], [[0, 1, 2, 3, 4, 5, 6, 7, 8, 9, 10, 11, 12, 13, 14, 15, 17, 18, 19, 20, 22, 23, 24, 26, 27, 28, 29, 30, 32, 33, 35, 36, 37], 114088.6355585229], [[0, 1, 2, 3, 4, 5, 7, 8, 9, 10, 11, 12, 13, 14, 15, 17, 18, 19, 20, 22, 23, 24, 26, 27, 28, 29, 30, 32, 33, 35, 36, 37], 60251.245973338184], [[0, 2, 3, 4, 5, 7, 8, 9, 10, 11, 12, 13, 14, 15, 17, 18, 19, 20, 22, 23, 24, 26, 27, 28, 29, 30, 32, 33, 35, 36, 37], 31819.242708853242], [[0, 2, 3, 4, 7, 8, 9, 10, 11, 12, 13, 14, 15, 17, 18, 19, 20, 22, 23, 24, 26, 27, 28, 29, 30, 32, 33, 35, 36, 37], 19457.29944966692], [[0, 2, 3, 4, 7, 8, 9, 10, 12, 13, 14, 15, 17, 18, 19, 20, 22, 23, 24, 26, 27, 28, 29, 30, 32, 33, 35, 36, 37], 10275.663045505908], [[0, 2, 3, 4, 7, 8, 9, 10, 12, 13, 14, 15, 17, 18, 19, 20, 22, 23, 24, 26, 27, 28, 29, 30, 32, 35, 36, 37], 5426.671068088341], [[0, 2, 3, 4, 7, 8, 9, 10, 12, 13, 14, 15, 17, 18, 19, 20, 22, 23, 24, 26, 27, 28, 30, 32, 35, 36, 37], 2865.9472237065443], [[0, 2, 3, 4, 7, 8, 9, 10, 12, 13, 14, 17, 18, 19, 20, 22, 23, 24, 26, 27, 28, 30, 32, 35, 36, 37], 1513.5331164030079], [[0, 2, 3, 4, 7, 8, 9, 10, 12, 13, 14, 17, 18, 19, 20, 22, 23, 26, 27, 28, 30, 32, 35, 36, 37], 805.609907255941], [[0, 22, 30, 35], 3.5842817769230773], [[22, 30, 35], 2.3814], [[30, 35], 189.0], [[0, 4, 22, 30, 35], 0.04925496893449132], [[0, 4, 13, 22, 30, 35], 0.09326587254742495], [[0, 4, 9, 13, 22, 30, 35], 0.015356817921052283], [[0, 4, 8, 9, 13, 22, 30, 35], 4.251169463861149], [[0, 3, 4, 8, 9, 13, 22, 30, 35], 8.049793335794792], [[0, 3, 4, 8, 9, 13, 18, 22, 30, 35], 5.188986226401499], [[0, 3, 4, 8, 9, 10, 13, 18, 22, 30, 35], 9.825594740350764], [[0, 2, 3, 4, 8, 9, 10, 13, 18, 22, 30, 35], 0.0024735950391882237], [[0, 2, 3, 4, 8, 9, 10, 13, 18, 22, 30, 35, 37], 0.004683870880985136], [[0, 2, 3, 4, 8, 9, 10, 13, 18, 22, 30, 32, 35, 37], 0.008869131442189591], [[0, 2, 3, 4, 8, 9, 10, 13, 17, 18, 22, 30, 32, 35, 37], 0.0025907346530345634], [[0, 2, 3, 4, 7, 8, 9, 10, 13, 17, 18, 22, 30, 32, 35, 37], 0.004389222649171158], [[0, 2, 3, 4, 7, 8, 9, 10, 13, 17, 18, 20, 22, 30, 32, 35, 37], 0.008311134674032975], [[0, 2, 3, 4, 7, 8, 9, 10, 13, 17, 18, 20, 22, 26, 30, 32, 35, 37], 0.01573741054310391], [[0, 2, 3, 4, 7, 8, 9, 10, 13, 14, 17, 18, 20, 22, 26, 30, 32, 35, 37], 0.02979953828927607], [[0, 2, 3, 4, 7, 8, 9, 10, 13, 14, 17, 18, 20, 22, 23, 26, 30, 32, 35, 37], 0.08199342960294309], [[0, 2, 3, 4, 7, 8, 9, 10, 13, 14, 17, 18, 20, 22, 23, 26, 30, 32, 35, 36, 37], 0.15362394768381102], [[0, 2, 3, 4, 7, 8, 9, 10, 12, 13, 14, 17, 18, 20, 22, 23, 26, 30, 32, 35, 36, 37], 6.467324206512711], [[0, 2, 3, 4, 7, 8, 9, 10, 12, 13, 14, 17, 18, 20, 22, 23, 26, 27, 30, 32, 35, 36, 37], 39.332557665681705], [[0, 2, 3, 4, 7, 8, 9, 10, 12, 13, 14, 17, 18, 20, 22, 23, 26, 27, 28, 30, 32, 35, 36, 37], 440.12060486308917]]}