{"costs": 13063.0, "root_join": 0, "join_operands": {"0": [0, 1, 2, 3, 4, 5, 6, 7], "1": [2], "2": [0, 1, 3, 4, 5, 6, 7], "3": [3], "4": [0, 1, 4, 5, 6, 7], "5": [4], "6": [0, 1, 5, 6, 7], "7": [7], "8": [0, 1, 5, 6], "9": [1], "10": [0, 5, 6], "11": [0], "12": [5, 6], "13": [5], "14": [6]}, "join_predecessors": {"0": [1, 2], "2": [3, 4], "4": [5, 6], "6": [7, 8], "8": [9, 10], "10": [11, 12], "12": [13, 14]}, "intermediate_costs": [[[0, 1, 3, 4, 5, 6, 7], 5.224798038280212e-22], [[0, 1, 4, 5, 6, 7], 7.287991943933576e-22], [[0, 1, 5, 6, 7], 3.355198731726702e-14], [[0, 1, 5, 6], 5.079226020897257e-14], [[0, 5, 6], 0.002851460988155455], [[5, 6], 13063.0]]}