{"costs": 47364, "join_operands": {"0": [0, 1, 2, 3, 4, 5, 6, 7, 8, 9, 10], "1": [0, 1, 3, 4, 5, 6, 7, 8, 9, 10], "2": [], "3": [1, 3, 4, 5, 6, 7, 8, 9, 10], "4": [], "5": [], "6": [], "7": [1, 3, 4, 6, 7, 8, 9, 10], "8": [], "9": [], "10": [3, 4, 6, 7, 8, 9, 10], "11": [4, 6, 7, 8, 9, 10], "12": [4, 6, 8, 9, 10], "13": [4, 6, 9, 10], "14": [4, 9, 10], "15": [4, 9]}, "join_predecessors": {"0": [1, 2], "1": [3, 5], "2": [4, 6], "3": [7], "4": [8], "5": [9], "6": [], "7": [10], "8": [], "9": [], "10": [11], "11": [12], "12": [13], "13": [14], "14": [15], "15": []}, "leaf_joins": [], "opt_time": 2.3777289390563965, "status": 2, "intermediate_costs": [[[0, 1, 3, 4, 5, 6, 7, 8, 9, 10], 7.024843665271707e-34], [[1, 3, 4, 5, 6, 7, 8, 9, 10], 1.363805702067828e-33], [[1, 3, 4, 6, 7, 8, 9, 10], 1.546587721058055e-33], [[3, 4, 6, 7, 8, 9, 10], 1.546587721058055e-33], [[4, 6, 7, 8, 9, 10], 4.5544374729077477e-33], [[4, 6, 8, 9, 10], 1.910889529278415e-14], [[4, 6, 9, 10], 0.02485476027384415], [[4, 9, 10], 10273.890442601898], [[4, 9], 37091.0]]}