{"costs": 52487, "root_join": 18, "join_operands": {"0": [0, 1, 2, 4, 5, 6, 7, 8, 9, 10, 11, 12, 14, 15, 16, 17, 18, 19], "1": [1, 2, 4, 5, 6, 7, 8, 9, 10, 11, 12, 14, 15, 16, 17, 18, 19], "2": [1, 2, 4, 5, 8, 9, 10, 11, 12, 15, 16, 17, 18, 19], "3": [2, 4, 5, 8, 9, 10, 11, 12, 15, 16, 17, 18, 19], "4": [2, 5, 8, 9, 15, 17, 18, 19], "5": [5, 8, 9, 15, 17, 18, 19], "6": [5, 18], "7": [5, 18, 19], "8": [5, 8, 9, 18, 19], "9": [8, 9], "10": [5, 8, 9, 17, 18, 19], "11": [2, 4, 5, 8, 9, 15, 17, 18, 19], "12": [2, 4, 5, 8, 9, 12, 15, 17, 18, 19], "13": [2, 4, 5, 8, 9, 10, 12, 15, 17, 18, 19], "14": [2, 4, 5, 8, 9, 10, 11, 12, 15, 17, 18, 19], "15": [1, 2, 4, 5, 8, 9, 10, 11, 12, 14, 15, 16, 17, 18, 19], "16": [1, 2, 4, 5, 6, 8, 9, 10, 11, 12, 14, 15, 16, 17, 18, 19], "17": [0, 1, 2, 4, 5, 6, 7, 8, 9, 10, 11, 12, 13, 14, 15, 16, 17, 18, 19], "18": [0, 1, 2, 3, 4, 5, 6, 7, 8, 9, 10, 11, 12, 13, 14, 15, 16, 17, 18, 19]}, "join_predecessors": {"0": [1], "2": [3], "4": [5], "6": [], "7": [6], "8": [7, 9], "9": [], "10": [8], "5": [10], "11": [4], "12": [11], "13": [12], "14": [13], "3": [14], "15": [2], "16": [15], "1": [16], "17": [0], "18": [17]}, "intermediate_costs": [[[0, 1, 2, 4, 5, 6, 7, 8, 9, 10, 11, 12, 14, 15, 16, 17, 18, 19], 10045.406604624313], [[1, 2, 4, 5, 6, 7, 8, 9, 10, 11, 12, 14, 15, 16, 17, 18, 19], 3495.7430986767577], [[1, 2, 4, 5, 8, 9, 10, 11, 12, 15, 16, 17, 18, 19], 147.31788938500245], [[2, 4, 5, 8, 9, 10, 11, 12, 15, 16, 17, 18, 19], 51.265769223899014], [[2, 5, 8, 9, 15, 17, 18, 19], 0.5596258302075612], [[5, 8, 9, 15, 17, 18, 19], 446.29132314558916], [[5, 18], 1096.0], [[5, 18, 19], 2723.8710270270267], [[5, 8, 9, 18, 19], 54.04592815883727], [[8, 9], 580.0], [[5, 8, 9, 17, 18, 19], 155.30688583781128], [[2, 4, 5, 8, 9, 15, 17, 18, 19], 0.8887127072983859], [[2, 4, 5, 8, 9, 12, 15, 17, 18, 19], 2.2933690782385927], [[2, 4, 5, 8, 9, 10, 12, 15, 17, 18, 19], 6.224124843777476], [[2, 4, 5, 8, 9, 10, 11, 12, 15, 17, 18, 19], 17.840192217760343], [[1, 2, 4, 5, 8, 9, 10, 11, 12, 14, 15, 16, 17, 18, 19], 423.3343287593746], [[1, 2, 4, 5, 6, 8, 9, 10, 11, 12, 14, 15, 16, 17, 18, 19], 1216.4982765532554], [[0, 1, 2, 4, 5, 6, 7, 8, 9, 10, 11, 12, 13, 14, 15, 16, 17, 18, 19], 32025.023732923004]]}