{"costs": 52487, "root_join": 0, "join_operands": {"0": [0, 1, 2, 3, 4, 5, 6, 7, 8, 9, 10, 11, 12, 13, 14, 15, 16, 17, 18, 19], "1": [0, 1, 2, 4, 5, 6, 7, 8, 9, 10, 11, 12, 13, 14, 15, 16, 17, 18, 19], "2": [], "3": [0, 1, 2, 4, 5, 6, 7, 8, 9, 10, 11, 12, 14, 15, 16, 17, 18, 19], "4": [], "5": [], "6": [], "7": [1, 2, 4, 5, 6, 7, 8, 9, 10, 11, 12, 14, 15, 16, 17, 18, 19], "8": [], "9": [], "10": [], "11": [], "12": [], "13": [], "14": [], "15": [1, 2, 4, 5, 6, 7, 8, 9, 10, 11, 12, 15, 16, 17, 18, 19], "16": [], "17": [], "18": [], "19": [1, 2, 4, 5, 8, 9, 10, 11, 12, 15, 16, 17, 18, 19], "20": [2, 4, 5, 8, 9, 10, 11, 12, 15, 16, 17, 18, 19], "21": [2, 5, 8, 9, 15, 17, 18, 19], "22": [5, 8, 9, 15, 17, 18, 19], "23": [5, 18], "24": [5, 18, 19], "25": [5, 8, 9, 18, 19], "26": [8, 9], "27": [5, 8, 9, 17, 18, 19], "28": [2, 4, 5, 8, 9, 15, 17, 18, 19], "29": [2, 4, 5, 8, 9, 12, 15, 17, 18, 19], "30": [2, 4, 5, 8, 9, 10, 12, 15, 17, 18, 19], "31": [2, 4, 5, 8, 9, 10, 11, 12, 15, 17, 18, 19], "32": [1, 2, 4, 5, 6, 8, 9, 10, 11, 12, 15, 16, 17, 18, 19]}, "join_predecessors": {"0": [1], "1": [3], "2": [], "3": [7], "4": [], "5": [], "6": [], "7": [15], "8": [], "9": [], "10": [], "11": [], "12": [], "13": [], "14": [], "15": [32], "16": [], "17": [], "18": [], "19": [20], "21": [22], "23": [], "24": [23], "25": [24, 26], "26": [], "27": [25], "22": [27], "28": [21], "29": [28], "30": [29], "31": [30], "20": [31], "32": [19]}, "intermediate_costs": [[[0, 1, 2, 4, 5, 6, 7, 8, 9, 10, 11, 12, 13, 14, 15, 16, 17, 18, 19], 32025.023732923004], [[0, 1, 2, 4, 5, 6, 7, 8, 9, 10, 11, 12, 14, 15, 16, 17, 18, 19], 10045.406604624313], [[1, 2, 4, 5, 6, 7, 8, 9, 10, 11, 12, 14, 15, 16, 17, 18, 19], 3495.7430986767577], [[1, 2, 4, 5, 6, 7, 8, 9, 10, 11, 12, 15, 16, 17, 18, 19], 1216.498309122407], [[1, 2, 4, 5, 8, 9, 10, 11, 12, 15, 16, 17, 18, 19], 147.31788938500245], [[2, 4, 5, 8, 9, 10, 11, 12, 15, 16, 17, 18, 19], 51.265769223899014], [[2, 5, 8, 9, 15, 17, 18, 19], 0.5596258302075612], [[5, 8, 9, 15, 17, 18, 19], 446.29132314558916], [[5, 18], 1096.0], [[5, 18, 19], 2723.8710270270267], [[5, 8, 9, 18, 19], 54.04592815883727], [[8, 9], 580.0], [[5, 8, 9, 17, 18, 19], 155.30688583781128], [[2, 4, 5, 8, 9, 15, 17, 18, 19], 0.8887127072983859], [[2, 4, 5, 8, 9, 12, 15, 17, 18, 19], 2.2933690782385927], [[2, 4, 5, 8, 9, 10, 12, 15, 17, 18, 19], 6.224124843777476], [[2, 4, 5, 8, 9, 10, 11, 12, 15, 17, 18, 19], 17.840192217760343], [[1, 2, 4, 5, 6, 8, 9, 10, 11, 12, 15, 16, 17, 18, 19], 423.3343397109277]], "time_in_s": 10}