{"costs": 427566322871.27216, "join_operands": {"0": [0, 1, 2, 3, 4, 5, 6, 7, 8, 9, 10, 11, 12, 13, 14, 15, 16, 17, 18, 19, 20, 21, 22, 23, 24, 25, 26, 27, 28, 29, 30, 31, 32, 33, 34, 35, 36, 37, 38, 39, 40, 41, 42, 43, 44, 45, 46, 47, 48, 49], "1": [0, 1, 2, 3, 4, 5, 6, 7, 8, 10, 12, 13, 14, 16, 17, 19, 21, 22, 23, 24, 25, 26, 27, 28, 29, 30, 31, 32, 33, 34, 35, 36, 37, 38, 39, 40, 41, 42, 43, 44, 45, 46, 47, 49], "2": [9, 11, 15, 18, 20, 48], "3": [0, 1, 2, 3, 4, 5, 6, 7, 8, 10, 12, 13, 14, 16, 19, 21, 22, 23, 24, 25, 26, 27, 28, 29, 30, 31, 32, 33, 34, 35, 36, 37, 38, 39, 40, 41, 42, 43, 44, 45, 46, 47, 49], "4": [], "5": [], "6": [11, 15, 18, 20, 48], "7": [0, 1, 2, 3, 4, 5, 6, 7, 8, 10, 12, 13, 16, 19, 21, 23, 24, 25, 26, 27, 28, 29, 30, 31, 34, 35, 36, 37, 38, 39, 40, 41, 42, 43, 45, 46, 49], "8": [], "9": [], "10": [], "11": [14, 22, 32, 33, 44, 47], "12": [], "13": [], "14": [15, 18, 20, 48], "15": [0, 1, 2, 4, 5, 6, 7, 8, 10, 12, 13, 16, 19, 23, 24, 25, 26, 27, 28, 29, 30, 31, 34, 35, 36, 37, 38, 39, 40, 41, 42, 43, 45, 46, 49], "16": [], "17": [], "18": [], "19": [14, 22, 33], "20": [], "21": [], "22": [15, 48], "23": [3, 21], "24": [], "25": [], "26": [], "27": [32, 44, 47], "28": [], "29": [], "30": [18, 20], "31": [0, 1, 2, 4, 5, 6, 7, 8, 10, 12, 13, 16, 19, 23, 24, 26, 27, 28, 29, 30, 31, 34, 35, 36, 37, 38, 39, 40, 41, 42, 43, 45, 46, 49], "32": [], "33": [], "34": [], "35": [14, 22], "36": [], "37": [], "38": [], "39": [], "40": [], "41": [], "42": [], "43": [44, 47], "44": [], "45": [], "46": [], "47": [], "48": []}, "join_predecessors": {"0": [1, 2], "1": [3, 5], "2": [4, 6], "3": [7, 11], "4": [8, 12], "5": [9, 13], "6": [10, 14], "7": [15, 23], "8": [16, 24], "9": [17, 25], "10": [18, 26], "11": [19, 27], "12": [20, 28], "13": [21, 29], "14": [22, 30], "15": [31, 47], "16": [32, 48], "17": [33], "18": [34], "19": [35], "20": [36], "21": [37], "22": [38], "23": [39], "24": [40], "25": [41], "26": [42], "27": [43], "28": [44], "29": [45], "30": [46], "31": [], "32": [], "33": [], "34": [], "35": [], "36": [], "37": [], "38": [], "39": [], "40": [], "41": [], "42": [], "43": [], "44": [], "45": [], "46": [], "47": [], "48": []}, "leaf_joins": [31, 32], "opt_time": 10.006020069122314, "status": 9, "intermediate_costs": [[[0, 1, 2, 3, 4, 5, 6, 7, 8, 10, 12, 13, 14, 16, 17, 19, 21, 22, 23, 24, 25, 26, 27, 28, 29, 30, 31, 32, 33, 34, 35, 36, 37, 38, 39, 40, 41, 42, 43, 44, 45, 46, 47, 49], 211604288701.09103], [[9, 11, 15, 18, 20, 48], 2800499400.0958023], [[0, 1, 2, 3, 4, 5, 6, 7, 8, 10, 12, 13, 14, 16, 19, 21, 22, 23, 24, 25, 26, 27, 28, 29, 30, 31, 32, 33, 34, 35, 36, 37, 38, 39, 40, 41, 42, 43, 44, 45, 46, 47, 49], 211604288701.09103], [[11, 15, 18, 20, 48], 62396448.799858786], [[0, 1, 2, 3, 4, 5, 6, 7, 8, 10, 12, 13, 16, 19, 21, 23, 24, 25, 26, 27, 28, 29, 30, 31, 34, 35, 36, 37, 38, 39, 40, 41, 42, 43, 45, 46, 49], 399492075.8581519], [[14, 22, 32, 33, 44, 47], 64621364.9321533], [[15, 18, 20, 48], 62396448.799858786], [[0, 1, 2, 4, 5, 6, 7, 8, 10, 12, 13, 16, 19, 23, 24, 25, 26, 27, 28, 29, 30, 31, 34, 35, 36, 37, 38, 39, 40, 41, 42, 43, 45, 46, 49], 418516042.6969596], [[14, 22, 33], 21966.0], [[15, 48], 62647615.0], [[3, 21], 188231.0], [[32, 44, 47], 67663270.21030346], [[18, 20], 108563.0], [[0, 1, 2, 4, 5, 6, 7, 8, 10, 12, 13, 16, 19, 23, 24, 26, 27, 28, 29, 30, 31, 34, 35, 36, 37, 38, 39, 40, 41, 42, 43, 45, 46, 49], 418516042.6969597], [[14, 22], 23000.0], [[44, 47], 655000.0]]}