{"costs": 5350822, "root_join": 7, "join_operands": {"0": [0, 2], "1": [0, 2, 3], "2": [0, 1, 2, 3], "3": [0, 1, 2, 3, 7], "4": [0, 1, 2, 3, 6, 7, 16, 18], "5": [6, 16, 18], "6": [6, 18], "7": [0, 1, 2, 3, 4, 5, 6, 7, 8, 9, 10, 11, 12, 13, 14, 15, 16, 17, 18, 19], "8": [4, 5, 8, 9, 10, 11, 12, 13, 14, 15, 17, 19], "9": [5, 9, 13], "10": [9, 13], "11": [5, 9, 13, 17], "12": [5, 8, 9, 13, 17], "13": [5, 8, 9, 13, 15, 17], "14": [5, 8, 9, 13, 15, 17, 19], "15": [5, 8, 9, 11, 13, 15, 17, 19], "16": [5, 8, 9, 10, 11, 13, 15, 17, 19], "17": [5, 8, 9, 10, 11, 13, 14, 15, 17, 19], "18": [4, 5, 8, 9, 10, 11, 13, 14, 15, 17, 19]}, "join_predecessors": {"0": [], "1": [0], "2": [1], "3": [2], "4": [3, 5], "5": [6], "6": [], "7": [4, 8], "9": [10], "10": [], "11": [9], "12": [11], "13": [12], "14": [13], "15": [14], "16": [15], "17": [16], "18": [17], "8": [18]}, "intermediate_costs": [[[0, 2], 397826.0], [[0, 2, 3], 485704.67346575344], [[0, 1, 2, 3], 595175.5811880835], [[0, 1, 2, 3, 7], 729319.670562218], [[0, 1, 2, 3, 6, 7, 16, 18], 1265266.403540879], [[6, 16, 18], 788581.0464142857], [[6, 18], 85777.0], [[4, 5, 8, 9, 10, 11, 12, 13, 14, 15, 17, 19], 386866.87311279785], [[5, 9, 13], 655.6152938463151], [[9, 13], 3228.0], [[5, 9, 13, 17], 803.3817904177789], [[5, 8, 9, 13, 17], 982.967909853965], [[5, 8, 9, 13, 15, 17], 1204.5150499585816], [[5, 8, 9, 13, 15, 17, 19], 1475.9958568747545], [[5, 8, 9, 11, 13, 15, 17, 19], 5897.653557766983], [[5, 8, 9, 10, 11, 13, 15, 17, 19], 28705.570615091718], [[5, 8, 9, 10, 11, 13, 14, 15, 17, 19], 257641.44198610703], [[4, 5, 8, 9, 10, 11, 13, 14, 15, 17, 19], 315710.2137173226]]}