{"costs": 5647422, "root_join": 26, "join_operands": {"0": [0, 14, 26], "1": [14, 26], "2": [0, 2, 7, 14, 21, 25, 26], "3": [2, 7, 21, 25], "4": [2, 7, 25], "5": [2, 25], "6": [0, 2, 7, 14, 15, 21, 25, 26], "7": [0, 2, 7, 14, 15, 17, 21, 25, 26], "8": [0, 2, 6, 7, 14, 15, 17, 21, 25, 26], "9": [0, 2, 6, 7, 14, 15, 17, 21, 25, 26, 28], "10": [0, 2, 5, 6, 7, 8, 9, 10, 11, 12, 14, 15, 16, 17, 18, 19, 21, 23, 24, 25, 26, 28], "11": [5, 8, 9, 10, 11, 12, 16, 18, 19, 23, 24], "12": [10, 19], "13": [10, 11, 19], "14": [10, 11, 12, 19], "15": [8, 9, 10, 11, 12, 16, 19], "16": [8, 9, 16], "17": [8, 9], "18": [8, 9, 10, 11, 12, 16, 19, 24], "19": [8, 9, 10, 11, 12, 16, 18, 19, 24], "20": [5, 8, 9, 10, 11, 12, 16, 18, 19, 24], "21": [0, 2, 5, 6, 7, 8, 9, 10, 11, 12, 14, 15, 16, 17, 18, 19, 21, 23, 24, 25, 26, 28, 29], "22": [0, 2, 4, 5, 6, 7, 8, 9, 10, 11, 12, 14, 15, 16, 17, 18, 19, 21, 23, 24, 25, 26, 28, 29], "23": [0, 2, 4, 5, 6, 7, 8, 9, 10, 11, 12, 14, 15, 16, 17, 18, 19, 21, 23, 24, 25, 26, 27, 28, 29], "24": [0, 2, 4, 5, 6, 7, 8, 9, 10, 11, 12, 14, 15, 16, 17, 18, 19, 20, 21, 23, 24, 25, 26, 27, 28, 29], "25": [0, 1, 2, 4, 5, 6, 7, 8, 9, 10, 11, 12, 14, 15, 16, 17, 18, 19, 20, 21, 23, 24, 25, 26, 27, 28, 29], "26": [0, 1, 2, 3, 4, 5, 6, 7, 8, 9, 10, 11, 12, 13, 14, 15, 16, 17, 18, 19, 20, 21, 22, 23, 24, 25, 26, 27, 28, 29], "27": [3, 13, 22], "28": [3, 13]}, "join_predecessors": {"0": [1], "1": [], "2": [0, 3], "3": [4], "5": [], "4": [5], "6": [2], "7": [6], "8": [7], "9": [8], "10": [9, 11], "12": [], "13": [12], "14": [13], "15": [14, 16], "17": [], "16": [17], "18": [15], "19": [18], "20": [19], "11": [20], "21": [10], "22": [21], "23": [22], "24": [23], "25": [24], "26": [25, 27], "28": [], "27": [28]}, "intermediate_costs": [[[0, 14, 26], 970.2924692431334], [[14, 26], 585.0], [[0, 2, 7, 14, 21, 25, 26], 8.588892503211643], [[2, 7, 21, 25], 1494.3273555492872], [[2, 7, 25], 901.8695422971967], [[2, 25], 545.0], [[0, 2, 7, 14, 15, 21, 25, 26], 14.245704153500425], [[0, 2, 7, 14, 15, 17, 21, 25, 26], 23.62820401018845], [[0, 2, 6, 7, 14, 15, 17, 21, 25, 26], 39.190202331015186], [[0, 2, 6, 7, 14, 15, 17, 21, 25, 26, 28], 433.2982955859424], [[0, 2, 5, 6, 7, 8, 9, 10, 11, 12, 14, 15, 16, 17, 18, 19, 21, 23, 24, 25, 26, 28], 1.0921893363785566], [[5, 8, 9, 10, 11, 12, 16, 18, 19, 23, 24], 109.41998737410232], [[10, 19], 310.0], [[10, 11, 19], 494.39], [[10, 11, 12, 19], 820.0016332258065], [[8, 9, 10, 11, 12, 16, 19], 14.756288610315256], [[8, 9, 16], 489.29278162148563], [[8, 9], 295.0], [[8, 9, 10, 11, 12, 16, 19, 24], 23.980619106433], [[8, 9, 10, 11, 12, 16, 18, 19, 24], 39.77456427727308], [[5, 8, 9, 10, 11, 12, 16, 18, 19, 24], 65.97068156308924], [[0, 2, 5, 6, 7, 8, 9, 10, 11, 12, 14, 15, 16, 17, 18, 19, 21, 23, 24, 25, 26, 28, 29], 188.2226506606561], [[0, 2, 4, 5, 6, 7, 8, 9, 10, 11, 12, 14, 15, 16, 17, 18, 19, 21, 23, 24, 25, 26, 28, 29], 532094.3625035859], [[0, 2, 4, 5, 6, 7, 8, 9, 10, 11, 12, 14, 15, 16, 17, 18, 19, 21, 23, 24, 25, 26, 27, 28, 29], 870929.7442335847], [[0, 2, 4, 5, 6, 7, 8, 9, 10, 11, 12, 14, 15, 16, 17, 18, 19, 20, 21, 23, 24, 25, 26, 27, 28, 29], 1444541.1377840126], [[0, 1, 2, 4, 5, 6, 7, 8, 9, 10, 11, 12, 14, 15, 16, 17, 18, 19, 20, 21, 23, 24, 25, 26, 27, 28, 29], 2395944.2385166036], [[3, 13, 22], 247079.07374747476], [[3, 13], 148967.0]]}