{"costs": 729, "join_operands": {"0": [0, 1, 2, 3, 4, 5, 6, 7, 8, 9], "1": [0, 1, 2, 3, 5, 6, 7, 9], "2": [4, 8], "3": [0, 2, 3, 5, 6, 7, 9], "4": [], "5": [], "6": [], "7": [0, 2, 3, 5, 6, 7], "8": [], "9": [0, 2, 5, 6, 7], "10": [0, 2, 5, 7], "11": [0, 2, 7], "12": [2, 7], "13": []}, "join_predecessors": {"0": [1, 2], "1": [3, 5], "2": [4, 6], "3": [7], "4": [8], "5": [], "6": [], "7": [9], "8": [], "9": [10], "10": [11], "11": [12], "12": [13], "13": []}, "leaf_joins": [], "opt_time": 0.7057349681854248, "status": 2, "intermediate_costs": [[[0, 1, 2, 3, 5, 6, 7, 9], 3.61320803088766e-24], [[4, 8], 1.0], [[0, 2, 3, 5, 6, 7, 9], 3.911812364054986e-24], [[0, 2, 3, 5, 6, 7], 4.5353796245905666e-11], [[0, 2, 5, 6, 7], 4.9444787378163224e-11], [[0, 2, 5, 7], 0.00013889276351257104], [[0, 2, 7], 0.0003872152288159332], [[2, 7], 728.0]]}