{"costs": 8251268, "root_join": 18, "join_operands": {"0": [0, 8, 9], "1": [8, 9], "2": [0, 8, 9, 15], "3": [0, 8, 9, 10, 15], "4": [0, 8, 9, 10, 14, 15], "5": [0, 8, 9, 10, 14, 15, 17], "6": [0, 4, 8, 9, 10, 14, 15, 17], "7": [0, 2, 4, 8, 9, 10, 14, 15, 17], "8": [0, 2, 4, 5, 8, 9, 10, 14, 15, 17], "9": [0, 2, 4, 5, 8, 9, 10, 14, 15, 17, 18], "10": [0, 2, 3, 4, 5, 8, 9, 10, 14, 15, 17, 18], "11": [0, 2, 3, 4, 5, 8, 9, 10, 14, 15, 17, 18, 19], "12": [0, 2, 3, 4, 5, 8, 9, 10, 12, 14, 15, 17, 18, 19], "13": [0, 2, 3, 4, 5, 8, 9, 10, 12, 13, 14, 15, 17, 18, 19], "14": [0, 2, 3, 4, 5, 7, 8, 9, 10, 12, 13, 14, 15, 17, 18, 19], "15": [0, 2, 3, 4, 5, 7, 8, 9, 10, 12, 13, 14, 15, 16, 17, 18, 19], "16": [0, 2, 3, 4, 5, 6, 7, 8, 9, 10, 12, 13, 14, 15, 16, 17, 18, 19], "17": [0, 1, 2, 3, 4, 5, 6, 7, 8, 9, 10, 12, 13, 14, 15, 16, 17, 18, 19], "18": [0, 1, 2, 3, 4, 5, 6, 7, 8, 9, 10, 11, 12, 13, 14, 15, 16, 17, 18, 19]}, "join_predecessors": {"0": [1], "1": [], "2": [0], "3": [2], "4": [3], "5": [4], "6": [5], "7": [6], "8": [7], "9": [8], "10": [9], "11": [10], "12": [11], "13": [12], "14": [13], "15": [14], "16": [15], "17": [16], "18": [17]}, "intermediate_costs": [[[0, 8, 9], 107.96686292134831], [[8, 9], 3821.0], [[0, 8, 9, 15], 149.28847321501857], [[0, 8, 9, 10, 15], 207.97920070759562], [[0, 8, 9, 10, 14, 15], 1942.6131804092406], [[0, 8, 9, 10, 14, 15, 17], 2706.3466134400646], [[0, 4, 8, 9, 10, 14, 15, 17], 3770.335640733853], [[0, 2, 4, 8, 9, 10, 14, 15, 17], 16795.841986764917], [[0, 2, 4, 5, 8, 9, 10, 14, 15, 17], 23399.08480246326], [[0, 2, 4, 5, 8, 9, 10, 14, 15, 17, 18], 32598.375837562024], [[0, 2, 3, 4, 5, 8, 9, 10, 14, 15, 17, 18], 42619.58226111198], [[0, 2, 3, 4, 5, 8, 9, 10, 14, 15, 17, 18, 19], 59375.34055895919], [[0, 2, 3, 4, 5, 8, 9, 10, 12, 14, 15, 17, 18, 19], 82101.1621952636], [[0, 2, 3, 4, 5, 8, 9, 10, 12, 13, 14, 15, 17, 18, 19], 114378.77799476375], [[0, 2, 3, 4, 5, 7, 8, 9, 10, 12, 13, 14, 15, 17, 18, 19], 159346.1591257496], [[0, 2, 3, 4, 5, 7, 8, 9, 10, 12, 13, 14, 15, 16, 17, 18, 19], 221992.6211453573], [[0, 2, 3, 4, 5, 6, 7, 8, 9, 10, 12, 13, 14, 15, 16, 17, 18, 19], 309268.4620402788], [[0, 1, 2, 3, 4, 5, 6, 7, 8, 9, 10, 12, 13, 14, 15, 16, 17, 18, 19], 7176687.453672002]]}