{"costs": 3019.0, "root_join": 0, "join_operands": {"0": [0, 1, 2, 3, 4], "1": [3], "2": [0, 1, 2, 4], "3": [2], "4": [0, 1, 4], "5": [4], "6": [0, 1], "7": [0], "8": [1]}, "join_predecessors": {"0": [1, 2], "2": [3, 4], "4": [5, 6], "6": [7, 8]}, "intermediate_costs": [[[0, 1, 2, 4], 12.38975200610454], [[0, 1, 4], 123.9732], [[0, 1], 2883.1000000000004]]}