{"costs": 11128498, "root_join": 0, "join_operands": {"0": [0, 1, 2, 3, 4, 5, 6, 7, 8, 9, 10, 11, 12, 13, 14, 15, 16, 17, 18, 19], "1": [0, 1, 2, 3, 4, 5, 6, 7, 8, 9, 10, 11, 12, 14, 15, 16, 17, 18, 19], "2": [], "3": [0, 1, 2, 3, 4, 5, 6, 7, 8, 9, 10, 11, 12, 14, 15, 16, 17, 18], "4": [], "5": [], "6": [], "7": [0, 1, 2, 3, 4, 5, 6, 7, 8, 9, 10, 11, 14, 15, 16, 17, 18], "8": [], "9": [], "10": [], "11": [], "12": [], "13": [], "14": [], "15": [0, 1, 2, 3, 4, 5, 6, 7, 8, 9, 10, 11, 15, 16, 17, 18], "16": [], "17": [], "18": [], "19": [0, 1], "20": [0, 1, 11], "21": [0, 1, 8, 11], "22": [0, 1, 8, 11, 15], "23": [0, 1, 7, 8, 10, 11, 15], "24": [7, 10], "25": [0, 1, 3, 4, 6, 7, 8, 10, 11, 15, 18], "26": [3, 4, 6, 18], "27": [3, 6, 18], "28": [6, 18], "29": [0, 1, 2, 3, 4, 6, 7, 8, 10, 11, 15, 18], "30": [0, 1, 2, 3, 4, 5, 6, 7, 8, 10, 11, 15, 18], "31": [0, 1, 2, 3, 4, 5, 6, 7, 8, 10, 11, 15, 17, 18], "32": [0, 1, 2, 3, 4, 5, 6, 7, 8, 10, 11, 15, 16, 17, 18]}, "join_predecessors": {"0": [1], "1": [3], "2": [], "3": [7], "4": [], "5": [], "6": [], "7": [15], "8": [], "9": [], "10": [], "11": [], "12": [], "13": [], "14": [], "15": [32], "16": [], "17": [], "18": [], "19": [], "20": [19], "21": [20], "22": [21], "23": [22, 24], "24": [], "25": [23, 26], "27": [28], "28": [], "26": [27], "29": [25], "30": [29], "31": [30], "32": [31]}, "intermediate_costs": [[[0, 1, 2, 3, 4, 5, 6, 7, 8, 9, 10, 11, 12, 14, 15, 16, 17, 18, 19], 863886.1017718086], [[0, 1, 2, 3, 4, 5, 6, 7, 8, 9, 10, 11, 12, 14, 15, 16, 17, 18], 838402.0711860746], [[0, 1, 2, 3, 4, 5, 6, 7, 8, 9, 10, 11, 14, 15, 16, 17, 18], 813668.4239908243], [[0, 1, 2, 3, 4, 5, 6, 7, 8, 9, 10, 11, 15, 16, 17, 18], 797975.9628221396], [[0, 1], 74961.0], [[0, 1, 11], 67676.64550515465], [[0, 1, 8, 11], 67989.91162713213], [[0, 1, 8, 11, 15], 70056.24419905775], [[0, 1, 7, 8, 10, 11, 15], 706965.6227448352], [[7, 10], 1028337.0], [[0, 1, 3, 4, 6, 7, 8, 10, 11, 15, 18], 695501.1715749339], [[3, 4, 6, 18], 699063.524805212], [[3, 6, 18], 692773.144651774], [[6, 18], 747039.0], [[0, 1, 2, 3, 4, 6, 7, 8, 10, 11, 15, 18], 708767.96095697], [[0, 1, 2, 3, 4, 5, 6, 7, 8, 10, 11, 15, 18], 729413.8461202766], [[0, 1, 2, 3, 4, 5, 6, 7, 8, 10, 11, 15, 17, 18], 751587.0108310923], [[0, 1, 2, 3, 4, 5, 6, 7, 8, 10, 11, 15, 16, 17, 18], 774434.2192886184]]}