{"costs": 7807759, "root_join": 28, "join_operands": {"0": [0, 5], "1": [0, 5, 12, 14, 15, 16, 19, 22, 23, 29], "2": [12, 14, 15, 16, 19, 22, 23, 29], "3": [12, 14, 15, 22], "4": [12, 15, 22], "5": [12, 22], "6": [12, 14, 15, 22, 29], "7": [12, 14, 15, 22, 23, 29], "8": [12, 14, 15, 19, 22, 23, 29], "9": [0, 5, 12, 14, 15, 16, 19, 22, 23, 26, 29], "10": [0, 1, 5, 12, 14, 15, 16, 19, 22, 23, 26, 29], "11": [0, 1, 2, 3, 4, 5, 6, 7, 8, 9, 10, 12, 13, 14, 15, 16, 17, 18, 19, 20, 22, 23, 24, 25, 26, 27, 28, 29], "12": [2, 3, 4, 6, 7, 8, 9, 10, 13, 17, 18, 20, 24, 25, 27, 28], "13": [6, 10, 27], "14": [6, 27], "15": [6, 10, 13, 27], "16": [6, 8, 10, 13, 27], "17": [6, 8, 10, 13, 24, 27], "18": [2, 6, 8, 10, 13, 24, 27], "19": [2, 4, 6, 8, 10, 13, 24, 27], "20": [2, 4, 6, 7, 8, 10, 13, 24, 27, 28], "21": [7, 28], "22": [2, 4, 6, 7, 8, 10, 13, 24, 25, 27, 28], "23": [2, 4, 6, 7, 8, 10, 13, 17, 24, 25, 27, 28], "24": [2, 4, 6, 7, 8, 10, 13, 17, 18, 24, 25, 27, 28], "25": [2, 3, 4, 6, 7, 8, 10, 13, 17, 18, 24, 25, 27, 28], "26": [2, 3, 4, 6, 7, 8, 9, 10, 13, 17, 18, 24, 25, 27, 28], "27": [0, 1, 2, 3, 4, 5, 6, 7, 8, 9, 10, 11, 12, 13, 14, 15, 16, 17, 18, 19, 20, 22, 23, 24, 25, 26, 27, 28, 29], "28": [0, 1, 2, 3, 4, 5, 6, 7, 8, 9, 10, 11, 12, 13, 14, 15, 16, 17, 18, 19, 20, 21, 22, 23, 24, 25, 26, 27, 28, 29]}, "join_predecessors": {"0": [], "1": [0, 2], "3": [4], "5": [], "4": [5], "6": [3], "7": [6], "8": [7], "2": [8], "9": [1], "10": [9], "11": [10, 12], "13": [14], "14": [], "15": [13], "16": [15], "17": [16], "18": [17], "19": [18], "20": [19, 21], "21": [], "22": [20], "23": [22], "24": [23], "25": [24], "26": [25], "12": [26], "27": [11], "28": [27]}, "intermediate_costs": [[[0, 5], 143656.0], [[0, 5, 12, 14, 15, 16, 19, 22, 23, 29], 189555.0332071142], [[12, 14, 15, 16, 19, 22, 23, 29], 32786.89280826479], [[12, 14, 15, 22], 459.9031618803044], [[12, 15, 22], 300.72665625], [[12, 22], 197.0], [[12, 14, 15, 22, 29], 647.0520313061483], [[12, 14, 15, 22, 23, 29], 989.5407304744749], [[12, 14, 15, 19, 22, 23, 29], 1513.311854515774], [[0, 5, 12, 14, 15, 16, 19, 22, 23, 26, 29], 265730.6329881685], [[0, 1, 5, 12, 14, 15, 16, 19, 22, 23, 26, 29], 406383.7176203117], [[0, 1, 2, 3, 4, 5, 6, 7, 8, 9, 10, 12, 13, 14, 15, 16, 17, 18, 19, 20, 22, 23, 24, 25, 26, 27, 28, 29], 145101.83317568348], [[2, 3, 4, 6, 7, 8, 9, 10, 13, 17, 18, 20, 24, 25, 27, 28], 21479.765707820956], [[6, 10, 27], 3.225325443786982], [[6, 27], 200.0], [[6, 10, 13, 27], 4.932495320747629], [[6, 8, 10, 13, 27], 5.657477447350629], [[6, 8, 10, 13, 24, 27], 8.240022371782956], [[2, 6, 8, 10, 13, 24, 27], 12.60152959795515], [[2, 4, 6, 8, 10, 13, 24, 27], 1906.8442564317572], [[2, 4, 6, 7, 8, 10, 13, 24, 27, 28], 246.8537296864019], [[7, 28], 1529.0000000000002], [[2, 4, 6, 7, 8, 10, 13, 24, 25, 27, 28], 377.5119567286515], [[2, 4, 6, 7, 8, 10, 13, 17, 24, 25, 27, 28], 577.3268147665578], [[2, 4, 6, 7, 8, 10, 13, 17, 18, 24, 25, 27, 28], 730.6826221749923], [[2, 3, 4, 6, 7, 8, 10, 13, 17, 18, 24, 25, 27, 28], 1109.2777041591628], [[2, 3, 4, 6, 7, 8, 9, 10, 13, 17, 18, 24, 25, 27, 28], 1696.4269793570986], [[0, 1, 2, 3, 4, 5, 6, 7, 8, 9, 10, 11, 12, 13, 14, 15, 16, 17, 18, 19, 20, 22, 23, 24, 25, 26, 27, 28, 29], 6590549.48943336]]}