{"costs": 78559074, "root_join": 28, "join_operands": {"0": [0, 5], "1": [0, 5, 14], "2": [0, 5, 14, 26], "3": [0, 5, 14, 26, 29], "4": [0, 1, 5, 14, 26, 29], "5": [0, 1, 5, 12, 14, 26, 29], "6": [0, 1, 5, 12, 14, 22, 26, 29], "7": [0, 1, 5, 12, 14, 15, 22, 26, 29], "8": [0, 1, 5, 12, 14, 15, 22, 23, 26, 29], "9": [0, 1, 5, 12, 14, 15, 19, 22, 23, 26, 29], "10": [0, 1, 5, 12, 14, 15, 16, 19, 22, 23, 26, 29], "11": [0, 1, 5, 10, 12, 14, 15, 16, 19, 22, 23, 26, 29], "12": [0, 1, 5, 6, 10, 12, 14, 15, 16, 19, 22, 23, 26, 29], "13": [0, 1, 5, 6, 10, 12, 14, 15, 16, 19, 22, 23, 26, 27, 29], "14": [0, 1, 5, 6, 10, 12, 13, 14, 15, 16, 19, 22, 23, 26, 27, 29], "15": [0, 1, 5, 6, 8, 10, 12, 13, 14, 15, 16, 19, 22, 23, 26, 27, 29], "16": [0, 1, 5, 6, 8, 10, 12, 13, 14, 15, 16, 19, 22, 23, 24, 26, 27, 29], "17": [0, 1, 2, 5, 6, 8, 10, 12, 13, 14, 15, 16, 19, 22, 23, 24, 26, 27, 29], "18": [0, 1, 2, 4, 5, 6, 8, 10, 12, 13, 14, 15, 16, 19, 22, 23, 24, 26, 27, 29], "19": [0, 1, 2, 4, 5, 6, 7, 8, 10, 12, 13, 14, 15, 16, 19, 22, 23, 24, 26, 27, 29], "20": [0, 1, 2, 4, 5, 6, 7, 8, 10, 12, 13, 14, 15, 16, 19, 22, 23, 24, 26, 27, 28, 29], "21": [0, 1, 2, 4, 5, 6, 7, 8, 10, 12, 13, 14, 15, 16, 19, 22, 23, 24, 25, 26, 27, 28, 29], "22": [0, 1, 2, 4, 5, 6, 7, 8, 10, 12, 13, 14, 15, 16, 17, 19, 22, 23, 24, 25, 26, 27, 28, 29], "23": [0, 1, 2, 4, 5, 6, 7, 8, 10, 12, 13, 14, 15, 16, 17, 18, 19, 22, 23, 24, 25, 26, 27, 28, 29], "24": [0, 1, 2, 3, 4, 5, 6, 7, 8, 10, 12, 13, 14, 15, 16, 17, 18, 19, 22, 23, 24, 25, 26, 27, 28, 29], "25": [0, 1, 2, 3, 4, 5, 6, 7, 8, 9, 10, 12, 13, 14, 15, 16, 17, 18, 19, 22, 23, 24, 25, 26, 27, 28, 29], "26": [0, 1, 2, 3, 4, 5, 6, 7, 8, 9, 10, 12, 13, 14, 15, 16, 17, 18, 19, 20, 22, 23, 24, 25, 26, 27, 28, 29], "27": [0, 1, 2, 3, 4, 5, 6, 7, 8, 9, 10, 11, 12, 13, 14, 15, 16, 17, 18, 19, 20, 22, 23, 24, 25, 26, 27, 28, 29], "28": [0, 1, 2, 3, 4, 5, 6, 7, 8, 9, 10, 11, 12, 13, 14, 15, 16, 17, 18, 19, 20, 21, 22, 23, 24, 25, 26, 27, 28, 29]}, "join_predecessors": {"0": [], "1": [0], "2": [1], "3": [2], "4": [3], "5": [4], "6": [5], "7": [6], "8": [7], "9": [8], "10": [9], "11": [10], "12": [11], "13": [12], "14": [13], "15": [14], "16": [15], "17": [16], "18": [17], "19": [18], "20": [19], "21": [20], "22": [21], "23": [22], "24": [23], "25": [24], "26": [25], "27": [26], "28": [27]}, "intermediate_costs": [[[0, 5], 143656.0], [[0, 5, 14], 167661.38820024524], [[0, 5, 14, 26], 235038.69066587306], [[0, 5, 14, 26, 29], 330683.22820200986], [[0, 1, 5, 14, 26, 29], 505716.1762656173], [[0, 1, 5, 12, 14, 26, 29], 14454484.380956896], [[0, 1, 5, 12, 14, 22, 26, 29], 5253.751703041528], [[0, 1, 5, 12, 14, 15, 22, 26, 29], 8020.016154433612], [[0, 1, 5, 12, 14, 15, 22, 23, 26, 29], 12265.06101503976], [[0, 1, 5, 12, 14, 15, 19, 22, 23, 26, 29], 18757.047243036875], [[0, 1, 5, 12, 14, 15, 16, 19, 22, 23, 26, 29], 406383.7176203117], [[0, 1, 5, 10, 12, 14, 15, 16, 19, 22, 23, 26, 29], 55379786.00675008], [[0, 1, 5, 6, 10, 12, 14, 15, 16, 19, 22, 23, 26, 29], 92054.20150207165], [[0, 1, 5, 6, 10, 12, 14, 15, 16, 19, 22, 23, 26, 27, 29], 21.78797668688086], [[0, 1, 5, 6, 10, 12, 13, 14, 15, 16, 19, 22, 23, 26, 27, 29], 33.32038733133688], [[0, 1, 5, 6, 8, 10, 12, 13, 14, 15, 16, 19, 22, 23, 26, 27, 29], 38.21784464165559], [[0, 1, 5, 6, 8, 10, 12, 13, 14, 15, 16, 19, 22, 23, 24, 26, 27, 29], 55.66365889731316], [[0, 1, 2, 5, 6, 8, 10, 12, 13, 14, 15, 16, 19, 22, 23, 24, 26, 27, 29], 85.12686173365253], [[0, 1, 2, 4, 5, 6, 8, 10, 12, 13, 14, 15, 16, 19, 22, 23, 24, 26, 27, 29], 12881.26700041366], [[0, 1, 2, 4, 5, 6, 7, 8, 10, 12, 13, 14, 15, 16, 19, 22, 23, 24, 26, 27, 29], 18540.630060436673], [[0, 1, 2, 4, 5, 6, 7, 8, 10, 12, 13, 14, 15, 16, 19, 22, 23, 24, 26, 27, 28, 29], 1667.566080141628], [[0, 1, 2, 4, 5, 6, 7, 8, 10, 12, 13, 14, 15, 16, 19, 22, 23, 24, 25, 26, 27, 28, 29], 2550.1989971483554], [[0, 1, 2, 4, 5, 6, 7, 8, 10, 12, 13, 14, 15, 16, 17, 19, 22, 23, 24, 25, 26, 27, 28, 29], 3900.0043251684087], [[0, 1, 2, 4, 5, 6, 7, 8, 10, 12, 13, 14, 15, 16, 17, 18, 19, 22, 23, 24, 25, 26, 27, 28, 29], 4935.965754440363], [[0, 1, 2, 3, 4, 5, 6, 7, 8, 10, 12, 13, 14, 15, 16, 17, 18, 19, 22, 23, 24, 25, 26, 27, 28, 29], 7493.481566039699], [[0, 1, 2, 3, 4, 5, 6, 7, 8, 9, 10, 12, 13, 14, 15, 16, 17, 18, 19, 22, 23, 24, 25, 26, 27, 28, 29], 11459.83936239004], [[0, 1, 2, 3, 4, 5, 6, 7, 8, 9, 10, 12, 13, 14, 15, 16, 17, 18, 19, 20, 22, 23, 24, 25, 26, 27, 28, 29], 145101.83317568348], [[0, 1, 2, 3, 4, 5, 6, 7, 8, 9, 10, 11, 12, 13, 14, 15, 16, 17, 18, 19, 20, 22, 23, 24, 25, 26, 27, 28, 29], 6590549.48943336]]}