{"costs": 20973, "root_join": 28, "join_operands": {"0": [22, 28], "1": [13, 22, 28], "2": [4, 13, 22, 28], "3": [4, 9, 13, 22, 28], "4": [4, 7, 9, 13, 22, 28], "5": [4, 7, 9, 10, 13, 22, 28], "6": [4, 7, 8, 9, 10, 13, 22, 28], "7": [4, 7, 8, 9, 10, 11, 13, 22, 28], "8": [3, 4, 7, 8, 9, 10, 11, 13, 22, 28], "9": [3, 4, 7, 8, 9, 10, 11, 12, 13, 22, 28], "10": [3, 4, 7, 8, 9, 10, 11, 12, 13, 22, 27, 28], "11": [3, 4, 7, 8, 9, 10, 11, 12, 13, 22, 25, 27, 28], "12": [3, 4, 7, 8, 9, 10, 11, 12, 13, 17, 22, 25, 27, 28], "13": [3, 4, 7, 8, 9, 10, 11, 12, 13, 17, 22, 25, 27, 28, 29], "14": [3, 4, 7, 8, 9, 10, 11, 12, 13, 17, 18, 22, 25, 27, 28, 29], "15": [3, 4, 5, 7, 8, 9, 10, 11, 12, 13, 17, 18, 22, 25, 27, 28, 29], "16": [3, 4, 5, 7, 8, 9, 10, 11, 12, 13, 17, 18, 22, 25, 26, 27, 28, 29], "17": [0, 3, 4, 5, 7, 8, 9, 10, 11, 12, 13, 17, 18, 22, 25, 26, 27, 28, 29], "18": [0, 3, 4, 5, 7, 8, 9, 10, 11, 12, 13, 16, 17, 18, 22, 25, 26, 27, 28, 29], "19": [0, 3, 4, 5, 7, 8, 9, 10, 11, 12, 13, 14, 16, 17, 18, 22, 25, 26, 27, 28, 29], "20": [0, 2, 3, 4, 5, 7, 8, 9, 10, 11, 12, 13, 14, 16, 17, 18, 22, 25, 26, 27, 28, 29], "21": [0, 2, 3, 4, 5, 7, 8, 9, 10, 11, 12, 13, 14, 15, 16, 17, 18, 22, 25, 26, 27, 28, 29], "22": [0, 2, 3, 4, 5, 7, 8, 9, 10, 11, 12, 13, 14, 15, 16, 17, 18, 22, 23, 25, 26, 27, 28, 29], "23": [0, 2, 3, 4, 5, 7, 8, 9, 10, 11, 12, 13, 14, 15, 16, 17, 18, 19, 22, 23, 25, 26, 27, 28, 29], "24": [0, 2, 3, 4, 5, 6, 7, 8, 9, 10, 11, 12, 13, 14, 15, 16, 17, 18, 19, 22, 23, 25, 26, 27, 28, 29], "25": [0, 1, 2, 3, 4, 5, 6, 7, 8, 9, 10, 11, 12, 13, 14, 15, 16, 17, 18, 19, 22, 23, 25, 26, 27, 28, 29], "26": [0, 1, 2, 3, 4, 5, 6, 7, 8, 9, 10, 11, 12, 13, 14, 15, 16, 17, 18, 19, 21, 22, 23, 25, 26, 27, 28, 29], "27": [0, 1, 2, 3, 4, 5, 6, 7, 8, 9, 10, 11, 12, 13, 14, 15, 16, 17, 18, 19, 21, 22, 23, 24, 25, 26, 27, 28, 29], "28": [0, 1, 2, 3, 4, 5, 6, 7, 8, 9, 10, 11, 12, 13, 14, 15, 16, 17, 18, 19, 20, 21, 22, 23, 24, 25, 26, 27, 28, 29]}, "join_predecessors": {"0": [], "1": [0], "2": [1], "3": [2], "4": [3], "5": [4], "6": [5], "7": [6], "8": [7], "9": [8], "10": [9], "11": [10], "12": [11], "13": [12], "14": [13], "15": [14], "16": [15], "17": [16], "18": [17], "19": [18], "20": [19], "21": [20], "22": [21], "23": [22], "24": [23], "25": [24], "26": [25], "27": [26], "28": [27]}, "intermediate_costs": [[[22, 28], 5650.0], [[13, 22, 28], 14.592996987951807], [[4, 13, 22, 28], 0.4651078241807592], [[4, 9, 13, 22, 28], 2.370803105419881], [[4, 7, 9, 13, 22, 28], 82.01339992708273], [[4, 7, 9, 10, 13, 22, 28], 10.956342143883745], [[4, 7, 8, 9, 10, 13, 22, 28], 0.0029050907199691745], [[4, 7, 8, 9, 10, 11, 13, 22, 28], 0.01453394878937548], [[3, 4, 7, 8, 9, 10, 11, 13, 22, 28], 0.0740841503808525], [[3, 4, 7, 8, 9, 10, 11, 12, 13, 22, 28], 0.3776305668985238], [[3, 4, 7, 8, 9, 10, 11, 12, 13, 22, 27, 28], 0.0034996502319313196], [[3, 4, 7, 8, 9, 10, 11, 12, 13, 22, 25, 27, 28], 0.01783883389038776], [[3, 4, 7, 8, 9, 10, 11, 12, 13, 17, 22, 25, 27, 28], 0.2322674064593187], [[3, 4, 7, 8, 9, 10, 11, 12, 13, 17, 22, 25, 27, 28, 29], 1.338441094450481], [[3, 4, 7, 8, 9, 10, 11, 12, 13, 17, 18, 22, 25, 27, 28, 29], 0.007335396111116313], [[3, 4, 5, 7, 8, 9, 10, 11, 12, 13, 17, 18, 22, 25, 27, 28, 29], 0.0373908193885662], [[3, 4, 5, 7, 8, 9, 10, 11, 12, 13, 17, 18, 22, 25, 26, 27, 28, 29], 0.0001097930423864262], [[0, 3, 4, 5, 7, 8, 9, 10, 11, 12, 13, 17, 18, 22, 25, 26, 27, 28, 29], 0.0005596496434283644], [[0, 3, 4, 5, 7, 8, 9, 10, 11, 12, 13, 16, 17, 18, 22, 25, 26, 27, 28, 29], 0.0028527101224423076], [[0, 3, 4, 5, 7, 8, 9, 10, 11, 12, 13, 14, 16, 17, 18, 22, 25, 26, 27, 28, 29], 1.5305825707226775e-05], [[0, 2, 3, 4, 5, 7, 8, 9, 10, 11, 12, 13, 14, 16, 17, 18, 22, 25, 26, 27, 28, 29], 5.825394841404272e-05], [[0, 2, 3, 4, 5, 7, 8, 9, 10, 11, 12, 13, 14, 15, 16, 17, 18, 22, 25, 26, 27, 28, 29], 0.0002923173603004049], [[0, 2, 3, 4, 5, 7, 8, 9, 10, 11, 12, 13, 14, 15, 16, 17, 18, 22, 23, 25, 26, 27, 28, 29], 0.0014900349365965795], [[0, 2, 3, 4, 5, 7, 8, 9, 10, 11, 12, 13, 14, 15, 16, 17, 18, 19, 22, 23, 25, 26, 27, 28, 29], 0.00998224152005455], [[0, 2, 3, 4, 5, 6, 7, 8, 9, 10, 11, 12, 13, 14, 15, 16, 17, 18, 19, 22, 23, 25, 26, 27, 28, 29], 96.2744416364243], [[0, 1, 2, 3, 4, 5, 6, 7, 8, 9, 10, 11, 12, 13, 14, 15, 16, 17, 18, 19, 22, 23, 25, 26, 27, 28, 29], 480.4821684684076], [[0, 1, 2, 3, 4, 5, 6, 7, 8, 9, 10, 11, 12, 13, 14, 15, 16, 17, 18, 19, 21, 22, 23, 25, 26, 27, 28, 29], 2400.1876379447626], [[0, 1, 2, 3, 4, 5, 6, 7, 8, 9, 10, 11, 12, 13, 14, 15, 16, 17, 18, 19, 21, 22, 23, 24, 25, 26, 27, 28, 29], 12234.522891999242]]}