{"costs": 117585610, "root_join": 28, "join_operands": {"0": [0, 18, 29], "1": [18, 29], "2": [0, 5, 18, 29], "3": [0, 5, 16, 18, 29], "4": [0, 5, 16, 17, 18, 29], "5": [0, 5, 16, 17, 18, 19, 29], "6": [0, 5, 16, 17, 18, 19, 26, 29], "7": [0, 5, 14, 16, 17, 18, 19, 26, 29], "8": [0, 5, 14, 16, 17, 18, 19, 23, 26, 29], "9": [0, 5, 6, 14, 16, 17, 18, 19, 23, 26, 29], "10": [0, 1, 5, 6, 14, 16, 17, 18, 19, 23, 26, 29], "11": [0, 1, 3, 4, 5, 6, 7, 8, 10, 11, 12, 13, 14, 16, 17, 18, 19, 22, 23, 25, 26, 27, 28, 29], "12": [3, 4, 7, 8, 10, 11, 12, 13, 22, 25, 27, 28], "13": [8, 10], "14": [8, 10, 11], "15": [3, 8, 10, 11], "16": [3, 4, 7, 8, 10, 11, 13, 22, 28], "17": [4, 7, 13, 22, 28], "18": [4, 13, 22, 28], "19": [13, 22, 28], "20": [22, 28], "21": [3, 4, 7, 8, 10, 11, 12, 13, 22, 28], "22": [3, 4, 7, 8, 10, 11, 12, 13, 22, 27, 28], "23": [0, 1, 2, 3, 4, 5, 6, 7, 8, 10, 11, 12, 13, 14, 16, 17, 18, 19, 22, 23, 25, 26, 27, 28, 29], "24": [0, 1, 2, 3, 4, 5, 6, 7, 8, 10, 11, 12, 13, 14, 16, 17, 18, 19, 21, 22, 23, 25, 26, 27, 28, 29], "25": [0, 1, 2, 3, 4, 5, 6, 7, 8, 10, 11, 12, 13, 14, 16, 17, 18, 19, 20, 21, 22, 23, 25, 26, 27, 28, 29], "26": [0, 1, 2, 3, 4, 5, 6, 7, 8, 9, 10, 11, 12, 13, 14, 16, 17, 18, 19, 20, 21, 22, 23, 25, 26, 27, 28, 29], "27": [0, 1, 2, 3, 4, 5, 6, 7, 8, 9, 10, 11, 12, 13, 14, 15, 16, 17, 18, 19, 20, 21, 22, 23, 25, 26, 27, 28, 29], "28": [0, 1, 2, 3, 4, 5, 6, 7, 8, 9, 10, 11, 12, 13, 14, 15, 16, 17, 18, 19, 20, 21, 22, 23, 24, 25, 26, 27, 28, 29]}, "join_predecessors": {"0": [1], "1": [], "2": [0], "3": [2], "4": [3], "5": [4], "6": [5], "7": [6], "8": [7], "9": [8], "10": [9], "11": [10, 12], "13": [], "14": [13], "15": [14], "16": [15, 17], "17": [18], "19": [20], "20": [], "18": [19], "21": [16], "22": [21], "12": [22], "23": [11], "24": [23], "25": [24], "26": [25], "27": [26], "28": [27]}, "intermediate_costs": [[[0, 18, 29], 22265.0688], [[18, 29], 4368.0], [[0, 5, 18, 29], 113492.05326665142], [[0, 5, 16, 18, 29], 578504.664431149], [[0, 5, 16, 17, 18, 29], 2948822.641211295], [[0, 5, 16, 17, 18, 19, 29], 19755147.40051088], [[0, 5, 16, 17, 18, 19, 26, 29], 58008.29645786377], [[0, 5, 14, 16, 17, 18, 19, 26, 29], 311.23557496163335], [[0, 5, 14, 16, 17, 18, 19, 23, 26, 29], 1586.4671182305926], [[0, 5, 6, 14, 16, 17, 18, 19, 23, 26, 29], 15300795.485197075], [[0, 1, 5, 6, 14, 16, 17, 18, 19, 23, 26, 29], 76362524.35285649], [[0, 1, 3, 4, 5, 6, 7, 8, 10, 11, 12, 13, 14, 16, 17, 18, 19, 22, 23, 25, 26, 27, 28, 29], 4.9355730955727495], [[3, 4, 7, 8, 10, 11, 12, 13, 22, 25, 27, 28], 0.0034996500543265498], [[8, 10], 244.99999999999997], [[8, 10, 11], 1225.7164393939393], [[3, 8, 10, 11], 6247.865761486945], [[3, 4, 7, 8, 10, 11, 13, 22, 28], 0.014533943333862787], [[4, 7, 13, 22, 28], 16.08951578751885], [[4, 13, 22, 28], 0.4651078241807592], [[13, 22, 28], 14.592996987951807], [[22, 28], 5650.0], [[3, 4, 7, 8, 10, 11, 12, 13, 22, 28], 0.07408414933858985], [[3, 4, 7, 8, 10, 11, 12, 13, 22, 27, 28], 0.0006865668013704534], [[0, 1, 2, 3, 4, 5, 6, 7, 8, 10, 11, 12, 13, 14, 16, 17, 18, 19, 22, 23, 25, 26, 27, 28, 29], 18.784783389208382], [[0, 1, 2, 3, 4, 5, 6, 7, 8, 10, 11, 12, 13, 14, 16, 17, 18, 19, 21, 22, 23, 25, 26, 27, 28, 29], 93.83699922927028], [[0, 1, 2, 3, 4, 5, 6, 7, 8, 10, 11, 12, 13, 14, 16, 17, 18, 19, 20, 21, 22, 23, 25, 26, 27, 28, 29], 76597.40861159579], [[0, 1, 2, 3, 4, 5, 6, 7, 8, 9, 10, 11, 12, 13, 14, 16, 17, 18, 19, 20, 21, 22, 23, 25, 26, 27, 28, 29], 390441.4519866493], [[0, 1, 2, 3, 4, 5, 6, 7, 8, 9, 10, 11, 12, 13, 14, 15, 16, 17, 18, 19, 20, 21, 22, 23, 25, 26, 27, 28, 29], 1959228.8197426582]]}