{"costs": 17.0, "root_join": 0, "join_operands": {"0": [0, 1, 2, 3, 4, 5, 6, 7], "1": [2], "2": [0, 1, 3, 4, 5, 6, 7], "3": [3], "4": [0, 1, 4, 5, 6, 7], "5": [4], "6": [0, 1, 5, 6, 7], "7": [7], "8": [0, 1, 5, 6], "9": [1], "10": [0, 5, 6], "11": [0], "12": [5, 6], "13": [5], "14": [6]}, "join_predecessors": {"0": [1, 2], "2": [3, 4], "4": [5, 6], "6": [7, 8], "8": [9, 10], "10": [11, 12], "12": [13, 14]}, "intermediate_costs": [[[0, 1, 3, 4, 5, 6, 7], 2.267112994620179e-25], [[0, 1, 4, 5, 6, 7], 1.3113495661323084e-24], [[0, 1, 5, 6, 7], 3.8933869699674945e-17], [[0, 1, 5, 6], 2.6849583091010477e-16], [[0, 5, 6], 6.318304356749332e-06], [[5, 6], 17.000000000000004]]}