{"costs": 1731667, "root_join": 18, "join_operands": {"0": [2, 11], "1": [2, 11, 12], "2": [2, 8, 11, 12], "3": [2, 8, 11, 12, 19], "4": [2, 4, 8, 11, 12, 19], "5": [2, 4, 8, 11, 12, 18, 19], "6": [2, 4, 8, 11, 12, 13, 18, 19], "7": [2, 4, 8, 9, 11, 12, 13, 18, 19], "8": [1, 2, 4, 8, 9, 11, 12, 13, 18, 19], "9": [0, 1, 2, 4, 8, 9, 11, 12, 13, 18, 19], "10": [0, 1, 2, 4, 8, 9, 11, 12, 13, 15, 18, 19], "11": [0, 1, 2, 4, 8, 9, 10, 11, 12, 13, 15, 18, 19], "12": [0, 1, 2, 4, 8, 9, 10, 11, 12, 13, 15, 16, 18, 19], "13": [0, 1, 2, 4, 8, 9, 10, 11, 12, 13, 14, 15, 16, 18, 19], "14": [0, 1, 2, 4, 8, 9, 10, 11, 12, 13, 14, 15, 16, 17, 18, 19], "15": [0, 1, 2, 4, 6, 8, 9, 10, 11, 12, 13, 14, 15, 16, 17, 18, 19], "16": [0, 1, 2, 3, 4, 6, 8, 9, 10, 11, 12, 13, 14, 15, 16, 17, 18, 19], "17": [0, 1, 2, 3, 4, 5, 6, 8, 9, 10, 11, 12, 13, 14, 15, 16, 17, 18, 19], "18": [0, 1, 2, 3, 4, 5, 6, 7, 8, 9, 10, 11, 12, 13, 14, 15, 16, 17, 18, 19]}, "join_predecessors": {"0": [], "1": [0], "2": [1], "3": [2], "4": [3], "5": [4], "6": [5], "7": [6], "8": [7], "9": [8], "10": [9], "11": [10], "12": [11], "13": [12], "14": [13], "15": [14], "16": [15], "17": [16], "18": [17]}, "intermediate_costs": [[[2, 11], 1979.9999999999998], [[2, 11, 12], 4.2812556053811655], [[2, 8, 11, 12], 7.027040097286614], [[2, 8, 11, 12, 19], 40.89266882241415], [[2, 4, 8, 11, 12, 19], 0.047593211600142175], [[2, 4, 8, 11, 12, 18, 19], 36.414459172984735], [[2, 4, 8, 11, 12, 13, 18, 19], 0.22543140106677198], [[2, 4, 8, 9, 11, 12, 13, 18, 19], 1.3118608645525347], [[1, 2, 4, 8, 9, 11, 12, 13, 18, 19], 0.008035944379878713], [[0, 1, 2, 4, 8, 9, 11, 12, 13, 18, 19], 0.045564780780016335], [[0, 1, 2, 4, 8, 9, 11, 12, 13, 15, 18, 19], 0.26515651890510505], [[0, 1, 2, 4, 8, 9, 10, 11, 12, 13, 15, 18, 19], 1.5034693008733901], [[0, 1, 2, 4, 8, 9, 10, 11, 12, 13, 15, 16, 18, 19], 8.685791854103263], [[0, 1, 2, 4, 8, 9, 10, 11, 12, 13, 14, 15, 16, 18, 19], 50.545523494993176], [[0, 1, 2, 4, 8, 9, 10, 11, 12, 13, 14, 15, 16, 17, 18, 19], 294.14131282822257], [[0, 1, 2, 4, 6, 8, 9, 10, 11, 12, 13, 14, 15, 16, 17, 18, 19], 1711.7068960766362], [[0, 1, 2, 3, 4, 6, 8, 9, 10, 11, 12, 13, 14, 15, 16, 17, 18, 19], 9960.996199209045], [[0, 1, 2, 3, 4, 5, 6, 8, 9, 10, 11, 12, 13, 14, 15, 16, 17, 18, 19], 1717568.9201655092]]}