{"costs": 1263223, "root_join": 12, "join_operands": {"0": [0, 2, 4, 8, 10, 11, 12, 14, 15, 17, 19], "1": [2, 4, 8, 10, 11, 12, 14, 15, 17, 19], "2": [2, 4, 8, 10, 11, 12, 15, 17, 19], "3": [2, 8, 10, 11, 12, 15, 17, 19], "4": [2, 8, 11, 12, 15, 19], "5": [2, 8, 11, 12, 15], "6": [2, 8, 11, 12], "7": [2, 11, 12], "8": [2, 11], "9": [2, 8, 10, 11, 12, 15, 19], "10": [0, 2, 4, 5, 8, 10, 11, 12, 14, 15, 17, 19], "11": [0, 2, 4, 5, 7, 8, 10, 11, 12, 14, 15, 17, 19], "12": [0, 1, 2, 3, 4, 5, 6, 7, 8, 9, 10, 11, 12, 13, 14, 15, 16, 17, 18, 19], "13": [1, 3, 6, 9, 13, 16, 18], "14": [13, 18], "15": [1, 9, 13, 18], "16": [1, 9], "17": [1, 9, 13, 16, 18], "18": [1, 6, 9, 13, 16, 18]}, "join_predecessors": {"0": [1], "2": [3], "4": [5], "6": [7], "8": [], "7": [8], "5": [6], "9": [4], "3": [9], "1": [2], "10": [0], "11": [10], "12": [11, 13], "14": [], "15": [14, 16], "16": [], "17": [15], "18": [17], "13": [18]}, "intermediate_costs": [[[0, 2, 4, 8, 10, 11, 12, 14, 15, 17, 19], 301.54300841980614], [[2, 4, 8, 10, 11, 12, 14, 15, 17, 19], 53.18104909802645], [[2, 4, 8, 10, 11, 12, 15, 17, 19], 9.138683133711329], [[2, 8, 10, 11, 12, 15, 17, 19], 7852.068189882839], [[2, 8, 11, 12, 15, 19], 237.9679552512218], [[2, 8, 11, 12, 15], 40.89266882241415], [[2, 8, 11, 12], 7.027040097286614], [[2, 11, 12], 4.2812556053811655], [[2, 11], 1979.9999999999998], [[2, 8, 10, 11, 12, 15, 19], 1349.306880287816], [[0, 2, 4, 5, 8, 10, 11, 12, 14, 15, 17, 19], 51994.88976777153], [[0, 2, 4, 5, 7, 8, 10, 11, 12, 14, 15, 17, 19], 302575.677841259], [[1, 3, 6, 9, 13, 16, 18], 533590.379951845], [[13, 18], 76511.0], [[1, 9, 13, 18], 2727.384639138126], [[1, 9], 176540.0], [[1, 9, 13, 16, 18], 15756.55403663426], [[1, 6, 9, 13, 16, 18], 91692.66956614747]]}