{"costs": 20, "join_operands": {"0": [0, 1, 2, 3, 4], "1": [0, 1, 2, 4], "2": [], "3": [1, 2, 4], "4": [1, 2]}, "join_predecessors": {"0": [1, 2], "1": [3], "2": [], "3": [4], "4": []}, "leaf_joins": [], "opt_time": 0.042205095291137695, "status": 2, "intermediate_costs": [[[0, 1, 2, 4], 0.00012391929225933178], [[1, 2, 4], 6.097645189028124], [[1, 2], 14.0]]}