{"costs": 3944985, "root_join": 0, "join_operands": {"0": [0, 1, 2, 3, 4, 5, 6, 7, 8, 9, 10, 11, 12, 13, 14, 15, 16, 17, 18, 19], "1": [0, 1, 2, 3, 5, 7, 8, 9, 10, 11, 13, 14, 15, 16, 17, 18, 19], "2": [4, 6, 12], "3": [0, 2, 3, 5, 7, 8, 9, 10, 11, 13, 14, 15, 16, 17, 18, 19], "4": [4, 6], "5": [], "6": [], "7": [0, 2, 3, 5, 7, 8, 9, 10, 11, 13, 14, 15, 16, 18, 19], "8": [], "9": [], "10": [], "11": [], "12": [], "13": [], "14": [], "15": [0, 2, 5, 7, 8, 9, 10, 11, 13, 14, 15, 16, 18, 19], "16": [], "17": [], "18": [], "19": [0, 7], "20": [0, 7, 13], "21": [0, 7, 9, 13], "22": [0, 7, 9, 13, 15], "23": [0, 7, 8, 9, 13, 15], "24": [0, 7, 8, 9, 13, 14, 15], "25": [0, 7, 8, 9, 13, 14, 15, 18], "26": [0, 7, 8, 9, 13, 14, 15, 16, 18], "27": [0, 7, 8, 9, 10, 13, 14, 15, 16, 18], "28": [0, 7, 8, 9, 10, 13, 14, 15, 16, 18, 19], "29": [0, 2, 7, 8, 9, 10, 13, 14, 15, 16, 18, 19], "30": [0, 2, 5, 7, 8, 9, 10, 13, 14, 15, 16, 18, 19]}, "join_predecessors": {"0": [1, 2], "1": [3], "2": [4], "3": [7], "4": [], "5": [], "6": [], "7": [15], "8": [], "9": [], "10": [], "11": [], "12": [], "13": [], "14": [], "15": [30], "16": [], "17": [], "18": [], "19": [], "20": [19], "21": [20], "22": [21], "23": [22], "24": [23], "25": [24], "26": [25], "27": [26], "28": [27], "29": [28], "30": [29]}, "intermediate_costs": [[[0, 1, 2, 3, 5, 7, 8, 9, 10, 11, 13, 14, 15, 16, 17, 18, 19], 2123870.6937836693], [[4, 6, 12], 1334215.5673736264], [[0, 2, 3, 5, 7, 8, 9, 10, 11, 13, 14, 15, 16, 17, 18, 19], 128229.99157654951], [[4, 6], 152513.0], [[0, 2, 3, 5, 7, 8, 9, 10, 11, 13, 14, 15, 16, 18, 19], 78864.88239472227], [[0, 2, 5, 7, 8, 9, 10, 11, 13, 14, 15, 16, 18, 19], 47056.13595658727], [[0, 7], 1532.0], [[0, 7, 13], 2567.5928772468214], [[0, 7, 9, 13], 350.6750260882876], [[0, 7, 9, 13, 15], 5124.114983647259], [[0, 7, 8, 9, 13, 15], 1451.5178665555961], [[0, 7, 8, 9, 13, 14, 15], 2384.0525881048115], [[0, 7, 8, 9, 13, 14, 15, 18], 2317.4519395217294], [[0, 7, 8, 9, 13, 14, 15, 16, 18], 3675.919254215862], [[0, 7, 8, 9, 10, 13, 14, 15, 16, 18], 6006.725331165411], [[0, 7, 8, 9, 10, 13, 14, 15, 16, 18, 19], 9995.720259166024], [[0, 2, 7, 8, 9, 10, 13, 14, 15, 16, 18, 19], 16752.57137590623], [[0, 2, 5, 7, 8, 9, 10, 13, 14, 15, 16, 18, 19], 28076.880947871603]], "time_in_s": 10}