{"costs": 5412967, "root_join": 0, "join_operands": {"0": [0, 1, 2, 3, 4, 5, 6, 7, 8, 9, 10, 11, 12, 13, 14, 15, 16, 17, 18, 19, 20, 21, 22, 23, 24, 25, 26, 27, 28, 29], "1": [0, 1, 2, 3, 4, 5, 6, 7, 8, 9, 10, 11, 12, 13, 14, 15, 16, 17, 18, 19, 20, 21, 22, 23, 25, 26, 27, 28, 29], "2": [], "3": [0, 1, 2, 3, 4, 5, 6, 7, 8, 9, 10, 11, 12, 13, 14, 15, 16, 17, 18, 19, 20, 22, 23, 25, 26, 27, 28, 29], "4": [], "5": [], "6": [], "7": [0, 2, 3, 4, 5, 6, 7, 8, 9, 10, 11, 12, 13, 14, 15, 16, 17, 18, 19, 20, 22, 23, 25, 26, 27, 28, 29], "8": [], "9": [], "10": [], "11": [], "12": [], "13": [], "14": [], "15": [0, 2, 3, 4, 5, 6, 7, 8, 9, 10, 11, 12, 13, 14, 15, 16, 17, 18, 19, 22, 23, 25, 26, 27, 28, 29], "16": [], "17": [], "18": [], "19": [], "20": [], "21": [], "22": [], "23": [], "24": [], "25": [], "26": [], "27": [], "28": [], "29": [0, 3, 10, 12, 14, 17, 18, 23, 25, 26, 28, 29], "30": [3, 10, 12, 14, 17, 18, 23, 25, 26, 28, 29], "31": [3, 12], "32": [3, 10, 12], "33": [3, 10, 12, 18], "34": [3, 10, 12, 18, 26], "35": [3, 10, 12, 17, 18, 26], "36": [3, 10, 12, 17, 18, 23, 26], "37": [3, 10, 12, 17, 18, 23, 25, 26], "38": [14, 28, 29], "39": [14, 29], "41": [2, 4, 5, 6, 7, 8, 9, 11, 13, 15, 16, 19, 22, 27], "42": [2, 8, 15], "43": [8, 15], "44": [2, 8, 9, 15], "45": [2, 5, 8, 9, 15], "46": [2, 5, 6, 8, 9, 15], "47": [2, 4, 5, 6, 8, 9, 15], "48": [2, 4, 5, 6, 8, 9, 15, 22], "49": [2, 4, 5, 6, 7, 8, 9, 15, 22], "50": [2, 4, 5, 6, 7, 8, 9, 15, 22, 27], "51": [2, 4, 5, 6, 7, 8, 9, 15, 19, 22, 27], "52": [2, 4, 5, 6, 7, 8, 9, 15, 16, 19, 22, 27], "53": [2, 4, 5, 6, 7, 8, 9, 13, 15, 16, 19, 22, 27]}, "join_predecessors": {"0": [1], "1": [3], "2": [], "3": [7], "4": [], "5": [], "6": [], "7": [15], "8": [], "9": [], "10": [], "11": [], "12": [], "13": [], "14": [], "15": [29, 41], "16": [], "17": [], "18": [], "19": [], "20": [], "21": [], "22": [], "23": [], "24": [], "25": [], "26": [], "27": [], "28": [], "29": [30], "31": [], "32": [31], "33": [32], "34": [33], "35": [34], "36": [35], "37": [36], "30": [37, 38], "39": [], "38": [39], "42": [43], "43": [], "44": [42], "45": [44], "46": [45], "47": [46], "48": [47], "49": [48], "50": [49], "51": [50], "52": [51], "53": [52], "41": [53]}, "intermediate_costs": [[[0, 1, 2, 3, 4, 5, 6, 7, 8, 9, 10, 11, 12, 13, 14, 15, 16, 17, 18, 19, 20, 21, 22, 23, 25, 26, 27, 28, 29], 592640.128241732], [[0, 1, 2, 3, 4, 5, 6, 7, 8, 9, 10, 11, 12, 13, 14, 15, 16, 17, 18, 19, 20, 22, 23, 25, 26, 27, 28, 29], 592640.128241732], [[0, 2, 3, 4, 5, 6, 7, 8, 9, 10, 11, 12, 13, 14, 15, 16, 17, 18, 19, 20, 22, 23, 25, 26, 27, 28, 29], 592640.128241732], [[0, 2, 3, 4, 5, 6, 7, 8, 9, 10, 11, 12, 13, 14, 15, 16, 17, 18, 19, 22, 23, 25, 26, 27, 28, 29], 592640.128241732], [[0, 3, 10, 12, 14, 17, 18, 23, 25, 26, 28, 29], 84943.8325249173], [[3, 10, 12, 14, 17, 18, 23, 25, 26, 28, 29], 84943.8325249173], [[3, 12], 349.0], [[3, 10, 12], 18368.90987755102], [[3, 10, 12, 18], 13534.982722720684], [[3, 10, 12, 18, 26], 13534.982722720686], [[3, 10, 12, 17, 18, 26], 13534.982722720686], [[3, 10, 12, 17, 18, 23, 26], 13534.982722720688], [[3, 10, 12, 17, 18, 23, 25, 26], 81693.28818733407], [[14, 28, 29], 546698.3803448275], [[14, 29], 31230.0], [[2, 4, 5, 6, 7, 8, 9, 11, 13, 15, 16, 19, 22, 27], 174421.17650739613], [[2, 8, 15], 218.76798800984906], [[8, 15], 219.0], [[2, 8, 9, 15], 13298.976521169066], [[2, 5, 8, 9, 15], 13298.976521169068], [[2, 5, 6, 8, 9, 15], 749.2380271636567], [[2, 4, 5, 6, 8, 9, 15], 539716.7346924533], [[2, 4, 5, 6, 8, 9, 15, 22], 525324.2780279042], [[2, 4, 5, 6, 7, 8, 9, 15, 22], 175107.87873816394], [[2, 4, 5, 6, 7, 8, 9, 15, 22, 27], 174421.1765073961], [[2, 4, 5, 6, 7, 8, 9, 15, 19, 22, 27], 174421.17650739613], [[2, 4, 5, 6, 7, 8, 9, 15, 16, 19, 22, 27], 174421.17650739613], [[2, 4, 5, 6, 7, 8, 9, 13, 15, 16, 19, 22, 27], 174421.17650739613]]}