{"costs": 7440656, "root_join": 18, "join_operands": {"0": [11, 14], "1": [11, 14, 15], "2": [1, 11, 14, 15], "3": [1, 11, 14, 15, 16], "4": [1, 4, 11, 14, 15, 16], "5": [1, 3, 4, 11, 14, 15, 16], "6": [1, 3, 4, 8, 11, 14, 15, 16], "7": [1, 3, 4, 8, 11, 14, 15, 16, 18], "8": [1, 2, 3, 4, 8, 11, 14, 15, 16, 18], "9": [1, 2, 3, 4, 8, 10, 11, 14, 15, 16, 18], "10": [1, 2, 3, 4, 6, 8, 10, 11, 14, 15, 16, 18], "11": [0, 1, 2, 3, 4, 6, 8, 10, 11, 14, 15, 16, 18], "12": [0, 1, 2, 3, 4, 6, 7, 8, 10, 11, 14, 15, 16, 18], "13": [0, 1, 2, 3, 4, 6, 7, 8, 10, 11, 12, 14, 15, 16, 18], "14": [0, 1, 2, 3, 4, 6, 7, 8, 10, 11, 12, 14, 15, 16, 18, 19], "15": [0, 1, 2, 3, 4, 6, 7, 8, 10, 11, 12, 14, 15, 16, 17, 18, 19], "16": [0, 1, 2, 3, 4, 5, 6, 7, 8, 10, 11, 12, 14, 15, 16, 17, 18, 19], "17": [0, 1, 2, 3, 4, 5, 6, 7, 8, 9, 10, 11, 12, 14, 15, 16, 17, 18, 19], "18": [0, 1, 2, 3, 4, 5, 6, 7, 8, 9, 10, 11, 12, 13, 14, 15, 16, 17, 18, 19]}, "join_predecessors": {"0": [], "1": [0], "2": [1], "3": [2], "4": [3], "5": [4], "6": [5], "7": [6], "8": [7], "9": [8], "10": [9], "11": [10], "12": [11], "13": [12], "14": [13], "15": [14], "16": [15], "17": [16], "18": [17]}, "intermediate_costs": [[[11, 14], 38061.0], [[11, 14, 15], 44823.40377275105], [[1, 11, 14, 15], 55343.17715785942], [[1, 11, 14, 15, 16], 5088.543918627849], [[1, 4, 11, 14, 15, 16], 5880.050223878889], [[1, 3, 4, 11, 14, 15, 16], 41024.50732992876], [[1, 3, 4, 8, 11, 14, 15, 16], 553491.2243916634], [[1, 3, 4, 8, 11, 14, 15, 16, 18], 683392.1621377458], [[1, 2, 3, 4, 8, 11, 14, 15, 16, 18], 210944.981850675], [[1, 2, 3, 4, 8, 10, 11, 14, 15, 16, 18], 246343.02630133816], [[1, 2, 3, 4, 6, 8, 10, 11, 14, 15, 16, 18], 299750.10431642266], [[0, 1, 2, 3, 4, 6, 8, 10, 11, 14, 15, 16, 18], 365987.3694379614], [[0, 1, 2, 3, 4, 6, 7, 8, 10, 11, 14, 15, 16, 18], 451380.7937962757], [[0, 1, 2, 3, 4, 6, 7, 8, 10, 11, 12, 14, 15, 16, 18], 557317.0516762227], [[0, 1, 2, 3, 4, 6, 7, 8, 10, 11, 12, 14, 15, 16, 18, 19], 688100.7864695763], [[0, 1, 2, 3, 4, 6, 7, 8, 10, 11, 12, 14, 15, 16, 17, 18, 19], 849585.0768362698], [[0, 1, 2, 3, 4, 5, 6, 7, 8, 10, 11, 12, 14, 15, 16, 17, 18, 19], 1048977.3809439417], [[0, 1, 2, 3, 4, 5, 6, 7, 8, 9, 10, 11, 12, 14, 15, 16, 17, 18, 19], 1295165.836818787]]}