{"costs": 42931892, "root_join": 0, "join_operands": {"0": [0, 1, 2, 3, 4, 5, 6, 7, 8, 9, 10, 11, 12, 13, 14, 15, 16, 17, 18, 19], "1": [1, 4, 5, 6, 7, 8, 11, 12, 13, 14, 15], "2": [0, 2, 3, 9, 10, 16, 17, 18, 19], "3": [1, 4, 5, 7, 8, 11, 12, 13, 14, 15], "4": [0, 3, 9, 10, 16, 17, 18, 19], "5": [], "6": [], "7": [1, 4, 5, 7, 8, 11, 12, 14, 15], "8": [0, 3, 9, 10, 16, 17, 19], "9": [], "10": [], "11": [], "12": [], "13": [], "14": [], "15": [1, 5, 7, 8, 11, 12, 14, 15], "16": [0, 3, 9, 10, 16, 19], "17": [], "18": [], "19": [1, 5, 12, 14], "20": [5, 12, 14], "21": [5, 14], "22": [1, 5, 8, 12, 14], "23": [1, 5, 7, 8, 12, 14, 15], "24": [7, 15], "25": [0, 16], "26": [0, 10, 16, 19], "27": [10, 19], "28": [0, 3, 10, 16, 19]}, "join_predecessors": {"0": [1, 2], "1": [3], "2": [4], "3": [7], "4": [8], "5": [], "6": [], "7": [15], "8": [16], "9": [], "10": [], "11": [], "12": [], "13": [], "14": [], "15": [23], "16": [28], "17": [], "18": [], "19": [20], "21": [], "20": [21], "22": [19], "23": [22, 24], "24": [], "25": [], "26": [25, 27], "27": [], "28": [26]}, "intermediate_costs": [[[1, 4, 5, 6, 7, 8, 11, 12, 13, 14, 15], 4828841.287725318], [[0, 2, 3, 9, 10, 16, 17, 18, 19], 821978.7854462586], [[1, 4, 5, 7, 8, 11, 12, 13, 14, 15], 4828841.287725318], [[0, 3, 9, 10, 16, 17, 18, 19], 862570.3401239319], [[1, 4, 5, 7, 8, 11, 12, 14, 15], 5159583.8416791065], [[0, 3, 9, 10, 16, 17, 19], 862570.3401239319], [[1, 5, 7, 8, 11, 12, 14, 15], 5173090.911817705], [[0, 3, 9, 10, 16, 19], 900487.0000000002], [[1, 5, 12, 14], 5236957.589989744], [[5, 12, 14], 383023.0], [[5, 14], 383023.0], [[1, 5, 8, 12, 14], 5236957.589989744], [[1, 5, 7, 8, 12, 14, 15], 5173090.911817705], [[7, 15], 940390.0000000001], [[0, 16], 468000.00000000006], [[0, 10, 16, 19], 468000.00000000006], [[10, 19], 304000.0], [[0, 3, 10, 16, 19], 900487.0000000002]], "time_in_s": 10}