{"costs": 43938936, "root_join": 14, "join_operands": {"0": [0, 1, 2, 4, 6, 7, 9, 10, 11, 12, 13, 15, 17, 18, 19], "1": [0, 1, 2, 4, 6, 7, 9, 10, 11, 13, 15, 17, 18, 19], "2": [0, 1, 2, 4, 6, 7, 9, 10, 11, 13, 15, 17, 19], "3": [13, 19], "4": [0, 1, 2, 4, 6, 7, 9, 10, 11, 15, 17], "5": [0, 1, 2, 4, 7, 9, 10, 11, 15, 17], "6": [1, 7, 9, 10, 11], "7": [1, 9, 10, 11], "8": [1, 9, 10], "9": [9, 10], "10": [1, 7, 9, 10, 11, 15], "11": [1, 2, 7, 9, 10, 11, 15], "12": [1, 2, 4, 7, 9, 10, 11, 15], "13": [0, 1, 2, 4, 7, 9, 10, 11, 15], "14": [0, 1, 2, 3, 4, 5, 6, 7, 8, 9, 10, 11, 12, 13, 14, 15, 16, 17, 18, 19], "15": [3, 5, 8, 14, 16], "16": [5, 14], "17": [5, 14, 16], "18": [3, 5, 14, 16]}, "join_predecessors": {"0": [1], "1": [2], "3": [], "2": [3, 4], "4": [5], "6": [7], "7": [8], "9": [], "8": [9], "10": [6], "11": [10], "12": [11], "13": [12], "5": [13], "14": [0, 15], "16": [], "17": [16], "18": [17], "15": [18]}, "intermediate_costs": [[[0, 1, 2, 4, 6, 7, 9, 10, 11, 12, 13, 15, 17, 18, 19], 25824437.540983856], [[0, 1, 2, 4, 6, 7, 9, 10, 11, 13, 15, 17, 18, 19], 2471933.9865915896], [[0, 1, 2, 4, 6, 7, 9, 10, 11, 13, 15, 17, 19], 2471933.9865915896], [[13, 19], 4956261.0], [[0, 1, 2, 4, 6, 7, 9, 10, 11, 15, 17], 59454.73562866264], [[0, 1, 2, 4, 7, 9, 10, 11, 15, 17], 57252.765822600624], [[1, 7, 9, 10, 11], 7836.8640988629195], [[1, 9, 10, 11], 9645.371819156024], [[1, 9, 10], 359.9997636632201], [[9, 10], 364.0], [[1, 7, 9, 10, 11, 15], 7787.575016744843], [[1, 2, 7, 9, 10, 11, 15], 1478643.3573124986], [[1, 2, 4, 7, 9, 10, 11, 15], 57252.765822600624], [[0, 1, 2, 4, 7, 9, 10, 11, 15], 57252.765822600624], [[3, 5, 8, 14, 16], 2077971.22829582], [[5, 14], 244606.0], [[5, 14, 16], 2077971.22829582], [[3, 5, 14, 16], 2077971.2282958198]]}