{"costs": 1220527884, "root_join": 18, "join_operands": {"0": [9, 10], "1": [1, 9, 10], "2": [1, 9, 10, 11], "3": [1, 7, 9, 10, 11], "4": [1, 7, 9, 10, 11, 15], "5": [1, 6, 7, 9, 10, 11, 15], "6": [1, 2, 6, 7, 9, 10, 11, 15], "7": [1, 2, 4, 6, 7, 9, 10, 11, 15], "8": [0, 1, 2, 4, 6, 7, 9, 10, 11, 15], "9": [0, 1, 2, 4, 6, 7, 9, 10, 11, 15, 17], "10": [0, 1, 2, 4, 5, 6, 7, 9, 10, 11, 15, 17], "11": [0, 1, 2, 4, 5, 6, 7, 9, 10, 11, 14, 15, 17], "12": [0, 1, 2, 4, 5, 6, 7, 9, 10, 11, 14, 15, 16, 17], "13": [0, 1, 2, 3, 4, 5, 6, 7, 9, 10, 11, 14, 15, 16, 17], "14": [0, 1, 2, 3, 4, 5, 6, 7, 8, 9, 10, 11, 14, 15, 16, 17], "15": [0, 1, 2, 3, 4, 5, 6, 7, 8, 9, 10, 11, 14, 15, 16, 17, 19], "16": [0, 1, 2, 3, 4, 5, 6, 7, 8, 9, 10, 11, 13, 14, 15, 16, 17, 19], "17": [0, 1, 2, 3, 4, 5, 6, 7, 8, 9, 10, 11, 13, 14, 15, 16, 17, 18, 19], "18": [0, 1, 2, 3, 4, 5, 6, 7, 8, 9, 10, 11, 12, 13, 14, 15, 16, 17, 18, 19]}, "join_predecessors": {"0": [], "1": [0], "2": [1], "3": [2], "4": [3], "5": [4], "6": [5], "7": [6], "8": [7], "9": [8], "10": [9], "11": [10], "12": [11], "13": [12], "14": [13], "15": [14], "16": [15], "17": [16], "18": [17]}, "intermediate_costs": [[[9, 10], 364.0], [[1, 9, 10], 359.9997636632201], [[1, 9, 10, 11], 9645.371819156024], [[1, 7, 9, 10, 11], 7836.8640988629195], [[1, 7, 9, 10, 11, 15], 7787.575016744843], [[1, 6, 7, 9, 10, 11, 15], 8087.089019307595], [[1, 2, 6, 7, 9, 10, 11, 15], 1535512.715149723], [[1, 2, 4, 6, 7, 9, 10, 11, 15], 59454.73562866264], [[0, 1, 2, 4, 6, 7, 9, 10, 11, 15], 59454.73562866264], [[0, 1, 2, 4, 6, 7, 9, 10, 11, 15, 17], 59454.73562866264], [[0, 1, 2, 4, 5, 6, 7, 9, 10, 11, 15, 17], 59454.73562866264], [[0, 1, 2, 4, 5, 6, 7, 9, 10, 11, 14, 15, 17], 207756.92947406648], [[0, 1, 2, 4, 5, 6, 7, 9, 10, 11, 14, 15, 16, 17], 1764931.8574613621], [[0, 1, 2, 3, 4, 5, 6, 7, 9, 10, 11, 14, 15, 16, 17], 1764931.8574613621], [[0, 1, 2, 3, 4, 5, 6, 7, 8, 9, 10, 11, 14, 15, 16, 17], 1764931.8574613621], [[0, 1, 2, 3, 4, 5, 6, 7, 8, 9, 10, 11, 14, 15, 16, 17, 19], 1066457699.8392692], [[0, 1, 2, 3, 4, 5, 6, 7, 8, 9, 10, 11, 13, 14, 15, 16, 17, 19], 73380110.03405584], [[0, 1, 2, 3, 4, 5, 6, 7, 8, 9, 10, 11, 13, 14, 15, 16, 17, 18, 19], 73380110.03405583]]}