{"costs": 4502358.750449493, "int_costs": [[[0, 1, 2, 3, 5, 6, 7, 8, 9, 10, 11, 12, 14, 15, 16, 17, 18, 19, 20, 21, 23, 24, 25, 26, 27, 28, 29, 30, 31, 32, 33, 34, 35, 36, 37, 38, 39, 40, 41, 42, 43, 44, 45, 46, 47, 48, 49], 156519.72872415566], [[4, 13, 22], 4149935.3759999997], [[0, 1, 2, 3, 5, 6, 7, 8, 9, 11, 12, 14, 15, 16, 17, 19, 20, 21, 23, 24, 25, 26, 27, 28, 29, 30, 31, 32, 33, 34, 35, 36, 37, 38, 39, 40, 41, 42, 43, 44, 45, 46, 47, 48, 49], 67225.58862408224], [[10, 18], 51291.0], [[4, 22], 15720.0], [[0, 1, 2, 3, 5, 6, 7, 8, 9, 11, 12, 14, 15, 16, 17, 19, 20, 21, 23, 24, 25, 27, 28, 29, 30, 31, 32, 33, 34, 35, 36, 37, 38, 39, 40, 41, 42, 43, 44, 45, 46, 47, 48, 49], 41941.05462945454], [[0, 1, 2, 3, 5, 6, 7, 8, 11, 12, 14, 15, 16, 17, 19, 20, 21, 23, 24, 25, 27, 28, 29, 30, 31, 32, 33, 34, 35, 36, 37, 38, 39, 40, 41, 42, 43, 44, 45, 46, 47, 48, 49], 425.5623781626562], [[0, 1, 2, 3, 5, 7, 8, 11, 12, 14, 15, 16, 17, 19, 20, 21, 23, 24, 25, 27, 28, 29, 30, 31, 32, 33, 34, 35, 36, 37, 38, 39, 40, 41, 42, 43, 44, 45, 46, 47, 48, 49], 169.55062421105737], [[0, 1, 2, 3, 5, 7, 8, 12, 14, 15, 16, 17, 19, 20, 21, 23, 24, 25, 27, 28, 29, 30, 31, 32, 33, 34, 35, 36, 37, 38, 39, 40, 41, 42, 43, 44, 45, 46, 47, 48, 49], 69.41104694225699], [[0, 1, 2, 3, 5, 7, 8, 12, 14, 15, 16, 17, 19, 20, 21, 23, 24, 27, 28, 29, 30, 31, 32, 33, 34, 35, 36, 37, 38, 39, 40, 41, 42, 43, 44, 45, 46, 47, 48, 49], 43.30465514938633], [[0, 1, 2, 3, 5, 7, 8, 12, 14, 15, 16, 17, 19, 20, 21, 23, 27, 28, 29, 30, 31, 32, 33, 34, 35, 36, 37, 38, 39, 40, 41, 42, 43, 44, 45, 46, 47, 48, 49], 20.06718925663799], [[0, 1, 2, 3, 5, 7, 8, 12, 14, 15, 16, 17, 19, 20, 21, 27, 28, 29, 30, 31, 32, 33, 34, 35, 36, 37, 38, 39, 40, 41, 42, 43, 44, 45, 46, 47, 48, 49], 15.023548477880741], [[0, 1, 2, 3, 5, 7, 8, 12, 14, 15, 16, 19, 20, 21, 27, 28, 29, 30, 31, 32, 33, 34, 35, 36, 37, 38, 39, 40, 41, 42, 43, 44, 45, 46, 47, 48, 49], 9.372997737607076], [[0, 1, 2, 3, 5, 8, 12, 14, 15, 16, 19, 20, 21, 27, 28, 29, 30, 31, 32, 33, 34, 35, 36, 37, 38, 39, 40, 41, 42, 43, 44, 45, 46, 47, 48, 49], 5.847743840687203], [[0, 1, 2, 3, 5, 8, 12, 14, 15, 16, 19, 20, 21, 27, 28, 29, 30, 31, 32, 33, 34, 35, 37, 38, 39, 40, 41, 42, 43, 44, 45, 46, 47, 48, 49], 4070.7949656825626], [[0, 1, 2, 3, 5, 8, 12, 14, 15, 16, 19, 21, 27, 28, 29, 30, 31, 32, 33, 34, 35, 37, 38, 39, 40, 41, 42, 43, 44, 45, 46, 47, 48, 49], 2580.6732138037823], [[0, 1, 3, 5, 8, 12, 14, 15, 16, 19, 21, 27, 28, 29, 30, 31, 32, 33, 34, 35, 37, 38, 39, 41, 42, 43, 44, 45, 46, 47, 48, 49], 1004.4827309819947], [[0, 1, 19, 21, 27, 28, 29, 30, 33, 34, 35, 37, 38, 39, 41, 42, 43, 44, 46, 48, 49], 6.109055430415435], [[0, 1, 19, 21, 27, 28, 29, 30, 33, 34, 35, 37, 38, 39, 42, 43, 44, 46, 48, 49], 14.054352527348001], [[0, 1, 19, 21, 27, 29, 30, 33, 34, 35, 37, 38, 39, 42, 43, 44, 46, 48, 49], 1.4611293134277015], [[30, 39], 14.0], [[1, 30, 39], 22.440022635658913], [[1, 30, 38, 39], 14.741054158768009], [[1, 30, 33, 35, 38, 39, 42], 3.3164328017864686], [[33, 35, 42], 3509.0328396124864], [[35, 42], 4437.0], [[1, 30, 33, 35, 38, 39, 42, 49], 4.953334295856859], [[1, 29, 30, 33, 35, 38, 39, 42, 49], 7.939493519190105], [[1, 29, 30, 33, 35, 38, 39, 42, 48, 49], 12.725831889999636], [[1, 19, 29, 30, 33, 35, 38, 39, 42, 48, 49], 0.08740637166552381], [[0, 1, 19, 29, 30, 33, 35, 38, 39, 42, 48, 49], 0.13718111665325047], [[0, 1, 19, 29, 30, 33, 35, 38, 39, 42, 43, 48, 49], 0.06537030966543646], [[0, 1, 19, 21, 29, 30, 33, 35, 38, 39, 42, 43, 48, 49], 0.09671942537442853], [[0, 1, 19, 21, 29, 30, 33, 34, 35, 38, 39, 42, 43, 48, 49], 1.5573225454954904], [[0, 1, 19, 21, 29, 30, 33, 34, 35, 38, 39, 42, 43, 44, 48, 49], 0.005912188306202337], [[0, 1, 19, 21, 29, 30, 33, 34, 35, 37, 38, 39, 42, 43, 44, 48, 49], 0.007107292145701456], [[0, 1, 19, 21, 27, 29, 30, 33, 34, 35, 37, 38, 39, 42, 43, 44, 48, 49], 0.00983826915268724], [[0, 1, 15, 19, 21, 27, 28, 29, 30, 33, 34, 35, 37, 38, 39, 41, 42, 43, 44, 46, 48, 49], 9.375274391489743], [[0, 1, 15, 16, 19, 21, 27, 28, 29, 30, 33, 34, 35, 37, 38, 39, 41, 42, 43, 44, 46, 48, 49], 14.54243951074007], [[0, 1, 15, 16, 19, 21, 27, 28, 29, 30, 33, 34, 35, 37, 38, 39, 41, 42, 43, 44, 45, 46, 48, 49], 23.30947655705055], [[0, 1, 8, 15, 16, 19, 21, 27, 28, 29, 30, 33, 34, 35, 37, 38, 39, 41, 42, 43, 44, 45, 46, 48, 49], 36.95569151529716], [[0, 1, 3, 8, 15, 16, 19, 21, 27, 28, 29, 30, 33, 34, 35, 37, 38, 39, 41, 42, 43, 44, 45, 46, 48, 49], 59.234060588378895], [[0, 1, 3, 8, 15, 16, 19, 21, 27, 28, 29, 30, 31, 33, 34, 35, 37, 38, 39, 41, 42, 43, 44, 45, 46, 48, 49], 94.94376513441209], [[0, 1, 3, 8, 14, 15, 16, 19, 21, 27, 28, 29, 30, 31, 33, 34, 35, 37, 38, 39, 41, 42, 43, 44, 45, 46, 48, 49], 152.18139409585706], [[0, 1, 3, 8, 14, 15, 16, 19, 21, 27, 28, 29, 30, 31, 33, 34, 35, 37, 38, 39, 41, 42, 43, 44, 45, 46, 47, 48, 49], 243.9252269276453], [[0, 1, 3, 8, 12, 14, 15, 16, 19, 21, 27, 28, 29, 30, 31, 33, 34, 35, 37, 38, 39, 41, 42, 43, 44, 45, 46, 47, 48, 49], 390.97766979337206], [[0, 1, 3, 8, 12, 14, 15, 16, 19, 21, 27, 28, 29, 30, 31, 32, 33, 34, 35, 37, 38, 39, 41, 42, 43, 44, 45, 46, 47, 48, 49], 626.6819828714604], [[0, 1, 2, 3, 5, 8, 12, 14, 15, 16, 19, 21, 27, 28, 29, 30, 31, 32, 33, 34, 35, 37, 38, 39, 41, 42, 43, 44, 45, 46, 47, 48, 49], 1610.0439924643915]]}