{"costs": 4370120.508892697, "intermediate_costs": [[[23, 36], 78423.0], [[0, 1, 2, 3, 4, 6, 8, 9, 10, 12, 13, 15, 16, 17, 18, 19, 20, 21, 24, 27, 29, 30, 33, 34, 37, 40, 43, 44, 47, 48], 0.0013698703899943277], [[8, 9, 10, 13, 15, 17, 20, 30, 33, 34, 40, 47], 2.561013604956625e-08], [[8, 10, 13, 30, 40], 0.0038382730982843435], [[8, 10, 13, 40], 1.6367538808897144], [[8, 40], 2061.0], [[8, 13, 40], 0.7930910462776659], [[8, 10, 13, 30, 33, 40], 0.8010052542277643], [[8, 10, 13, 30, 33, 34, 40], 0.002951875671781812], [[8, 10, 13, 17, 30, 33, 34, 40], 1.1650468961196138e-07], [[8, 10, 13, 17, 30, 33, 34, 40, 47], 2.1322616759744967e-05], [[8, 10, 13, 15, 17, 30, 33, 34, 40, 47], 4.257129533066187e-05], [[8, 10, 13, 15, 17, 20, 30, 33, 34, 40, 47], 1.2409446412176741e-08], [[8, 9, 10, 13, 15, 17, 20, 21, 30, 33, 34, 40, 47], 5.285331507487073e-08], [[8, 9, 10, 13, 15, 17, 20, 21, 30, 33, 34, 40, 44, 47], 4.7550111772007184e-06], [[8, 9, 10, 13, 15, 17, 20, 21, 30, 33, 34, 40, 43, 44, 47], 2.71730770927279e-07], [[8, 9, 10, 13, 15, 16, 17, 20, 21, 30, 33, 34, 40, 43, 44, 47], 3.364731330015082e-07], [[8, 9, 10, 13, 15, 16, 17, 20, 21, 30, 33, 34, 40, 43, 44, 47, 48], 6.944016376694714e-07], [[4, 8, 9, 10, 13, 15, 16, 17, 20, 21, 30, 33, 34, 40, 43, 44, 47, 48], 7.165409837837067e-07], [[3, 4, 8, 9, 10, 13, 15, 16, 17, 20, 21, 30, 33, 34, 40, 43, 44, 47, 48], 1.0351371525888284e-06], [[2, 3, 4, 8, 9, 10, 13, 15, 16, 17, 20, 21, 30, 33, 34, 40, 43, 44, 47, 48], 2.136280407340557e-06], [[2, 3, 4, 8, 9, 10, 13, 15, 16, 17, 18, 20, 21, 30, 33, 34, 40, 43, 44, 47, 48], 4.4087808446493325e-06], [[2, 3, 4, 8, 9, 10, 13, 15, 16, 17, 18, 20, 21, 29, 30, 33, 34, 40, 43, 44, 47, 48], 8.912998827582838e-06], [[2, 3, 4, 8, 9, 10, 13, 15, 16, 17, 18, 20, 21, 24, 29, 30, 33, 34, 40, 43, 44, 47, 48], 1.1261840737193446e-05], [[1, 2, 3, 4, 8, 9, 10, 13, 15, 16, 17, 18, 20, 21, 24, 29, 30, 33, 34, 40, 43, 44, 47, 48], 2.091761833843702e-05], [[1, 2, 3, 4, 8, 9, 10, 13, 15, 16, 17, 18, 20, 21, 24, 29, 30, 33, 34, 37, 40, 43, 44, 47, 48], 4.077076232142913e-05], [[1, 2, 3, 4, 8, 9, 10, 13, 15, 16, 17, 18, 20, 21, 24, 27, 29, 30, 33, 34, 37, 40, 43, 44, 47, 48], 8.414112404496666e-05], [[1, 2, 3, 4, 6, 8, 9, 10, 13, 15, 16, 17, 18, 20, 21, 24, 27, 29, 30, 33, 34, 37, 40, 43, 44, 47, 48], 0.00016265714916776633], [[1, 2, 3, 4, 6, 8, 9, 10, 12, 13, 15, 16, 17, 18, 20, 21, 24, 27, 29, 30, 33, 34, 37, 40, 43, 44, 47, 48], 0.00032661359504224016], [[0, 1, 2, 3, 4, 6, 8, 9, 10, 12, 13, 15, 16, 17, 18, 20, 21, 24, 27, 29, 30, 33, 34, 37, 40, 43, 44, 47, 48], 0.0006658337074790256], [[0, 1, 2, 3, 4, 6, 8, 9, 10, 12, 13, 14, 15, 16, 17, 18, 19, 20, 21, 24, 27, 29, 30, 33, 34, 37, 40, 43, 44, 47, 48], 0.002827074708687746], [[0, 1, 2, 3, 4, 6, 8, 9, 10, 12, 13, 14, 15, 16, 17, 18, 19, 20, 21, 24, 27, 29, 30, 33, 34, 37, 39, 40, 43, 44, 47, 48], 0.005834385111817037], [[0, 1, 2, 3, 4, 6, 8, 9, 10, 12, 13, 14, 15, 16, 17, 18, 19, 20, 21, 24, 27, 29, 30, 32, 33, 34, 37, 39, 40, 43, 44, 47, 48], 0.012040778574343226], [[0, 1, 2, 3, 4, 6, 8, 9, 10, 12, 13, 14, 15, 16, 17, 18, 19, 20, 21, 24, 27, 29, 30, 31, 32, 33, 34, 37, 39, 40, 43, 44, 47, 48], 0.024849316744835034], [[0, 1, 2, 3, 4, 6, 7, 8, 9, 10, 12, 13, 14, 15, 16, 17, 18, 19, 20, 21, 24, 27, 29, 30, 31, 32, 33, 34, 37, 39, 40, 43, 44, 47, 48], 0.05128313334684626], [[0, 1, 2, 3, 4, 6, 7, 8, 9, 10, 12, 13, 14, 15, 16, 17, 18, 19, 20, 21, 24, 25, 27, 29, 30, 31, 32, 33, 34, 37, 39, 40, 43, 44, 47, 48], 0.10583632424718788], [[0, 1, 2, 3, 4, 5, 6, 7, 8, 9, 10, 12, 13, 14, 15, 16, 17, 18, 19, 20, 21, 24, 25, 27, 29, 30, 31, 32, 33, 34, 37, 39, 40, 43, 44, 47, 48], 0.21842130714945632], [[0, 1, 2, 3, 4, 5, 6, 7, 8, 9, 10, 12, 13, 14, 15, 16, 17, 18, 19, 20, 21, 22, 24, 25, 27, 29, 30, 31, 32, 33, 34, 37, 39, 40, 43, 44, 47, 48], 0.450770371225868], [[0, 1, 2, 3, 4, 5, 6, 7, 8, 9, 10, 12, 13, 14, 15, 16, 17, 18, 19, 20, 21, 22, 24, 25, 26, 27, 29, 30, 31, 32, 33, 34, 37, 39, 40, 43, 44, 47, 48], 0.9302843684540787], [[0, 1, 2, 3, 4, 5, 6, 7, 8, 9, 10, 11, 12, 13, 14, 15, 16, 17, 18, 19, 20, 21, 22, 24, 25, 26, 27, 29, 30, 31, 32, 33, 34, 37, 39, 40, 43, 44, 47, 48], 7.390255484728115], [[0, 1, 2, 3, 4, 5, 6, 7, 8, 9, 10, 11, 12, 13, 14, 15, 16, 17, 18, 19, 20, 21, 22, 24, 25, 26, 27, 28, 29, 30, 31, 32, 33, 34, 37, 39, 40, 43, 44, 47, 48], 15.251751530934373], [[0, 1, 2, 3, 4, 5, 6, 7, 8, 9, 10, 11, 12, 13, 14, 15, 16, 17, 18, 19, 20, 21, 22, 24, 25, 26, 27, 28, 29, 30, 31, 32, 33, 34, 37, 38, 39, 40, 43, 44, 47, 48], 28.235848362853954], [[0, 1, 2, 3, 4, 5, 6, 7, 8, 9, 10, 11, 12, 13, 14, 15, 16, 17, 18, 19, 20, 21, 22, 24, 25, 26, 27, 28, 29, 30, 31, 32, 33, 34, 37, 38, 39, 40, 43, 44, 45, 47, 48], 58.2721591134859], [[0, 1, 2, 3, 4, 5, 6, 7, 8, 9, 10, 11, 12, 13, 14, 15, 16, 17, 18, 19, 20, 21, 22, 24, 25, 26, 27, 28, 29, 30, 31, 32, 33, 34, 37, 38, 39, 40, 42, 43, 44, 45, 47, 48], 120.26004971094136], [[0, 1, 2, 3, 4, 5, 6, 7, 8, 9, 10, 11, 12, 13, 14, 15, 16, 17, 18, 19, 20, 21, 22, 24, 25, 26, 27, 28, 29, 30, 31, 32, 33, 34, 37, 38, 39, 40, 42, 43, 44, 45, 46, 47, 48], 267075.6971092925], [[0, 1, 2, 3, 4, 5, 6, 7, 8, 9, 10, 11, 12, 13, 14, 15, 16, 17, 18, 19, 20, 21, 22, 24, 25, 26, 27, 28, 29, 30, 31, 32, 33, 34, 37, 38, 39, 40, 42, 43, 44, 45, 46, 47, 48, 49], 549280.9970943528], [[0, 1, 2, 3, 4, 5, 6, 7, 8, 9, 10, 11, 12, 13, 14, 15, 16, 17, 18, 19, 20, 21, 22, 24, 25, 26, 27, 28, 29, 30, 31, 32, 33, 34, 37, 38, 39, 40, 41, 42, 43, 44, 45, 46, 47, 48, 49], 1133587.1810792878], [[0, 1, 2, 3, 4, 5, 6, 7, 8, 9, 10, 11, 12, 13, 14, 15, 16, 17, 18, 19, 20, 21, 22, 24, 25, 26, 27, 28, 29, 30, 31, 32, 33, 34, 35, 37, 38, 39, 40, 41, 42, 43, 44, 45, 46, 47, 48, 49], 2339458.1809887365]]}