{"costs": 11018309, "root_join": 28, "join_operands": {"0": [1, 2], "1": [1, 2, 25], "2": [1, 2, 9, 25], "3": [1, 2, 9, 20, 25], "4": [1, 2, 9, 18, 20, 25], "5": [1, 2, 9, 18, 20, 22, 25], "6": [1, 2, 9, 18, 20, 22, 23, 25], "7": [1, 2, 9, 18, 20, 22, 23, 25, 28], "8": [1, 2, 9, 16, 18, 20, 22, 23, 25, 28], "9": [1, 2, 9, 14, 16, 18, 20, 22, 23, 25, 28], "10": [1, 2, 5, 9, 14, 16, 18, 20, 22, 23, 25, 28], "11": [1, 2, 4, 5, 9, 14, 16, 18, 20, 22, 23, 25, 28], "12": [1, 2, 4, 5, 9, 12, 14, 16, 18, 20, 22, 23, 25, 28], "13": [1, 2, 4, 5, 9, 10, 12, 14, 16, 18, 20, 22, 23, 25, 28], "14": [1, 2, 4, 5, 9, 10, 12, 14, 16, 18, 20, 22, 23, 25, 28, 29], "15": [1, 2, 4, 5, 9, 10, 12, 14, 16, 17, 18, 20, 22, 23, 25, 28, 29], "16": [1, 2, 4, 5, 9, 10, 12, 14, 15, 16, 17, 18, 20, 22, 23, 25, 28, 29], "17": [1, 2, 4, 5, 9, 10, 12, 14, 15, 16, 17, 18, 20, 22, 23, 24, 25, 28, 29], "18": [1, 2, 4, 5, 9, 10, 12, 14, 15, 16, 17, 18, 20, 22, 23, 24, 25, 27, 28, 29], "19": [0, 1, 2, 4, 5, 9, 10, 12, 14, 15, 16, 17, 18, 20, 22, 23, 24, 25, 27, 28, 29], "20": [0, 1, 2, 4, 5, 7, 9, 10, 12, 14, 15, 16, 17, 18, 20, 22, 23, 24, 25, 27, 28, 29], "21": [0, 1, 2, 4, 5, 7, 9, 10, 11, 12, 14, 15, 16, 17, 18, 20, 22, 23, 24, 25, 27, 28, 29], "22": [0, 1, 2, 3, 4, 5, 7, 9, 10, 11, 12, 14, 15, 16, 17, 18, 20, 22, 23, 24, 25, 27, 28, 29], "23": [0, 1, 2, 3, 4, 5, 6, 7, 9, 10, 11, 12, 14, 15, 16, 17, 18, 20, 22, 23, 24, 25, 27, 28, 29], "24": [0, 1, 2, 3, 4, 5, 6, 7, 9, 10, 11, 12, 14, 15, 16, 17, 18, 20, 22, 23, 24, 25, 26, 27, 28, 29], "25": [0, 1, 2, 3, 4, 5, 6, 7, 8, 9, 10, 11, 12, 14, 15, 16, 17, 18, 20, 22, 23, 24, 25, 26, 27, 28, 29], "26": [0, 1, 2, 3, 4, 5, 6, 7, 8, 9, 10, 11, 12, 14, 15, 16, 17, 18, 19, 20, 22, 23, 24, 25, 26, 27, 28, 29], "27": [0, 1, 2, 3, 4, 5, 6, 7, 8, 9, 10, 11, 12, 13, 14, 15, 16, 17, 18, 19, 20, 22, 23, 24, 25, 26, 27, 28, 29], "28": [0, 1, 2, 3, 4, 5, 6, 7, 8, 9, 10, 11, 12, 13, 14, 15, 16, 17, 18, 19, 20, 21, 22, 23, 24, 25, 26, 27, 28, 29]}, "join_predecessors": {"0": [], "1": [0], "2": [1], "3": [2], "4": [3], "5": [4], "6": [5], "7": [6], "8": [7], "9": [8], "10": [9], "11": [10], "12": [11], "13": [12], "14": [13], "15": [14], "16": [15], "17": [16], "18": [17], "19": [18], "20": [19], "21": [20], "22": [21], "23": [22], "24": [23], "25": [24], "26": [25], "27": [26], "28": [27]}, "intermediate_costs": [[[1, 2], 3353.0], [[1, 2, 25], 11730.526490522396], [[1, 2, 9, 25], 29.225078688569646], [[1, 2, 9, 20, 25], 0.4750692662795879], [[1, 2, 9, 18, 20, 25], 0.699971739479321], [[1, 2, 9, 18, 20, 22, 25], 0.41303898740770845], [[1, 2, 9, 18, 20, 22, 23, 25], 0.6260383002022591], [[1, 2, 9, 18, 20, 22, 23, 25, 28], 0.9581631594214498], [[1, 2, 9, 16, 18, 20, 22, 23, 25, 28], 0.42686457504684516], [[1, 2, 9, 14, 16, 18, 20, 22, 23, 25, 28], 0.6533242377160435], [[1, 2, 5, 9, 14, 16, 18, 20, 22, 23, 25, 28], 0.9999243604775195], [[1, 2, 4, 5, 9, 14, 16, 18, 20, 22, 23, 25, 28], 1.5304022910356379], [[1, 2, 4, 5, 9, 12, 14, 16, 18, 20, 22, 23, 25, 28], 2.2426215746301037], [[1, 2, 4, 5, 9, 10, 12, 14, 16, 18, 20, 22, 23, 25, 28], 3.3910201594069687], [[1, 2, 4, 5, 9, 10, 12, 14, 16, 18, 20, 22, 23, 25, 28, 29], 5.092094899663403], [[1, 2, 4, 5, 9, 10, 12, 14, 16, 17, 18, 20, 22, 23, 25, 28, 29], 7.79354662136272], [[1, 2, 4, 5, 9, 10, 12, 14, 15, 16, 17, 18, 20, 22, 23, 25, 28, 29], 11.742757121188966], [[1, 2, 4, 5, 9, 10, 12, 14, 15, 16, 17, 18, 20, 22, 23, 24, 25, 28, 29], 17.940009820235847], [[1, 2, 4, 5, 9, 10, 12, 14, 15, 16, 17, 18, 20, 22, 23, 24, 25, 27, 28, 29], 27.457503963378876], [[0, 1, 2, 4, 5, 9, 10, 12, 14, 15, 16, 17, 18, 20, 22, 23, 24, 25, 27, 28, 29], 3360.115381887001], [[0, 1, 2, 4, 5, 7, 9, 10, 12, 14, 15, 16, 17, 18, 20, 22, 23, 24, 25, 27, 28, 29], 5136.1516637644], [[0, 1, 2, 4, 5, 7, 9, 10, 11, 12, 14, 15, 16, 17, 18, 20, 22, 23, 24, 25, 27, 28, 29], 5932.8121937830865], [[0, 1, 2, 3, 4, 5, 7, 9, 10, 11, 12, 14, 15, 16, 17, 18, 20, 22, 23, 24, 25, 27, 28, 29], 8617.858637553407], [[0, 1, 2, 3, 4, 5, 6, 7, 9, 10, 11, 12, 14, 15, 16, 17, 18, 20, 22, 23, 24, 25, 27, 28, 29], 12812.932785483972], [[0, 1, 2, 3, 4, 5, 6, 7, 9, 10, 11, 12, 14, 15, 16, 17, 18, 20, 22, 23, 24, 25, 26, 27, 28, 29], 19254.543222437573], [[0, 1, 2, 3, 4, 5, 6, 7, 8, 9, 10, 11, 12, 14, 15, 16, 17, 18, 20, 22, 23, 24, 25, 26, 27, 28, 29], 29469.439620454003], [[0, 1, 2, 3, 4, 5, 6, 7, 8, 9, 10, 11, 12, 14, 15, 16, 17, 18, 19, 20, 22, 23, 24, 25, 26, 27, 28, 29], 4385954.285313233], [[0, 1, 2, 3, 4, 5, 6, 7, 8, 9, 10, 11, 12, 13, 14, 15, 16, 17, 18, 19, 20, 22, 23, 24, 25, 26, 27, 28, 29], 6532575.914117727]]}