{"costs": 2399358.813726281, "int_costs": [[[0, 1, 2, 3, 4, 5, 6, 7, 8, 9, 10, 11, 12, 13, 14, 16, 17, 18, 19, 20, 21, 22, 23, 24, 25, 26, 27, 28, 29, 31, 32, 33, 34, 36, 37, 38, 39, 40, 41, 42, 43, 44, 45, 46, 47, 48, 49], 1230330.8442358573], [[15, 30, 35], 66355.5729375], [[0, 1, 2, 3, 4, 5, 7, 8, 9, 10, 11, 12, 13, 14, 16, 17, 18, 19, 20, 21, 22, 23, 24, 25, 26, 27, 28, 29, 31, 32, 33, 34, 36, 37, 38, 39, 41, 42, 43, 45, 46, 47, 48, 49], 430329.2338131027], [[6, 40, 44], 96695.3987], [[15, 35], 32751.0], [[0, 1, 2, 3, 5, 7, 8, 9, 10, 11, 12, 13, 14, 16, 17, 18, 19, 20, 21, 22, 23, 24, 25, 26, 27, 28, 29, 31, 32, 33, 34, 36, 37, 38, 39, 41, 42, 43, 45, 46, 47, 48, 49], 217352.43561204086], [[6, 44], 122819.0], [[0, 1, 2, 3, 5, 7, 8, 9, 10, 11, 12, 13, 14, 16, 18, 19, 20, 21, 22, 23, 24, 25, 26, 27, 28, 29, 31, 32, 33, 34, 36, 37, 38, 39, 41, 42, 43, 45, 46, 47, 48, 49], 106181.80436373447], [[0, 1, 2, 5, 7, 8, 9, 10, 11, 12, 13, 14, 16, 18, 19, 20, 21, 22, 23, 24, 25, 26, 27, 28, 29, 31, 32, 33, 34, 36, 37, 38, 39, 41, 42, 43, 45, 46, 47, 48, 49], 51872.34369701655], [[1, 2, 5, 7, 8, 9, 10, 11, 12, 13, 14, 16, 18, 19, 20, 21, 22, 23, 24, 25, 26, 27, 28, 29, 31, 32, 33, 34, 36, 37, 38, 39, 41, 42, 43, 45, 46, 47, 48, 49], 25340.86908221127], [[5, 7, 8, 9, 12, 14, 16, 18, 20, 23, 24, 25, 26, 27, 28, 29, 32, 34, 36, 37, 38, 39, 41, 43, 46, 47, 48, 49], 0.00019633496503582495], [[5, 7, 8, 9, 12, 14, 18, 20, 23, 24, 25, 26, 28, 32, 34, 36, 39, 41, 48], 3.1530548618902103e-07], [[5, 7, 9, 12, 14, 18, 20, 23, 26, 34, 36, 39], 9.150718048310325e-07], [[5, 7, 9, 12, 14, 20, 23, 26, 34, 36, 39], 8.940723792162578e-05], [[5, 9, 12, 20, 36], 0.06442597401468365], [[9, 36], 10.0], [[5, 9, 36], 0.015005675368898979], [[5, 9, 12, 36], 0.0014465591341593516], [[5, 7, 9, 12, 20, 36], 0.12916905303238665], [[5, 7, 9, 12, 20, 36, 39], 0.26440685853432383], [[5, 7, 9, 12, 20, 26, 36, 39], 0.5412346180819131], [[5, 7, 9, 12, 20, 23, 26, 36, 39], 0.001230947649837004], [[5, 7, 9, 12, 14, 20, 23, 26, 36, 39], 4.29197676137858e-06], [[5, 7, 9, 12, 14, 18, 20, 23, 26, 32, 34, 36, 39], 2.4919127848668795e-05], [[5, 7, 9, 12, 14, 18, 20, 23, 26, 32, 34, 36, 39, 48], 1.2439551775403566e-08], [[5, 7, 8, 9, 12, 14, 18, 20, 23, 26, 32, 34, 36, 39, 48], 1.9987518356985558e-08], [[5, 7, 8, 9, 12, 14, 18, 20, 23, 25, 26, 32, 34, 36, 39, 48], 4.091402481040142e-08], [[5, 7, 8, 9, 12, 14, 18, 20, 23, 24, 25, 26, 32, 34, 36, 39, 48], 7.851594998351241e-08], [[5, 7, 8, 9, 12, 14, 18, 20, 23, 24, 25, 26, 28, 32, 34, 36, 39, 48], 1.562354642403304e-07], [[5, 7, 8, 9, 12, 14, 18, 20, 23, 24, 25, 26, 28, 32, 34, 36, 39, 41, 48, 49], 6.369326064805992e-07], [[5, 7, 8, 9, 12, 14, 18, 20, 23, 24, 25, 26, 28, 32, 34, 36, 39, 41, 46, 48, 49], 1.3037707153416684e-06], [[5, 7, 8, 9, 12, 14, 16, 18, 20, 23, 24, 25, 26, 28, 32, 34, 36, 39, 41, 46, 48, 49], 2.6687894654077832e-06], [[5, 7, 8, 9, 12, 14, 16, 18, 20, 23, 24, 25, 26, 28, 29, 32, 34, 36, 39, 41, 46, 48, 49], 5.4629522866718496e-06], [[5, 7, 8, 9, 12, 14, 16, 18, 20, 23, 24, 25, 26, 28, 29, 32, 34, 36, 37, 39, 41, 46, 48, 49], 1.1182547097789902e-05], [[5, 7, 8, 9, 12, 14, 16, 18, 20, 23, 24, 25, 26, 28, 29, 32, 34, 36, 37, 38, 39, 41, 46, 48, 49], 2.2890475987988356e-05], [[5, 7, 8, 9, 12, 14, 16, 18, 20, 23, 24, 25, 26, 28, 29, 32, 34, 36, 37, 38, 39, 41, 46, 47, 48, 49], 4.6856433011389874e-05], [[5, 7, 8, 9, 12, 14, 16, 18, 20, 23, 24, 25, 26, 28, 29, 32, 34, 36, 37, 38, 39, 41, 43, 46, 47, 48, 49], 9.591428165229702e-05], [[5, 7, 8, 9, 12, 14, 16, 18, 20, 22, 23, 24, 25, 26, 27, 28, 29, 32, 34, 36, 37, 38, 39, 41, 43, 46, 47, 48, 49], 0.00040189448961808986], [[1, 5, 7, 8, 9, 12, 14, 16, 18, 20, 22, 23, 24, 25, 26, 27, 28, 29, 32, 34, 36, 37, 38, 39, 41, 43, 46, 47, 48, 49], 0.000822671516177807], [[1, 2, 5, 7, 8, 9, 12, 14, 16, 18, 20, 22, 23, 24, 25, 26, 27, 28, 29, 32, 34, 36, 37, 38, 39, 41, 43, 46, 47, 48, 49], 0.0016839952850365221], [[1, 2, 5, 7, 8, 9, 11, 12, 14, 16, 18, 20, 22, 23, 24, 25, 26, 27, 28, 29, 32, 34, 36, 37, 38, 39, 41, 43, 46, 47, 48, 49], 0.007684390038943811], [[1, 2, 5, 7, 8, 9, 11, 12, 14, 16, 18, 19, 20, 22, 23, 24, 25, 26, 27, 28, 29, 32, 34, 36, 37, 38, 39, 41, 43, 46, 47, 48, 49], 0.6889824997856743], [[1, 2, 5, 7, 8, 9, 11, 12, 14, 16, 18, 19, 20, 22, 23, 24, 25, 26, 27, 28, 29, 32, 33, 34, 36, 37, 38, 39, 41, 43, 46, 47, 48, 49], 1.4103360257877164], [[1, 2, 5, 7, 8, 9, 11, 12, 14, 16, 18, 19, 20, 21, 22, 23, 24, 25, 26, 27, 28, 29, 32, 33, 34, 36, 37, 38, 39, 41, 43, 46, 47, 48, 49], 2.852152571459435], [[1, 2, 5, 7, 8, 9, 11, 12, 14, 16, 18, 19, 20, 21, 22, 23, 24, 25, 26, 27, 28, 29, 32, 33, 34, 36, 37, 38, 39, 41, 43, 45, 46, 47, 48, 49], 5.838309963850119], [[1, 2, 5, 7, 8, 9, 11, 12, 14, 16, 18, 19, 20, 21, 22, 23, 24, 25, 26, 27, 28, 29, 31, 32, 33, 34, 36, 37, 38, 39, 41, 43, 45, 46, 47, 48, 49], 881.1384105173751], [[1, 2, 5, 7, 8, 9, 10, 11, 12, 14, 16, 18, 19, 20, 21, 22, 23, 24, 25, 26, 27, 28, 29, 31, 32, 33, 34, 36, 37, 38, 39, 41, 43, 45, 46, 47, 48, 49], 6047.736439313497], [[1, 2, 5, 7, 8, 9, 10, 11, 12, 13, 14, 16, 18, 19, 20, 21, 22, 23, 24, 25, 26, 27, 28, 29, 31, 32, 33, 34, 36, 37, 38, 39, 41, 43, 45, 46, 47, 48, 49], 12379.618637880934]]}