{"costs": 2793573, "root_join": 18, "join_operands": {"0": [0, 1, 2, 3, 4, 5, 6, 7, 8, 9, 10, 11, 12, 13, 15, 16, 19], "1": [1, 2, 3, 4, 5, 6, 7, 8, 9, 10, 11, 12, 13, 15, 16, 19], "2": [6, 7, 10, 13, 19], "3": [6, 10, 13, 19], "4": [6, 13, 19], "5": [13, 19], "6": [6, 7, 10, 13, 16, 19], "7": [1, 2, 3, 4, 5, 8, 9, 11, 12, 15], "8": [9, 15], "9": [3, 9, 15], "10": [3, 9, 12, 15], "11": [1, 3, 9, 12, 15], "12": [1, 2, 3, 9, 12, 15], "13": [1, 2, 3, 8, 9, 12, 15], "14": [1, 2, 3, 4, 8, 9, 12, 15], "15": [1, 2, 3, 4, 5, 8, 9, 12, 15], "16": [0, 1, 2, 3, 4, 5, 6, 7, 8, 9, 10, 11, 12, 13, 15, 16, 17, 19], "17": [0, 1, 2, 3, 4, 5, 6, 7, 8, 9, 10, 11, 12, 13, 15, 16, 17, 18, 19], "18": [0, 1, 2, 3, 4, 5, 6, 7, 8, 9, 10, 11, 12, 13, 14, 15, 16, 17, 18, 19]}, "join_predecessors": {"0": [1], "2": [3], "3": [4], "4": [5], "5": [], "6": [2], "1": [6, 7], "8": [], "9": [8], "10": [9], "11": [10], "12": [11], "13": [12], "14": [13], "15": [14], "7": [15], "16": [0], "17": [16], "18": [17]}, "intermediate_costs": [[[0, 1, 2, 3, 4, 5, 6, 7, 8, 9, 10, 11, 12, 13, 15, 16, 19], 91226.92627053497], [[1, 2, 3, 4, 5, 6, 7, 8, 9, 10, 11, 12, 13, 15, 16, 19], 19754.149164300612], [[6, 7, 10, 13, 19], 2003.3977104867022], [[6, 10, 13, 19], 476.83819289832303], [[6, 13, 19], 1.1670170575692964], [[13, 19], 898.0], [[6, 7, 10, 13, 16, 19], 9654.177800627915], [[1, 2, 3, 4, 5, 8, 9, 11, 12, 15], 154135.11038624393], [[9, 15], 80.0], [[3, 9, 15], 1.030252100840336], [[3, 9, 12, 15], 26.16995214191357], [[1, 3, 9, 12, 15], 122.45506636686146], [[1, 2, 3, 9, 12, 15], 295.0494993440485], [[1, 2, 3, 8, 9, 12, 15], 1380.6023117310772], [[1, 2, 3, 4, 8, 9, 12, 15], 6637.515436949407], [[1, 2, 3, 4, 5, 8, 9, 12, 15], 31985.523139115496], [[0, 1, 2, 3, 4, 5, 6, 7, 8, 9, 10, 11, 12, 13, 15, 16, 17, 19], 427402.10907946463], [[0, 1, 2, 3, 4, 5, 6, 7, 8, 9, 10, 11, 12, 13, 15, 16, 17, 18, 19], 2047493.5959982018]]}