{"costs": 2202924, "root_join": 8, "join_operands": {"0": [0, 6, 7, 10, 13, 19], "1": [6, 7, 10, 13, 19], "2": [6, 13, 19], "3": [13, 19], "4": [6, 10, 13, 19], "5": [0, 6, 7, 10, 13, 17, 19], "6": [0, 6, 7, 10, 13, 16, 17, 19], "7": [0, 6, 7, 10, 13, 16, 17, 18, 19], "8": [0, 1, 2, 3, 4, 5, 6, 7, 8, 9, 10, 11, 12, 13, 14, 15, 16, 17, 18, 19], "9": [1, 2, 3, 4, 5, 8, 9, 11, 12, 14, 15], "10": [1, 3, 9, 12, 15], "11": [3, 9, 12, 15], "12": [3, 9, 15], "13": [9, 15], "14": [1, 2, 3, 9, 12, 15], "15": [1, 2, 3, 8, 9, 12, 15], "16": [1, 2, 3, 4, 8, 9, 12, 15], "17": [1, 2, 3, 4, 5, 8, 9, 12, 15], "18": [1, 2, 3, 4, 5, 8, 9, 12, 14, 15]}, "join_predecessors": {"0": [1], "2": [3], "3": [], "4": [2], "1": [4], "5": [0], "6": [5], "7": [6], "8": [7, 9], "10": [11], "12": [13], "13": [], "11": [12], "14": [10], "15": [14], "16": [15], "17": [16], "18": [17], "9": [18]}, "intermediate_costs": [[[0, 6, 7, 10, 13, 19], 9251.92037910784], [[6, 7, 10, 13, 19], 2003.3977104867022], [[6, 13, 19], 1.1670170575692964], [[13, 19], 898.0], [[6, 10, 13, 19], 476.83819289832303], [[0, 6, 7, 10, 13, 17, 19], 43345.64853516446], [[0, 6, 7, 10, 13, 16, 17, 19], 208878.44468003462], [[0, 6, 7, 10, 13, 16, 17, 18, 19], 1000643.8170030643], [[1, 2, 3, 4, 5, 8, 9, 11, 12, 14, 15], 742762.0263920991], [[1, 3, 9, 12, 15], 122.45506636686146], [[3, 9, 12, 15], 26.16995214191357], [[3, 9, 15], 1.030252100840336], [[9, 15], 80.0], [[1, 2, 3, 9, 12, 15], 295.0494993440485], [[1, 2, 3, 8, 9, 12, 15], 1380.6023117310772], [[1, 2, 3, 4, 8, 9, 12, 15], 6637.515436949407], [[1, 2, 3, 4, 5, 8, 9, 12, 15], 31985.523139115496], [[1, 2, 3, 4, 5, 8, 9, 12, 14, 15], 154135.10862312326]]}