{"costs": 23029107, "root_join": 18, "join_operands": {"0": [0, 1, 9, 10, 11, 12, 14, 16, 19], "1": [1, 9, 10, 11, 12, 14, 16, 19], "2": [10, 11, 12, 16, 19], "3": [10, 12, 16, 19], "4": [10, 12, 16], "5": [10, 16], "6": [1, 10, 11, 12, 16, 19], "7": [9, 14], "8": [0, 1, 9, 10, 11, 12, 14, 16, 18, 19], "9": [0, 1, 6, 9, 10, 11, 12, 14, 16, 18, 19], "10": [0, 1, 2, 6, 9, 10, 11, 12, 14, 16, 18, 19], "11": [0, 1, 2, 6, 9, 10, 11, 12, 13, 14, 16, 18, 19], "12": [0, 1, 2, 3, 6, 9, 10, 11, 12, 13, 14, 16, 18, 19], "13": [0, 1, 2, 3, 4, 5, 6, 7, 8, 9, 10, 11, 12, 13, 14, 15, 16, 18, 19], "14": [4, 5, 7, 8, 15], "15": [8, 15], "16": [4, 8, 15], "17": [5, 7], "18": [0, 1, 2, 3, 4, 5, 6, 7, 8, 9, 10, 11, 12, 13, 14, 15, 16, 17, 18, 19]}, "join_predecessors": {"0": [1], "2": [3], "3": [4], "5": [], "4": [5], "6": [2], "1": [6, 7], "7": [], "8": [0], "9": [8], "10": [9], "11": [10], "12": [11], "13": [12, 14], "15": [], "16": [15], "14": [16, 17], "17": [], "18": [13]}, "intermediate_costs": [[[0, 1, 9, 10, 11, 12, 14, 16, 19], 516326.2242554913], [[1, 9, 10, 11, 12, 14, 16, 19], 516326.29856843007], [[10, 11, 12, 16, 19], 573697.3038348083], [[10, 12, 16, 19], 573697.3038348083], [[10, 12, 16], 294226.00000000006], [[10, 16], 294226.0], [[1, 10, 11, 12, 16, 19], 516327.5734513275], [[9, 14], 404998.99999999994], [[0, 1, 9, 10, 11, 12, 14, 16, 18, 19], 516326.2242554913], [[0, 1, 6, 9, 10, 11, 12, 14, 16, 18, 19], 516326.2242554912], [[0, 1, 2, 6, 9, 10, 11, 12, 14, 16, 18, 19], 512995.0873248106], [[0, 1, 2, 6, 9, 10, 11, 12, 13, 14, 16, 18, 19], 512995.0873248106], [[0, 1, 2, 3, 6, 9, 10, 11, 12, 13, 14, 16, 18, 19], 512995.0873248107], [[0, 1, 2, 3, 4, 5, 6, 7, 8, 9, 10, 11, 12, 13, 14, 15, 16, 18, 19], 13602643.703102896], [[4, 5, 7, 8, 15], 822000.0], [[8, 15], 822000.0], [[4, 8, 15], 822000.0], [[5, 7], 699000.0]]}