{"costs": 2702683, "root_join": 1, "join_operands": {"0": [3, 9], "1": [0, 1, 2, 3, 4, 5, 6, 7, 8, 9, 10, 11, 12, 13, 14, 15, 16, 17, 18, 19, 20, 21, 22, 23, 24, 25, 26, 27, 28, 29], "2": [0, 1, 2, 4, 5, 6, 7, 8, 10, 11, 12, 13, 14, 15, 16, 17, 18, 19, 20, 21, 22, 23, 24, 25, 26, 27, 28, 29], "3": [0, 1, 2, 6, 10, 11, 14, 21, 23, 24, 27, 28], "4": [0, 1, 2, 6, 10, 11, 14, 21, 23, 24, 27], "5": [0, 1, 2, 6, 10, 11, 14, 21, 23, 24], "6": [0, 1, 2, 6, 10, 14, 21, 23, 24], "7": [0, 1, 6, 10, 14, 21, 23, 24], "8": [1, 6, 24], "9": [6, 24], "10": [0, 10, 14, 21, 23], "11": [0, 10, 14, 23], "12": [10, 14, 23], "13": [10, 23], "14": [0, 1, 2, 6, 10, 11, 12, 14, 21, 23, 24, 27, 28], "15": [0, 1, 2, 6, 10, 11, 12, 14, 21, 23, 24, 26, 27, 28], "16": [0, 1, 2, 6, 10, 11, 12, 13, 14, 21, 23, 24, 26, 27, 28], "17": [0, 1, 2, 6, 10, 11, 12, 13, 14, 21, 23, 24, 26, 27, 28, 29], "18": [0, 1, 2, 6, 10, 11, 12, 13, 14, 19, 21, 23, 24, 26, 27, 28, 29], "19": [0, 1, 2, 6, 10, 11, 12, 13, 14, 17, 19, 21, 23, 24, 26, 27, 28, 29], "20": [0, 1, 2, 6, 10, 11, 12, 13, 14, 17, 19, 21, 22, 23, 24, 26, 27, 28, 29], "21": [0, 1, 2, 6, 10, 11, 12, 13, 14, 15, 17, 19, 21, 22, 23, 24, 26, 27, 28, 29], "22": [0, 1, 2, 6, 10, 11, 12, 13, 14, 15, 17, 19, 20, 21, 22, 23, 24, 26, 27, 28, 29], "23": [0, 1, 2, 4, 6, 10, 11, 12, 13, 14, 15, 17, 19, 20, 21, 22, 23, 24, 26, 27, 28, 29], "24": [0, 1, 2, 4, 5, 6, 10, 11, 12, 13, 14, 15, 17, 19, 20, 21, 22, 23, 24, 26, 27, 28, 29], "25": [0, 1, 2, 4, 5, 6, 10, 11, 12, 13, 14, 15, 17, 18, 19, 20, 21, 22, 23, 24, 26, 27, 28, 29], "26": [0, 1, 2, 4, 5, 6, 10, 11, 12, 13, 14, 15, 16, 17, 18, 19, 20, 21, 22, 23, 24, 26, 27, 28, 29], "27": [0, 1, 2, 4, 5, 6, 10, 11, 12, 13, 14, 15, 16, 17, 18, 19, 20, 21, 22, 23, 24, 25, 26, 27, 28, 29], "28": [0, 1, 2, 4, 5, 6, 7, 10, 11, 12, 13, 14, 15, 16, 17, 18, 19, 20, 21, 22, 23, 24, 25, 26, 27, 28, 29]}, "join_predecessors": {"0": [], "1": [0, 2], "3": [4], "4": [5], "5": [6], "6": [7], "8": [9], "9": [], "7": [8, 10], "10": [11], "11": [12], "13": [], "12": [13], "14": [3], "15": [14], "16": [15], "17": [16], "18": [17], "19": [18], "20": [19], "21": [20], "22": [21], "23": [22], "24": [23], "25": [24], "26": [25], "27": [26], "28": [27], "2": [28]}, "intermediate_costs": [[[3, 9], 216614.0], [[0, 1, 2, 4, 5, 6, 7, 8, 10, 11, 12, 13, 14, 15, 16, 17, 18, 19, 20, 21, 22, 23, 24, 25, 26, 27, 28, 29], 1495237.1872477313], [[0, 1, 2, 6, 10, 11, 14, 21, 23, 24, 27, 28], 0.5281715693986178], [[0, 1, 2, 6, 10, 11, 14, 21, 23, 24, 27], 944.2525767866987], [[0, 1, 2, 6, 10, 11, 14, 21, 23, 24], 32.049932381079444], [[0, 1, 2, 6, 10, 14, 21, 23, 24], 12.428532956360243], [[0, 1, 6, 10, 14, 21, 23, 24], 5.7204811940387925], [[1, 6, 24], 41446.47460992908], [[6, 24], 808.0], [[0, 10, 14, 21, 23], 51.22118685000504], [[0, 10, 14, 23], 179.46327974262385], [[10, 14, 23], 0.06566876971608833], [[10, 23], 243.0], [[0, 1, 2, 6, 10, 11, 12, 14, 21, 23, 24, 27, 28], 1.1066373035455912], [[0, 1, 2, 6, 10, 11, 12, 14, 21, 23, 24, 26, 27, 28], 2.732292730661798], [[0, 1, 2, 6, 10, 11, 12, 13, 14, 21, 23, 24, 26, 27, 28], 7.017907824986918], [[0, 1, 2, 6, 10, 11, 12, 13, 14, 21, 23, 24, 26, 27, 28, 29], 17.401288758907814], [[0, 1, 2, 6, 10, 11, 12, 13, 14, 19, 21, 23, 24, 26, 27, 28, 29], 44.58935930625828], [[0, 1, 2, 6, 10, 11, 12, 13, 14, 17, 19, 21, 23, 24, 26, 27, 28, 29], 114.98425294402222], [[0, 1, 2, 6, 10, 11, 12, 13, 14, 17, 19, 21, 22, 23, 24, 26, 27, 28, 29], 296.51384565044503], [[0, 1, 2, 6, 10, 11, 12, 13, 14, 15, 17, 19, 21, 22, 23, 24, 26, 27, 28, 29], 764.6315728910989], [[0, 1, 2, 6, 10, 11, 12, 13, 14, 15, 17, 19, 20, 21, 22, 23, 24, 26, 27, 28, 29], 1971.7846137453475], [[0, 1, 2, 4, 6, 10, 11, 12, 13, 14, 15, 17, 19, 20, 21, 22, 23, 24, 26, 27, 28, 29], 5084.7144421076], [[0, 1, 2, 4, 5, 6, 10, 11, 12, 13, 14, 15, 17, 19, 20, 21, 22, 23, 24, 26, 27, 28, 29], 13112.14744241477], [[0, 1, 2, 4, 5, 6, 10, 11, 12, 13, 14, 15, 17, 18, 19, 20, 21, 22, 23, 24, 26, 27, 28, 29], 33812.79468264541], [[0, 1, 2, 4, 5, 6, 10, 11, 12, 13, 14, 15, 16, 17, 18, 19, 20, 21, 22, 23, 24, 26, 27, 28, 29], 87194.34429424391], [[0, 1, 2, 4, 5, 6, 10, 11, 12, 13, 14, 15, 16, 17, 18, 19, 20, 21, 22, 23, 24, 25, 26, 27, 28, 29], 224851.3841863346], [[0, 1, 2, 4, 5, 6, 7, 10, 11, 12, 13, 14, 15, 16, 17, 18, 19, 20, 21, 22, 23, 24, 25, 26, 27, 28, 29], 579832.8562834609]]}