{"costs": 15048, "join_operands": {"0": [0, 1, 2], "1": [0, 1]}, "join_predecessors": {"0": [1], "1": []}, "leaf_joins": [], "opt_time": 0.01367497444152832, "status": 2, "intermediate_costs": [[[0, 1], 15048.000000000002]]}