{"costs": 4127722, "root_join": 28, "join_operands": {"0": [0, 15], "1": [0, 8, 15], "2": [0, 8, 15, 20], "3": [0, 8, 11, 15, 20], "4": [0, 3, 8, 11, 15, 20], "5": [0, 3, 8, 11, 15, 20, 24], "6": [0, 3, 8, 11, 15, 20, 24, 28], "7": [0, 3, 8, 11, 14, 15, 20, 24, 28], "8": [0, 1, 3, 8, 11, 14, 15, 20, 24, 28], "9": [0, 1, 3, 8, 11, 14, 15, 20, 24, 28, 29], "10": [0, 1, 3, 8, 11, 14, 15, 16, 20, 24, 28, 29], "11": [0, 1, 3, 8, 10, 11, 14, 15, 16, 20, 24, 28, 29], "12": [0, 1, 3, 8, 10, 11, 14, 15, 16, 20, 24, 26, 28, 29], "13": [0, 1, 3, 8, 10, 11, 14, 15, 16, 18, 20, 24, 26, 28, 29], "14": [0, 1, 3, 8, 10, 11, 14, 15, 16, 18, 20, 24, 26, 27, 28, 29], "15": [0, 1, 3, 8, 10, 11, 14, 15, 16, 18, 20, 24, 25, 26, 27, 28, 29], "16": [0, 1, 3, 8, 10, 11, 14, 15, 16, 18, 20, 22, 24, 25, 26, 27, 28, 29], "17": [0, 1, 3, 6, 8, 10, 11, 14, 15, 16, 18, 20, 22, 24, 25, 26, 27, 28, 29], "18": [0, 1, 3, 6, 8, 10, 11, 14, 15, 16, 18, 20, 21, 22, 24, 25, 26, 27, 28, 29], "19": [0, 1, 3, 6, 8, 10, 11, 14, 15, 16, 17, 18, 20, 21, 22, 24, 25, 26, 27, 28, 29], "20": [0, 1, 3, 4, 6, 8, 10, 11, 14, 15, 16, 17, 18, 20, 21, 22, 24, 25, 26, 27, 28, 29], "21": [0, 1, 3, 4, 6, 8, 10, 11, 14, 15, 16, 17, 18, 19, 20, 21, 22, 24, 25, 26, 27, 28, 29], "22": [0, 1, 3, 4, 6, 8, 10, 11, 14, 15, 16, 17, 18, 19, 20, 21, 22, 23, 24, 25, 26, 27, 28, 29], "23": [0, 1, 3, 4, 6, 7, 8, 10, 11, 14, 15, 16, 17, 18, 19, 20, 21, 22, 23, 24, 25, 26, 27, 28, 29], "24": [0, 1, 2, 3, 4, 6, 7, 8, 10, 11, 14, 15, 16, 17, 18, 19, 20, 21, 22, 23, 24, 25, 26, 27, 28, 29], "25": [0, 1, 2, 3, 4, 6, 7, 8, 10, 11, 13, 14, 15, 16, 17, 18, 19, 20, 21, 22, 23, 24, 25, 26, 27, 28, 29], "26": [0, 1, 2, 3, 4, 6, 7, 8, 10, 11, 12, 13, 14, 15, 16, 17, 18, 19, 20, 21, 22, 23, 24, 25, 26, 27, 28, 29], "27": [0, 1, 2, 3, 4, 6, 7, 8, 9, 10, 11, 12, 13, 14, 15, 16, 17, 18, 19, 20, 21, 22, 23, 24, 25, 26, 27, 28, 29], "28": [0, 1, 2, 3, 4, 5, 6, 7, 8, 9, 10, 11, 12, 13, 14, 15, 16, 17, 18, 19, 20, 21, 22, 23, 24, 25, 26, 27, 28, 29]}, "join_predecessors": {"0": [], "1": [0], "2": [1], "3": [2], "4": [3], "5": [4], "6": [5], "7": [6], "8": [7], "9": [8], "10": [9], "11": [10], "12": [11], "13": [12], "14": [13], "15": [14], "16": [15], "17": [16], "18": [17], "19": [18], "20": [19], "21": [20], "22": [21], "23": [22], "24": [23], "25": [24], "26": [25], "27": [26], "28": [27]}, "intermediate_costs": [[[0, 15], 3069.0], [[0, 8, 15], 0.4696409043351681], [[0, 8, 15, 20], 1.6067401491340767], [[0, 8, 11, 15, 20], 5.26245661540217], [[0, 3, 8, 11, 15, 20], 116.75294329829478], [[0, 3, 8, 11, 15, 20, 24], 0.04073304423839656], [[0, 3, 8, 11, 15, 20, 24, 28], 0.13935629765659674], [[0, 3, 8, 11, 14, 15, 20, 24, 28], 0.4767671591549348], [[0, 1, 3, 8, 11, 14, 15, 20, 24, 28], 1.6311170934607524], [[0, 1, 3, 8, 11, 14, 15, 20, 24, 28, 29], 0.0008992376012953613], [[0, 1, 3, 8, 11, 14, 15, 16, 20, 24, 28, 29], 0.0030764805372293235], [[0, 1, 3, 8, 10, 11, 14, 15, 16, 20, 24, 28, 29], 0.15702585319355694], [[0, 1, 3, 8, 10, 11, 14, 15, 16, 20, 24, 26, 28, 29], 0.33889521607892453], [[0, 1, 3, 8, 10, 11, 14, 15, 16, 18, 20, 24, 26, 28, 29], 1.111121911586534], [[0, 1, 3, 8, 10, 11, 14, 15, 16, 18, 20, 24, 26, 27, 28, 29], 3.801379971376411], [[0, 1, 3, 8, 10, 11, 14, 15, 16, 18, 20, 24, 25, 26, 27, 28, 29], 234.95322863986277], [[0, 1, 3, 8, 10, 11, 14, 15, 16, 18, 20, 22, 24, 25, 26, 27, 28, 29], 0.029297695785384346], [[0, 1, 3, 6, 8, 10, 11, 14, 15, 16, 18, 20, 22, 24, 25, 26, 27, 28, 29], 0.09759583729859533], [[0, 1, 3, 6, 8, 10, 11, 14, 15, 16, 18, 20, 21, 22, 24, 25, 26, 27, 28, 29], 0.3338933375790496], [[0, 1, 3, 6, 8, 10, 11, 14, 15, 16, 17, 18, 20, 21, 22, 24, 25, 26, 27, 28, 29], 1.1423191767152674], [[0, 1, 3, 4, 6, 8, 10, 11, 14, 15, 16, 17, 18, 20, 21, 22, 24, 25, 26, 27, 28, 29], 670.9779402419722], [[0, 1, 3, 4, 6, 8, 10, 11, 14, 15, 16, 17, 18, 19, 20, 21, 22, 24, 25, 26, 27, 28, 29], 1836.4451092064194], [[0, 1, 3, 4, 6, 8, 10, 11, 14, 15, 16, 17, 18, 19, 20, 21, 22, 23, 24, 25, 26, 27, 28, 29], 6244.786196082277], [[0, 1, 3, 4, 6, 7, 8, 10, 11, 14, 15, 16, 17, 18, 19, 20, 21, 22, 23, 24, 25, 26, 27, 28, 29], 21364.722967451486], [[0, 1, 2, 3, 4, 6, 7, 8, 10, 11, 14, 15, 16, 17, 18, 19, 20, 21, 22, 23, 24, 25, 26, 27, 28, 29], 73093.16825560309], [[0, 1, 2, 3, 4, 6, 7, 8, 10, 11, 13, 14, 15, 16, 17, 18, 19, 20, 21, 22, 23, 24, 25, 26, 27, 28, 29], 250067.0699948662], [[0, 1, 2, 3, 4, 6, 7, 8, 10, 11, 12, 13, 14, 15, 16, 17, 18, 19, 20, 21, 22, 23, 24, 25, 26, 27, 28, 29], 855531.9325759794], [[0, 1, 2, 3, 4, 6, 7, 8, 9, 10, 11, 12, 13, 14, 15, 16, 17, 18, 19, 20, 21, 22, 23, 24, 25, 26, 27, 28, 29], 2915476.0712034316]]}