{"costs": 4140844, "root_join": 28, "join_operands": {"0": [0, 1, 3, 8, 14, 24, 29], "1": [1, 3, 8, 14, 24, 29], "2": [1, 29], "3": [1, 14, 29], "4": [1, 3, 14, 24, 29], "5": [3, 24], "6": [0, 1, 3, 8, 14, 15, 24, 29], "7": [0, 1, 3, 8, 14, 15, 22, 24, 25, 29], "8": [22, 25], "9": [0, 1, 3, 8, 14, 15, 16, 22, 24, 25, 29], "10": [0, 1, 3, 8, 14, 15, 16, 22, 24, 25, 28, 29], "11": [0, 1, 3, 8, 10, 14, 15, 16, 22, 24, 25, 28, 29], "12": [0, 1, 3, 8, 10, 14, 15, 16, 22, 24, 25, 26, 28, 29], "13": [0, 1, 3, 8, 10, 14, 15, 16, 18, 22, 24, 25, 26, 28, 29], "14": [0, 1, 3, 8, 10, 14, 15, 16, 18, 20, 22, 24, 25, 26, 28, 29], "15": [0, 1, 3, 8, 10, 11, 14, 15, 16, 18, 20, 22, 24, 25, 26, 28, 29], "16": [0, 1, 3, 6, 8, 10, 11, 14, 15, 16, 18, 20, 22, 24, 25, 26, 28, 29], "17": [0, 1, 3, 4, 6, 8, 10, 11, 14, 15, 16, 18, 20, 22, 24, 25, 26, 28, 29], "18": [0, 1, 3, 4, 6, 8, 10, 11, 14, 15, 16, 18, 19, 20, 22, 24, 25, 26, 28, 29], "19": [0, 1, 3, 4, 6, 8, 10, 11, 14, 15, 16, 18, 19, 20, 22, 23, 24, 25, 26, 28, 29], "20": [0, 1, 3, 4, 6, 8, 10, 11, 12, 14, 15, 16, 18, 19, 20, 22, 23, 24, 25, 26, 28, 29], "21": [0, 1, 3, 4, 6, 8, 9, 10, 11, 12, 14, 15, 16, 18, 19, 20, 22, 23, 24, 25, 26, 28, 29], "22": [0, 1, 3, 4, 6, 8, 9, 10, 11, 12, 14, 15, 16, 18, 19, 20, 21, 22, 23, 24, 25, 26, 28, 29], "23": [0, 1, 3, 4, 6, 7, 8, 9, 10, 11, 12, 14, 15, 16, 18, 19, 20, 21, 22, 23, 24, 25, 26, 28, 29], "24": [0, 1, 2, 3, 4, 6, 7, 8, 9, 10, 11, 12, 14, 15, 16, 18, 19, 20, 21, 22, 23, 24, 25, 26, 28, 29], "25": [0, 1, 2, 3, 4, 6, 7, 8, 9, 10, 11, 12, 14, 15, 16, 18, 19, 20, 21, 22, 23, 24, 25, 26, 27, 28, 29], "26": [0, 1, 2, 3, 4, 6, 7, 8, 9, 10, 11, 12, 14, 15, 16, 17, 18, 19, 20, 21, 22, 23, 24, 25, 26, 27, 28, 29], "27": [0, 1, 2, 3, 4, 6, 7, 8, 9, 10, 11, 12, 13, 14, 15, 16, 17, 18, 19, 20, 21, 22, 23, 24, 25, 26, 27, 28, 29], "28": [0, 1, 2, 3, 4, 5, 6, 7, 8, 9, 10, 11, 12, 13, 14, 15, 16, 17, 18, 19, 20, 21, 22, 23, 24, 25, 26, 27, 28, 29]}, "join_predecessors": {"0": [1], "2": [], "3": [2], "4": [3, 5], "5": [], "1": [4], "6": [0], "7": [6, 8], "8": [], "9": [7], "10": [9], "11": [10], "12": [11], "13": [12], "14": [13], "15": [14], "16": [15], "17": [16], "18": [17], "19": [18], "20": [19], "21": [20], "22": [21], "23": [22], "24": [23], "25": [24], "26": [25], "27": [26], "28": [27]}, "intermediate_costs": [[[0, 1, 3, 8, 14, 24, 29], 0.33604093310031496], [[1, 3, 8, 14, 24, 29], 429.24134647207296], [[1, 29], 360.0], [[1, 14, 29], 139.5724961715161], [[1, 3, 14, 24, 29], 127.50722644327661], [[3, 24], 19760.0], [[0, 1, 3, 8, 14, 15, 24, 29], 2.345698093264947e-05], [[0, 1, 3, 8, 14, 15, 22, 24, 25, 29], 1.8078579268135876e-07], [[22, 25], 410.0], [[0, 1, 3, 8, 14, 15, 16, 22, 24, 25, 29], 6.185061342970833e-07], [[0, 1, 3, 8, 14, 15, 16, 22, 24, 25, 28, 29], 2.1160393622700726e-06], [[0, 1, 3, 8, 10, 14, 15, 16, 22, 24, 25, 28, 29], 0.00010800422178222296], [[0, 1, 3, 8, 10, 14, 15, 16, 22, 24, 25, 26, 28, 29], 0.00023309610063513027], [[0, 1, 3, 8, 10, 14, 15, 16, 18, 22, 24, 25, 26, 28, 29], 0.0007642426703974351], [[0, 1, 3, 8, 10, 14, 15, 16, 18, 20, 22, 24, 25, 26, 28, 29], 0.0026146346514413867], [[0, 1, 3, 8, 10, 11, 14, 15, 16, 18, 20, 22, 24, 25, 26, 28, 29], 0.00856355112913115], [[0, 1, 3, 6, 8, 10, 11, 14, 15, 16, 18, 20, 22, 24, 25, 26, 28, 29], 0.028526712435652447], [[0, 1, 3, 4, 6, 8, 10, 11, 14, 15, 16, 18, 20, 22, 24, 25, 26, 28, 29], 16.756082837537917], [[0, 1, 3, 4, 6, 8, 10, 11, 14, 15, 16, 18, 19, 20, 22, 24, 25, 26, 28, 29], 45.86086148429421], [[0, 1, 3, 4, 6, 8, 10, 11, 14, 15, 16, 18, 19, 20, 22, 23, 24, 25, 26, 28, 29], 155.94872577559354], [[0, 1, 3, 4, 6, 8, 10, 11, 12, 14, 15, 16, 18, 19, 20, 22, 23, 24, 25, 26, 28, 29], 533.5333226733693], [[0, 1, 3, 4, 6, 8, 9, 10, 11, 12, 14, 15, 16, 18, 19, 20, 22, 23, 24, 25, 26, 28, 29], 1818.171334365388], [[0, 1, 3, 4, 6, 8, 9, 10, 11, 12, 14, 15, 16, 18, 19, 20, 21, 22, 23, 24, 25, 26, 28, 29], 6220.299061162427], [[0, 1, 3, 4, 6, 7, 8, 9, 10, 11, 12, 14, 15, 16, 18, 19, 20, 21, 22, 23, 24, 25, 26, 28, 29], 21280.947344491426], [[0, 1, 2, 3, 4, 6, 7, 8, 9, 10, 11, 12, 14, 15, 16, 18, 19, 20, 21, 22, 23, 24, 25, 26, 28, 29], 72806.55439620193], [[0, 1, 2, 3, 4, 6, 7, 8, 9, 10, 11, 12, 14, 15, 16, 18, 19, 20, 21, 22, 23, 24, 25, 26, 27, 28, 29], 249086.41867341552], [[0, 1, 2, 3, 4, 6, 7, 8, 9, 10, 11, 12, 14, 15, 16, 17, 18, 19, 20, 21, 22, 23, 24, 25, 26, 27, 28, 29], 852176.9100666951], [[0, 1, 2, 3, 4, 6, 7, 8, 9, 10, 11, 12, 13, 14, 15, 16, 17, 18, 19, 20, 21, 22, 23, 24, 25, 26, 27, 28, 29], 2915476.0712034316]]}