{"costs": 2972619.4041865463, "int_costs": [[[0, 1, 2, 3, 4, 5, 6, 7, 8, 9, 10, 11, 12, 13, 14, 15, 16, 17, 18, 19, 20, 21, 22, 23, 24, 25, 26, 27, 28, 29, 30, 31, 32, 33, 34, 35, 36, 38, 39, 40, 41, 42, 43, 44, 45, 46, 47, 48, 49], 2808019.6540008266], [[0, 1, 2, 3, 4, 5, 6, 7, 8, 9, 10, 11, 12, 13, 14, 15, 16, 17, 18, 19, 21, 22, 23, 24, 25, 26, 27, 28, 29, 30, 31, 32, 33, 34, 35, 36, 38, 39, 40, 41, 42, 43, 44, 45, 46, 47, 48, 49], 5947.434857120222], [[0, 1, 2, 3, 4, 5, 6, 7, 8, 9, 10, 11, 12, 13, 14, 15, 17, 18, 19, 21, 22, 23, 24, 25, 26, 27, 29, 30, 31, 32, 33, 34, 35, 36, 38, 39, 40, 41, 43, 44, 45, 46, 47, 48, 49], 97472.7366457596], [[16, 28, 42], 14072.375541304347], [[0, 1, 2, 3, 4, 5, 6, 7, 8, 9, 10, 11, 12, 13, 14, 15, 17, 19, 21, 22, 23, 24, 25, 26, 27, 29, 30, 31, 32, 33, 34, 35, 36, 38, 39, 40, 41, 43, 44, 45, 46, 47, 48, 49], 27248.971325196977], [[16, 42], 3934.0], [[0, 1, 2, 3, 4, 5, 6, 7, 8, 9, 10, 11, 12, 13, 15, 17, 19, 21, 22, 23, 24, 25, 26, 27, 29, 30, 31, 32, 33, 34, 35, 36, 38, 39, 40, 41, 43, 44, 45, 46, 47, 48, 49], 7617.5802474892835], [[0, 1, 2, 3, 4, 5, 6, 7, 8, 9, 11, 12, 13, 15, 17, 19, 21, 22, 23, 24, 25, 26, 27, 29, 30, 31, 32, 33, 34, 35, 36, 38, 39, 40, 41, 43, 44, 45, 46, 47, 48, 49], 2129.5315352512334], [[0, 1, 2, 3, 4, 5, 6, 7, 8, 9, 11, 12, 13, 15, 17, 19, 21, 22, 23, 24, 25, 26, 27, 29, 30, 31, 32, 33, 34, 36, 38, 39, 40, 41, 43, 44, 45, 46, 47, 48, 49], 597.046293849557], [[0, 1, 2, 3, 4, 5, 6, 7, 8, 11, 12, 13, 15, 17, 19, 21, 22, 23, 24, 25, 26, 27, 29, 30, 31, 32, 33, 34, 36, 38, 39, 40, 41, 43, 44, 45, 46, 47, 48, 49], 167.32389881907693], [[0, 1, 2, 4, 5, 6, 7, 8, 11, 12, 13, 15, 17, 19, 21, 22, 23, 24, 25, 26, 27, 29, 30, 31, 32, 33, 34, 36, 38, 39, 40, 41, 43, 44, 45, 46, 47, 48, 49], 46.77619744554065], [[0, 1, 2, 4, 5, 6, 7, 8, 11, 12, 13, 15, 17, 19, 21, 22, 23, 24, 25, 26, 27, 29, 30, 31, 32, 33, 34, 36, 38, 39, 40, 41, 43, 44, 45, 46, 47, 48], 13.076509695040142], [[0, 1, 2, 4, 5, 6, 7, 8, 11, 12, 13, 15, 17, 19, 21, 22, 23, 24, 25, 26, 27, 29, 30, 31, 32, 33, 34, 36, 38, 40, 41, 43, 44, 45, 46, 47, 48], 3345.1536429172456], [[0, 1, 2, 4, 5, 6, 7, 8, 11, 12, 13, 15, 17, 19, 21, 22, 23, 24, 25, 27, 29, 30, 31, 32, 33, 34, 36, 38, 40, 41, 43, 44, 45, 46, 47, 48], 935.1536981431171], [[0, 1, 2, 4, 5, 6, 7, 8, 11, 12, 13, 15, 17, 19, 21, 22, 23, 24, 25, 27, 29, 30, 31, 32, 33, 34, 36, 38, 40, 41, 43, 45, 46, 47, 48], 337.67639966987815], [[0, 2, 7, 11, 12, 13, 15, 19, 21, 23, 24, 25, 29, 31, 32, 34, 36, 40], 1.3510191204023408e-07], [[2, 34], 600.0], [[2, 31, 34], 3.8324074074074073], [[2, 29, 31, 34], 0.016307185326189133], [[2, 29, 31, 32, 34], 0.03499960692229776], [[2, 29, 31, 32, 34, 36], 0.0001956201446225673], [[2, 29, 31, 32, 34, 36, 40], 0.0006997559865126794], [[2, 12, 29, 31, 32, 34, 36, 40], 6.019587643012688e-07], [[0, 2, 12, 29, 31, 32, 34, 36, 40], 2.1532760154482165e-06], [[0, 2, 12, 23, 29, 31, 32, 34, 36, 40], 6.861062412332081e-06], [[0, 2, 12, 15, 23, 29, 31, 32, 34, 36, 40], 6.874462924856167e-09], [[0, 2, 12, 13, 15, 23, 29, 31, 32, 34, 36, 40], 3.3069135127120193e-07], [[0, 2, 12, 13, 15, 19, 23, 29, 31, 32, 34, 36, 40], 1.03844250747493e-06], [[0, 2, 12, 13, 15, 19, 23, 25, 29, 31, 32, 34, 36, 40], 2.835535150711138e-09], [[0, 2, 11, 12, 13, 15, 19, 23, 25, 29, 31, 32, 34, 36, 40], 3.3810094888426425e-09], [[0, 2, 11, 12, 13, 15, 19, 23, 24, 25, 29, 31, 32, 34, 36, 40], 1.1209318216856424e-08], [[0, 2, 11, 12, 13, 15, 19, 21, 23, 24, 25, 29, 31, 32, 34, 36, 40], 3.8493154848251876e-08], [[0, 2, 7, 11, 12, 13, 15, 19, 21, 23, 24, 25, 29, 31, 32, 34, 36, 40, 47], 4.776557172745826e-07], [[0, 2, 7, 11, 12, 13, 15, 19, 21, 23, 24, 25, 29, 31, 32, 34, 36, 40, 45, 47], 1.6918376746334378e-06], [[0, 2, 7, 11, 12, 13, 15, 19, 21, 23, 24, 25, 29, 31, 32, 34, 36, 40, 43, 45, 47], 6.01882692796074e-06], [[0, 2, 7, 11, 12, 13, 15, 19, 21, 23, 24, 25, 27, 29, 31, 32, 34, 36, 40, 43, 45, 47], 2.1506642271635595e-05], [[0, 2, 7, 11, 12, 13, 15, 19, 21, 22, 23, 24, 25, 27, 29, 31, 32, 34, 36, 40, 43, 45, 47], 7.693168068324726e-05], [[0, 2, 6, 7, 11, 12, 13, 15, 19, 21, 22, 23, 24, 25, 27, 29, 31, 32, 34, 36, 40, 43, 45, 47], 0.00027519328298656893], [[0, 2, 6, 7, 8, 11, 12, 13, 15, 19, 21, 22, 23, 24, 25, 27, 29, 31, 32, 34, 36, 40, 43, 45, 47], 0.000984397724376462], [[0, 2, 5, 6, 7, 8, 11, 12, 13, 15, 19, 21, 22, 23, 24, 25, 27, 29, 31, 32, 34, 36, 40, 43, 45, 47], 0.003521302806670799], [[0, 2, 4, 5, 6, 7, 8, 11, 12, 13, 15, 19, 21, 22, 23, 24, 25, 27, 29, 31, 32, 34, 36, 40, 43, 45, 47], 0.012596106787374403], [[0, 2, 4, 5, 6, 7, 8, 11, 12, 13, 15, 17, 19, 21, 22, 23, 24, 25, 27, 29, 31, 32, 34, 36, 40, 43, 45, 47], 0.04505772860498348], [[0, 2, 4, 5, 6, 7, 8, 11, 12, 13, 15, 17, 19, 21, 22, 23, 24, 25, 27, 29, 31, 32, 33, 34, 36, 40, 43, 45, 47], 0.16117672740271624], [[0, 2, 4, 5, 6, 7, 8, 11, 12, 13, 15, 17, 19, 21, 22, 23, 24, 25, 27, 29, 30, 31, 32, 33, 34, 36, 40, 43, 45, 47], 0.5765478700445695], [[0, 2, 4, 5, 6, 7, 8, 11, 12, 13, 15, 17, 19, 21, 22, 23, 24, 25, 27, 29, 30, 31, 32, 33, 34, 36, 40, 43, 45, 46, 47], 2.0623787779120906], [[0, 1, 2, 4, 5, 6, 7, 8, 11, 12, 13, 15, 17, 19, 21, 22, 23, 24, 25, 27, 29, 30, 31, 32, 33, 34, 36, 40, 43, 45, 46, 47], 7.377368850150596], [[0, 1, 2, 4, 5, 6, 7, 8, 11, 12, 13, 15, 17, 19, 21, 22, 23, 24, 25, 27, 29, 30, 31, 32, 33, 34, 36, 40, 41, 43, 45, 46, 47], 26.389706747405363], [[0, 1, 2, 4, 5, 6, 7, 8, 11, 12, 13, 15, 17, 19, 21, 22, 23, 24, 25, 27, 29, 30, 31, 32, 33, 34, 36, 38, 40, 41, 43, 45, 46, 47], 94.3990519708257]]}