{"costs": 3180318.2235861258, "intermediate_costs": [[[0, 1, 2, 3, 4, 5, 6, 7, 8, 9, 10, 11, 13, 14, 15, 16, 17, 18, 19, 20, 21, 22, 23, 24, 25, 26, 27, 28, 29, 30, 31, 32, 33, 34, 36, 38, 39, 40, 41, 42, 43, 44, 45, 46, 47, 48, 49], 567098.4849418708], [[0, 1, 2, 3, 4, 5, 6, 7, 8, 9, 10, 11, 13, 14, 15, 16, 18, 19, 20, 21, 22, 23, 24, 25, 26, 27, 28, 29, 30, 31, 32, 33, 34, 36, 38, 39, 40, 41, 42, 43, 44, 45, 46, 47, 48, 49], 369464.9998697575], [[1, 2, 3, 9, 13, 14, 21, 22, 25, 27, 29, 30, 32, 33, 34, 36, 39, 42, 44, 48, 49], 6.852354703992663e-05], [[13, 39], 1188.0], [[13, 33, 39], 4.097061139896373], [[13, 21, 33, 39], 0.16317033735011105], [[13, 21, 25, 33, 39], 0.18573109387336253], [[13, 21, 25, 33, 39, 49], 0.2506260504343537], [[1, 13, 21, 25, 33, 39, 49], 0.3865093451227306], [[1, 13, 21, 25, 33, 39, 44, 49], 2.5332772253606834], [[1, 13, 21, 25, 33, 39, 42, 44, 49], 0.7729882271608588], [[1, 3, 13, 21, 25, 33, 39, 42, 44, 49], 0.0032173023508857367], [[1, 3, 13, 21, 25, 29, 33, 39, 42, 44, 49], 0.1320194439651553], [[1, 3, 13, 21, 25, 29, 33, 36, 39, 42, 44, 49], 0.7738650352024864], [[1, 3, 13, 14, 21, 25, 29, 33, 36, 39, 42, 44, 49], 1.193435656521443], [[1, 3, 13, 14, 21, 25, 27, 29, 33, 36, 39, 42, 44, 49], 0.00255613262009761], [[1, 3, 13, 14, 21, 25, 27, 29, 32, 33, 36, 39, 42, 44, 49], 0.0039420049657933765], [[1, 3, 13, 14, 21, 25, 27, 29, 32, 33, 36, 39, 42, 44, 48, 49], 1.68867343682677e-05], [[1, 3, 13, 14, 21, 22, 25, 27, 29, 32, 33, 36, 39, 42, 44, 48, 49], 1.9531644570526497e-05], [[1, 3, 13, 14, 21, 22, 25, 27, 29, 30, 32, 33, 36, 39, 42, 44, 48, 49], 3.0121217333076627e-05], [[1, 2, 3, 13, 14, 21, 22, 25, 27, 29, 30, 32, 33, 36, 39, 42, 44, 48, 49], 4.6452202365454914e-05], [[1, 2, 3, 13, 14, 21, 22, 25, 27, 29, 30, 32, 33, 34, 36, 39, 42, 44, 48, 49], 4.6284423521331706e-05], [[1, 2, 3, 9, 13, 14, 16, 21, 22, 25, 27, 29, 30, 32, 33, 34, 36, 39, 42, 44, 48, 49], 9.371147666960288e-05], [[0, 1, 2, 3, 9, 13, 14, 16, 21, 22, 25, 27, 29, 30, 32, 33, 34, 36, 39, 42, 44, 48, 49], 0.00013589150184868505], [[0, 1, 2, 3, 9, 13, 14, 16, 20, 21, 22, 25, 27, 29, 30, 32, 33, 34, 36, 39, 42, 44, 48, 49], 0.00020107250452924103], [[0, 1, 2, 3, 9, 13, 14, 16, 20, 21, 22, 25, 26, 27, 29, 30, 32, 33, 34, 36, 39, 42, 44, 48, 49], 0.0003088582131915984], [[0, 1, 2, 3, 9, 13, 14, 16, 20, 21, 22, 25, 26, 27, 29, 30, 32, 33, 34, 36, 39, 40, 42, 44, 48, 49], 0.00047631146130752526], [[0, 1, 2, 3, 9, 13, 14, 16, 19, 20, 21, 22, 25, 26, 27, 29, 30, 32, 33, 34, 36, 39, 40, 42, 44, 48, 49], 0.0007305123505990591], [[0, 1, 2, 3, 5, 9, 13, 14, 16, 19, 20, 21, 22, 25, 26, 27, 29, 30, 32, 33, 34, 36, 39, 40, 42, 44, 48, 49], 0.0011265685060860085], [[0, 1, 2, 3, 5, 9, 13, 14, 15, 16, 19, 20, 21, 22, 25, 26, 27, 29, 30, 32, 33, 34, 36, 39, 40, 42, 44, 48, 49], 0.0017373661974587613], [[0, 1, 2, 3, 5, 9, 13, 14, 15, 16, 19, 20, 21, 22, 25, 26, 27, 29, 30, 32, 33, 34, 36, 38, 39, 40, 42, 44, 48, 49], 0.002679323399238818], [[0, 1, 2, 3, 4, 5, 9, 13, 14, 15, 16, 19, 20, 21, 22, 25, 26, 27, 29, 30, 32, 33, 34, 36, 38, 39, 40, 42, 44, 48, 49], 0.004131986694267588], [[0, 1, 2, 3, 4, 5, 9, 13, 14, 15, 16, 19, 20, 21, 22, 25, 26, 27, 29, 30, 32, 33, 34, 36, 38, 39, 40, 42, 44, 46, 48, 49], 0.23220366175666615], [[0, 1, 2, 3, 4, 5, 9, 10, 13, 14, 15, 16, 19, 20, 21, 22, 25, 26, 27, 29, 30, 32, 33, 34, 36, 38, 39, 40, 42, 44, 46, 48, 49], 0.35686820757896714], [[0, 1, 2, 3, 4, 5, 9, 10, 13, 14, 15, 16, 19, 20, 21, 22, 25, 26, 27, 28, 29, 30, 32, 33, 34, 36, 38, 39, 40, 42, 44, 46, 48, 49], 0.4455241423714902], [[0, 1, 2, 3, 4, 5, 9, 10, 13, 14, 15, 16, 19, 20, 21, 22, 25, 26, 27, 28, 29, 30, 32, 33, 34, 36, 38, 39, 40, 41, 42, 44, 46, 48, 49], 0.6649125545904381], [[0, 1, 2, 3, 4, 5, 6, 9, 10, 13, 14, 15, 16, 19, 20, 21, 22, 25, 26, 27, 28, 29, 30, 32, 33, 34, 36, 38, 39, 40, 41, 42, 44, 46, 48, 49], 1.0254114395934077], [[0, 1, 2, 3, 4, 5, 6, 7, 9, 10, 13, 14, 15, 16, 19, 20, 21, 22, 25, 26, 27, 28, 29, 30, 32, 33, 34, 36, 38, 39, 40, 41, 42, 44, 46, 48, 49], 1.5813642546579738], [[0, 1, 2, 3, 4, 5, 6, 7, 8, 9, 10, 13, 14, 15, 16, 19, 20, 21, 22, 25, 26, 27, 28, 29, 30, 32, 33, 34, 36, 38, 39, 40, 41, 42, 44, 46, 48, 49], 2.4387409866439], [[0, 1, 2, 3, 4, 5, 6, 7, 8, 9, 10, 13, 14, 15, 16, 19, 20, 21, 22, 23, 25, 26, 27, 28, 29, 30, 32, 33, 34, 36, 38, 39, 40, 41, 42, 44, 46, 48, 49], 61.5237156647593], [[0, 1, 2, 3, 4, 5, 6, 7, 8, 9, 10, 13, 14, 15, 16, 19, 20, 21, 22, 23, 25, 26, 27, 28, 29, 30, 32, 33, 34, 36, 38, 39, 40, 41, 42, 43, 44, 46, 48, 49], 169.7340678553138], [[0, 1, 2, 3, 4, 5, 6, 7, 8, 9, 10, 13, 14, 15, 16, 19, 20, 21, 22, 23, 25, 26, 27, 28, 29, 30, 32, 33, 34, 36, 38, 39, 40, 41, 42, 43, 44, 45, 46, 48, 49], 261.7596990200355], [[0, 1, 2, 3, 4, 5, 6, 7, 8, 9, 10, 13, 14, 15, 16, 19, 20, 21, 22, 23, 25, 26, 27, 28, 29, 30, 31, 32, 33, 34, 36, 38, 39, 40, 41, 42, 43, 44, 45, 46, 48, 49], 403.2033730238382], [[0, 1, 2, 3, 4, 5, 6, 7, 8, 9, 10, 13, 14, 15, 16, 19, 20, 21, 22, 23, 25, 26, 27, 28, 29, 30, 31, 32, 33, 34, 36, 38, 39, 40, 41, 42, 43, 44, 45, 46, 47, 48, 49], 621.8103112720444], [[0, 1, 2, 3, 4, 5, 6, 7, 8, 9, 10, 13, 14, 15, 16, 18, 19, 20, 21, 22, 23, 25, 26, 27, 28, 29, 30, 31, 32, 33, 34, 36, 38, 39, 40, 41, 42, 43, 44, 45, 46, 47, 48, 49], 958.9395139792251], [[0, 1, 2, 3, 4, 5, 6, 7, 8, 9, 10, 13, 14, 15, 16, 18, 19, 20, 21, 22, 23, 24, 25, 26, 27, 28, 29, 30, 31, 32, 33, 34, 36, 38, 39, 40, 41, 42, 43, 44, 45, 46, 47, 48, 49], 1478.8513069034639], [[12, 37], 880582.0], [[12, 35, 37], 1358011.6615131348]]}