{"costs": 16590384, "root_join": 0, "join_operands": {"0": [0, 1, 2, 3, 4, 5, 6, 7, 8, 9, 10, 11, 12, 13, 14, 15, 16, 17, 18, 19, 20, 21, 22, 23, 24, 25, 26, 27, 28, 29], "1": [0, 1, 2, 3, 4, 5, 6, 7, 8, 12, 13, 14, 15, 16, 17, 18, 19, 20, 21, 22, 23, 24, 25, 26, 27, 28, 29], "2": [9, 10, 11], "3": [0, 1, 3, 4, 5, 6, 7, 8, 14, 16, 17, 18, 19, 20, 21, 22, 23, 24, 25, 26, 27, 28, 29], "4": [], "5": [2, 12, 13, 15], "6": [10, 11], "7": [0, 1, 3, 4, 5, 6, 7, 8, 14, 16, 17, 18, 19, 20, 21, 23, 24, 25, 26, 27, 28, 29], "8": [], "9": [13, 15], "10": [], "11": [], "12": [], "13": [2, 12], "14": [], "15": [0, 1, 3, 4, 5, 6, 7, 8, 14, 16, 17, 18, 19, 20, 21, 23, 25, 26, 27, 28, 29], "16": [], "17": [], "18": [], "19": [], "20": [], "21": [], "22": [], "23": [], "24": [], "25": [], "26": [], "27": [], "28": [], "29": [0, 1, 3, 4, 6, 8, 16, 18, 19, 20, 21, 23, 25, 26, 28], "30": [0, 1, 3, 4, 6, 8, 16, 18, 19, 20, 21, 25, 26, 28], "31": [0, 1, 4, 6, 8, 16, 18, 19, 20, 21, 25, 26, 28], "32": [6, 21], "33": [1, 6, 21], "34": [0, 1, 6, 21], "35": [0, 1, 6, 21, 28], "36": [0, 1, 6, 8, 21, 28], "37": [0, 1, 6, 8, 19, 21, 28], "38": [0, 1, 6, 8, 19, 20, 21, 28], "39": [0, 1, 6, 8, 19, 20, 21, 26, 28], "40": [0, 1, 6, 8, 18, 19, 20, 21, 26, 28], "41": [0, 1, 6, 8, 18, 19, 20, 21, 25, 26, 28], "42": [0, 1, 6, 8, 16, 18, 19, 20, 21, 25, 26, 28], "43": [0, 1, 3, 4, 5, 6, 8, 16, 17, 18, 19, 20, 21, 23, 25, 26, 28, 29], "44": [5, 17, 29], "45": [5, 29], "46": [0, 1, 3, 4, 5, 6, 8, 14, 16, 17, 18, 19, 20, 21, 23, 25, 26, 28, 29], "47": [0, 1, 3, 4, 5, 6, 8, 14, 16, 17, 18, 19, 20, 21, 23, 25, 26, 27, 28, 29]}, "join_predecessors": {"0": [1, 2], "1": [3, 5], "2": [6], "3": [7], "4": [], "5": [9, 13], "6": [], "7": [15], "8": [], "9": [], "10": [], "11": [], "12": [], "13": [], "14": [], "15": [47], "16": [], "17": [], "18": [], "19": [], "20": [], "21": [], "22": [], "23": [], "24": [], "25": [], "26": [], "27": [], "28": [], "29": [30], "30": [31], "32": [], "33": [32], "34": [33], "35": [34], "36": [35], "37": [36], "38": [37], "39": [38], "40": [39], "41": [40], "42": [41], "31": [42], "43": [29, 44], "45": [], "44": [45], "46": [43], "47": [46]}, "intermediate_costs": [[[0, 1, 2, 3, 4, 5, 6, 7, 8, 12, 13, 14, 15, 16, 17, 18, 19, 20, 21, 22, 23, 24, 25, 26, 27, 28, 29], 6731064.599098562], [[9, 10, 11], 1039622.878639201], [[0, 1, 3, 4, 5, 6, 7, 8, 14, 16, 17, 18, 19, 20, 21, 22, 23, 24, 25, 26, 27, 28, 29], 3436524.0982666933], [[2, 12, 13, 15], 877354.733280653], [[10, 11], 953122.0], [[0, 1, 3, 4, 5, 6, 7, 8, 14, 16, 17, 18, 19, 20, 21, 23, 24, 25, 26, 27, 28, 29], 381537.1805563963], [[13, 15], 634225.0], [[2, 12], 943602.9999999999], [[0, 1, 3, 4, 5, 6, 7, 8, 14, 16, 17, 18, 19, 20, 21, 23, 25, 26, 27, 28, 29], 325655.71104360704], [[0, 1, 3, 4, 6, 8, 16, 18, 19, 20, 21, 23, 25, 26, 28], 72101.78288283994], [[0, 1, 3, 4, 6, 8, 16, 18, 19, 20, 21, 25, 26, 28], 60594.00459916211], [[0, 1, 4, 6, 8, 16, 18, 19, 20, 21, 25, 26, 28], 50922.91916265336], [[6, 21], 954.0], [[1, 6, 21], 129102.6520411311], [[0, 1, 6, 21], 41403.327461641406], [[0, 1, 6, 21, 28], 38005.57564244193], [[0, 1, 6, 8, 21, 28], 45223.44756320029], [[0, 1, 6, 8, 19, 21, 28], 33115.06110293122], [[0, 1, 6, 8, 19, 20, 21, 28], 39404.14541881575], [[0, 1, 6, 8, 19, 20, 21, 26, 28], 46887.59164205739], [[0, 1, 6, 8, 18, 19, 20, 21, 26, 28], 34870.12385005261], [[0, 1, 6, 8, 18, 19, 20, 21, 25, 26, 28], 41492.52289430214], [[0, 1, 6, 8, 16, 18, 19, 20, 21, 25, 26, 28], 43201.027372471646], [[0, 1, 3, 4, 5, 6, 8, 16, 17, 18, 19, 20, 21, 23, 25, 26, 28, 29], 119028.82535180847], [[5, 17, 29], 87426.54715847397], [[5, 29], 73774.0], [[0, 1, 3, 4, 5, 6, 8, 14, 16, 17, 18, 19, 20, 21, 23, 25, 26, 28, 29], 141634.31985912035], [[0, 1, 3, 4, 5, 6, 8, 14, 16, 17, 18, 19, 20, 21, 23, 25, 26, 27, 28, 29], 168532.96658132406]]}