{"costs": 31680834.422415927, "join_operands": {"0": [0, 1, 2, 3, 4, 5, 6, 7, 8, 9, 10, 11, 12, 13, 14, 15, 16, 17, 18, 19, 20, 21, 22, 23, 24, 25, 26, 27, 28, 29, 30, 31, 32, 33, 34, 35, 36, 37, 38, 39, 40, 41, 42, 43, 44, 45, 46, 47, 48, 49, 50, 51, 52, 53, 54, 55, 56, 57, 58, 59], "1": [0, 1, 2, 3, 4, 5, 7, 8, 9, 11, 12, 13, 14, 15, 16, 17, 18, 19, 20, 22, 23, 24, 25, 26, 27, 28, 29, 32, 33, 34, 36, 37, 41, 44, 45, 46, 47, 48, 49, 51, 52, 53, 54, 55, 56, 57, 59], "2": [6, 10, 21, 30, 31, 35, 38, 39, 40, 42, 43, 50, 58], "3": [0, 1, 2, 3, 4, 5, 7, 8, 9, 11, 12, 13, 15, 16, 17, 18, 19, 20, 22, 23, 24, 25, 26, 27, 28, 29, 32, 33, 34, 36, 37, 44, 45, 46, 47, 48, 49, 51, 52, 53, 54, 55, 56, 57, 59], "4": [10, 21, 30, 31, 43, 50], "5": [14, 41], "6": [6, 35, 38, 39, 40, 42, 58], "7": [0, 1, 2, 3, 4, 5, 7, 8, 9, 11, 12, 13, 15, 16, 18, 19, 20, 22, 23, 24, 25, 26, 27, 28, 29, 32, 33, 34, 36, 37, 44, 45, 46, 47, 49, 51, 52, 53, 54, 55, 56, 57, 59], "8": [10, 30, 31, 43, 50], "9": [], "10": [6, 39, 40, 42], "11": [17, 48], "12": [], "13": [], "14": [35, 38, 58], "15": [0, 1, 2, 3, 4, 5, 7, 8, 9, 11, 12, 13, 15, 16, 18, 19, 20, 22, 23, 24, 25, 26, 27, 28, 29, 32, 33, 34, 36, 37, 44, 45, 46, 47, 49, 52, 53, 54, 55, 56, 57, 59], "16": [10, 30, 31, 50], "17": [], "18": [6, 39], "19": [], "20": [], "21": [], "22": [], "23": [], "24": [], "25": [], "26": [40, 42], "27": [], "28": [], "29": [], "30": [38, 58]}, "join_predecessors": {"0": [1, 2], "1": [3, 5], "2": [4, 6], "3": [7, 11], "4": [8, 12], "5": [9, 13], "6": [10, 14], "7": [15, 23], "8": [16, 24], "9": [17, 25], "10": [18, 26], "11": [19, 27], "12": [20, 28], "13": [21, 29], "14": [22, 30], "15": [], "16": [], "17": [], "18": [], "19": [], "20": [], "21": [], "22": [], "23": [], "24": [], "25": [], "26": [], "27": [], "28": [], "29": [], "30": []}, "leaf_joins": [15, 16], "opt_time": 10.009868144989014, "status": 9, "intermediate_costs": [[[0, 1, 2, 3, 4, 5, 7, 8, 9, 11, 12, 13, 14, 15, 16, 17, 18, 19, 20, 22, 23, 24, 25, 26, 27, 28, 29, 32, 33, 34, 36, 37, 41, 44, 45, 46, 47, 48, 49, 51, 52, 53, 54, 55, 56, 57, 59], 245937.75538043072], [[6, 10, 21, 30, 31, 35, 38, 39, 40, 42, 43, 50, 58], 21439005.160829205], [[0, 1, 2, 3, 4, 5, 7, 8, 9, 11, 12, 13, 15, 16, 17, 18, 19, 20, 22, 23, 24, 25, 26, 27, 28, 29, 32, 33, 34, 36, 37, 44, 45, 46, 47, 48, 49, 51, 52, 53, 54, 55, 56, 57, 59], 245937.75538043072], [[10, 21, 30, 31, 43, 50], 787785.5782946766], [[14, 41], 107000.0], [[6, 35, 38, 39, 40, 42, 58], 1986641.9530526313], [[0, 1, 2, 3, 4, 5, 7, 8, 9, 11, 12, 13, 15, 16, 18, 19, 20, 22, 23, 24, 25, 26, 27, 28, 29, 32, 33, 34, 36, 37, 44, 45, 46, 47, 49, 51, 52, 53, 54, 55, 56, 57, 59], 245937.75538043072], [[10, 30, 31, 43, 50], 835530.1587973842], [[6, 39, 40, 42], 1997999.9999999998], [[17, 48], 25000.0], [[35, 38, 58], 321164.0], [[0, 1, 2, 3, 4, 5, 7, 8, 9, 11, 12, 13, 15, 16, 18, 19, 20, 22, 23, 24, 25, 26, 27, 28, 29, 32, 33, 34, 36, 37, 44, 45, 46, 47, 49, 52, 53, 54, 55, 56, 57, 59], 245937.7553804307], [[10, 30, 31, 50], 848792.5499203068], [[6, 39], 1998000.0], [[40, 42], 29000.0], [[38, 58], 321164.0]]}