{"costs": 656888, "root_join": 0, "join_operands": {"0": [0, 1, 2, 3, 4, 5, 6, 7, 8, 9, 10, 11, 12, 13, 14, 15, 16, 17, 18, 19], "1": [0, 1, 2, 4, 5, 6, 7, 8, 9, 11, 12, 14, 15, 16, 17, 18, 19], "2": [3, 10, 13], "3": [0, 1, 2, 4, 5, 6, 7, 8, 9, 11, 12, 14, 16, 17, 18, 19], "4": [10, 13], "5": [], "6": [], "7": [0, 1, 2, 4, 5, 6, 8, 9, 11, 12, 14, 16, 17, 18, 19], "8": [], "9": [], "10": [], "11": [], "12": [], "13": [], "14": [], "15": [0, 1, 2, 4, 5, 6, 8, 9, 12, 16, 17, 18, 19], "16": [1, 2, 4, 5, 6, 8, 9, 12, 16, 17, 18, 19], "17": [1, 12], "18": [1, 12, 18], "19": [1, 12, 16, 18], "20": [1, 4, 12, 16, 18], "21": [1, 4, 9, 12, 16, 18], "22": [1, 4, 6, 9, 12, 16, 18], "23": [1, 4, 6, 9, 12, 16, 18, 19], "24": [1, 2, 4, 6, 9, 12, 16, 18, 19], "25": [1, 2, 4, 6, 9, 12, 16, 17, 18, 19], "26": [1, 2, 4, 6, 8, 9, 12, 16, 17, 18, 19], "27": [0, 1, 2, 4, 5, 6, 8, 9, 12, 14, 16, 17, 18, 19]}, "join_predecessors": {"0": [1, 2], "1": [3], "2": [4], "3": [7], "4": [], "5": [], "6": [], "7": [27], "8": [], "9": [], "10": [], "11": [], "12": [], "13": [], "14": [], "15": [16], "17": [], "18": [17], "19": [18], "20": [19], "21": [20], "22": [21], "23": [22], "24": [23], "25": [24], "26": [25], "16": [26], "27": [15]}, "intermediate_costs": [[[0, 1, 2, 4, 5, 6, 7, 8, 9, 11, 12, 14, 15, 16, 17, 18, 19], 381381.6782435484], [[3, 10, 13], 89549.94834601044], [[0, 1, 2, 4, 5, 6, 7, 8, 9, 11, 12, 14, 16, 17, 18, 19], 108565.43467631935], [[10, 13], 28324.0], [[0, 1, 2, 4, 5, 6, 8, 9, 11, 12, 14, 16, 17, 18, 19], 30904.61417548322], [[0, 1, 2, 4, 5, 6, 8, 9, 12, 16, 17, 18, 19], 2504.3099487837326], [[1, 2, 4, 5, 6, 8, 9, 12, 16, 17, 18, 19], 760.4112915484291], [[1, 12], 5616.0], [[1, 12, 18], 5.803616926503341], [[1, 12, 16, 18], 20.38764145642611], [[1, 4, 12, 16, 18], 71.62014880510195], [[1, 4, 9, 12, 16, 18], 0.2515953677807326], [[1, 4, 6, 9, 12, 16, 18], 0.8838343546810609], [[1, 4, 6, 9, 12, 16, 18, 19], 0.637599614294874], [[1, 2, 4, 6, 9, 12, 16, 18, 19], 1.928747944907118], [[1, 2, 4, 6, 9, 12, 16, 17, 18, 19], 4.065318480877979], [[1, 2, 4, 6, 8, 9, 12, 16, 17, 18, 19], 378.8073138794214], [[0, 1, 2, 4, 5, 6, 8, 9, 12, 14, 16, 17, 18, 19], 8797.423083994749]]}