{"costs": 4582133.580417036, "join_operands": {"0": [0, 1, 2, 3, 4, 5, 6, 7, 8, 9, 10, 11, 12, 13, 14, 15, 16, 17, 18, 19, 20, 21, 22, 23, 24, 25, 26, 27, 28, 29, 30, 31, 32, 33, 34, 35, 36, 37, 38, 39], "1": [0, 2, 4, 5, 6, 7, 9, 10, 11, 12, 14, 15, 17, 18, 19, 20, 21, 22, 23, 24, 25, 26, 27, 28, 29, 31, 36, 38, 39], "2": [1, 3, 8, 13, 16, 30, 32, 33, 34, 35, 37], "3": [0, 2, 4, 5, 6, 7, 9, 10, 11, 12, 14, 15, 17, 18, 19, 21, 22, 23, 24, 25, 26, 27, 28, 29, 31, 36, 38, 39], "4": [1, 3, 8, 13, 16, 30, 32, 33, 34, 35], "5": [], "6": [], "7": [0, 2, 4, 5, 6, 7, 9, 10, 11, 12, 14, 15, 17, 18, 19, 21, 22, 23, 24, 26, 27, 28, 29, 31, 36, 38, 39], "8": [1, 3, 8, 16, 30, 32, 33, 34, 35], "9": [], "10": [], "11": [], "12": [], "13": [], "14": [], "15": [0, 2, 4, 5, 6, 7, 9, 11, 12, 14, 15, 17, 18, 19, 21, 22, 23, 24, 26, 27, 28, 29, 31, 36, 38, 39], "16": [1, 3, 8, 16, 32, 33, 34, 35], "17": [], "18": [], "19": [], "20": [], "21": [], "22": [], "23": [], "24": [], "25": [], "26": [], "27": [], "28": [], "29": [], "30": [], "31": [0, 2, 4, 5, 7, 9, 11, 12, 14, 15, 17, 18, 19, 21, 22, 23, 24, 26, 27, 28, 29, 31, 36, 38, 39], "32": [1, 3, 8, 16, 33, 34, 35], "33": [], "34": [], "35": [], "36": [], "37": [], "38": []}, "join_predecessors": {"0": [1, 2], "1": [3, 5], "2": [4, 6], "3": [7, 11], "4": [8, 12], "5": [9, 13], "6": [10, 14], "7": [15, 23], "8": [16, 24], "9": [17, 25], "10": [18, 26], "11": [19, 27], "12": [20, 28], "13": [21, 29], "14": [22, 30], "15": [31], "16": [32], "17": [33], "18": [34], "19": [35], "20": [36], "21": [37], "22": [38], "23": [], "24": [], "25": [], "26": [], "27": [], "28": [], "29": [], "30": [], "31": [], "32": [], "33": [], "34": [], "35": [], "36": [], "37": [], "38": []}, "leaf_joins": [31, 32], "opt_time": 39.61878991127014, "status": 2, "intermediate_costs": [[[0, 2, 4, 5, 6, 7, 9, 10, 11, 12, 14, 15, 17, 18, 19, 20, 21, 22, 23, 24, 25, 26, 27, 28, 29, 31, 36, 38, 39], 2146892.5638143173], [[1, 3, 8, 13, 16, 30, 32, 33, 34, 35, 37], 81087.23587320541], [[0, 2, 4, 5, 6, 7, 9, 10, 11, 12, 14, 15, 17, 18, 19, 21, 22, 23, 24, 25, 26, 27, 28, 29, 31, 36, 38, 39], 1999983.564637027], [[1, 3, 8, 13, 16, 30, 32, 33, 34, 35], 73349.0198706372], [[0, 2, 4, 5, 6, 7, 9, 10, 11, 12, 14, 15, 17, 18, 19, 21, 22, 23, 24, 26, 27, 28, 29, 31, 36, 38, 39], 35388.515909364614], [[1, 3, 8, 16, 30, 32, 33, 34, 35], 66353.46847951156], [[0, 2, 4, 5, 6, 7, 9, 11, 12, 14, 15, 17, 18, 19, 21, 22, 23, 24, 26, 27, 28, 29, 31, 36, 38, 39], 32011.363054547714], [[1, 3, 8, 16, 32, 33, 34, 35], 60728.49191580969], [[0, 2, 4, 5, 7, 9, 11, 12, 14, 15, 17, 18, 19, 21, 22, 23, 24, 26, 27, 28, 29, 31, 36, 38, 39], 29689.57025718748], [[1, 3, 8, 16, 33, 34, 35], 56649.7866054286]]}