{"costs": 41617763, "root_join": 18, "join_operands": {"0": [0, 1, 2, 4, 5, 7, 13, 14, 15, 19], "1": [1, 2, 4, 5, 7, 13, 14, 15, 19], "2": [1, 2, 4, 7, 13, 15, 19], "3": [1, 2, 4, 7, 13, 15], "4": [1, 2, 13, 15], "5": [2, 13, 15], "6": [2, 15], "7": [1, 2, 7, 13, 15], "8": [1, 2, 4, 5, 7, 13, 15, 19], "9": [0, 1, 2, 4, 5, 7, 12, 13, 14, 15, 19], "10": [0, 1, 2, 4, 5, 7, 12, 13, 14, 15, 17, 19], "11": [0, 1, 2, 3, 4, 5, 6, 7, 10, 12, 13, 14, 15, 17, 19], "12": [3, 6, 10], "13": [6, 10], "14": [0, 1, 2, 3, 4, 5, 6, 7, 8, 9, 10, 12, 13, 14, 15, 17, 18, 19], "15": [8, 9, 18], "16": [8, 9], "17": [0, 1, 2, 3, 4, 5, 6, 7, 8, 9, 10, 11, 12, 13, 14, 15, 17, 18, 19], "18": [0, 1, 2, 3, 4, 5, 6, 7, 8, 9, 10, 11, 12, 13, 14, 15, 16, 17, 18, 19]}, "join_predecessors": {"0": [1], "2": [3], "4": [5], "5": [6], "6": [], "7": [4], "3": [7], "8": [2], "1": [8], "9": [0], "10": [9], "11": [10, 12], "13": [], "12": [13], "14": [11, 15], "15": [16], "16": [], "17": [14], "18": [17]}, "intermediate_costs": [[[0, 1, 2, 4, 5, 7, 13, 14, 15, 19], 18363.15502673618], [[1, 2, 4, 5, 7, 13, 14, 15, 19], 49878.3085413885], [[1, 2, 4, 7, 13, 15, 19], 1873.8582152947088], [[1, 2, 4, 7, 13, 15], 1811.7368595518763], [[1, 2, 13, 15], 1693.6147537085612], [[2, 13, 15], 11960.16028403756], [[2, 15], 1519.0], [[1, 2, 7, 13, 15], 1751.6804146803356], [[1, 2, 4, 5, 7, 13, 15, 19], 1938.109605992111], [[0, 1, 2, 4, 5, 7, 12, 13, 14, 15, 19], 2218903.5677241473], [[0, 1, 2, 4, 5, 7, 12, 13, 14, 15, 17, 19], 2256089.6274591126], [[0, 1, 2, 3, 4, 5, 6, 7, 10, 12, 13, 14, 15, 17, 19], 8477127.705619775], [[3, 6, 10], 1009939.5279574469], [[6, 10], 976458.0], [[0, 1, 2, 3, 4, 5, 6, 7, 8, 9, 10, 12, 13, 14, 15, 17, 18, 19], 9345719.06479085], [[8, 9, 18], 7515757.77437288], [[8, 9], 60804.0], [[0, 1, 2, 3, 4, 5, 6, 7, 8, 9, 10, 11, 12, 13, 14, 15, 17, 18, 19], 9666175.097819261]]}