{"costs": 156562, "root_join": 0, "join_operands": {"0": [0, 1, 2, 3, 4, 5, 6, 7, 8, 9, 10, 11, 12, 13, 14, 15, 16, 17, 18, 19], "1": [0, 1, 3, 4, 5, 6, 7, 8, 9, 10, 11, 12, 13, 14, 15, 16, 17, 18, 19], "2": [], "3": [0, 1, 3, 4, 5, 6, 7, 8, 10, 11, 12, 13, 14, 15, 16, 17, 18, 19], "4": [], "5": [], "6": [], "7": [0, 1, 3, 4, 5, 6, 7, 8, 10, 12, 13, 14, 15, 16, 17, 18, 19], "8": [], "9": [], "10": [], "11": [], "12": [], "13": [], "14": [], "15": [0, 1, 3, 4, 5, 6, 7, 8, 10, 12, 14, 15, 16, 17, 18, 19], "16": [], "17": [], "18": [], "19": [0, 1, 10], "20": [1, 10], "21": [0, 1, 3, 10], "22": [0, 1, 3, 4, 10], "23": [0, 1, 3, 4, 7, 10], "24": [0, 1, 3, 4, 7, 10, 16], "25": [0, 1, 3, 4, 5, 7, 10, 16], "26": [0, 1, 3, 4, 5, 7, 10, 12, 16], "27": [0, 1, 3, 4, 5, 7, 10, 12, 15, 16], "28": [0, 1, 3, 4, 5, 7, 10, 12, 15, 16, 17], "29": [0, 1, 3, 4, 5, 7, 10, 12, 14, 15, 16, 17], "30": [0, 1, 3, 4, 5, 7, 10, 12, 14, 15, 16, 17, 18], "31": [0, 1, 3, 4, 5, 7, 8, 10, 12, 14, 15, 16, 17, 18], "32": [0, 1, 3, 4, 5, 6, 7, 8, 10, 12, 14, 15, 16, 17, 18]}, "join_predecessors": {"0": [1], "1": [3], "2": [], "3": [7], "4": [], "5": [], "6": [], "7": [15], "8": [], "9": [], "10": [], "11": [], "12": [], "13": [], "14": [], "15": [32], "16": [], "17": [], "18": [], "19": [20], "20": [], "21": [19], "22": [21], "23": [22], "24": [23], "25": [24], "26": [25], "27": [26], "28": [27], "29": [28], "30": [29], "31": [30], "32": [31]}, "intermediate_costs": [[[0, 1, 3, 4, 5, 6, 7, 8, 9, 10, 11, 12, 13, 14, 15, 16, 17, 18, 19], 136178.03733884273], [[0, 1, 3, 4, 5, 6, 7, 8, 10, 11, 12, 13, 14, 15, 16, 17, 18, 19], 16281.286533353054], [[0, 1, 3, 4, 5, 6, 7, 8, 10, 12, 13, 14, 15, 16, 17, 18, 19], 1946.5695560450945], [[0, 1, 3, 4, 5, 6, 7, 8, 10, 12, 14, 15, 16, 17, 18, 19], 232.72925894464518], [[0, 1, 10], 4.098921052631579], [[1, 10], 1886.0], [[0, 1, 3, 10], 0.03497993260300072], [[0, 1, 3, 4, 10], 3.907447679548217], [[0, 1, 3, 4, 7, 10], 0.0007104758527726419], [[0, 1, 3, 4, 7, 10, 16], 0.005438886725462917], [[0, 1, 3, 4, 5, 7, 10, 16], 5.339361567522212e-06], [[0, 1, 3, 4, 5, 7, 10, 12, 16], 4.4658926126432974e-05], [[0, 1, 3, 4, 5, 7, 10, 12, 15, 16], 0.0003735314899202578], [[0, 1, 3, 4, 5, 7, 10, 12, 15, 16, 17], 0.0029992826349633395], [[0, 1, 3, 4, 5, 7, 10, 12, 14, 15, 16, 17], 0.025086275403156992], [[0, 1, 3, 4, 5, 7, 10, 12, 14, 15, 16, 17, 18], 0.20982398023947263], [[0, 1, 3, 4, 5, 7, 8, 10, 12, 14, 15, 16, 17, 18], 1.7549876266036595], [[0, 1, 3, 4, 5, 6, 7, 8, 10, 12, 14, 15, 16, 17, 18], 28.18341649513323]]}