{"costs": 3027.0, "root_join": 0, "join_operands": {"0": [0, 1, 2, 3, 4, 5], "1": [0], "2": [1, 2, 3, 4, 5], "3": [1], "4": [2, 3, 4, 5], "5": [2], "6": [3, 4, 5], "7": [4], "8": [3, 5], "9": [3], "10": [5]}, "join_predecessors": {"0": [1, 2], "2": [3, 4], "4": [5, 6], "6": [7, 8], "8": [9, 10]}, "intermediate_costs": [[[1, 2, 3, 4, 5], 48.96690000000002], [[2, 3, 4, 5], 48.96690000000001], [[3, 4, 5], 48.96690000000001], [[3, 5], 2880.4]]}