{"costs": 413863.4156163943, "int_costs": [[[0, 1, 2, 3, 4, 5, 6, 7, 8, 9, 10, 11, 12, 13, 14, 15, 16, 17, 18, 20, 21, 22, 23, 24, 25, 26, 27, 28, 29, 30, 31, 32, 33, 34, 35, 36, 37, 38, 39, 40, 41, 42, 43, 44, 45, 46, 47, 48, 49], 242658.7592180301], [[0, 1, 2, 3, 4, 5, 6, 7, 8, 9, 10, 11, 12, 13, 14, 15, 16, 17, 18, 20, 21, 22, 23, 24, 25, 26, 27, 28, 29, 30, 31, 32, 33, 34, 35, 36, 37, 38, 39, 40, 42, 43, 44, 45, 46, 47, 48, 49], 162799.2824531131], [[1, 2, 3, 4, 5, 6, 7, 8, 9, 10, 11, 12, 13, 14, 15, 16, 17, 18, 20, 21, 22, 23, 24, 25, 26, 27, 28, 29, 30, 31, 32, 33, 34, 35, 36, 37, 38, 39, 40, 42, 43, 44, 45, 46, 47, 48, 49], 2458.2753107302847], [[2, 3, 4, 5, 6, 7, 8, 9, 10, 11, 12, 13, 14, 15, 16, 17, 18, 20, 21, 22, 23, 24, 25, 26, 27, 28, 29, 30, 31, 32, 33, 34, 35, 36, 37, 38, 39, 40, 42, 43, 44, 45, 46, 47, 48, 49], 1649.255264758831], [[2, 3, 4, 5, 6, 7, 8, 9, 10, 11, 12, 13, 14, 15, 16, 17, 18, 20, 21, 22, 23, 24, 25, 26, 27, 28, 29, 30, 31, 32, 33, 34, 35, 36, 37, 38, 39, 40, 42, 43, 44, 45, 46, 48, 49], 1109.488745583264], [[2, 3, 4, 5, 6, 7, 8, 9, 10, 11, 12, 13, 14, 15, 16, 17, 18, 20, 21, 22, 23, 24, 25, 26, 27, 28, 29, 31, 32, 33, 34, 35, 36, 37, 38, 39, 40, 42, 43, 44, 45, 46, 48, 49], 744.3537439138147], [[2, 3, 4, 5, 6, 7, 8, 9, 10, 11, 12, 13, 14, 15, 16, 17, 18, 20, 21, 22, 23, 24, 25, 26, 27, 28, 29, 31, 32, 34, 35, 36, 37, 38, 39, 40, 42, 43, 44, 45, 46, 48, 49], 31.941077039685158], [[2, 3, 4, 5, 6, 7, 8, 9, 11, 12, 13, 14, 15, 16, 17, 18, 20, 21, 22, 23, 24, 25, 26, 27, 28, 29, 31, 32, 34, 35, 36, 37, 38, 39, 40, 42, 43, 44, 45, 46, 48, 49], 28.079659444252172], [[2, 3, 4, 5, 6, 7, 8, 9, 11, 12, 13, 14, 15, 16, 17, 18, 20, 21, 23, 24, 25, 26, 27, 28, 29, 31, 32, 34, 35, 36, 37, 38, 39, 40, 42, 43, 44, 45, 46, 48, 49], 18.83862681590288], [[2, 3, 4, 5, 6, 7, 8, 9, 11, 12, 13, 14, 15, 16, 17, 18, 20, 21, 23, 24, 25, 26, 27, 28, 29, 32, 34, 35, 36, 37, 38, 39, 40, 42, 43, 44, 45, 46, 48, 49], 28.976756831778335], [[2, 3, 4, 5, 6, 7, 8, 11, 12, 13, 14, 15, 16, 17, 18, 20, 21, 23, 24, 25, 26, 27, 28, 29, 32, 34, 35, 36, 37, 38, 39, 40, 42, 43, 44, 45, 46, 48, 49], 20.20927928433194], [[2, 3, 4, 5, 6, 7, 8, 11, 12, 13, 14, 15, 17, 18, 20, 21, 23, 24, 25, 26, 27, 28, 29, 32, 34, 35, 36, 37, 38, 39, 40, 42, 43, 44, 45, 46, 48, 49], 13.558392683926659], [[2, 3, 4, 5, 6, 7, 8, 11, 12, 13, 14, 15, 17, 18, 20, 21, 23, 25, 26, 27, 28, 29, 32, 34, 35, 36, 37, 38, 39, 40, 42, 43, 44, 45, 46, 48, 49], 9.551302787718964], [[2, 4, 12, 15, 25, 29, 35, 38, 39, 42, 43, 48, 49], 0.009834084479693389], [[15, 39], 521.0], [[12, 15, 39], 776.5710074468085], [[12, 15, 29, 39], 890.3882283999435], [[12, 15, 29, 39, 49], 1.3679529479008845], [[12, 15, 29, 39, 42, 49], 3.416382447582316], [[4, 12, 15, 29, 39, 42, 49], 10.911968920212173], [[4, 12, 15, 29, 38, 39, 42, 49], 60.311987980601444], [[4, 12, 15, 25, 29, 38, 39, 42, 49], 0.0677817108227854], [[4, 12, 15, 25, 29, 38, 39, 42, 48, 49], 0.10103130737988983], [[4, 12, 15, 25, 29, 38, 39, 42, 43, 48, 49], 0.15059116421827304], [[4, 12, 15, 25, 29, 35, 38, 39, 42, 43, 48, 49], 0.0005607971200186536], [[2, 4, 12, 15, 25, 29, 35, 37, 38, 39, 42, 43, 48, 49], 0.014658092271518222], [[2, 3, 4, 12, 15, 25, 29, 35, 37, 38, 39, 42, 43, 48, 49], 0.05709529784387738], [[2, 3, 4, 12, 15, 25, 29, 35, 37, 38, 39, 40, 42, 43, 48, 49], 8.306714416999291], [[2, 3, 4, 12, 15, 18, 25, 29, 35, 37, 38, 39, 40, 42, 43, 48, 49], 0.0007053320331129634], [[2, 3, 4, 12, 15, 18, 20, 25, 29, 35, 37, 38, 39, 40, 42, 43, 48, 49], 0.01021823285363594], [[2, 3, 4, 12, 15, 18, 20, 21, 25, 29, 35, 37, 38, 39, 40, 42, 43, 48, 49], 0.015230679979074369], [[2, 3, 4, 12, 14, 15, 18, 20, 21, 25, 29, 35, 37, 38, 39, 40, 42, 43, 48, 49], 0.640543381034949], [[2, 3, 4, 6, 12, 14, 15, 18, 20, 21, 25, 29, 35, 37, 38, 39, 40, 42, 43, 48, 49], 0.07256162036917062], [[2, 3, 4, 5, 6, 12, 14, 15, 18, 20, 21, 25, 29, 35, 37, 38, 39, 40, 42, 43, 48, 49], 0.02884156220488246], [[2, 3, 4, 5, 6, 11, 12, 14, 15, 18, 20, 21, 25, 29, 35, 37, 38, 39, 40, 42, 43, 48, 49], 0.037698442767959285], [[2, 3, 4, 5, 6, 11, 12, 14, 15, 18, 20, 21, 25, 29, 35, 37, 38, 39, 40, 42, 43, 45, 48, 49], 0.05437840895976543], [[2, 3, 4, 5, 6, 7, 11, 12, 14, 15, 18, 20, 21, 25, 29, 35, 37, 38, 39, 40, 42, 43, 45, 48, 49], 0.07995785539531053], [[2, 3, 4, 5, 6, 7, 8, 11, 12, 14, 15, 18, 20, 21, 25, 29, 35, 37, 38, 39, 40, 42, 43, 45, 48, 49], 0.11853252325758565], [[2, 3, 4, 5, 6, 7, 8, 11, 12, 14, 15, 18, 20, 21, 25, 26, 29, 35, 37, 38, 39, 40, 42, 43, 45, 48, 49], 0.17645489087933836], [[2, 3, 4, 5, 6, 7, 8, 11, 12, 14, 15, 18, 20, 21, 25, 26, 29, 32, 35, 37, 38, 39, 40, 42, 43, 45, 48, 49], 0.2630129661089309], [[2, 3, 4, 5, 6, 7, 8, 11, 12, 14, 15, 17, 18, 20, 21, 25, 26, 29, 32, 35, 37, 38, 39, 40, 42, 43, 45, 48, 49], 0.3920285616608352], [[2, 3, 4, 5, 6, 7, 8, 11, 12, 14, 15, 17, 18, 20, 21, 25, 26, 28, 29, 32, 35, 37, 38, 39, 40, 42, 43, 45, 48, 49], 0.5843328503414956], [[2, 3, 4, 5, 6, 7, 8, 11, 12, 13, 14, 15, 17, 18, 20, 21, 25, 26, 28, 29, 32, 35, 37, 38, 39, 40, 42, 43, 45, 48, 49], 0.8709693970808661], [[2, 3, 4, 5, 6, 7, 8, 11, 12, 13, 14, 15, 17, 18, 20, 21, 25, 26, 28, 29, 32, 35, 37, 38, 39, 40, 42, 43, 44, 45, 48, 49], 1.2982143700760618], [[2, 3, 4, 5, 6, 7, 8, 11, 12, 13, 14, 15, 17, 18, 20, 21, 25, 26, 28, 29, 32, 35, 37, 38, 39, 40, 42, 43, 44, 45, 46, 48, 49], 1.935034883397301], [[2, 3, 4, 5, 6, 7, 8, 11, 12, 13, 14, 15, 17, 18, 20, 21, 25, 26, 27, 28, 29, 32, 35, 37, 38, 39, 40, 42, 43, 44, 45, 46, 48, 49], 2.8842444050868403], [[2, 3, 4, 5, 6, 7, 8, 11, 12, 13, 14, 15, 17, 18, 20, 21, 23, 25, 26, 27, 28, 29, 32, 35, 37, 38, 39, 40, 42, 43, 44, 45, 46, 48, 49], 4.299080391879986], [[2, 3, 4, 5, 6, 7, 8, 11, 12, 13, 14, 15, 17, 18, 20, 21, 23, 25, 26, 27, 28, 29, 32, 34, 35, 37, 38, 39, 40, 42, 43, 44, 45, 46, 48, 49], 6.4079496077615214]]}