{"costs": 870035.5925347641, "int_costs": [[[0, 1, 2, 3, 4, 5, 6, 7, 8, 9, 10, 11, 12, 13, 14, 15, 16, 18, 19, 20, 21, 22, 23, 24, 25, 26, 27, 28, 29, 30, 31, 32, 33, 34, 35, 36, 37, 38, 40, 41, 42, 43, 44, 45, 46, 47, 48, 49], 581947.9880592955], [[17, 39], 136402.0], [[0, 1, 2, 3, 4, 5, 6, 7, 8, 9, 10, 11, 12, 13, 14, 15, 16, 18, 19, 20, 21, 22, 23, 24, 25, 26, 27, 28, 29, 30, 31, 32, 33, 34, 36, 37, 38, 40, 41, 42, 43, 44, 45, 46, 47, 48, 49], 140791.3154446306], [[0, 1, 2, 3, 4, 5, 6, 7, 8, 9, 10, 11, 12, 13, 14, 15, 16, 18, 19, 20, 21, 22, 23, 24, 25, 26, 27, 28, 29, 30, 31, 32, 33, 34, 36, 37, 38, 40, 41, 43, 44, 45, 46, 47, 48, 49], 8549.809990385285], [[0, 1, 2, 3, 4, 5, 6, 7, 8, 9, 10, 11, 12, 13, 14, 15, 16, 18, 19, 20, 21, 22, 23, 24, 25, 26, 27, 28, 29, 30, 31, 32, 33, 34, 36, 37, 38, 40, 41, 43, 44, 45, 46, 48, 49], 2068.465367837735], [[0, 1, 2, 3, 4, 5, 6, 7, 8, 9, 10, 11, 12, 13, 14, 16, 18, 19, 20, 21, 22, 23, 24, 25, 26, 27, 28, 29, 30, 31, 32, 33, 34, 36, 37, 38, 40, 41, 43, 44, 45, 46, 48, 49], 26.4174327750302], [[0, 1, 2, 3, 4, 5, 6, 7, 8, 9, 10, 11, 12, 13, 14, 16, 18, 19, 20, 21, 22, 23, 24, 25, 26, 27, 28, 29, 30, 31, 32, 33, 34, 36, 37, 38, 40, 41, 43, 44, 45, 48, 49], 6.391205049591012], [[3, 7, 8, 11, 14, 20, 25, 30, 31, 45], 4.29507457669668e-09], [[14, 25], 240.99999999999997], [[14, 25, 45], 0.13270632072867788], [[14, 25, 30, 45], 0.0318913732181404], [[8, 14, 25, 30, 45], 0.00026125701223900336], [[7, 8, 14, 25, 30, 45], 8.774545540436176e-05], [[7, 8, 14, 25, 30, 31, 45], 0.0003626877796878278], [[7, 8, 11, 14, 25, 30, 31, 45], 2.3027424454847906e-07], [[7, 8, 11, 14, 20, 25, 30, 31, 45], 1.0391125285250117e-09], [[3, 7, 8, 11, 14, 20, 25, 30, 31, 37, 45], 7.38167289219398e-06], [[3, 4, 7, 8, 11, 14, 20, 25, 30, 31, 37, 45], 5.3813119488470866e-08], [[3, 4, 7, 8, 11, 14, 20, 25, 27, 30, 31, 37, 45], 5.33330208508527e-07], [[3, 4, 7, 8, 11, 14, 20, 22, 25, 27, 30, 31, 37, 45], 1.6831296012827984e-05], [[3, 4, 7, 8, 11, 14, 19, 20, 22, 25, 27, 30, 31, 37, 45], 2.2305907503033983e-09], [[3, 4, 5, 7, 8, 11, 14, 19, 20, 22, 25, 27, 30, 31, 37, 45], 4.693794316280894e-13], [[3, 4, 5, 7, 8, 11, 13, 14, 19, 20, 22, 25, 27, 30, 31, 37, 45], 1.959608764447313e-15], [[3, 4, 5, 7, 8, 9, 11, 13, 14, 19, 20, 22, 25, 27, 30, 31, 37, 45], 1.7777915457052363e-15], [[3, 4, 5, 7, 8, 9, 10, 11, 13, 14, 19, 20, 22, 25, 27, 30, 31, 37, 45], 1.218560469371649e-14], [[3, 4, 5, 7, 8, 9, 10, 11, 13, 14, 19, 20, 22, 25, 27, 28, 30, 31, 37, 45], 5.036807945469897e-14], [[3, 4, 5, 7, 8, 9, 10, 11, 13, 14, 19, 20, 22, 25, 27, 28, 30, 31, 36, 37, 45], 3.2413198726288895e-11], [[3, 4, 5, 7, 8, 9, 10, 11, 13, 14, 19, 20, 22, 25, 27, 28, 30, 31, 33, 36, 37, 45], 8.954826515196501e-12], [[3, 4, 5, 7, 8, 9, 10, 11, 13, 14, 19, 20, 22, 25, 27, 28, 29, 30, 31, 33, 36, 37, 45], 3.701395414977149e-11], [[3, 4, 5, 7, 8, 9, 10, 11, 13, 14, 19, 20, 22, 25, 27, 28, 29, 30, 31, 33, 36, 37, 45, 49], 1.4494116090174222e-10], [[3, 4, 5, 7, 8, 9, 10, 11, 13, 14, 19, 20, 22, 24, 25, 27, 28, 29, 30, 31, 33, 36, 37, 45, 49], 7.68078104451548e-11], [[0, 3, 4, 5, 7, 8, 9, 10, 11, 13, 14, 19, 20, 22, 24, 25, 27, 28, 29, 30, 31, 33, 36, 37, 45, 49], 3.044818463709726e-10], [[0, 3, 4, 5, 7, 8, 9, 10, 11, 13, 14, 19, 20, 22, 23, 24, 25, 27, 28, 29, 30, 31, 33, 36, 37, 45, 49], 9.439107992051871e-10], [[0, 3, 4, 5, 7, 8, 9, 10, 11, 13, 14, 19, 20, 22, 23, 24, 25, 27, 28, 29, 30, 31, 33, 36, 37, 38, 45, 49], 5.675810719434363e-09], [[0, 3, 4, 5, 6, 7, 8, 9, 10, 11, 13, 14, 19, 20, 22, 23, 24, 25, 27, 28, 29, 30, 31, 33, 36, 37, 38, 45, 49], 1.7595331005030194e-08], [[0, 3, 4, 5, 6, 7, 8, 9, 10, 11, 13, 14, 19, 20, 22, 23, 24, 25, 27, 28, 29, 30, 31, 33, 36, 37, 38, 44, 45, 49], 7.272868633276866e-08], [[0, 2, 3, 4, 5, 6, 7, 8, 9, 10, 11, 13, 14, 19, 20, 22, 23, 24, 25, 27, 28, 29, 30, 31, 33, 36, 37, 38, 44, 45, 49], 2.7656788910927055e-07], [[0, 2, 3, 4, 5, 6, 7, 8, 9, 10, 11, 13, 14, 19, 20, 22, 23, 24, 25, 27, 28, 29, 30, 31, 33, 36, 37, 38, 40, 44, 45, 49], 1.1234581909279672e-06], [[0, 2, 3, 4, 5, 6, 7, 8, 9, 10, 11, 13, 14, 19, 20, 22, 23, 24, 25, 27, 28, 29, 30, 31, 33, 36, 37, 38, 40, 43, 44, 45, 49], 4.5663098602541095e-06], [[0, 2, 3, 4, 5, 6, 7, 8, 9, 10, 11, 13, 14, 19, 20, 22, 23, 24, 25, 27, 28, 29, 30, 31, 33, 36, 37, 38, 40, 41, 43, 44, 45, 49], 1.856998777337983e-05], [[0, 2, 3, 4, 5, 6, 7, 8, 9, 10, 11, 13, 14, 16, 19, 20, 22, 23, 24, 25, 27, 28, 29, 30, 31, 33, 36, 37, 38, 40, 41, 43, 44, 45, 49], 7.592302240008995e-05], [[0, 2, 3, 4, 5, 6, 7, 8, 9, 10, 11, 12, 13, 14, 16, 19, 20, 22, 23, 24, 25, 27, 28, 29, 30, 31, 33, 36, 37, 38, 40, 41, 43, 44, 45, 49], 0.0003112787679127836], [[0, 1, 2, 3, 4, 5, 6, 7, 8, 9, 10, 11, 12, 13, 14, 16, 19, 20, 22, 23, 24, 25, 27, 28, 29, 30, 31, 33, 36, 37, 38, 40, 41, 43, 44, 45, 49], 0.0012815432242390603], [[0, 1, 2, 3, 4, 5, 6, 7, 8, 9, 10, 11, 12, 13, 14, 16, 19, 20, 21, 22, 23, 24, 25, 27, 28, 29, 30, 31, 33, 36, 37, 38, 40, 41, 43, 44, 45, 49], 0.005297139601298864], [[0, 1, 2, 3, 4, 5, 6, 7, 8, 9, 10, 11, 12, 13, 14, 16, 19, 20, 21, 22, 23, 24, 25, 26, 27, 28, 29, 30, 31, 33, 36, 37, 38, 40, 41, 43, 44, 45, 49], 0.02189523606607985], [[0, 1, 2, 3, 4, 5, 6, 7, 8, 9, 10, 11, 12, 13, 14, 16, 19, 20, 21, 22, 23, 24, 25, 26, 27, 28, 29, 30, 31, 32, 33, 36, 37, 38, 40, 41, 43, 44, 45, 49], 0.09050193478576055], [[0, 1, 2, 3, 4, 5, 6, 7, 8, 9, 10, 11, 12, 13, 14, 16, 19, 20, 21, 22, 23, 24, 25, 26, 27, 28, 29, 30, 31, 32, 33, 34, 36, 37, 38, 40, 41, 43, 44, 45, 49], 0.37408143400288774], [[0, 1, 2, 3, 4, 5, 6, 7, 8, 9, 10, 11, 12, 13, 14, 16, 19, 20, 21, 22, 23, 24, 25, 26, 27, 28, 29, 30, 31, 32, 33, 34, 36, 37, 38, 40, 41, 43, 44, 45, 48, 49], 1.5462312448859132]]}