{"costs": 2553231.8218996204, "int_costs": [[[0, 1, 2, 3, 4, 5, 6, 7, 8, 9, 10, 11, 12, 13, 14, 15, 16, 17, 18, 19, 20, 21, 22, 23, 24, 25, 27, 29, 30, 31, 32, 33, 34, 35, 36, 37, 38, 39, 40, 41, 42, 43, 44, 45, 46, 47, 48, 49], 1713622.4510266248], [[26, 28], 142230.0], [[0, 1, 2, 3, 4, 5, 6, 7, 8, 9, 10, 11, 12, 13, 14, 15, 16, 17, 18, 19, 20, 21, 22, 23, 24, 25, 27, 29, 31, 32, 33, 34, 35, 36, 37, 38, 39, 40, 41, 42, 43, 44, 45, 46, 47, 48, 49], 686006.8845943523], [[0, 1, 2, 3, 4, 5, 6, 7, 8, 9, 10, 11, 12, 13, 14, 15, 16, 17, 18, 19, 20, 21, 23, 24, 25, 27, 29, 31, 32, 33, 34, 35, 36, 37, 38, 39, 40, 41, 42, 43, 44, 45, 46, 47, 48, 49], 7940.0590158071445], [[0, 1, 2, 3, 4, 5, 6, 7, 8, 9, 10, 11, 12, 13, 14, 15, 16, 17, 18, 19, 20, 21, 23, 24, 25, 27, 29, 31, 32, 34, 35, 36, 37, 38, 39, 40, 41, 42, 43, 44, 45, 46, 47, 48, 49], 1467.0505383043412], [[0, 1, 2, 3, 4, 5, 6, 7, 9, 10, 11, 12, 13, 14, 15, 16, 17, 18, 19, 20, 21, 23, 24, 25, 27, 29, 31, 32, 34, 35, 36, 37, 38, 39, 40, 41, 42, 43, 44, 45, 46, 47, 48, 49], 713.1473665893909], [[0, 1, 2, 4, 5, 6, 7, 9, 10, 11, 12, 13, 14, 15, 16, 17, 18, 19, 20, 21, 23, 24, 25, 27, 29, 31, 32, 34, 35, 36, 37, 38, 39, 40, 41, 42, 43, 44, 45, 46, 47, 48, 49], 292.2885157318875], [[1, 34], 536.0], [[1, 2, 34], 1.4908678655199372], [[1, 2, 34, 49], 0.06954111033458647], [[1, 2, 34, 47, 49], 0.17371003355735837], [[1, 2, 34, 38, 47, 49], 0.0009642378981361842], [[1, 2, 34, 38, 46, 47, 49], 0.002357384038172261], [[1, 2, 18, 34, 38, 46, 47, 49], 0.005888667095583129], [[1, 2, 6, 18, 34, 38, 46, 47, 49], 0.139624744659295], [[1, 2, 6, 11, 18, 34, 38, 46, 47, 49], 1.1697337812588737e-05], [[1, 2, 6, 11, 18, 34, 38, 43, 46, 47, 49], 0.00046540529342941126], [[1, 2, 6, 11, 18, 32, 34, 38, 43, 46, 47, 49], 0.005292686892659533], [[1, 2, 6, 11, 18, 25, 32, 34, 38, 43, 46, 47, 49], 0.013220957186129006], [[1, 2, 6, 11, 18, 25, 32, 34, 38, 40, 43, 46, 47, 49], 3.025884892345447], [[1, 2, 6, 11, 18, 25, 32, 34, 38, 40, 43, 44, 46, 47, 49], 0.09183585573185171], [[1, 2, 6, 11, 18, 25, 29, 32, 34, 38, 40, 43, 44, 46, 47, 49], 0.23717777147696448], [[1, 2, 5, 6, 11, 18, 25, 29, 32, 34, 38, 40, 43, 44, 46, 47, 49], 0.01989182752255984], [[1, 2, 5, 6, 11, 18, 23, 25, 29, 32, 34, 38, 40, 43, 44, 46, 47, 49], 0.04968912755355722], [[1, 2, 5, 6, 11, 18, 23, 25, 29, 32, 34, 37, 38, 40, 43, 44, 46, 47, 49], 0.12412170223365286], [[1, 2, 5, 6, 11, 18, 23, 25, 29, 32, 34, 37, 38, 40, 43, 44, 45, 46, 47, 49], 21.418562706123318], [[1, 2, 5, 6, 11, 15, 18, 23, 25, 29, 32, 34, 37, 38, 40, 43, 44, 45, 46, 47, 49], 201.20835120750596], [[1, 2, 5, 6, 11, 14, 15, 18, 23, 25, 29, 32, 34, 37, 38, 40, 43, 44, 45, 46, 47, 49], 0.21088775908356758], [[0, 1, 2, 5, 6, 11, 14, 15, 18, 23, 25, 29, 32, 34, 37, 38, 40, 43, 44, 45, 46, 47, 49], 0.5267884531577481], [[0, 1, 2, 5, 6, 11, 14, 15, 18, 23, 25, 29, 31, 32, 34, 37, 38, 40, 43, 44, 45, 46, 47, 49], 0.0002116016709845003], [[0, 1, 2, 4, 5, 6, 11, 14, 15, 18, 23, 25, 29, 31, 32, 34, 37, 38, 40, 43, 44, 45, 46, 47, 49], 0.0005285717740466302], [[0, 1, 2, 4, 5, 6, 11, 14, 15, 17, 18, 23, 25, 29, 31, 32, 34, 37, 38, 40, 43, 44, 45, 46, 47, 49], 3.557145182097593e-06], [[0, 1, 2, 4, 5, 6, 11, 13, 14, 15, 17, 18, 23, 25, 29, 31, 32, 34, 37, 38, 40, 43, 44, 45, 46, 47, 49], 8.088201384491878e-06], [[0, 1, 2, 4, 5, 6, 11, 13, 14, 15, 17, 18, 23, 25, 29, 31, 32, 34, 37, 38, 40, 43, 44, 45, 46, 47, 48, 49], 0.00165244584649821], [[0, 1, 2, 4, 5, 6, 7, 11, 13, 14, 15, 17, 18, 23, 25, 29, 31, 32, 34, 37, 38, 40, 43, 44, 45, 46, 47, 48, 49], 0.0009397263691033971], [[0, 1, 2, 4, 5, 6, 7, 9, 11, 13, 14, 15, 17, 18, 23, 25, 29, 31, 32, 34, 37, 38, 40, 43, 44, 45, 46, 47, 48, 49], 0.002086581794011642], [[0, 1, 2, 4, 5, 6, 7, 9, 11, 13, 14, 15, 17, 18, 23, 25, 29, 31, 32, 34, 36, 37, 38, 40, 43, 44, 45, 46, 47, 48, 49], 0.005063291927472099], [[0, 1, 2, 4, 5, 6, 7, 9, 11, 13, 14, 15, 17, 18, 20, 23, 25, 29, 31, 32, 34, 36, 37, 38, 40, 43, 44, 45, 46, 47, 48, 49], 0.012369958494585975], [[0, 1, 2, 4, 5, 6, 7, 9, 11, 13, 14, 15, 17, 18, 20, 23, 25, 29, 31, 32, 34, 36, 37, 38, 40, 42, 43, 44, 45, 46, 47, 48, 49], 0.030899505269028682], [[0, 1, 2, 4, 5, 6, 7, 9, 11, 13, 14, 15, 17, 18, 20, 23, 24, 25, 29, 31, 32, 34, 36, 37, 38, 40, 42, 43, 44, 45, 46, 47, 48, 49], 0.07718533787228266], [[0, 1, 2, 4, 5, 6, 7, 9, 11, 13, 14, 15, 16, 17, 18, 20, 23, 24, 25, 29, 31, 32, 34, 36, 37, 38, 40, 42, 43, 44, 45, 46, 47, 48, 49], 0.19280517800473884], [[0, 1, 2, 4, 5, 6, 7, 9, 10, 11, 13, 14, 15, 16, 17, 18, 20, 23, 24, 25, 29, 31, 32, 34, 36, 37, 38, 40, 42, 43, 44, 45, 46, 47, 48, 49], 0.48162068620142373], [[0, 1, 2, 4, 5, 6, 7, 9, 10, 11, 13, 14, 15, 16, 17, 18, 20, 23, 24, 25, 27, 29, 31, 32, 34, 36, 37, 38, 40, 42, 43, 44, 45, 46, 47, 48, 49], 1.2030721480062003], [[0, 1, 2, 4, 5, 6, 7, 9, 10, 11, 13, 14, 15, 16, 17, 18, 20, 21, 23, 24, 25, 27, 29, 31, 32, 34, 36, 37, 38, 40, 42, 43, 44, 45, 46, 47, 48, 49], 3.0052339947223263], [[0, 1, 2, 4, 5, 6, 7, 9, 10, 11, 12, 13, 14, 15, 16, 17, 18, 20, 21, 23, 24, 25, 27, 29, 31, 32, 34, 36, 37, 38, 40, 42, 43, 44, 45, 46, 47, 48, 49], 7.506975142263807], [[0, 1, 2, 4, 5, 6, 7, 9, 10, 11, 12, 13, 14, 15, 16, 17, 18, 19, 20, 21, 23, 24, 25, 27, 29, 31, 32, 34, 36, 37, 38, 40, 42, 43, 44, 45, 46, 47, 48, 49], 18.752175685464117], [[0, 1, 2, 4, 5, 6, 7, 9, 10, 11, 12, 13, 14, 15, 16, 17, 18, 19, 20, 21, 23, 24, 25, 27, 29, 31, 32, 34, 35, 36, 37, 38, 40, 42, 43, 44, 45, 46, 47, 48, 49], 46.842315760143606], [[0, 1, 2, 4, 5, 6, 7, 9, 10, 11, 12, 13, 14, 15, 16, 17, 18, 19, 20, 21, 23, 24, 25, 27, 29, 31, 32, 34, 35, 36, 37, 38, 39, 40, 42, 43, 44, 45, 46, 47, 48, 49], 117.01055885677025]]}