{"costs": 6554, "join_operands": {"0": [0, 1, 2, 3, 4, 5, 6, 7, 8, 9], "1": [0, 1, 2, 3, 5, 6, 7, 8, 9], "2": [], "3": [0, 2, 3, 5, 6, 7, 8, 9], "4": [], "5": [], "6": [], "7": [0, 2, 5, 6, 7, 8, 9], "8": [], "9": [0, 2, 5, 6, 7, 9], "10": [0, 2, 5, 6, 7], "11": [0, 2, 5, 7], "12": [0, 2, 7], "13": [2, 7]}, "join_predecessors": {"0": [1, 2], "1": [3, 5], "2": [4, 6], "3": [7], "4": [8], "5": [], "6": [], "7": [9], "8": [], "9": [10], "10": [11], "11": [12], "12": [13], "13": []}, "leaf_joins": [], "opt_time": 0.46582889556884766, "status": 2, "intermediate_costs": [[[0, 1, 2, 3, 5, 6, 7, 8, 9], 3.370406064609002e-23], [[0, 2, 3, 5, 6, 7, 8, 9], 3.6489446504923165e-23], [[0, 2, 5, 6, 7, 8, 9], 8.251491554809341e-23], [[0, 2, 5, 6, 7, 9], 2.5919117992407985e-22], [[0, 2, 5, 6, 7], 2.0308080719288117e-09], [[0, 2, 5, 7], 0.005687381758919086], [[0, 2, 7], 0.0031869624735684538], [[2, 7], 6554.000000000001]]}