{"costs": 5482682.74094329, "int_costs": [[[0, 1, 2, 3, 4, 5, 6, 7, 8, 10, 11, 12, 13, 14, 15, 16, 17, 18, 19, 20, 21, 22, 23, 24, 26, 27, 28, 29, 30, 31, 32, 34, 35, 36, 37, 38, 39], 1773554.487627846], [[9, 25, 33], 1563931.7068917379], [[0, 1, 2, 3, 4, 5, 6, 7, 8, 10, 11, 12, 13, 14, 15, 16, 17, 18, 19, 20, 21, 22, 23, 24, 26, 27, 28, 29, 30, 31, 32, 34, 35, 37, 38, 39], 987758.257296217], [[9, 33], 890584.9999999999], [[0, 1, 2, 3, 4, 5, 6, 7, 8, 10, 11, 12, 13, 14, 15, 16, 17, 18, 19, 21, 22, 23, 24, 26, 27, 28, 29, 30, 31, 32, 34, 35, 37, 38, 39], 70492.12968832701], [[0, 1, 2, 3, 4, 5, 6, 7, 8, 10, 11, 12, 14, 15, 16, 17, 18, 19, 21, 22, 23, 24, 26, 27, 29, 30, 31, 32, 34, 35, 37, 38, 39], 21914.15935764821], [[13, 28], 154071.0], [[0, 1, 2, 3, 4, 5, 6, 7, 8, 10, 11, 14, 15, 16, 17, 18, 19, 21, 22, 23, 24, 26, 27, 29, 30, 31, 32, 34, 35, 37, 38, 39], 12204.808264204537], [[0, 1, 2, 3, 4, 5, 6, 7, 8, 10, 11, 14, 15, 16, 17, 18, 19, 21, 22, 23, 24, 26, 27, 29, 30, 31, 34, 35, 37, 38, 39], 6797.310707172028], [[0, 1, 2, 3, 4, 5, 6, 7, 8, 10, 11, 14, 15, 16, 17, 18, 19, 21, 22, 23, 26, 27, 29, 30, 31, 34, 35, 37, 38, 39], 58.59991921271148], [[0, 1, 2, 3, 4, 5, 6, 7, 8, 10, 11, 14, 15, 16, 17, 18, 19, 21, 22, 23, 26, 29, 30, 31, 34, 35, 37, 38, 39], 32.72641528689351], [[0, 1, 2, 3, 4, 5, 6, 7, 8, 10, 11, 14, 15, 16, 17, 18, 19, 21, 22, 26, 29, 30, 31, 34, 35, 37, 38, 39], 18.226555647690326], [[0, 1, 2, 3, 5, 6, 7, 8, 10, 11, 14, 15, 16, 17, 18, 19, 21, 22, 26, 29, 30, 31, 34, 35, 37, 38, 39], 10.272980056280376], [[0, 1, 2, 3, 5, 6, 7, 8, 10, 11, 14, 15, 16, 17, 18, 21, 22, 26, 29, 30, 31, 34, 35, 37, 38, 39], 5.8514382594773275], [[0, 1, 2, 3, 5, 6, 7, 8, 10, 14, 15, 16, 17, 18, 21, 22, 26, 29, 30, 31, 34, 35, 37, 38, 39], 3.292504084783552], [[0, 1, 2, 3, 5, 7, 8, 10, 14, 15, 16, 17, 18, 21, 22, 26, 29, 30, 31, 34, 35, 37, 38, 39], 2.8815562510279236], [[0, 16, 30, 37], 0.6749059072346724], [[16, 37], 1230.0], [[16, 30, 37], 8.332017010935601], [[0, 16, 21, 30, 37], 1.2118169280295945], [[0, 2, 16, 21, 30, 37], 0.0008599577310797505], [[0, 1, 2, 16, 21, 30, 37], 0.0015440823942369506], [[0, 1, 2, 16, 21, 30, 37, 39], 4.137867884445571e-06], [[0, 1, 2, 16, 21, 22, 30, 37, 39], 6.85810223168009e-06], [[0, 1, 2, 5, 16, 21, 22, 30, 37, 39], 1.1493028803408285e-05], [[0, 1, 2, 5, 8, 16, 21, 22, 30, 37, 39], 2.0636116317479683e-05], [[0, 1, 2, 5, 8, 16, 18, 21, 22, 30, 37, 39], 3.502255105755312e-05], [[0, 1, 2, 5, 8, 16, 17, 18, 21, 22, 30, 37, 39], 6.252487635770908e-05], [[0, 1, 2, 5, 8, 16, 17, 18, 21, 22, 30, 31, 37, 39], 0.00011175056716751733], [[0, 1, 2, 5, 8, 16, 17, 18, 21, 22, 29, 30, 31, 37, 39], 0.000200088415571181], [[0, 1, 2, 5, 8, 15, 16, 17, 18, 21, 22, 29, 30, 31, 37, 39], 0.00035926552006685297], [[0, 1, 2, 5, 8, 15, 16, 17, 18, 21, 22, 29, 30, 31, 35, 37, 39], 0.0006450733968803374], [[0, 1, 2, 5, 8, 10, 15, 16, 17, 18, 21, 22, 29, 30, 31, 35, 37, 39], 0.001158251622606314], [[0, 1, 2, 5, 8, 10, 15, 16, 17, 18, 21, 22, 29, 30, 31, 34, 35, 37, 39], 0.0020796812685032885], [[0, 1, 2, 5, 8, 10, 14, 15, 16, 17, 18, 21, 22, 29, 30, 31, 34, 35, 37, 39], 0.003734140128995616], [[0, 1, 2, 5, 8, 10, 14, 15, 16, 17, 18, 21, 22, 29, 30, 31, 34, 35, 37, 38, 39], 0.006704778954315571], [[0, 1, 2, 5, 8, 10, 14, 15, 16, 17, 18, 21, 22, 26, 29, 30, 31, 34, 35, 37, 38, 39], 0.18336787171483654], [[0, 1, 2, 3, 5, 8, 10, 14, 15, 16, 17, 18, 21, 22, 26, 29, 30, 31, 34, 35, 37, 38, 39], 1.6100958761058046]]}