{"costs": 287537, "join_operands": {"0": [0, 1, 2, 3, 4, 5], "1": [1, 2, 3, 4, 5], "2": [], "3": [2, 3, 4, 5], "4": [], "5": [2, 3, 4], "6": [2, 4]}, "join_predecessors": {"0": [1, 2], "1": [3], "2": [4], "3": [5], "4": [], "5": [6], "6": []}, "leaf_joins": [], "opt_time": 0.1298840045928955, "status": 2, "intermediate_costs": [[[1, 2, 3, 4, 5], 3.993255545410361], [[2, 3, 4, 5], 3.9932555454103604], [[2, 3, 4], 15.973000000000003], [[2, 4], 287514.0]]}