{"costs": 5796, "join_operands": {"0": [0, 1, 2, 3, 4], "1": [1, 2, 3, 4], "2": [], "3": [1, 3, 4], "4": [3, 4]}, "join_predecessors": {"0": [1, 2], "1": [3], "2": [], "3": [4], "4": []}, "leaf_joins": [], "opt_time": 0.05491805076599121, "status": 2, "intermediate_costs": [[[1, 2, 3, 4], 798.3540119358421], [[1, 3, 4], 3832.0949999999993], [[3, 4], 1166.214]]}