{"costs": 36224550, "root_join": 18, "join_operands": {"0": [0, 3, 11, 15, 18], "1": [3, 11, 15, 18], "2": [3, 15], "3": [3, 15, 18], "4": [0, 3, 11, 15, 18, 19], "5": [0, 1, 3, 11, 15, 18, 19], "6": [0, 1, 3, 6, 11, 15, 18, 19], "7": [0, 1, 3, 4, 6, 11, 15, 18, 19], "8": [0, 1, 2, 3, 4, 6, 11, 15, 18, 19], "9": [0, 1, 2, 3, 4, 6, 11, 14, 15, 18, 19], "10": [0, 1, 2, 3, 4, 5, 6, 11, 14, 15, 18, 19], "11": [0, 1, 2, 3, 4, 5, 6, 11, 12, 14, 15, 18, 19], "12": [0, 1, 2, 3, 4, 5, 6, 10, 11, 12, 14, 15, 18, 19], "13": [0, 1, 2, 3, 4, 5, 6, 10, 11, 12, 13, 14, 15, 18, 19], "14": [0, 1, 2, 3, 4, 5, 6, 9, 10, 11, 12, 13, 14, 15, 18, 19], "15": [0, 1, 2, 3, 4, 5, 6, 7, 9, 10, 11, 12, 13, 14, 15, 17, 18, 19], "16": [7, 17], "17": [0, 1, 2, 3, 4, 5, 6, 7, 8, 9, 10, 11, 12, 13, 14, 15, 17, 18, 19], "18": [0, 1, 2, 3, 4, 5, 6, 7, 8, 9, 10, 11, 12, 13, 14, 15, 16, 17, 18, 19]}, "join_predecessors": {"0": [1], "2": [], "3": [2], "1": [3], "4": [0], "5": [4], "6": [5], "7": [6], "8": [7], "9": [8], "10": [9], "11": [10], "12": [11], "13": [12], "14": [13], "15": [14, 16], "16": [], "17": [15], "18": [17]}, "intermediate_costs": [[[0, 3, 11, 15, 18], 11.314925123790537], [[3, 11, 15, 18], 1.1206776947705441], [[3, 15], 650.0], [[3, 15, 18], 650.0], [[0, 3, 11, 15, 18, 19], 11.31492512379054], [[0, 1, 3, 11, 15, 18, 19], 11.31492512379054], [[0, 1, 3, 6, 11, 15, 18, 19], 11.31492512379054], [[0, 1, 3, 4, 6, 11, 15, 18, 19], 11.31492512379054], [[0, 1, 2, 3, 4, 6, 11, 15, 18, 19], 11.31492512379054], [[0, 1, 2, 3, 4, 6, 11, 14, 15, 18, 19], 11.31492512379054], [[0, 1, 2, 3, 4, 5, 6, 11, 14, 15, 18, 19], 11.31492512379054], [[0, 1, 2, 3, 4, 5, 6, 11, 12, 14, 15, 18, 19], 2354.784377559378], [[0, 1, 2, 3, 4, 5, 6, 10, 11, 12, 14, 15, 18, 19], 2354.7843775593774], [[0, 1, 2, 3, 4, 5, 6, 10, 11, 12, 13, 14, 15, 18, 19], 635899.1662448946], [[0, 1, 2, 3, 4, 5, 6, 9, 10, 11, 12, 13, 14, 15, 18, 19], 627495.2092621448], [[0, 1, 2, 3, 4, 5, 6, 7, 9, 10, 11, 12, 13, 14, 15, 17, 18, 19], 619345.9091406158], [[7, 17], 33716363.0], [[0, 1, 2, 3, 4, 5, 6, 7, 8, 9, 10, 11, 12, 13, 14, 15, 17, 18, 19], 619345.9091406157]]}