{"costs": 4479189, "root_join": 18, "join_operands": {"0": [0, 2, 7, 15, 18], "1": [2, 7, 15, 18], "2": [7, 15, 18], "3": [7, 15], "4": [0, 1, 2, 7, 12, 15, 16, 17, 18, 19], "5": [1, 12, 16, 17, 19], "6": [1, 12, 17, 19], "7": [1, 12], "8": [1, 12, 19], "9": [0, 1, 2, 5, 7, 12, 15, 16, 17, 18, 19], "10": [0, 1, 2, 5, 7, 11, 12, 15, 16, 17, 18, 19], "11": [0, 1, 2, 5, 7, 11, 12, 13, 15, 16, 17, 18, 19], "12": [0, 1, 2, 5, 6, 7, 11, 12, 13, 15, 16, 17, 18, 19], "13": [0, 1, 2, 4, 5, 6, 7, 11, 12, 13, 15, 16, 17, 18, 19], "14": [0, 1, 2, 4, 5, 6, 7, 8, 10, 11, 12, 13, 15, 16, 17, 18, 19], "15": [8, 10], "16": [0, 1, 2, 3, 4, 5, 6, 7, 8, 10, 11, 12, 13, 15, 16, 17, 18, 19], "17": [0, 1, 2, 3, 4, 5, 6, 7, 8, 9, 10, 11, 12, 13, 15, 16, 17, 18, 19], "18": [0, 1, 2, 3, 4, 5, 6, 7, 8, 9, 10, 11, 12, 13, 14, 15, 16, 17, 18, 19]}, "join_predecessors": {"0": [1], "1": [2], "3": [], "2": [3], "4": [0, 5], "5": [6], "7": [], "8": [7], "6": [8], "9": [4], "10": [9], "11": [10], "12": [11], "13": [12], "14": [13, 15], "15": [], "16": [14], "17": [16], "18": [17]}, "intermediate_costs": [[[0, 2, 7, 15, 18], 3948.450168600527], [[2, 7, 15, 18], 1682.5855567641156], [[7, 15, 18], 552.6511464968153], [[7, 15], 235.0], [[0, 1, 2, 7, 12, 15, 16, 17, 18, 19], 13.410790949523635], [[1, 12, 16, 17, 19], 888.3729235147193], [[1, 12, 17, 19], 414.25753026748765], [[1, 12], 3405.0], [[1, 12, 19], 175.6114487127094], [[0, 1, 2, 5, 7, 12, 15, 16, 17, 18, 19], 31.635178508462268], [[0, 1, 2, 5, 7, 11, 12, 15, 16, 17, 18, 19], 74.62560201701862], [[0, 1, 2, 5, 7, 11, 12, 13, 15, 16, 17, 18, 19], 176.03691310941684], [[0, 1, 2, 5, 6, 7, 11, 12, 13, 15, 16, 17, 18, 19], 415.2611730207523], [[0, 1, 2, 4, 5, 6, 7, 11, 12, 13, 15, 16, 17, 18, 19], 958.7332629752764], [[0, 1, 2, 4, 5, 6, 7, 8, 10, 11, 12, 13, 15, 16, 17, 18, 19], 5188.774914774608], [[8, 10], 158307.0], [[0, 1, 2, 3, 4, 5, 6, 7, 8, 10, 11, 12, 13, 15, 16, 17, 18, 19], 12240.019225407517], [[0, 1, 2, 3, 4, 5, 6, 7, 8, 9, 10, 11, 12, 13, 15, 16, 17, 18, 19], 4290481.699062872]]}