{"costs": 1842926.2257052488, "int_costs": [[[1, 2, 3, 4, 5, 6, 7, 8, 9, 10, 11, 12, 13, 14, 15, 16, 17, 18, 19, 20, 21, 22, 23, 24, 25, 26, 27, 28, 29, 30, 31, 32, 33, 34, 35, 36, 37, 38, 39], 789078.0528338519], [[1, 2, 3, 4, 5, 7, 8, 9, 10, 11, 12, 13, 14, 15, 16, 17, 18, 19, 20, 21, 22, 23, 24, 25, 26, 27, 28, 29, 30, 31, 32, 33, 35, 36, 37, 38, 39], 78550.75675058708], [[6, 34], 221000.00000000003], [[1, 2, 3, 4, 5, 7, 9, 10, 11, 12, 13, 14, 15, 16, 17, 18, 19, 20, 21, 22, 23, 24, 25, 26, 27, 28, 29, 30, 31, 32, 33, 35, 36, 37, 38, 39], 78550.7567505871], [[1, 2, 3, 4, 5, 7, 9, 10, 11, 12, 13, 14, 15, 16, 17, 18, 19, 20, 21, 22, 23, 24, 25, 26, 27, 28, 29, 30, 32, 33, 35, 36, 37, 38, 39], 86406.55248024977], [[1, 2, 3, 4, 5, 7, 9, 10, 11, 12, 13, 14, 15, 16, 17, 18, 19, 20, 21, 22, 23, 24, 25, 26, 27, 28, 30, 32, 33, 35, 36, 37, 38, 39], 88036.86639069038], [[1, 2, 3, 4, 5, 7, 10, 11, 12, 13, 14, 15, 16, 17, 18, 19, 20, 21, 22, 23, 24, 25, 26, 27, 28, 30, 32, 33, 35, 36, 37, 38, 39], 95374.76215390653], [[1, 2, 3, 4, 5, 7, 10, 11, 12, 13, 14, 15, 16, 17, 18, 19, 20, 21, 22, 23, 24, 25, 26, 27, 28, 30, 32, 35, 36, 37, 38, 39], 95374.76215390656], [[1, 2, 3, 4, 5, 7, 10, 11, 12, 13, 14, 15, 16, 17, 18, 19, 20, 21, 22, 23, 24, 25, 26, 27, 28, 30, 32, 35, 36, 38, 39], 15895.793692317757], [[1, 2, 3, 4, 5, 7, 10, 11, 12, 13, 15, 16, 17, 18, 19, 20, 21, 22, 23, 24, 25, 26, 27, 28, 30, 32, 35, 36, 38, 39], 15896.09938653673], [[1, 2, 3, 4, 5, 7, 10, 11, 12, 13, 15, 16, 17, 18, 19, 20, 21, 22, 23, 24, 25, 26, 27, 28, 30, 32, 36, 38, 39], 16118.426971385605], [[1, 3, 4, 5, 7, 10, 11, 12, 13, 15, 16, 17, 18, 19, 20, 21, 22, 23, 24, 25, 26, 27, 28, 30, 32, 36, 38, 39], 16286.329380342242], [[1, 3, 4, 5, 7, 10, 11, 12, 13, 15, 17, 18, 19, 20, 21, 22, 23, 24, 25, 26, 27, 28, 30, 32, 36, 38, 39], 16286.329380342242], [[1, 3, 4, 5, 7, 11, 12, 13, 15, 17, 18, 19, 20, 21, 22, 23, 24, 25, 26, 27, 28, 30, 32, 36, 38, 39], 17600.92173942664], [[17, 23], 6175.0], [[11, 17, 23], 1920.8333333333333], [[3, 11, 17, 23], 1920.8333333333328], [[3, 11, 13, 15, 17, 21, 23, 28], 338.6970352440354], [[13, 15, 21, 28], 2644.922618093504], [[13, 15], 4912.0], [[13, 15, 21], 2644.9226180935034], [[3, 11, 13, 15, 17, 21, 23, 28, 39], 338.6970352440355], [[3, 5, 11, 13, 15, 17, 21, 23, 28, 39], 338.69703524403536], [[3, 5, 11, 13, 15, 17, 21, 23, 24, 28, 39], 338.6970352440354], [[3, 5, 11, 13, 15, 17, 21, 23, 24, 28, 38, 39], 338.69703524403553], [[3, 5, 11, 13, 15, 17, 19, 21, 23, 24, 28, 38, 39], 338.6970352440355], [[3, 5, 11, 13, 15, 17, 18, 19, 21, 23, 24, 28, 38, 39], 338.69703524403536], [[3, 5, 7, 11, 13, 15, 17, 18, 19, 21, 23, 24, 28, 38, 39], 338.6970352440354], [[3, 5, 7, 11, 13, 15, 17, 18, 19, 21, 22, 23, 24, 28, 38, 39], 338.69703524403536], [[1, 3, 5, 7, 11, 13, 15, 17, 18, 19, 21, 22, 23, 24, 28, 38, 39], 10341.069010917206], [[1, 3, 5, 7, 11, 12, 13, 15, 17, 18, 19, 21, 22, 23, 24, 28, 38, 39], 34569.06951759677], [[1, 3, 5, 7, 11, 12, 13, 15, 17, 18, 19, 21, 22, 23, 24, 28, 36, 38, 39], 24935.144042499327], [[1, 3, 4, 5, 7, 11, 12, 13, 15, 17, 18, 19, 21, 22, 23, 24, 28, 36, 38, 39], 22441.62963824939], [[1, 3, 4, 5, 7, 11, 12, 13, 15, 17, 18, 19, 21, 22, 23, 24, 26, 28, 36, 38, 39], 22441.629638249397], [[1, 3, 4, 5, 7, 11, 12, 13, 15, 17, 18, 19, 21, 22, 23, 24, 26, 28, 30, 36, 38, 39], 20571.465870414424], [[1, 3, 4, 5, 7, 11, 12, 13, 15, 17, 18, 19, 20, 21, 22, 23, 24, 26, 28, 30, 36, 38, 39], 18701.17676502925], [[1, 3, 4, 5, 7, 11, 12, 13, 15, 17, 18, 19, 20, 21, 22, 23, 24, 26, 28, 30, 32, 36, 38, 39], 17600.9241986867], [[1, 3, 4, 5, 7, 11, 12, 13, 15, 17, 18, 19, 20, 21, 22, 23, 24, 25, 26, 28, 30, 32, 36, 38, 39], 17600.921739426645]]}