{"costs": 534959, "root_join": 28, "join_operands": {"0": [0, 1, 2, 3, 4, 5, 6, 7, 8, 9, 10, 11, 13, 14, 15, 16, 18, 19, 20, 22, 24, 25, 26, 28], "1": [0, 1, 2, 3, 4, 5, 6, 7, 8, 9, 10, 11, 13, 14, 15, 16, 18, 19, 20, 24, 25, 26, 28], "2": [3, 4, 5, 6, 8, 9, 14, 18, 24, 25, 26, 28], "3": [3, 4, 5, 6, 8, 9, 14, 18, 24, 26, 28], "4": [3, 4, 5, 6, 8, 9, 14, 24, 26, 28], "5": [3, 4, 6, 8, 9, 14, 24, 26, 28], "6": [3, 4, 6, 8, 9, 24, 26, 28], "7": [3, 24], "8": [3, 4, 24], "9": [3, 4, 8, 24], "10": [3, 4, 6, 8, 24], "11": [9, 26, 28], "12": [26, 28], "13": [3, 4, 5, 6, 8, 9, 14, 18, 20, 24, 25, 26, 28], "14": [3, 4, 5, 6, 8, 9, 14, 18, 19, 20, 24, 25, 26, 28], "15": [1, 3, 4, 5, 6, 8, 9, 14, 18, 19, 20, 24, 25, 26, 28], "16": [1, 3, 4, 5, 6, 8, 9, 14, 16, 18, 19, 20, 24, 25, 26, 28], "17": [1, 2, 3, 4, 5, 6, 8, 9, 14, 16, 18, 19, 20, 24, 25, 26, 28], "18": [1, 2, 3, 4, 5, 6, 8, 9, 10, 14, 16, 18, 19, 20, 24, 25, 26, 28], "19": [1, 2, 3, 4, 5, 6, 7, 8, 9, 10, 14, 16, 18, 19, 20, 24, 25, 26, 28], "20": [1, 2, 3, 4, 5, 6, 7, 8, 9, 10, 14, 15, 16, 18, 19, 20, 24, 25, 26, 28], "21": [1, 2, 3, 4, 5, 6, 7, 8, 9, 10, 13, 14, 15, 16, 18, 19, 20, 24, 25, 26, 28], "22": [1, 2, 3, 4, 5, 6, 7, 8, 9, 10, 11, 13, 14, 15, 16, 18, 19, 20, 24, 25, 26, 28], "23": [0, 1, 2, 3, 4, 5, 6, 7, 8, 9, 10, 11, 12, 13, 14, 15, 16, 18, 19, 20, 22, 24, 25, 26, 28], "24": [0, 1, 2, 3, 4, 5, 6, 7, 8, 9, 10, 11, 12, 13, 14, 15, 16, 18, 19, 20, 22, 23, 24, 25, 26, 28], "25": [0, 1, 2, 3, 4, 5, 6, 7, 8, 9, 10, 11, 12, 13, 14, 15, 16, 18, 19, 20, 22, 23, 24, 25, 26, 27, 28], "26": [0, 1, 2, 3, 4, 5, 6, 7, 8, 9, 10, 11, 12, 13, 14, 15, 16, 18, 19, 20, 22, 23, 24, 25, 26, 27, 28, 29], "27": [0, 1, 2, 3, 4, 5, 6, 7, 8, 9, 10, 11, 12, 13, 14, 15, 16, 17, 18, 19, 20, 22, 23, 24, 25, 26, 27, 28, 29], "28": [0, 1, 2, 3, 4, 5, 6, 7, 8, 9, 10, 11, 12, 13, 14, 15, 16, 17, 18, 19, 20, 21, 22, 23, 24, 25, 26, 27, 28, 29]}, "join_predecessors": {"0": [1], "2": [3], "3": [4], "4": [5], "5": [6], "7": [], "8": [7], "9": [8], "10": [9], "6": [10, 11], "11": [12], "12": [], "13": [2], "14": [13], "15": [14], "16": [15], "17": [16], "18": [17], "19": [18], "20": [19], "21": [20], "22": [21], "1": [22], "23": [0], "24": [23], "25": [24], "26": [25], "27": [26], "28": [27]}, "intermediate_costs": [[[0, 1, 2, 3, 4, 5, 6, 7, 8, 9, 10, 11, 13, 14, 15, 16, 18, 19, 20, 22, 24, 25, 26, 28], 5624.415522387435], [[0, 1, 2, 3, 4, 5, 6, 7, 8, 9, 10, 11, 13, 14, 15, 16, 18, 19, 20, 24, 25, 26, 28], 2602.3331526698485], [[3, 4, 5, 6, 8, 9, 14, 18, 24, 25, 26, 28], 0.5770981421698924], [[3, 4, 5, 6, 8, 9, 14, 18, 24, 26, 28], 155.13390918545494], [[3, 4, 5, 6, 8, 9, 14, 24, 26, 28], 72.74811820752183], [[3, 4, 6, 8, 9, 14, 24, 26, 28], 33.65951797746098], [[3, 4, 6, 8, 9, 24, 26, 28], 1.8322093504687265], [[3, 24], 168.0], [[3, 4, 24], 236.00945454545453], [[3, 4, 8, 24], 510.0865700293737], [[3, 4, 6, 8, 24], 1102.4487385611444], [[9, 26, 28], 678.3328363636365], [[26, 28], 21.0], [[3, 4, 5, 6, 8, 9, 14, 18, 20, 24, 25, 26, 28], 1.2126339026949706], [[3, 4, 5, 6, 8, 9, 14, 18, 19, 20, 24, 25, 26, 28], 2.5612970617928283], [[1, 3, 4, 5, 6, 8, 9, 14, 18, 19, 20, 24, 25, 26, 28], 5.478048233719095], [[1, 3, 4, 5, 6, 8, 9, 14, 16, 18, 19, 20, 24, 25, 26, 28], 11.81326296065756], [[1, 2, 3, 4, 5, 6, 8, 9, 14, 16, 18, 19, 20, 24, 25, 26, 28], 25.53168305697026], [[1, 2, 3, 4, 5, 6, 8, 9, 10, 14, 16, 18, 19, 20, 24, 25, 26, 28], 55.18149221375057], [[1, 2, 3, 4, 5, 6, 7, 8, 9, 10, 14, 16, 18, 19, 20, 24, 25, 26, 28], 119.26322510713834], [[1, 2, 3, 4, 5, 6, 7, 8, 9, 10, 14, 15, 16, 18, 19, 20, 24, 25, 26, 28], 257.76318794473883], [[1, 2, 3, 4, 5, 6, 7, 8, 9, 10, 13, 14, 15, 16, 18, 19, 20, 24, 25, 26, 28], 557.1017555369684], [[1, 2, 3, 4, 5, 6, 7, 8, 9, 10, 11, 13, 14, 15, 16, 18, 19, 20, 24, 25, 26, 28], 1204.0607471728995], [[0, 1, 2, 3, 4, 5, 6, 7, 8, 9, 10, 11, 12, 13, 14, 15, 16, 18, 19, 20, 22, 24, 25, 26, 28], 12156.03406741293], [[0, 1, 2, 3, 4, 5, 6, 7, 8, 9, 10, 11, 12, 13, 14, 15, 16, 18, 19, 20, 22, 23, 24, 25, 26, 28], 28722.433307754727], [[0, 1, 2, 3, 4, 5, 6, 7, 8, 9, 10, 11, 12, 13, 14, 15, 16, 18, 19, 20, 22, 23, 24, 25, 26, 27, 28], 61364.16206198361], [[0, 1, 2, 3, 4, 5, 6, 7, 8, 9, 10, 11, 12, 13, 14, 15, 16, 18, 19, 20, 22, 23, 24, 25, 26, 27, 28, 29], 132626.14103583276], [[0, 1, 2, 3, 4, 5, 6, 7, 8, 9, 10, 11, 12, 13, 14, 15, 16, 17, 18, 19, 20, 22, 23, 24, 25, 26, 27, 28, 29], 286644.3988762445]]}