{"costs": 1097848, "root_join": 18, "join_operands": {"0": [0, 7], "1": [0, 1, 2, 3, 6, 7, 9, 10, 11, 13, 14, 15, 16, 17, 18], "2": [1, 2, 3, 6, 9, 10, 11, 13, 14, 15, 16, 17, 18], "3": [1, 2, 3, 6, 9, 10, 11, 14, 16, 17, 18], "4": [1, 2, 3, 6, 9, 10, 11, 14, 16, 17], "5": [1, 2, 17], "6": [1, 17], "7": [1, 2, 3, 17], "8": [1, 2, 3, 14, 17], "9": [1, 2, 3, 6, 14, 17], "10": [1, 2, 3, 6, 9, 10, 14, 17], "11": [9, 10], "12": [1, 2, 3, 6, 9, 10, 11, 14, 17], "13": [1, 2, 3, 6, 9, 10, 11, 14, 15, 16, 17, 18], "14": [0, 1, 2, 3, 4, 6, 7, 9, 10, 11, 13, 14, 15, 16, 17, 18], "15": [0, 1, 2, 3, 4, 5, 6, 7, 9, 10, 11, 13, 14, 15, 16, 17, 18], "16": [0, 1, 2, 3, 4, 5, 6, 7, 8, 9, 10, 11, 13, 14, 15, 16, 17, 18], "17": [0, 1, 2, 3, 4, 5, 6, 7, 8, 9, 10, 11, 12, 13, 14, 15, 16, 17, 18], "18": [0, 1, 2, 3, 4, 5, 6, 7, 8, 9, 10, 11, 12, 13, 14, 15, 16, 17, 18, 19]}, "join_predecessors": {"0": [], "1": [0, 2], "3": [4], "5": [6], "6": [], "7": [5], "8": [7], "9": [8], "10": [9, 11], "11": [], "12": [10], "4": [12], "13": [3], "2": [13], "14": [1], "15": [14], "16": [15], "17": [16], "18": [17]}, "intermediate_costs": [[[0, 7], 473893.0], [[0, 1, 2, 3, 6, 7, 9, 10, 11, 13, 14, 15, 16, 17, 18], 2032.560397356715], [[1, 2, 3, 6, 9, 10, 11, 13, 14, 15, 16, 17, 18], 1462.9481834775788], [[1, 2, 3, 6, 9, 10, 11, 14, 16, 17, 18], 373.34089545444726], [[1, 2, 3, 6, 9, 10, 11, 14, 16, 17], 0.36183200681743655], [[1, 2, 17], 79.72740807174888], [[1, 17], 1254.0], [[1, 2, 3, 17], 94.19888177258169], [[1, 2, 3, 14, 17], 111.29710022956446], [[1, 2, 3, 6, 14, 17], 131.20167325378432], [[1, 2, 3, 6, 9, 10, 14, 17], 0.2708508800260774], [[9, 10], 3985.9999999999995], [[1, 2, 3, 6, 9, 10, 11, 14, 17], 0.3062441613020432], [[1, 2, 3, 6, 9, 10, 11, 14, 15, 16, 17, 18], 5041.2331909548275], [[0, 1, 2, 3, 4, 6, 7, 9, 10, 11, 13, 14, 15, 16, 17, 18], 2401.497849134987], [[0, 1, 2, 3, 4, 5, 6, 7, 9, 10, 11, 13, 14, 15, 16, 17, 18], 2837.4059128676663], [[0, 1, 2, 3, 4, 5, 6, 7, 8, 9, 10, 11, 13, 14, 15, 16, 17, 18], 278081.2983341874], [[0, 1, 2, 3, 4, 5, 6, 7, 8, 9, 10, 11, 12, 13, 14, 15, 16, 17, 18], 326068.16205536365]]}