{"costs": 11220494, "root_join": 28, "join_operands": {"0": [18, 25], "1": [18, 25, 27], "2": [18, 20, 25, 27], "3": [14, 18, 20, 25, 27], "4": [10, 14, 18, 20, 25, 27], "5": [10, 14, 18, 20, 23, 25, 27], "6": [10, 14, 15, 18, 20, 23, 25, 27], "7": [3, 10, 14, 15, 18, 20, 23, 25, 27], "8": [3, 8, 10, 14, 15, 18, 20, 23, 25, 27], "9": [3, 4, 8, 10, 14, 15, 18, 20, 23, 25, 27], "10": [3, 4, 8, 10, 14, 15, 18, 20, 23, 25, 27, 29], "11": [3, 4, 8, 10, 14, 15, 17, 18, 20, 23, 25, 27, 29], "12": [0, 3, 4, 8, 10, 14, 15, 17, 18, 20, 23, 25, 27, 29], "13": [0, 2, 3, 4, 8, 10, 14, 15, 17, 18, 20, 23, 25, 27, 29], "14": [0, 1, 2, 3, 4, 8, 10, 14, 15, 17, 18, 20, 23, 25, 27, 29], "15": [0, 1, 2, 3, 4, 6, 8, 10, 14, 15, 17, 18, 20, 23, 25, 27, 29], "16": [0, 1, 2, 3, 4, 6, 8, 10, 14, 15, 17, 18, 20, 22, 23, 25, 27, 29], "17": [0, 1, 2, 3, 4, 6, 8, 10, 12, 14, 15, 17, 18, 20, 22, 23, 25, 27, 29], "18": [0, 1, 2, 3, 4, 6, 8, 10, 12, 14, 15, 17, 18, 20, 21, 22, 23, 25, 27, 29], "19": [0, 1, 2, 3, 4, 6, 8, 10, 12, 14, 15, 17, 18, 20, 21, 22, 23, 24, 25, 27, 29], "20": [0, 1, 2, 3, 4, 6, 8, 10, 12, 14, 15, 17, 18, 20, 21, 22, 23, 24, 25, 26, 27, 29], "21": [0, 1, 2, 3, 4, 6, 8, 10, 12, 14, 15, 16, 17, 18, 20, 21, 22, 23, 24, 25, 26, 27, 29], "22": [0, 1, 2, 3, 4, 6, 8, 10, 12, 14, 15, 16, 17, 18, 20, 21, 22, 23, 24, 25, 26, 27, 28, 29], "23": [0, 1, 2, 3, 4, 5, 6, 8, 10, 12, 14, 15, 16, 17, 18, 20, 21, 22, 23, 24, 25, 26, 27, 28, 29], "24": [0, 1, 2, 3, 4, 5, 6, 8, 10, 12, 13, 14, 15, 16, 17, 18, 20, 21, 22, 23, 24, 25, 26, 27, 28, 29], "25": [0, 1, 2, 3, 4, 5, 6, 8, 10, 11, 12, 13, 14, 15, 16, 17, 18, 20, 21, 22, 23, 24, 25, 26, 27, 28, 29], "26": [0, 1, 2, 3, 4, 5, 6, 8, 10, 11, 12, 13, 14, 15, 16, 17, 18, 19, 20, 21, 22, 23, 24, 25, 26, 27, 28, 29], "27": [0, 1, 2, 3, 4, 5, 6, 7, 8, 10, 11, 12, 13, 14, 15, 16, 17, 18, 19, 20, 21, 22, 23, 24, 25, 26, 27, 28, 29], "28": [0, 1, 2, 3, 4, 5, 6, 7, 8, 9, 10, 11, 12, 13, 14, 15, 16, 17, 18, 19, 20, 21, 22, 23, 24, 25, 26, 27, 28, 29]}, "join_predecessors": {"0": [], "1": [0], "2": [1], "3": [2], "4": [3], "5": [4], "6": [5], "7": [6], "8": [7], "9": [8], "10": [9], "11": [10], "12": [11], "13": [12], "14": [13], "15": [14], "16": [15], "17": [16], "18": [17], "19": [18], "20": [19], "21": [20], "22": [21], "23": [22], "24": [23], "25": [24], "26": [25], "27": [26], "28": [27]}, "intermediate_costs": [[[18, 25], 30.0], [[18, 25, 27], 80.10229588106264], [[18, 20, 25, 27], 213.87927260871854], [[14, 18, 20, 25, 27], 3.003221452880756], [[10, 14, 18, 20, 25, 27], 8.018826276238576], [[10, 14, 18, 20, 23, 25, 27], 3296.912833276608], [[10, 14, 15, 18, 20, 23, 25, 27], 141.46822528443076], [[3, 10, 14, 15, 18, 20, 23, 25, 27], 377.7308200743488], [[3, 8, 10, 14, 15, 18, 20, 23, 25, 27], 69722.599997072], [[3, 4, 8, 10, 14, 15, 18, 20, 23, 25, 27], 186164.68879614517], [[3, 4, 8, 10, 14, 15, 18, 20, 23, 25, 27, 29], 58745.03660603031], [[3, 4, 8, 10, 14, 15, 17, 18, 20, 23, 25, 27, 29], 156166.90154367703], [[0, 3, 4, 8, 10, 14, 15, 17, 18, 20, 23, 25, 27, 29], 416977.4175002242], [[0, 2, 3, 4, 8, 10, 14, 15, 17, 18, 20, 23, 25, 27, 29], 1146.6878981256166], [[0, 1, 2, 3, 4, 8, 10, 14, 15, 17, 18, 20, 23, 25, 27, 29], 2991.3595412497884], [[0, 1, 2, 3, 4, 6, 8, 10, 14, 15, 17, 18, 20, 23, 25, 27, 29], 7987.1593729656215], [[0, 1, 2, 3, 4, 6, 8, 10, 14, 15, 17, 18, 20, 22, 23, 25, 27, 29], 21326.32753146221], [[0, 1, 2, 3, 4, 6, 8, 10, 12, 14, 15, 17, 18, 20, 22, 23, 25, 27, 29], 56942.92861096772], [[0, 1, 2, 3, 4, 6, 8, 10, 12, 14, 15, 17, 18, 20, 21, 22, 23, 25, 27, 29], 2215193.8088238663], [[0, 1, 2, 3, 4, 6, 8, 10, 12, 14, 15, 17, 18, 20, 21, 22, 23, 24, 25, 27, 29], 105619.13208900517], [[0, 1, 2, 3, 4, 6, 8, 10, 12, 14, 15, 17, 18, 20, 21, 22, 23, 24, 25, 26, 27, 29], 2144797.2543574413], [[0, 1, 2, 3, 4, 6, 8, 10, 12, 14, 15, 16, 17, 18, 20, 21, 22, 23, 24, 25, 26, 27, 29], 178.5315106830354], [[0, 1, 2, 3, 4, 6, 8, 10, 12, 14, 15, 16, 17, 18, 20, 21, 22, 23, 24, 25, 26, 27, 28, 29], 476.6928264435404], [[0, 1, 2, 3, 4, 5, 6, 8, 10, 12, 14, 15, 16, 17, 18, 20, 21, 22, 23, 24, 25, 26, 27, 28, 29], 73300.87778095936], [[0, 1, 2, 3, 4, 5, 6, 8, 10, 12, 13, 14, 15, 16, 17, 18, 20, 21, 22, 23, 24, 25, 26, 27, 28, 29], 191002.84786101064], [[0, 1, 2, 3, 4, 5, 6, 8, 10, 11, 12, 13, 14, 15, 16, 17, 18, 20, 21, 22, 23, 24, 25, 26, 27, 28, 29], 509992.25879756355], [[0, 1, 2, 3, 4, 5, 6, 8, 10, 11, 12, 13, 14, 15, 16, 17, 18, 19, 20, 21, 22, 23, 24, 25, 26, 27, 28, 29], 1361718.4609870606], [[0, 1, 2, 3, 4, 5, 6, 7, 8, 10, 11, 12, 13, 14, 15, 16, 17, 18, 19, 20, 21, 22, 23, 24, 25, 26, 27, 28, 29], 3635892.528576049]]}