{"costs": 152496169, "root_join": 38, "join_operands": {"0": [0, 5, 9], "1": [5, 9], "2": [0, 5, 9, 27], "3": [0, 4, 5, 6, 7, 9, 13, 14, 15, 16, 17, 23, 25, 27, 34, 35, 37, 38, 39], "4": [4, 6, 7, 13, 14, 15, 16, 17, 23, 25, 34, 35, 37, 38, 39], "5": [6, 7, 14, 15, 25], "6": [7, 14, 15, 25], "7": [7, 14, 25], "8": [7, 25], "9": [6, 7, 14, 15, 23, 25], "10": [6, 7, 13, 14, 15, 23, 25], "11": [6, 7, 13, 14, 15, 23, 25, 37], "12": [6, 7, 13, 14, 15, 23, 25, 37, 39], "13": [6, 7, 13, 14, 15, 17, 23, 25, 34, 37, 39], "14": [17, 34], "15": [4, 6, 7, 13, 14, 15, 17, 23, 25, 34, 37, 39], "16": [4, 6, 7, 13, 14, 15, 16, 17, 23, 25, 34, 37, 39], "17": [4, 6, 7, 13, 14, 15, 16, 17, 23, 25, 34, 37, 38, 39], "18": [0, 4, 5, 6, 7, 9, 13, 14, 15, 16, 17, 22, 23, 25, 27, 28, 32, 34, 35, 37, 38, 39], "19": [22, 28, 32], "20": [28, 32], "21": [0, 1, 2, 4, 5, 6, 7, 8, 9, 10, 11, 12, 13, 14, 15, 16, 17, 18, 21, 22, 23, 25, 26, 27, 28, 30, 31, 32, 33, 34, 35, 36, 37, 38, 39], "22": [1, 2, 8, 10, 11, 12, 18, 21, 26, 30, 31, 33, 36], "23": [11, 26, 33], "24": [11, 33], "25": [11, 18, 26, 33], "26": [11, 18, 26, 33, 36], "27": [11, 18, 26, 31, 33, 36], "28": [8, 11, 18, 26, 31, 33, 36], "29": [8, 11, 18, 26, 30, 31, 33, 36], "30": [8, 11, 12, 18, 26, 30, 31, 33, 36], "31": [1, 8, 10, 11, 12, 18, 26, 30, 31, 33, 36], "32": [1, 10], "33": [1, 8, 10, 11, 12, 18, 21, 26, 30, 31, 33, 36], "34": [0, 1, 2, 4, 5, 6, 7, 8, 9, 10, 11, 12, 13, 14, 15, 16, 17, 18, 19, 20, 21, 22, 23, 24, 25, 26, 27, 28, 29, 30, 31, 32, 33, 34, 35, 36, 37, 38, 39], "35": [19, 20, 24, 29], "36": [19, 29], "37": [20, 24], "38": [0, 1, 2, 3, 4, 5, 6, 7, 8, 9, 10, 11, 12, 13, 14, 15, 16, 17, 18, 19, 20, 21, 22, 23, 24, 25, 26, 27, 28, 29, 30, 31, 32, 33, 34, 35, 36, 37, 38, 39]}, "join_predecessors": {"0": [1], "1": [], "2": [0], "3": [2, 4], "5": [6], "6": [7], "8": [], "7": [8], "9": [5], "10": [9], "11": [10], "12": [11], "13": [12, 14], "14": [], "15": [13], "16": [15], "17": [16], "4": [17], "18": [3, 19], "20": [], "19": [20], "21": [18, 22], "23": [24], "24": [], "25": [23], "26": [25], "27": [26], "28": [27], "29": [28], "30": [29], "31": [30, 32], "32": [], "33": [31], "22": [33], "34": [21, 35], "36": [], "35": [36, 37], "37": [], "38": [34]}, "intermediate_costs": [[[0, 5, 9], 1777767.5092750415], [[5, 9], 1453228.0], [[0, 5, 9, 27], 2172151.120804836], [[0, 4, 5, 6, 7, 9, 13, 14, 15, 16, 17, 23, 25, 27, 34, 35, 37, 38, 39], 60946.88599918734], [[4, 6, 7, 13, 14, 15, 16, 17, 23, 25, 34, 35, 37, 38, 39], 9908.410301420477], [[6, 7, 14, 15, 25], 1774.691064816165], [[7, 14, 15, 25], 1460.9293899512397], [[7, 14, 25], 985.9985498489426], [[7, 25], 806.0], [[6, 7, 14, 15, 23, 25], 2171.020902492057], [[6, 7, 13, 14, 15, 23, 25], 2655.8603741301627], [[6, 7, 13, 14, 15, 23, 25, 37], 3244.765023552378], [[6, 7, 13, 14, 15, 23, 25, 37, 39], 3225.1327982745743], [[6, 7, 13, 14, 15, 17, 23, 25, 34, 37, 39], 4826.462584565779], [[17, 34], 478319.0], [[4, 6, 7, 13, 14, 15, 17, 23, 25, 34, 37, 39], 5904.32351236896], [[4, 6, 7, 13, 14, 15, 16, 17, 23, 25, 34, 37, 39], 7222.8835393238705], [[4, 6, 7, 13, 14, 15, 16, 17, 23, 25, 34, 37, 38, 39], 8099.594436860101], [[0, 4, 5, 6, 7, 9, 13, 14, 15, 16, 17, 22, 23, 25, 27, 28, 32, 34, 35, 37, 38, 39], 111577.05274426127], [[22, 28, 32], 992191.8400739064], [[28, 32], 811063.0], [[0, 1, 2, 4, 5, 6, 7, 8, 9, 10, 11, 12, 13, 14, 15, 16, 17, 18, 21, 22, 23, 25, 26, 27, 28, 30, 31, 32, 33, 34, 35, 36, 37, 38, 39], 55192.288715539515], [[1, 2, 8, 10, 11, 12, 18, 21, 26, 30, 31, 33, 36], 2922674.3169341297], [[11, 26, 33], 440831.7784442289], [[11, 33], 360356.0], [[11, 18, 26, 33], 539279.6481432298], [[11, 18, 26, 33, 36], 659713.1902056799], [[11, 18, 26, 31, 33, 36], 807042.5007638268], [[8, 11, 18, 26, 31, 33, 36], 874442.5945779299], [[8, 11, 18, 26, 30, 31, 33, 36], 1069725.8630472275], [[8, 11, 12, 18, 26, 30, 31, 33, 36], 1308620.404778504], [[1, 8, 10, 11, 12, 18, 26, 30, 31, 33, 36], 1952981.1165874947], [[1, 10], 519699.99999999994], [[1, 8, 10, 11, 12, 18, 21, 26, 30, 31, 33, 36], 2389127.276327606], [[0, 1, 2, 4, 5, 6, 7, 8, 9, 10, 11, 12, 13, 14, 15, 16, 17, 18, 19, 20, 21, 22, 23, 24, 25, 26, 27, 28, 29, 30, 31, 32, 33, 34, 35, 36, 37, 38, 39], 8167048.2892732425], [[19, 20, 24, 29], 66770487.751771934], [[19, 29], 11132242.0], [[20, 24], 44617174.0]]}