{"costs": 7413442, "root_join": 28, "join_operands": {"0": [0, 2, 3, 4, 5, 6, 7, 8, 9, 10, 11, 12, 13, 15, 16, 17, 18, 19, 20, 21, 22, 23, 25, 26, 27, 28, 29], "1": [2, 3, 4, 5, 6, 7, 8, 9, 10, 11, 12, 13, 15, 16, 17, 18, 19, 20, 21, 22, 23, 25, 26, 27, 28, 29], "2": [2, 3, 4, 5, 6, 7, 8, 9, 10, 11, 12, 15, 16, 17, 18, 19, 20, 21, 22, 23, 25, 26, 27, 28, 29], "3": [3, 4, 5, 6, 7, 8, 9, 10, 11, 12, 15, 16, 17, 18, 19, 20, 21, 22, 23, 25, 26, 27, 28, 29], "4": [4, 5, 6, 7, 8, 9, 10, 11, 12, 15, 16, 17, 18, 19, 20, 21, 22, 23, 25, 26, 27, 28, 29], "5": [4, 5, 6, 16], "6": [5, 6, 16], "7": [5, 6], "8": [4, 5, 6, 7, 8, 9, 10, 12, 15, 16, 17, 21, 22, 23, 25, 26, 28, 29], "9": [7, 8, 9, 10, 12, 15, 17, 21, 22, 23, 25, 26, 28, 29], "10": [7, 21], "11": [7, 10, 15, 21, 26], "12": [10, 15, 26], "13": [10, 15], "14": [7, 10, 15, 21, 23, 26], "15": [7, 10, 15, 21, 23, 26, 29], "16": [7, 10, 15, 17, 21, 23, 26, 29], "17": [7, 10, 12, 15, 17, 21, 23, 26, 29], "18": [7, 9, 10, 12, 15, 17, 21, 23, 26, 29], "19": [7, 9, 10, 12, 15, 17, 21, 23, 25, 26, 29], "20": [7, 8, 9, 10, 12, 15, 17, 21, 23, 25, 26, 29], "21": [7, 8, 9, 10, 12, 15, 17, 21, 22, 23, 25, 26, 29], "22": [4, 5, 6, 7, 8, 9, 10, 12, 15, 16, 17, 19, 21, 22, 23, 25, 26, 28, 29], "23": [4, 5, 6, 7, 8, 9, 10, 12, 15, 16, 17, 19, 20, 21, 22, 23, 25, 26, 28, 29], "24": [4, 5, 6, 7, 8, 9, 10, 11, 12, 15, 16, 17, 19, 20, 21, 22, 23, 25, 26, 28, 29], "25": [4, 5, 6, 7, 8, 9, 10, 11, 12, 15, 16, 17, 18, 19, 20, 21, 22, 23, 25, 26, 28, 29], "26": [0, 2, 3, 4, 5, 6, 7, 8, 9, 10, 11, 12, 13, 15, 16, 17, 18, 19, 20, 21, 22, 23, 24, 25, 26, 27, 28, 29], "27": [0, 2, 3, 4, 5, 6, 7, 8, 9, 10, 11, 12, 13, 14, 15, 16, 17, 18, 19, 20, 21, 22, 23, 24, 25, 26, 27, 28, 29], "28": [0, 1, 2, 3, 4, 5, 6, 7, 8, 9, 10, 11, 12, 13, 14, 15, 16, 17, 18, 19, 20, 21, 22, 23, 24, 25, 26, 27, 28, 29]}, "join_predecessors": {"0": [1], "2": [3], "3": [4], "5": [6], "7": [], "6": [7], "8": [5, 9], "10": [], "11": [10, 12], "13": [], "12": [13], "14": [11], "15": [14], "16": [15], "17": [16], "18": [17], "19": [18], "20": [19], "21": [20], "9": [21], "22": [8], "23": [22], "24": [23], "25": [24], "4": [25], "1": [2], "26": [0], "27": [26], "28": [27]}, "intermediate_costs": [[[0, 2, 3, 4, 5, 6, 7, 8, 9, 10, 11, 12, 13, 15, 16, 17, 18, 19, 20, 21, 22, 23, 25, 26, 27, 28, 29], 764342.4699517383], [[2, 3, 4, 5, 6, 7, 8, 9, 10, 11, 12, 13, 15, 16, 17, 18, 19, 20, 21, 22, 23, 25, 26, 27, 28, 29], 324991.79603770573], [[2, 3, 4, 5, 6, 7, 8, 9, 10, 11, 12, 15, 16, 17, 18, 19, 20, 21, 22, 23, 25, 26, 27, 28, 29], 138955.50476980227], [[3, 4, 5, 6, 7, 8, 9, 10, 11, 12, 15, 16, 17, 18, 19, 20, 21, 22, 23, 25, 26, 27, 28, 29], 60271.7728599327], [[4, 5, 6, 7, 8, 9, 10, 11, 12, 15, 16, 17, 18, 19, 20, 21, 22, 23, 25, 26, 27, 28, 29], 25626.434741540837], [[4, 5, 6, 16], 3345.5384931103417], [[5, 6, 16], 1459.1202801204822], [[5, 6], 209.00000000000003], [[4, 5, 6, 7, 8, 9, 10, 12, 15, 16, 17, 21, 22, 23, 25, 26, 28, 29], 505.72742416608145], [[7, 8, 9, 10, 12, 15, 17, 21, 22, 23, 25, 26, 28, 29], 2827.983317344306], [[7, 21], 1293.9999999999998], [[7, 10, 15, 21, 26], 3.401188364128368], [[10, 15, 26], 14.528255033557048], [[10, 15], 354.00000000000006], [[7, 10, 15, 21, 23, 26], 7.702906755128263], [[7, 10, 15, 21, 23, 26, 29], 17.709658675905594], [[7, 10, 15, 17, 21, 23, 26, 29], 41.60504813218107], [[7, 10, 12, 15, 17, 21, 23, 26, 29], 97.851872818572], [[7, 9, 10, 12, 15, 17, 21, 23, 26, 29], 230.14167989349602], [[7, 9, 10, 12, 15, 17, 21, 23, 25, 26, 29], 541.2795020924917], [[7, 8, 9, 10, 12, 15, 17, 21, 23, 25, 26, 29], 41527.5945285448], [[7, 8, 9, 10, 12, 15, 17, 21, 22, 23, 25, 26, 29], 1202.4058111001275], [[4, 5, 6, 7, 8, 9, 10, 12, 15, 16, 17, 19, 21, 22, 23, 25, 26, 28, 29], 1189.4392936746133], [[4, 5, 6, 7, 8, 9, 10, 12, 15, 16, 17, 19, 20, 21, 22, 23, 25, 26, 28, 29], 2303.8155064694315], [[4, 5, 6, 7, 8, 9, 10, 11, 12, 15, 16, 17, 19, 20, 21, 22, 23, 25, 26, 28, 29], 4876.592999111954], [[4, 5, 6, 7, 8, 9, 10, 11, 12, 15, 16, 17, 18, 19, 20, 21, 22, 23, 25, 26, 28, 29], 11469.455915688368], [[0, 2, 3, 4, 5, 6, 7, 8, 9, 10, 11, 12, 13, 15, 16, 17, 18, 19, 20, 21, 22, 23, 24, 25, 26, 27, 28, 29], 1797685.7179221164], [[0, 2, 3, 4, 5, 6, 7, 8, 9, 10, 11, 12, 13, 14, 15, 16, 17, 18, 19, 20, 21, 22, 23, 24, 25, 26, 27, 28, 29], 4228049.599573357]]}