{"costs": 1602681.5819964283, "int_costs": [[[0, 1, 2, 3, 4, 5, 6, 7, 8, 10, 11, 12, 13, 14, 15, 16, 17, 18, 19, 20, 21, 22, 23, 24, 25, 26, 27, 28, 29, 30, 31, 32, 33, 34, 36, 37, 38, 39, 40, 41, 42, 43, 44, 45, 46, 47, 48, 49], 1057335.606114967], [[9, 35], 134453.0], [[0, 1, 2, 3, 4, 5, 6, 7, 8, 10, 11, 12, 13, 14, 15, 16, 17, 18, 19, 20, 21, 22, 23, 24, 26, 27, 28, 29, 30, 31, 32, 33, 34, 36, 37, 38, 39, 40, 41, 42, 43, 44, 45, 46, 47, 48, 49], 288307.61165039416], [[0, 1, 2, 4, 5, 6, 7, 8, 10, 11, 12, 13, 14, 15, 16, 17, 18, 19, 20, 21, 22, 23, 24, 26, 27, 28, 29, 30, 31, 32, 33, 34, 36, 37, 38, 39, 40, 41, 42, 43, 44, 45, 46, 47, 48, 49], 85771.65268236029], [[0, 2, 4, 5, 6, 7, 8, 10, 11, 12, 13, 14, 15, 16, 17, 18, 19, 20, 21, 22, 23, 24, 26, 27, 28, 29, 30, 31, 32, 33, 34, 36, 37, 38, 39, 40, 41, 42, 43, 44, 45, 46, 47, 48, 49], 25517.12571005396], [[0, 2, 4, 5, 6, 7, 8, 11, 12, 13, 14, 15, 16, 17, 18, 19, 20, 21, 22, 23, 24, 26, 27, 28, 29, 30, 31, 32, 33, 34, 36, 37, 38, 39, 40, 41, 42, 43, 44, 45, 46, 47, 48, 49], 7660.369466679456], [[0, 2, 4, 5, 6, 7, 8, 11, 12, 13, 14, 15, 16, 17, 18, 19, 21, 22, 23, 24, 26, 27, 28, 29, 30, 31, 32, 33, 34, 36, 37, 38, 39, 40, 41, 42, 43, 44, 45, 46, 47, 48, 49], 2278.9635508559318], [[2, 6, 12, 22, 28, 30, 43, 48, 49], 8.9402899556433e-05], [[2, 6, 12, 22, 28, 43, 48, 49], 0.0015358095579736993], [[6, 12, 22, 28, 43, 48, 49], 0.2925093115716692], [[12, 48], 51.0], [[6, 12, 28, 43, 48, 49], 0.08702166362674954], [[6, 28, 43, 49], 16.7680720918795], [[43, 49], 320.0], [[6, 43, 49], 0.4985534740336732], [[2, 6, 12, 19, 22, 28, 30, 43, 48, 49], 0.0003005134688255504], [[2, 6, 12, 16, 19, 22, 28, 30, 43, 48, 49], 0.00101012770931222], [[2, 6, 12, 16, 19, 21, 22, 28, 30, 43, 48, 49], 0.00032422744248874645], [[2, 6, 12, 16, 19, 21, 22, 28, 30, 43, 45, 48, 49], 0.30380375696624345], [[2, 6, 12, 16, 19, 21, 22, 28, 30, 43, 45, 46, 48, 49], 2.0914922063089043], [[2, 6, 12, 16, 19, 21, 22, 28, 30, 43, 45, 46, 47, 48, 49], 1.0099649307334873], [[2, 6, 12, 16, 19, 21, 22, 28, 30, 34, 43, 45, 46, 47, 48, 49], 7.908002813349453e-05], [[2, 6, 12, 16, 19, 21, 22, 28, 30, 34, 36, 43, 45, 46, 47, 48, 49], 0.0002658147894847191], [[0, 2, 6, 12, 16, 19, 21, 22, 28, 30, 34, 36, 43, 45, 46, 47, 48, 49], 0.0011320163116913273], [[0, 2, 6, 12, 16, 19, 21, 22, 23, 28, 30, 34, 36, 43, 45, 46, 47, 48, 49], 0.013161330918132388], [[0, 2, 6, 12, 16, 19, 21, 22, 23, 28, 30, 34, 36, 41, 43, 45, 46, 47, 48, 49], 1.9925936546475778e-05], [[0, 2, 6, 12, 16, 19, 21, 22, 23, 26, 28, 30, 34, 36, 41, 43, 45, 46, 47, 48, 49], 6.697783117139655e-05], [[0, 2, 6, 12, 16, 19, 21, 22, 23, 26, 27, 28, 30, 34, 36, 41, 43, 45, 46, 47, 48, 49], 0.0002251352035260634], [[0, 2, 6, 12, 16, 19, 21, 22, 23, 26, 27, 28, 30, 34, 36, 41, 42, 43, 45, 46, 47, 48, 49], 0.06820672837057622], [[0, 2, 6, 11, 12, 16, 19, 21, 22, 23, 26, 27, 28, 30, 34, 36, 41, 42, 43, 45, 46, 47, 48, 49], 9.714441172895623e-05], [[0, 2, 6, 11, 12, 16, 19, 21, 22, 23, 26, 27, 28, 30, 34, 36, 40, 41, 42, 43, 45, 46, 47, 48, 49], 1.982481688447312e-06], [[0, 2, 6, 7, 11, 12, 16, 19, 21, 22, 23, 26, 27, 28, 30, 34, 36, 40, 41, 42, 43, 45, 46, 47, 48, 49], 3.364279040018445e-06], [[0, 2, 6, 7, 11, 12, 13, 16, 19, 21, 22, 23, 26, 27, 28, 30, 34, 36, 40, 41, 42, 43, 45, 46, 47, 48, 49], 9.675035467463772e-06], [[0, 2, 6, 7, 11, 12, 13, 14, 16, 19, 21, 22, 23, 26, 27, 28, 30, 34, 36, 40, 41, 42, 43, 45, 46, 47, 48, 49], 2.9574497854431663e-05], [[0, 2, 6, 7, 11, 12, 13, 14, 16, 19, 21, 22, 23, 26, 27, 28, 30, 34, 36, 38, 40, 41, 42, 43, 45, 46, 47, 48, 49], 9.824039035860472e-05], [[0, 2, 4, 6, 7, 11, 12, 13, 14, 16, 19, 21, 22, 23, 26, 27, 28, 30, 34, 36, 38, 40, 41, 42, 43, 45, 46, 47, 48, 49], 0.00033021927288616845], [[0, 2, 4, 5, 6, 7, 11, 12, 13, 14, 16, 19, 21, 22, 23, 26, 27, 28, 30, 34, 36, 38, 40, 41, 42, 43, 45, 46, 47, 48, 49], 0.0010985646257994626], [[0, 2, 4, 5, 6, 7, 11, 12, 13, 14, 16, 19, 21, 22, 23, 26, 27, 28, 30, 32, 34, 36, 38, 40, 41, 42, 43, 45, 46, 47, 48, 49], 0.0036926482151636952], [[0, 2, 4, 5, 6, 7, 11, 12, 13, 14, 16, 19, 21, 22, 23, 26, 27, 28, 29, 30, 32, 34, 36, 38, 40, 41, 42, 43, 45, 46, 47, 48, 49], 0.012376981146202505], [[0, 2, 4, 5, 6, 7, 11, 12, 13, 14, 16, 18, 19, 21, 22, 23, 26, 27, 28, 29, 30, 32, 34, 36, 38, 40, 41, 42, 43, 45, 46, 47, 48, 49], 0.041603201716011694], [[0, 2, 4, 5, 6, 7, 11, 12, 13, 14, 16, 18, 19, 21, 22, 23, 24, 26, 27, 28, 29, 30, 32, 34, 36, 38, 40, 41, 42, 43, 45, 46, 47, 48, 49], 0.13984237130022686], [[0, 2, 4, 5, 6, 7, 11, 12, 13, 14, 16, 18, 19, 21, 22, 23, 24, 26, 27, 28, 29, 30, 32, 33, 34, 36, 38, 40, 41, 42, 43, 45, 46, 47, 48, 49], 0.4700575759045352], [[0, 2, 4, 5, 6, 7, 11, 12, 13, 14, 16, 18, 19, 21, 22, 23, 24, 26, 27, 28, 29, 30, 32, 33, 34, 36, 38, 39, 40, 41, 42, 43, 45, 46, 47, 48, 49], 1.580022895304391], [[0, 2, 4, 5, 6, 7, 11, 12, 13, 14, 15, 16, 18, 19, 21, 22, 23, 24, 26, 27, 28, 29, 30, 32, 33, 34, 36, 38, 39, 40, 41, 42, 43, 45, 46, 47, 48, 49], 5.310992755198481], [[0, 2, 4, 5, 6, 7, 11, 12, 13, 14, 15, 16, 18, 19, 21, 22, 23, 24, 26, 27, 28, 29, 30, 32, 33, 34, 36, 37, 38, 39, 40, 41, 42, 43, 45, 46, 47, 48, 49], 17.852048173433264], [[0, 2, 4, 5, 6, 7, 11, 12, 13, 14, 15, 16, 18, 19, 21, 22, 23, 24, 26, 27, 28, 29, 30, 32, 33, 34, 36, 37, 38, 39, 40, 41, 42, 43, 44, 45, 46, 47, 48, 49], 60.00678763575877], [[0, 2, 4, 5, 6, 7, 11, 12, 13, 14, 15, 16, 17, 18, 19, 21, 22, 23, 24, 26, 27, 28, 29, 30, 32, 33, 34, 36, 37, 38, 39, 40, 41, 42, 43, 44, 45, 46, 47, 48, 49], 201.7031618658551], [[0, 2, 4, 5, 6, 7, 11, 12, 13, 14, 15, 16, 17, 18, 19, 21, 22, 23, 24, 26, 27, 28, 29, 30, 31, 32, 33, 34, 36, 37, 38, 39, 40, 41, 42, 43, 44, 45, 46, 47, 48, 49], 677.9927317230363]]}