{"costs": 10991802, "root_join": 37, "join_operands": {"0": [0, 1, 7, 8, 11, 20, 24, 25, 27, 28, 31, 34, 36, 37, 39], "1": [1, 7, 8, 11, 20, 24, 25, 27, 28, 31, 34, 36, 37, 39], "2": [1, 7, 8, 11, 20, 24, 25, 27, 28, 31, 34, 36, 37], "3": [1, 7, 8, 11, 20, 24, 25, 27, 31, 34, 36, 37], "4": [1, 8, 11, 20, 24, 25, 27, 31, 34, 36, 37], "5": [8, 27, 31, 34, 37], "6": [8, 27, 31, 37], "7": [8, 31, 37], "8": [31, 37], "9": [1, 8, 20, 24, 27, 31, 34, 37], "10": [1, 20, 24], "11": [1, 24], "12": [1, 8, 20, 24, 27, 31, 34, 36, 37], "13": [1, 8, 20, 24, 25, 27, 31, 34, 36, 37], "14": [0, 1, 7, 8, 11, 19, 20, 24, 25, 27, 28, 31, 34, 36, 37, 39], "15": [0, 1, 7, 8, 11, 17, 19, 20, 24, 25, 27, 28, 31, 32, 33, 34, 36, 37, 39], "16": [17, 32, 33], "17": [17, 32], "18": [0, 1, 2, 3, 5, 7, 8, 9, 10, 11, 13, 15, 16, 17, 19, 20, 22, 24, 25, 26, 27, 28, 29, 31, 32, 33, 34, 36, 37, 38, 39], "19": [2, 3, 5, 9, 10, 13, 15, 16, 22, 26, 29, 38], "20": [2, 3, 10, 13, 15, 22, 38], "21": [3, 10, 13, 15, 22, 38], "22": [3, 13], "23": [3, 13, 22], "24": [3, 13, 22, 38], "25": [3, 13, 15, 22, 38], "26": [2, 3, 9, 10, 13, 15, 22, 38], "27": [2, 3, 9, 10, 13, 15, 22, 26, 38], "28": [2, 3, 5, 9, 10, 13, 15, 22, 26, 38], "29": [2, 3, 5, 9, 10, 13, 15, 16, 22, 26, 38], "30": [0, 1, 2, 3, 5, 7, 8, 9, 10, 11, 13, 15, 16, 17, 19, 20, 21, 22, 24, 25, 26, 27, 28, 29, 31, 32, 33, 34, 36, 37, 38, 39], "31": [0, 1, 2, 3, 5, 6, 7, 8, 9, 10, 11, 12, 13, 15, 16, 17, 18, 19, 20, 21, 22, 23, 24, 25, 26, 27, 28, 29, 30, 31, 32, 33, 34, 35, 36, 37, 38, 39], "32": [6, 12, 18, 23, 30, 35], "33": [12, 23], "34": [12, 23, 30], "35": [12, 23, 30, 35], "36": [12, 18, 23, 30, 35], "37": [0, 1, 2, 3, 4, 5, 6, 7, 8, 9, 10, 11, 12, 13, 14, 15, 16, 17, 18, 19, 20, 21, 22, 23, 24, 25, 26, 27, 28, 29, 30, 31, 32, 33, 34, 35, 36, 37, 38, 39], "38": [4, 14]}, "join_predecessors": {"0": [1], "2": [3], "3": [4], "5": [6], "6": [7], "8": [], "7": [8], "9": [5, 10], "10": [11], "11": [], "12": [9], "13": [12], "4": [13], "1": [2], "14": [0], "15": [14, 16], "17": [], "16": [17], "18": [15, 19], "20": [21], "22": [], "23": [22], "24": [23], "25": [24], "21": [25], "26": [20], "27": [26], "28": [27], "29": [28], "19": [29], "30": [18], "31": [30, 32], "33": [], "34": [33], "35": [34], "36": [35], "32": [36], "37": [31, 38], "38": []}, "intermediate_costs": [[[0, 1, 7, 8, 11, 20, 24, 25, 27, 28, 31, 34, 36, 37, 39], 139.56694588667935], [[1, 7, 8, 11, 20, 24, 25, 27, 28, 31, 34, 36, 37, 39], 156.2882411194849], [[1, 7, 8, 11, 20, 24, 25, 27, 28, 31, 34, 36, 37], 385.6766310474616], [[1, 7, 8, 11, 20, 24, 25, 27, 31, 34, 36, 37], 1031.2835477504575], [[1, 8, 11, 20, 24, 25, 27, 31, 34, 36, 37], 19.629498062943533], [[8, 27, 31, 34, 37], 875.5417236743301], [[8, 27, 31, 37], 3984.2535733490217], [[8, 31, 37], 117.1118275862069], [[31, 37], 102.00000000000001], [[1, 8, 20, 24, 27, 31, 34, 37], 13.558521816724298], [[1, 20, 24], 6581.95026496674], [[1, 24], 4463.0], [[1, 8, 20, 24, 27, 31, 34, 36, 37], 14.890452141299933], [[1, 8, 20, 24, 25, 27, 31, 34, 36, 37], 17.09654964561356], [[0, 1, 7, 8, 11, 19, 20, 24, 25, 27, 28, 31, 34, 36, 37, 39], 160.24457204880434], [[0, 1, 7, 8, 11, 17, 19, 20, 24, 25, 27, 28, 31, 32, 33, 34, 36, 37, 39], 238.24920426279868], [[17, 32, 33], 886219.9397333333], [[17, 32], 771864.0], [[0, 1, 2, 3, 5, 7, 8, 9, 10, 11, 13, 15, 16, 17, 19, 20, 22, 24, 25, 26, 27, 28, 29, 31, 32, 33, 34, 36, 37, 38, 39], 8539.94988181547], [[2, 3, 5, 9, 10, 13, 15, 16, 22, 26, 29, 38], 593166.6308216252], [[2, 3, 10, 13, 15, 22, 38], 3826.2305772784057], [[3, 10, 13, 15, 22, 38], 3332.501986327695], [[3, 13], 4906.0], [[3, 13, 22], 2253.1404079147637], [[3, 13, 22, 38], 2580.0755393718878], [[3, 13, 15, 22, 38], 2962.3280642828295], [[2, 3, 9, 10, 13, 15, 22, 38], 4393.107894138742], [[2, 3, 9, 10, 13, 15, 22, 26, 38], 5043.970733017742], [[2, 3, 5, 9, 10, 13, 15, 22, 26, 38], 5791.23499711432], [[2, 3, 5, 9, 10, 13, 15, 16, 22, 26, 38], 13768.625627850633], [[0, 1, 2, 3, 5, 7, 8, 9, 10, 11, 13, 15, 16, 17, 19, 20, 21, 22, 24, 25, 26, 27, 28, 29, 31, 32, 33, 34, 36, 37, 38, 39], 9805.190308845564], [[0, 1, 2, 3, 5, 6, 7, 8, 9, 10, 11, 12, 13, 15, 16, 17, 18, 19, 20, 21, 22, 23, 24, 25, 26, 27, 28, 29, 30, 31, 32, 33, 34, 35, 36, 37, 38, 39], 138814.64892928785], [[6, 12, 18, 23, 30, 35], 308260.9944418322], [[12, 23], 28668.0], [[12, 23, 30], 32915.317622018345], [[12, 23, 30, 35], 37791.906104725735], [[12, 18, 23, 30, 35], 682781.8325653473], [[4, 14], 7425817.0]]}