{"costs": 28718772, "root_join": 36, "join_operands": {"0": [0, 1, 2, 7, 8, 11, 20, 24, 27, 28, 31, 34, 36, 37, 39], "1": [1, 2, 7, 8, 11, 20, 24, 27, 28, 31, 34, 36, 37, 39], "2": [28, 39], "3": [7, 28, 39], "4": [1, 7, 20, 24, 27, 28, 34, 36, 37, 39], "5": [1, 20, 24, 27, 34, 36, 37], "6": [27, 34], "7": [1, 20, 24, 27, 34], "8": [1, 20, 24], "9": [1, 24], "10": [1, 20, 24, 27, 34, 37], "11": [1, 7, 20, 24, 27, 28, 31, 34, 36, 37, 39], "12": [1, 7, 8, 20, 24, 27, 28, 31, 34, 36, 37, 39], "13": [1, 7, 8, 11, 20, 24, 27, 28, 31, 34, 36, 37, 39], "14": [0, 1, 2, 7, 8, 11, 20, 24, 25, 27, 28, 31, 34, 36, 37, 39], "15": [0, 1, 2, 7, 8, 11, 17, 20, 24, 25, 27, 28, 31, 32, 33, 34, 36, 37, 39], "16": [17, 32, 33], "17": [17, 32], "18": [0, 1, 2, 3, 5, 7, 8, 9, 10, 11, 13, 15, 16, 17, 20, 21, 22, 24, 25, 26, 27, 28, 29, 31, 32, 33, 34, 36, 37, 38, 39], "19": [3, 5, 9, 10, 13, 15, 16, 21, 22, 26, 29, 38], "20": [3, 13], "21": [3, 13, 22], "22": [3, 13, 22, 38], "23": [3, 13, 15, 22, 38], "24": [3, 10, 13, 15, 22, 38], "25": [3, 10, 13, 15, 22, 26, 38], "26": [3, 5, 10, 13, 15, 22, 26, 38], "27": [3, 5, 10, 13, 15, 16, 22, 26, 38], "28": [3, 5, 10, 13, 15, 16, 22, 26, 29, 38], "29": [3, 5, 9, 10, 13, 15, 16, 22, 26, 29, 38], "30": [0, 1, 2, 3, 5, 7, 8, 9, 10, 11, 13, 15, 16, 17, 19, 20, 21, 22, 24, 25, 26, 27, 28, 29, 31, 32, 33, 34, 36, 37, 38, 39], "31": [0, 1, 2, 3, 5, 7, 8, 9, 10, 11, 12, 13, 15, 16, 17, 18, 19, 20, 21, 22, 23, 24, 25, 26, 27, 28, 29, 30, 31, 32, 33, 34, 35, 36, 37, 38, 39], "32": [12, 18, 23, 30, 35], "33": [12, 23], "34": [12, 23, 30], "35": [12, 23, 30, 35], "36": [0, 1, 2, 3, 4, 5, 6, 7, 8, 9, 10, 11, 12, 13, 14, 15, 16, 17, 18, 19, 20, 21, 22, 23, 24, 25, 26, 27, 28, 29, 30, 31, 32, 33, 34, 35, 36, 37, 38, 39], "37": [4, 6, 14], "38": [4, 6]}, "join_predecessors": {"0": [1], "2": [], "3": [2], "4": [3, 5], "6": [], "7": [6, 8], "8": [9], "9": [], "10": [7], "5": [10], "11": [4], "12": [11], "13": [12], "1": [13], "14": [0], "15": [14, 16], "17": [], "16": [17], "18": [15, 19], "20": [], "21": [20], "22": [21], "23": [22], "24": [23], "25": [24], "26": [25], "27": [26], "28": [27], "29": [28], "19": [29], "30": [18], "31": [30, 32], "33": [], "34": [33], "35": [34], "32": [35], "36": [31, 37], "38": [], "37": [38]}, "intermediate_costs": [[[0, 1, 2, 7, 8, 11, 20, 24, 27, 28, 31, 34, 36, 37, 39], 4987.683815882489], [[1, 2, 7, 8, 11, 20, 24, 27, 28, 31, 34, 36, 37, 39], 5585.250331961261], [[28, 39], 3726507.0], [[7, 28, 39], 4271663.8523364505], [[1, 7, 20, 24, 27, 28, 34, 36, 37, 39], 74912.7871554232], [[1, 20, 24, 27, 34, 36, 37], 9408.899862356626], [[27, 34], 546959.0], [[1, 20, 24, 27, 34], 8470.133785551232], [[1, 20, 24], 6581.95026496674], [[1, 24], 4463.0], [[1, 20, 24, 27, 34, 37], 8567.286798586067], [[1, 7, 20, 24, 27, 28, 31, 34, 36, 37, 39], 103.25816607909684], [[1, 7, 8, 20, 24, 27, 28, 31, 34, 36, 37, 39], 118.5563974776775], [[1, 7, 8, 11, 20, 24, 27, 28, 31, 34, 36, 37, 39], 136.12118368192037], [[0, 1, 2, 7, 8, 11, 20, 24, 25, 27, 28, 31, 34, 36, 37, 39], 5726.634971570045], [[0, 1, 2, 7, 8, 11, 17, 20, 24, 25, 27, 28, 31, 32, 33, 34, 36, 37, 39], 8514.274197472003], [[17, 32, 33], 886219.9397333333], [[17, 32], 771864.0], [[0, 1, 2, 3, 5, 7, 8, 9, 10, 11, 13, 15, 16, 17, 20, 21, 22, 24, 25, 26, 27, 28, 29, 31, 32, 33, 34, 36, 37, 38, 39], 8539.948952694978], [[3, 5, 9, 10, 13, 15, 16, 21, 22, 26, 29, 38], 593166.6092979112], [[3, 13], 4906.0], [[3, 13, 22], 2253.1404079147637], [[3, 13, 22, 38], 2580.0755393718878], [[3, 13, 15, 22, 38], 2962.3280642828295], [[3, 10, 13, 15, 22, 38], 3332.501986327695], [[3, 10, 13, 15, 22, 26, 38], 3826.230288854709], [[3, 5, 10, 13, 15, 22, 26, 38], 4393.086306148534], [[3, 5, 10, 13, 15, 16, 22, 26, 38], 10444.535704445765], [[3, 5, 10, 13, 15, 16, 22, 26, 29, 38], 449961.39932591055], [[3, 5, 9, 10, 13, 15, 16, 22, 26, 29, 38], 516625.68042159604], [[0, 1, 2, 3, 5, 7, 8, 9, 10, 11, 13, 15, 16, 17, 19, 20, 21, 22, 24, 25, 26, 27, 28, 29, 31, 32, 33, 34, 36, 37, 38, 39], 9805.190308845564], [[0, 1, 2, 3, 5, 7, 8, 9, 10, 11, 12, 13, 15, 16, 17, 18, 19, 20, 21, 22, 23, 24, 25, 26, 27, 28, 29, 30, 31, 32, 33, 34, 35, 36, 37, 38, 39], 307467.1206925571], [[12, 18, 23, 30, 35], 682781.8325653473], [[12, 23], 28668.0], [[12, 23, 30], 32915.317622018345], [[12, 23, 30, 35], 37791.906104725735], [[4, 6, 14], 8322992.663700152], [[4, 6], 7352569.0]]}