{"costs": 4208586, "root_join": 18, "join_operands": {"0": [0, 1, 2, 3, 4, 5, 6, 8, 9, 10, 11, 12, 13, 15, 16, 17, 18, 19], "1": [1, 2, 3, 4, 5, 6, 8, 9, 10, 11, 12, 13, 15, 16, 17, 18, 19], "2": [9, 10], "3": [4, 9, 10], "4": [1, 3, 4, 9, 10, 13, 16], "5": [1, 3, 13, 16], "6": [3, 13, 16], "7": [13, 16], "8": [2, 5, 6, 8, 11, 12, 15, 17, 18, 19], "9": [2, 8], "10": [2, 5, 8], "11": [2, 5, 8, 19], "12": [2, 5, 8, 12, 19], "13": [2, 5, 8, 12, 18, 19], "14": [2, 5, 8, 12, 17, 18, 19], "15": [2, 5, 6, 8, 12, 17, 18, 19], "16": [2, 5, 6, 8, 12, 15, 17, 18, 19], "17": [0, 1, 2, 3, 4, 5, 6, 7, 8, 9, 10, 11, 12, 13, 15, 16, 17, 18, 19], "18": [0, 1, 2, 3, 4, 5, 6, 7, 8, 9, 10, 11, 12, 13, 14, 15, 16, 17, 18, 19]}, "join_predecessors": {"0": [1], "2": [], "3": [2], "4": [3, 5], "5": [6], "6": [7], "7": [], "1": [4, 8], "9": [], "10": [9], "11": [10], "12": [11], "13": [12], "14": [13], "15": [14], "16": [15], "8": [16], "17": [0], "18": [17]}, "intermediate_costs": [[[0, 1, 2, 3, 4, 5, 6, 8, 9, 10, 11, 12, 13, 15, 16, 17, 18, 19], 307725.8171439186], [[1, 2, 3, 4, 5, 6, 8, 9, 10, 11, 12, 13, 15, 16, 17, 18, 19], 92895.91807001895], [[9, 10], 4788.0], [[4, 9, 10], 1481171.6376], [[1, 3, 4, 9, 10, 13, 16], 90964.01856522558], [[1, 3, 13, 16], 950388.0460128116], [[3, 13, 16], 235804.466891129], [[13, 16], 418.99999999999994], [[2, 5, 6, 8, 11, 12, 15, 17, 18, 19], 24354.924088437892], [[2, 8], 145.0], [[2, 5, 8], 474.8661388888889], [[2, 5, 8, 19], 0.1613127593814912], [[2, 5, 8, 12, 19], 0.5080823173139], [[2, 5, 8, 12, 18, 19], 1.665390933407154], [[2, 5, 8, 12, 17, 18, 19], 5.516746249488981], [[2, 5, 6, 8, 12, 17, 18, 19], 18.274702249972652], [[2, 5, 6, 8, 12, 15, 17, 18, 19], 60.53654223376522], [[0, 1, 2, 3, 4, 5, 6, 7, 8, 9, 10, 11, 12, 13, 15, 16, 17, 18, 19], 1019368.564529562]]}