{"costs": 1123604, "root_join": 23, "join_operands": {"0": [0, 1, 2, 3, 5, 8, 9, 10, 11, 12, 13, 15, 16, 17, 18, 19, 22, 23, 24, 26, 27, 28, 29], "1": [1, 2, 3, 5, 8, 9, 10, 11, 12, 13, 15, 16, 17, 18, 19, 22, 23, 24, 26, 27, 28, 29], "2": [3, 5, 8, 9, 11, 12, 16, 19, 23, 26, 27, 29], "3": [3, 5, 8, 9, 11, 12, 16, 23, 26, 27, 29], "4": [3, 5, 8, 9, 11, 12, 16, 23, 26, 29], "5": [23, 29], "6": [8, 23, 29], "7": [3, 8, 23, 29], "8": [3, 5, 8, 23, 29], "9": [3, 5, 8, 16, 23, 29], "10": [3, 5, 8, 16, 23, 26, 29], "11": [3, 5, 8, 9, 16, 23, 26, 29], "12": [3, 5, 8, 9, 11, 16, 23, 26, 29], "13": [3, 5, 8, 9, 11, 12, 15, 16, 19, 23, 26, 27, 29], "14": [3, 5, 8, 9, 11, 12, 15, 16, 18, 19, 23, 26, 27, 29], "15": [3, 5, 8, 9, 11, 12, 15, 16, 18, 19, 23, 24, 26, 27, 29], "16": [3, 5, 8, 9, 11, 12, 15, 16, 18, 19, 22, 23, 24, 26, 27, 29], "17": [3, 5, 8, 9, 11, 12, 15, 16, 18, 19, 22, 23, 24, 26, 27, 28, 29], "18": [3, 5, 8, 9, 11, 12, 15, 16, 17, 18, 19, 22, 23, 24, 26, 27, 28, 29], "19": [3, 5, 8, 9, 11, 12, 13, 15, 16, 17, 18, 19, 22, 23, 24, 26, 27, 28, 29], "20": [3, 5, 8, 9, 10, 11, 12, 13, 15, 16, 17, 18, 19, 22, 23, 24, 26, 27, 28, 29], "21": [2, 3, 5, 8, 9, 10, 11, 12, 13, 15, 16, 17, 18, 19, 22, 23, 24, 26, 27, 28, 29], "22": [0, 1, 2, 3, 5, 8, 9, 10, 11, 12, 13, 14, 15, 16, 17, 18, 19, 22, 23, 24, 26, 27, 28, 29], "23": [0, 1, 2, 3, 4, 5, 6, 7, 8, 9, 10, 11, 12, 13, 14, 15, 16, 17, 18, 19, 20, 21, 22, 23, 24, 25, 26, 27, 28, 29], "24": [4, 6, 7, 20, 21, 25], "25": [4, 6, 7, 21, 25], "26": [4, 7, 21, 25], "27": [4, 21], "28": [4, 7, 21]}, "join_predecessors": {"0": [1], "2": [3], "3": [4], "5": [], "6": [5], "7": [6], "8": [7], "9": [8], "10": [9], "11": [10], "12": [11], "4": [12], "13": [2], "14": [13], "15": [14], "16": [15], "17": [16], "18": [17], "19": [18], "20": [19], "21": [20], "1": [21], "22": [0], "23": [22, 24], "25": [26], "27": [], "28": [27], "26": [28], "24": [25]}, "intermediate_costs": [[[0, 1, 2, 3, 5, 8, 9, 10, 11, 12, 13, 15, 16, 17, 18, 19, 22, 23, 24, 26, 27, 28, 29], 28363.816097350318], [[1, 2, 3, 5, 8, 9, 10, 11, 12, 13, 15, 16, 17, 18, 19, 22, 23, 24, 26, 27, 28, 29], 8556.69120443928], [[3, 5, 8, 9, 11, 12, 16, 19, 23, 26, 27, 29], 0.30556981358898894], [[3, 5, 8, 9, 11, 12, 16, 23, 26, 27, 29], 1.5282263608582898], [[3, 5, 8, 9, 11, 12, 16, 23, 26, 29], 0.00047593894406751624], [[23, 29], 140.0], [[8, 23, 29], 0.007898142937535171], [[3, 8, 23, 29], 0.30268521777470225], [[3, 5, 8, 23, 29], 0.0021058082892014794], [[3, 5, 8, 16, 23, 29], 3.5156576228637477e-06], [[3, 5, 8, 16, 23, 26, 29], 1.1484090513968122e-05], [[3, 5, 8, 9, 16, 23, 26, 29], 3.936966019394281e-05], [[3, 5, 8, 9, 11, 16, 23, 26, 29], 0.00013640061447404197], [[3, 5, 8, 9, 11, 12, 15, 16, 19, 23, 26, 27, 29], 1.0643531354478266], [[3, 5, 8, 9, 11, 12, 15, 16, 18, 19, 23, 26, 27, 29], 3.713820786689715], [[3, 5, 8, 9, 11, 12, 15, 16, 18, 19, 23, 24, 26, 27, 29], 12.95854097811522], [[3, 5, 8, 9, 11, 12, 15, 16, 18, 19, 22, 23, 24, 26, 27, 29], 45.21591175065313], [[3, 5, 8, 9, 11, 12, 15, 16, 18, 19, 22, 23, 24, 26, 27, 28, 29], 157.77074586526598], [[3, 5, 8, 9, 11, 12, 15, 16, 17, 18, 19, 22, 23, 24, 26, 27, 28, 29], 550.5055387263388], [[3, 5, 8, 9, 11, 12, 13, 15, 16, 17, 18, 19, 22, 23, 24, 26, 27, 28, 29], 4342.635416965788], [[3, 5, 8, 9, 10, 11, 12, 13, 15, 16, 17, 18, 19, 22, 23, 24, 26, 27, 28, 29], 15152.64931485013], [[2, 3, 5, 8, 9, 10, 11, 12, 13, 15, 16, 17, 18, 19, 22, 23, 24, 26, 27, 28, 29], 53460.31464065994], [[0, 1, 2, 3, 5, 8, 9, 10, 11, 12, 13, 14, 15, 16, 17, 18, 19, 22, 23, 24, 26, 27, 28, 29], 98969.15519892843], [[4, 6, 7, 20, 21, 25], 709363.9460105645], [[4, 6, 7, 21, 25], 203298.37455518678], [[4, 7, 21, 25], 864.4273463423962], [[4, 21], 71.0], [[4, 7, 21], 247.73845400000002]]}