{"costs": 43647947482, "root_join": 18, "join_operands": {"0": [1, 10], "1": [1, 8, 10], "2": [1, 2, 8, 10], "3": [1, 2, 8, 10, 16], "4": [1, 2, 8, 10, 16, 17], "5": [0, 1, 2, 8, 10, 16, 17], "6": [0, 1, 2, 8, 9, 10, 16, 17], "7": [0, 1, 2, 8, 9, 10, 14, 16, 17], "8": [0, 1, 2, 5, 8, 9, 10, 14, 16, 17], "9": [0, 1, 2, 3, 5, 8, 9, 10, 14, 16, 17], "10": [0, 1, 2, 3, 5, 8, 9, 10, 14, 16, 17, 18], "11": [0, 1, 2, 3, 5, 8, 9, 10, 11, 14, 16, 17, 18], "12": [0, 1, 2, 3, 4, 5, 8, 9, 10, 11, 14, 16, 17, 18], "13": [0, 1, 2, 3, 4, 5, 6, 8, 9, 10, 11, 14, 16, 17, 18], "14": [0, 1, 2, 3, 4, 5, 6, 7, 8, 9, 10, 11, 14, 16, 17, 18], "15": [0, 1, 2, 3, 4, 5, 6, 7, 8, 9, 10, 11, 12, 14, 16, 17, 18], "16": [0, 1, 2, 3, 4, 5, 6, 7, 8, 9, 10, 11, 12, 14, 16, 17, 18, 19], "17": [0, 1, 2, 3, 4, 5, 6, 7, 8, 9, 10, 11, 12, 13, 14, 16, 17, 18, 19], "18": [0, 1, 2, 3, 4, 5, 6, 7, 8, 9, 10, 11, 12, 13, 14, 15, 16, 17, 18, 19]}, "join_predecessors": {"0": [], "1": [0], "2": [1], "3": [2], "4": [3], "5": [4], "6": [5], "7": [6], "8": [7], "9": [8], "10": [9], "11": [10], "12": [11], "13": [12], "14": [13], "15": [14], "16": [15], "17": [16], "18": [17]}, "intermediate_costs": [[[1, 10], 15390.0], [[1, 8, 10], 15390.0], [[1, 2, 8, 10], 44788747.5], [[1, 2, 8, 10, 16], 44534986.599375], [[1, 2, 8, 10, 16, 17], 44312311.666378126], [[0, 1, 2, 8, 10, 16, 17], 44312311.66637813], [[0, 1, 2, 8, 9, 10, 16, 17], 39910416.4230959], [[0, 1, 2, 8, 9, 10, 14, 16, 17], 39910318.60344781], [[0, 1, 2, 5, 8, 9, 10, 14, 16, 17], 39910318.60344781], [[0, 1, 2, 3, 5, 8, 9, 10, 14, 16, 17], 267829540.03980416], [[0, 1, 2, 3, 5, 8, 9, 10, 14, 16, 17, 18], 249974172.15754497], [[0, 1, 2, 3, 5, 8, 9, 10, 11, 14, 16, 17, 18], 249974172.157545], [[0, 1, 2, 3, 4, 5, 8, 9, 10, 11, 14, 16, 17, 18], 249974172.157545], [[0, 1, 2, 3, 4, 5, 6, 8, 9, 10, 11, 14, 16, 17, 18], 8499669641.900337], [[0, 1, 2, 3, 4, 5, 6, 7, 8, 9, 10, 11, 14, 16, 17, 18], 8499669641.900337], [[0, 1, 2, 3, 4, 5, 6, 7, 8, 9, 10, 11, 12, 14, 16, 17, 18], 8449076244.700209], [[0, 1, 2, 3, 4, 5, 6, 7, 8, 9, 10, 11, 12, 14, 16, 17, 18, 19], 8449076244.70021], [[0, 1, 2, 3, 4, 5, 6, 7, 8, 9, 10, 11, 12, 13, 14, 16, 17, 18, 19], 8434993462.069033]]}