{"costs": 1658292073.3557084, "join_operands": {"0": [0, 1, 2, 3, 4, 5, 6, 7, 8, 9, 10, 11, 12, 13, 14, 15, 16, 17, 18, 19], "1": [0, 3, 4, 5, 6, 7, 8, 9, 10, 11, 12, 15, 16, 17, 18, 19], "2": [1, 2, 13, 14], "3": [0, 3, 5, 6, 7, 8, 9, 10, 12, 15, 16, 17, 18, 19], "4": [2, 13, 14], "5": [4, 11], "6": [], "7": [0, 3, 5, 7, 8, 9, 10, 12, 15, 16, 17, 18, 19], "8": [], "9": [], "10": [], "11": [], "12": [2, 13], "13": [], "14": []}, "join_predecessors": {"0": [1, 2], "1": [3, 5], "2": [4, 6], "3": [7, 11], "4": [8, 12], "5": [9, 13], "6": [10, 14], "7": [], "8": [], "9": [], "10": [], "11": [], "12": [], "13": [], "14": []}, "leaf_joins": [7, 8], "opt_time": 0.39734816551208496, "status": 2, "intermediate_costs": [[[0, 3, 4, 5, 6, 7, 8, 9, 10, 11, 12, 15, 16, 17, 18, 19], 1470879754.2387147], [[1, 2, 13, 14], 62949726.699999996], [[0, 3, 5, 6, 7, 8, 9, 10, 12, 15, 16, 17, 18, 19], 843117.8584967632], [[2, 13, 14], 62949726.699999996], [[4, 11], 54081730.0], [[0, 3, 5, 7, 8, 9, 10, 12, 15, 16, 17, 18, 19], 843117.8584967632], [[2, 13], 5744900.0]]}