{"costs": 60508, "join_operands": {"0": [0, 1, 2, 3, 4, 5], "1": [0, 1, 2, 3, 4], "2": [], "3": [0, 1, 3, 4], "4": [], "5": [0, 1, 3], "6": [0, 1]}, "join_predecessors": {"0": [1, 2], "1": [3], "2": [4], "3": [5], "4": [], "5": [6], "6": []}, "leaf_joins": [], "opt_time": 0.11841201782226562, "status": 2, "intermediate_costs": [[[0, 1, 2, 3, 4], 496.40846256985884], [[0, 1, 3, 4], 29996.999999999996], [[0, 1, 3], 29997.0], [[0, 1], 18.0]]}