{"costs": 9207.998341198912, "int_costs": [[[0, 1, 2, 3, 4, 5, 6, 7, 8, 9, 10, 11, 12, 13, 14, 15, 16, 17, 18, 19, 20, 21, 22, 23, 24, 25, 26, 27, 28, 29, 30, 31, 32, 33, 34, 35, 36, 37, 38, 39, 40, 41, 42, 44, 45, 46, 47, 48, 49], 9125.818167623504], [[0, 1, 2, 3, 4, 5, 6, 7, 8, 10, 11, 12, 13, 14, 15, 16, 17, 18, 19, 20, 21, 22, 23, 24, 25, 26, 27, 28, 29, 30, 31, 32, 33, 34, 35, 36, 37, 38, 39, 40, 41, 42, 44, 45, 46, 47, 48, 49], 31.410765897565895], [[0, 1, 2, 3, 4, 5, 6, 7, 8, 10, 11, 12, 13, 14, 15, 16, 17, 18, 19, 20, 21, 22, 23, 25, 26, 27, 28, 29, 30, 31, 32, 33, 34, 35, 36, 37, 38, 39, 40, 41, 42, 44, 45, 46, 47, 48, 49], 9.984962571339063], [[0, 1, 2, 3, 4, 5, 6, 7, 8, 10, 11, 12, 14, 15, 16, 17, 18, 19, 20, 21, 22, 23, 25, 26, 27, 28, 29, 30, 31, 32, 33, 34, 35, 36, 37, 38, 39, 40, 41, 42, 44, 45, 46, 47, 48, 49], 3.1468259708072415], [[0, 1, 2, 3, 4, 5, 6, 7, 8, 10, 11, 12, 14, 15, 16, 17, 18, 19, 20, 21, 22, 23, 25, 26, 27, 28, 29, 30, 31, 32, 33, 34, 35, 36, 37, 38, 39, 40, 41, 42, 44, 45, 46, 48, 49], 1.8181955689452498], [[0, 2, 3, 4, 5, 6, 7, 8, 10, 11, 12, 14, 15, 16, 17, 18, 19, 20, 21, 22, 23, 25, 26, 27, 28, 29, 30, 31, 32, 33, 34, 35, 36, 37, 38, 39, 40, 41, 42, 44, 45, 46, 48, 49], 0.5730162387518143], [[0, 2, 3, 4, 5, 6, 7, 10, 11, 12, 15, 17, 18, 19, 20, 21, 22, 23, 25, 26, 27, 28, 29, 30, 31, 32, 33, 34, 35, 36, 37, 38, 39, 40, 48, 49], 1.1889865316236226e-06], [[2, 3, 4, 5, 6, 7, 10, 11, 12, 15, 17, 18, 19, 20, 21, 22, 23, 25, 26, 27, 28, 29, 30, 31, 32, 33, 34, 35, 36, 37, 38, 39, 40, 48, 49], 3.747175307306647e-07], [[2, 3, 5, 6, 10, 11, 12, 15, 17, 19, 20, 22, 23, 25, 26, 28, 30, 31, 32, 34, 37, 38, 39, 40, 48, 49], 1.3427837420573443e-13], [[11, 20, 22, 25, 26, 30, 37, 40], 1.2765768241555204e-07], [[11, 20, 22, 25, 26, 30, 37], 2.6958154128602125e-05], [[11, 22, 25, 30], 0.0008014794522934342], [[11, 22, 25], 0.05809665871121719], [[11, 22], 35.0], [[11, 22, 25, 26, 30], 0.0023735742248215497], [[11, 22, 25, 26, 30, 37], 8.757454174275544e-06], [[11, 12, 20, 22, 25, 26, 30, 37, 40], 4.050612384215664e-07], [[6, 11, 12, 20, 22, 25, 26, 30, 37, 40], 1.221006623788248e-06], [[6, 11, 12, 20, 22, 25, 26, 30, 31, 37, 40], 1.0185765782654596e-08], [[6, 11, 12, 20, 22, 25, 26, 30, 31, 37, 38, 40], 7.279319167261738e-07], [[6, 11, 12, 20, 22, 25, 26, 28, 30, 31, 37, 38, 40], 1.515489655982819e-10], [[6, 11, 12, 20, 22, 25, 26, 28, 30, 31, 32, 37, 38, 40], 1.049980887933489e-13], [[6, 11, 12, 20, 22, 25, 26, 28, 30, 31, 32, 37, 38, 40, 48], 3.3044759346118845e-13], [[6, 11, 12, 20, 22, 25, 26, 28, 30, 31, 32, 37, 38, 40, 48, 49], 1.6468796097843494e-11], [[6, 11, 12, 20, 22, 25, 26, 28, 30, 31, 32, 34, 37, 38, 40, 48, 49], 5.281332564126174e-11], [[5, 6, 11, 12, 20, 22, 25, 26, 28, 30, 31, 32, 34, 37, 38, 40, 48, 49], 2.011821218682899e-10], [[5, 6, 11, 12, 19, 20, 22, 25, 26, 28, 30, 31, 32, 34, 37, 38, 40, 48, 49], 1.6448296557143702e-13], [[5, 6, 11, 12, 19, 20, 22, 23, 25, 26, 28, 30, 31, 32, 34, 37, 38, 40, 48, 49], 1.6303696147850131e-16], [[5, 6, 10, 11, 12, 19, 20, 22, 23, 25, 26, 28, 30, 31, 32, 34, 37, 38, 40, 48, 49], 4.75933327235073e-16], [[5, 6, 10, 11, 12, 15, 19, 20, 22, 23, 25, 26, 28, 30, 31, 32, 34, 37, 38, 40, 48, 49], 1.4415000624820572e-15], [[2, 5, 6, 10, 11, 12, 15, 19, 20, 22, 23, 25, 26, 28, 30, 31, 32, 34, 37, 38, 40, 48, 49], 4.446863699575977e-15], [[2, 3, 5, 6, 10, 11, 12, 15, 19, 20, 22, 23, 25, 26, 28, 30, 31, 32, 34, 37, 38, 40, 48, 49], 1.411001718334298e-14], [[2, 3, 5, 6, 10, 11, 12, 15, 19, 20, 22, 23, 25, 26, 28, 30, 31, 32, 34, 37, 38, 39, 40, 48, 49], 4.352780984772091e-14], [[2, 3, 5, 6, 10, 11, 12, 15, 17, 19, 20, 22, 23, 25, 26, 27, 28, 30, 31, 32, 34, 37, 38, 39, 40, 48, 49], 3.9888160106683863e-11], [[2, 3, 5, 6, 10, 11, 12, 15, 17, 19, 20, 22, 23, 25, 26, 27, 28, 30, 31, 32, 34, 35, 37, 38, 39, 40, 48, 49], 1.2656619380913807e-10], [[2, 3, 5, 6, 10, 11, 12, 15, 17, 19, 20, 22, 23, 25, 26, 27, 28, 30, 31, 32, 33, 34, 35, 37, 38, 39, 40, 48, 49], 3.748247176110894e-10], [[2, 3, 5, 6, 10, 11, 12, 15, 17, 19, 20, 22, 23, 25, 26, 27, 28, 30, 31, 32, 33, 34, 35, 36, 37, 38, 39, 40, 48, 49], 1.1650567770824246e-09], [[2, 3, 5, 6, 10, 11, 12, 15, 17, 19, 20, 21, 22, 23, 25, 26, 27, 28, 30, 31, 32, 33, 34, 35, 36, 37, 38, 39, 40, 48, 49], 3.6967251536825337e-09], [[2, 3, 5, 6, 10, 11, 12, 15, 17, 18, 19, 20, 21, 22, 23, 25, 26, 27, 28, 30, 31, 32, 33, 34, 35, 36, 37, 38, 39, 40, 48, 49], 1.1729708912634677e-08], [[2, 3, 5, 6, 10, 11, 12, 15, 17, 18, 19, 20, 21, 22, 23, 25, 26, 27, 28, 29, 30, 31, 32, 33, 34, 35, 36, 37, 38, 39, 40, 48, 49], 3.721836637978983e-08], [[2, 3, 4, 5, 6, 10, 11, 12, 15, 17, 18, 19, 20, 21, 22, 23, 25, 26, 27, 28, 29, 30, 31, 32, 33, 34, 35, 36, 37, 38, 39, 40, 48, 49], 1.1809469450914742e-07], [[0, 2, 3, 4, 5, 6, 7, 10, 11, 12, 14, 15, 17, 18, 19, 20, 21, 22, 23, 25, 26, 27, 28, 29, 30, 31, 32, 33, 34, 35, 36, 37, 38, 39, 40, 48, 49], 3.772681915691327e-06], [[0, 2, 3, 4, 5, 6, 7, 10, 11, 12, 14, 15, 17, 18, 19, 20, 21, 22, 23, 25, 26, 27, 28, 29, 30, 31, 32, 33, 34, 35, 36, 37, 38, 39, 40, 45, 48, 49], 1.1970819217791852e-05], [[0, 2, 3, 4, 5, 6, 7, 10, 11, 12, 14, 15, 16, 17, 18, 19, 20, 21, 22, 23, 25, 26, 27, 28, 29, 30, 31, 32, 33, 34, 35, 36, 37, 38, 39, 40, 45, 48, 49], 3.798372612418248e-05], [[0, 2, 3, 4, 5, 6, 7, 10, 11, 12, 14, 15, 16, 17, 18, 19, 20, 21, 22, 23, 25, 26, 27, 28, 29, 30, 31, 32, 33, 34, 35, 36, 37, 38, 39, 40, 41, 45, 48, 49], 0.00012052337334276185], [[0, 2, 3, 4, 5, 6, 7, 8, 10, 11, 12, 14, 15, 16, 17, 18, 19, 20, 21, 22, 23, 25, 26, 27, 28, 29, 30, 31, 32, 33, 34, 35, 36, 37, 38, 39, 40, 41, 45, 48, 49], 0.000382423871851513], [[0, 2, 3, 4, 5, 6, 7, 8, 10, 11, 12, 14, 15, 16, 17, 18, 19, 20, 21, 22, 23, 25, 26, 27, 28, 29, 30, 31, 32, 33, 34, 35, 36, 37, 38, 39, 40, 41, 42, 45, 48, 49], 0.003949198268135091], [[0, 2, 3, 4, 5, 6, 7, 8, 10, 11, 12, 14, 15, 16, 17, 18, 19, 20, 21, 22, 23, 25, 26, 27, 28, 29, 30, 31, 32, 33, 34, 35, 36, 37, 38, 39, 40, 41, 42, 45, 46, 48, 49], 0.18058979884512755]]}