{"costs": 405073419, "root_join": 28, "join_operands": {"0": [13, 19], "1": [13, 19, 26], "2": [8, 13, 19, 26], "3": [7, 8, 13, 19, 26], "4": [7, 8, 13, 19, 25, 26], "5": [7, 8, 13, 19, 22, 25, 26], "6": [3, 7, 8, 13, 19, 22, 25, 26], "7": [3, 7, 8, 13, 19, 20, 22, 25, 26], "8": [3, 7, 8, 13, 19, 20, 22, 25, 26, 28], "9": [3, 7, 8, 13, 18, 19, 20, 22, 25, 26, 28], "10": [3, 7, 8, 13, 17, 18, 19, 20, 22, 25, 26, 28], "11": [3, 6, 7, 8, 13, 17, 18, 19, 20, 22, 25, 26, 28], "12": [3, 5, 6, 7, 8, 13, 17, 18, 19, 20, 22, 25, 26, 28], "13": [3, 5, 6, 7, 8, 13, 17, 18, 19, 20, 22, 25, 26, 27, 28], "14": [3, 5, 6, 7, 8, 13, 16, 17, 18, 19, 20, 22, 25, 26, 27, 28], "15": [0, 3, 5, 6, 7, 8, 13, 16, 17, 18, 19, 20, 22, 25, 26, 27, 28], "16": [0, 3, 5, 6, 7, 8, 9, 13, 16, 17, 18, 19, 20, 22, 25, 26, 27, 28], "17": [0, 3, 5, 6, 7, 8, 9, 12, 13, 16, 17, 18, 19, 20, 22, 25, 26, 27, 28], "18": [0, 3, 5, 6, 7, 8, 9, 12, 13, 15, 16, 17, 18, 19, 20, 22, 25, 26, 27, 28], "19": [0, 3, 5, 6, 7, 8, 9, 10, 12, 13, 15, 16, 17, 18, 19, 20, 22, 25, 26, 27, 28], "20": [0, 1, 3, 5, 6, 7, 8, 9, 10, 12, 13, 15, 16, 17, 18, 19, 20, 22, 25, 26, 27, 28], "21": [0, 1, 3, 5, 6, 7, 8, 9, 10, 12, 13, 15, 16, 17, 18, 19, 20, 21, 22, 25, 26, 27, 28], "22": [0, 1, 3, 5, 6, 7, 8, 9, 10, 11, 12, 13, 15, 16, 17, 18, 19, 20, 21, 22, 25, 26, 27, 28], "23": [0, 1, 2, 3, 5, 6, 7, 8, 9, 10, 11, 12, 13, 15, 16, 17, 18, 19, 20, 21, 22, 25, 26, 27, 28], "24": [0, 1, 2, 3, 5, 6, 7, 8, 9, 10, 11, 12, 13, 15, 16, 17, 18, 19, 20, 21, 22, 23, 25, 26, 27, 28], "25": [0, 1, 2, 3, 5, 6, 7, 8, 9, 10, 11, 12, 13, 15, 16, 17, 18, 19, 20, 21, 22, 23, 24, 25, 26, 27, 28], "26": [0, 1, 2, 3, 5, 6, 7, 8, 9, 10, 11, 12, 13, 15, 16, 17, 18, 19, 20, 21, 22, 23, 24, 25, 26, 27, 28, 29], "27": [0, 1, 2, 3, 4, 5, 6, 7, 8, 9, 10, 11, 12, 13, 15, 16, 17, 18, 19, 20, 21, 22, 23, 24, 25, 26, 27, 28, 29], "28": [0, 1, 2, 3, 4, 5, 6, 7, 8, 9, 10, 11, 12, 13, 14, 15, 16, 17, 18, 19, 20, 21, 22, 23, 24, 25, 26, 27, 28, 29]}, "join_predecessors": {"0": [], "1": [0], "2": [1], "3": [2], "4": [3], "5": [4], "6": [5], "7": [6], "8": [7], "9": [8], "10": [9], "11": [10], "12": [11], "13": [12], "14": [13], "15": [14], "16": [15], "17": [16], "18": [17], "19": [18], "20": [19], "21": [20], "22": [21], "23": [22], "24": [23], "25": [24], "26": [25], "27": [26], "28": [27]}, "intermediate_costs": [[[13, 19], 715.0], [[13, 19, 26], 0.21940751000307787], [[8, 13, 19, 26], 1.5693737696046068], [[7, 8, 13, 19, 26], 11.170894233435877], [[7, 8, 13, 19, 25, 26], 79.38406190244523], [[7, 8, 13, 19, 22, 25, 26], 7225.781932216471], [[3, 7, 8, 13, 19, 22, 25, 26], 18655.935414978245], [[3, 7, 8, 13, 19, 20, 22, 25, 26], 15.438534788598307], [[3, 7, 8, 13, 19, 20, 22, 25, 26, 28], 0.20608429475440973], [[3, 7, 8, 13, 18, 19, 20, 22, 25, 26, 28], 0.6810057236575028], [[3, 7, 8, 13, 17, 18, 19, 20, 22, 25, 26, 28], 4.871084174689041], [[3, 6, 7, 8, 13, 17, 18, 19, 20, 22, 25, 26, 28], 34.84179676271172], [[3, 5, 6, 7, 8, 13, 17, 18, 19, 20, 22, 25, 26, 28], 4667.297538308817], [[3, 5, 6, 7, 8, 13, 17, 18, 19, 20, 22, 25, 26, 27, 28], 31397.00349633813], [[3, 5, 6, 7, 8, 13, 16, 17, 18, 19, 20, 22, 25, 26, 27, 28], 213347.08658239816], [[0, 3, 5, 6, 7, 8, 13, 16, 17, 18, 19, 20, 22, 25, 26, 27, 28], 1526024.9166683618], [[0, 3, 5, 6, 7, 8, 9, 13, 16, 17, 18, 19, 20, 22, 25, 26, 27, 28], 1692.179194084595], [[0, 3, 5, 6, 7, 8, 9, 12, 13, 16, 17, 18, 19, 20, 22, 25, 26, 27, 28], 9683.029163053747], [[0, 3, 5, 6, 7, 8, 9, 12, 13, 15, 16, 17, 18, 19, 20, 22, 25, 26, 27, 28], 69260.58412129285], [[0, 3, 5, 6, 7, 8, 9, 10, 12, 13, 15, 16, 17, 18, 19, 20, 22, 25, 26, 27, 28], 495405.7694183211], [[0, 1, 3, 5, 6, 7, 8, 9, 10, 12, 13, 15, 16, 17, 18, 19, 20, 22, 25, 26, 27, 28], 1647.2241833159176], [[0, 1, 3, 5, 6, 7, 8, 9, 10, 12, 13, 15, 16, 17, 18, 19, 20, 21, 22, 25, 26, 27, 28], 8836.674890996333], [[0, 1, 3, 5, 6, 7, 8, 9, 10, 11, 12, 13, 15, 16, 17, 18, 19, 20, 21, 22, 25, 26, 27, 28], 63048.581914820345], [[0, 1, 2, 3, 5, 6, 7, 8, 9, 10, 11, 12, 13, 15, 16, 17, 18, 19, 20, 21, 22, 25, 26, 27, 28], 450972.67005931656], [[0, 1, 2, 3, 5, 6, 7, 8, 9, 10, 11, 12, 13, 15, 16, 17, 18, 19, 20, 21, 22, 23, 25, 26, 27, 28], 50001194.14704367], [[0, 1, 2, 3, 5, 6, 7, 8, 9, 10, 11, 12, 13, 15, 16, 17, 18, 19, 20, 21, 22, 23, 24, 25, 26, 27, 28], 350512458.67546946], [[0, 1, 2, 3, 5, 6, 7, 8, 9, 10, 11, 12, 13, 15, 16, 17, 18, 19, 20, 21, 22, 23, 24, 25, 26, 27, 28, 29], 262719.5383921126], [[0, 1, 2, 3, 4, 5, 6, 7, 8, 9, 10, 11, 12, 13, 15, 16, 17, 18, 19, 20, 21, 22, 23, 24, 25, 26, 27, 28, 29], 1394319.3237418137]]}