{"costs": 31960.0, "root_join": 0, "join_operands": {"0": [0, 1, 2, 3, 4, 5, 6, 7, 8, 9, 10, 11], "1": [1], "2": [0, 2, 3, 4, 5, 6, 7, 8, 9, 10, 11], "3": [2], "4": [0, 3, 4, 5, 6, 7, 8, 9, 10, 11], "5": [0], "6": [3, 4, 5, 6, 7, 8, 9, 10, 11], "7": [3], "8": [4, 5, 6, 7, 8, 9, 10, 11], "9": [5], "10": [4, 6, 7, 8, 9, 10, 11], "11": [7], "12": [4, 6, 8, 9, 10, 11], "13": [10], "14": [4, 6, 8, 9, 11], "15": [4], "16": [6, 8, 9, 11], "17": [11], "18": [6, 8, 9], "19": [8], "20": [6, 9], "21": [6], "22": [9]}, "join_predecessors": {"0": [1, 2], "2": [3, 4], "4": [5, 6], "6": [7, 8], "8": [9, 10], "10": [11, 12], "12": [13, 14], "14": [15, 16], "16": [17, 18], "18": [19, 20], "20": [21, 22]}, "intermediate_costs": [[[0, 2, 3, 4, 5, 6, 7, 8, 9, 10, 11], 8.883525855464483e-36], [[0, 3, 4, 5, 6, 7, 8, 9, 10, 11], 8.883525855464483e-36], [[3, 4, 5, 6, 7, 8, 9, 10, 11], 4.9888988004346984e-17], [[4, 5, 6, 7, 8, 9, 10, 11], 2.8996665222213987e-15], [[4, 6, 7, 8, 9, 10, 11], 4.599486662049258e-15], [[4, 6, 8, 9, 10, 11], 2.3188368699844705e-14], [[4, 6, 8, 9, 11], 2.3188368699844705e-14], [[6, 8, 9, 11], 0.0012766989010243599], [[6, 8, 9], 7869.475670490037], [[6, 9], 24090.999999999996]]}