{"costs": 26182, "join_operands": {"0": [0, 1, 2, 3, 4, 5, 6, 7, 8, 9, 10, 11], "1": [0, 1, 2, 3, 4, 6, 7, 8, 9, 10, 11], "2": [], "3": [0, 1, 2, 3, 6, 7, 8, 9, 10, 11], "4": [], "5": [], "6": [], "7": [0, 1, 2, 6, 7, 8, 9, 10, 11], "8": [], "9": [], "10": [], "11": [0, 1, 2, 6, 7, 8, 9, 11], "12": [0, 1, 2, 6, 7, 9, 11], "13": [0, 1, 6, 7, 9, 11], "14": [0, 6, 7, 9, 11], "15": [6, 7, 9, 11], "16": [6, 7, 9], "17": [6, 7]}, "join_predecessors": {"0": [1, 2], "1": [3, 5], "2": [4, 6], "3": [7], "4": [8], "5": [9], "6": [10], "7": [11], "8": [], "9": [], "10": [], "11": [12], "12": [13], "13": [14], "14": [15], "15": [16], "16": [17], "17": []}, "leaf_joins": [], "opt_time": 2.0127460956573486, "status": 2, "intermediate_costs": [[[0, 1, 2, 3, 4, 6, 7, 8, 9, 10, 11], 8.96472023007667e-36], [[0, 1, 2, 3, 6, 7, 8, 9, 10, 11], 2.0232258356415243e-05], [[0, 1, 2, 6, 7, 8, 9, 10, 11], 1.1230659863013036e-10], [[0, 1, 2, 6, 7, 8, 9, 11], 2.694825869531309e-17], [[0, 1, 2, 6, 7, 9, 11], 0.00013187072503074125], [[0, 1, 6, 7, 9, 11], 0.00013187072503074125], [[0, 6, 7, 9, 11], 0.0002072804454393446], [[6, 7, 9, 11], 2081.268487238869], [[6, 7, 9], 24090.999999999996], [[6, 7], 10.0]]}