{"costs": 2537387.5774124353, "int_costs": [[[0, 1, 2, 3, 4, 5, 6, 7, 8, 9, 10, 11, 12, 13, 14, 15, 16, 17, 18, 19, 20, 21, 22, 23, 24, 25, 26, 27, 28, 29, 30, 31, 32, 33, 34, 35, 36, 37, 38, 39, 40, 41, 42, 43, 44, 45, 46, 47, 48], 1641872.6128887795], [[0, 1, 2, 3, 4, 5, 6, 7, 8, 9, 10, 11, 12, 13, 14, 15, 16, 17, 18, 19, 20, 21, 22, 23, 24, 25, 26, 27, 28, 29, 30, 31, 32, 33, 34, 35, 36, 37, 39, 40, 41, 42, 43, 44, 45, 46, 47, 48], 186195.2726702843], [[0, 1, 2, 3, 4, 5, 6, 7, 8, 9, 10, 11, 12, 13, 14, 15, 16, 17, 18, 19, 20, 21, 22, 23, 24, 25, 26, 27, 28, 30, 31, 32, 33, 34, 35, 36, 37, 39, 40, 41, 42, 43, 44, 45, 46, 47, 48], 180551.31467750622], [[0, 1, 3, 4, 5, 6, 7, 8, 9, 10, 11, 12, 13, 14, 15, 16, 17, 18, 19, 20, 21, 22, 23, 24, 25, 26, 27, 28, 30, 31, 32, 33, 34, 35, 36, 37, 39, 40, 41, 42, 43, 44, 45, 46, 47, 48], 175078.4365481823], [[0, 1, 3, 4, 5, 6, 7, 8, 9, 10, 11, 12, 13, 14, 15, 16, 17, 18, 19, 20, 21, 22, 23, 24, 25, 26, 27, 28, 30, 31, 32, 33, 34, 35, 36, 37, 39, 40, 41, 42, 43, 44, 45, 46, 48], 169771.44957350646], [[0, 1, 3, 4, 5, 6, 7, 8, 9, 10, 11, 12, 13, 14, 15, 16, 17, 18, 19, 20, 21, 22, 23, 24, 25, 26, 27, 28, 30, 32, 33, 34, 35, 36, 37, 39, 40, 41, 42, 43, 44, 45, 46, 48], 164625.32827312296], [[0, 1, 3, 4, 5, 6, 7, 8, 9, 10, 11, 12, 13, 14, 15, 16, 17, 18, 19, 20, 21, 22, 23, 24, 25, 26, 27, 28, 30, 32, 33, 34, 35, 36, 37, 39, 40, 41, 42, 43, 44, 46, 48], 1588.7699822191362], [[0, 1, 3, 4, 5, 6, 7, 8, 9, 10, 11, 12, 13, 14, 15, 16, 17, 18, 19, 20, 21, 22, 23, 24, 25, 26, 27, 28, 30, 32, 33, 35, 36, 37, 39, 40, 41, 42, 43, 44, 46, 48], 1540.6254373034049], [[0, 3, 4, 5, 6, 7, 8, 9, 10, 11, 12, 13, 14, 15, 16, 17, 18, 19, 20, 21, 22, 23, 24, 25, 26, 27, 28, 30, 32, 33, 35, 36, 37, 39, 40, 41, 42, 43, 44, 46, 48], 1493.9260616771476], [[0, 3, 4, 5, 6, 7, 8, 9, 10, 12, 13, 14, 15, 16, 17, 18, 19, 20, 21, 22, 23, 24, 25, 26, 27, 28, 30, 32, 33, 35, 36, 37, 39, 40, 41, 42, 43, 44, 46, 48], 1792.3876784237036], [[0, 3, 4, 5, 6, 7, 8, 9, 10, 12, 13, 14, 15, 16, 17, 18, 19, 20, 22, 23, 24, 25, 26, 27, 28, 30, 32, 33, 35, 36, 37, 39, 40, 41, 42, 43, 44, 46, 48], 1738.057094125556], [[0, 3, 4, 5, 6, 7, 8, 9, 10, 12, 13, 14, 15, 16, 17, 18, 19, 20, 22, 23, 24, 25, 26, 27, 28, 30, 32, 33, 35, 36, 37, 39, 40, 41, 42, 43, 44, 48], 1685.3736305611283], [[0, 3, 4, 5, 6, 7, 8, 9, 10, 12, 13, 14, 15, 16, 18, 19, 20, 22, 23, 24, 25, 26, 27, 28, 30, 32, 33, 35, 36, 37, 39, 40, 41, 42, 43, 44, 48], 1634.2867028276614], [[0, 3, 4, 5, 6, 7, 8, 9, 10, 12, 15, 16, 18, 19, 20, 22, 23, 25, 27, 28, 30, 32, 36, 37, 39, 40, 41, 42, 43, 44, 48], 6.431195521484009], [[22, 27, 28, 40, 44], 94.48281422079923], [[22, 27, 28, 44], 382.40919128768456], [[22, 27, 44], 370.8175847750865], [[27, 44], 370.0], [[3, 22, 27, 28, 40, 44], 97.43630240979931], [[3, 9, 22, 27, 28, 40, 44], 96.95638118107976], [[3, 9, 22, 27, 28, 39, 40, 44], 230.68474566694167], [[3, 9, 19, 22, 25, 27, 28, 39, 40, 44], 2.8008272446979325], [[19, 25], 2649.0], [[3, 9, 19, 22, 25, 27, 28, 37, 39, 40, 44], 1.9943574014464451], [[3, 5, 9, 19, 22, 25, 27, 28, 37, 39, 40, 44], 44.73799945599073], [[3, 4, 5, 9, 15, 16, 19, 22, 25, 27, 28, 37, 39, 40, 44], 0.029278585416233325], [[4, 15, 16], 13.326769230769232], [[4, 15], 48.0], [[3, 4, 5, 9, 15, 16, 19, 22, 25, 27, 28, 36, 37, 39, 40, 44], 0.027729019629050264], [[3, 4, 5, 9, 15, 16, 19, 22, 25, 27, 28, 36, 37, 39, 40, 41, 44], 0.027729271253547808], [[3, 4, 5, 9, 15, 16, 19, 22, 23, 25, 27, 28, 36, 37, 39, 40, 41, 44], 0.02793105076913964], [[3, 4, 5, 9, 15, 16, 19, 22, 23, 25, 27, 28, 36, 37, 39, 40, 41, 44, 48], 0.0288035635931661], [[3, 4, 5, 9, 12, 15, 16, 19, 22, 23, 25, 27, 28, 36, 37, 39, 40, 41, 44, 48], 0.029703548624033273], [[3, 4, 5, 9, 12, 15, 16, 19, 22, 23, 25, 27, 28, 36, 37, 39, 40, 41, 42, 44, 48], 0.030632054893765224], [[3, 4, 5, 9, 12, 15, 16, 19, 22, 23, 25, 27, 28, 36, 37, 39, 40, 41, 42, 43, 44, 48], 0.03158959653684276], [[3, 4, 5, 9, 12, 15, 16, 18, 19, 22, 23, 25, 27, 28, 36, 37, 39, 40, 41, 42, 43, 44, 48], 0.03257707187315138], [[3, 4, 5, 7, 9, 12, 15, 16, 18, 19, 22, 23, 25, 27, 28, 36, 37, 39, 40, 41, 42, 43, 44, 48], 0.03359541643195238], [[3, 4, 5, 7, 8, 9, 12, 15, 16, 18, 19, 22, 23, 25, 27, 28, 36, 37, 39, 40, 41, 42, 43, 44, 48], 1.9025592092815933], [[3, 4, 5, 7, 8, 9, 10, 12, 15, 16, 18, 19, 22, 23, 25, 27, 28, 36, 37, 39, 40, 41, 42, 43, 44, 48], 1.9591596454744007], [[3, 4, 5, 7, 8, 9, 10, 12, 15, 16, 18, 19, 22, 23, 25, 27, 28, 32, 36, 37, 39, 40, 41, 42, 43, 44, 48], 1.9815477896228857], [[3, 4, 5, 7, 8, 9, 10, 12, 15, 16, 18, 19, 22, 23, 25, 27, 28, 30, 32, 36, 37, 39, 40, 41, 42, 43, 44, 48], 2.0434901597176416], [[3, 4, 5, 7, 8, 9, 10, 12, 15, 16, 18, 19, 20, 22, 23, 25, 27, 28, 30, 32, 36, 37, 39, 40, 41, 42, 43, 44, 48], 2.1073683917735524], [[0, 3, 4, 5, 7, 8, 9, 10, 12, 15, 16, 18, 19, 20, 22, 23, 25, 27, 28, 30, 32, 36, 37, 39, 40, 41, 42, 43, 44, 48], 2.1732438622178307], [[0, 3, 4, 5, 6, 7, 8, 9, 10, 12, 15, 16, 18, 19, 20, 22, 23, 25, 26, 27, 28, 30, 32, 36, 37, 39, 40, 41, 42, 43, 44, 48], 701.5747387692774], [[0, 3, 4, 5, 6, 7, 8, 9, 10, 12, 14, 15, 16, 18, 19, 20, 22, 23, 25, 26, 27, 28, 30, 32, 36, 37, 39, 40, 41, 42, 43, 44, 48], 675.2718857599973], [[0, 3, 4, 5, 6, 7, 8, 9, 10, 12, 14, 15, 16, 18, 19, 20, 22, 23, 25, 26, 27, 28, 30, 32, 35, 36, 37, 39, 40, 41, 42, 43, 44, 48], 660.3609290533059], [[0, 3, 4, 5, 6, 7, 8, 9, 10, 12, 14, 15, 16, 18, 19, 20, 22, 23, 24, 25, 26, 27, 28, 30, 32, 35, 36, 37, 39, 40, 41, 42, 43, 44, 48], 670.0195332049628], [[0, 3, 4, 5, 6, 7, 8, 9, 10, 12, 13, 14, 15, 16, 18, 19, 20, 22, 23, 24, 25, 26, 27, 28, 30, 32, 35, 36, 37, 39, 40, 41, 42, 43, 44, 48], 690.9640004956387]]}