{"costs": 2707443, "root_join": 0, "join_operands": {"0": [0, 1, 2, 3, 4, 5, 6, 7, 8, 9, 10, 11, 12, 13, 14, 15, 16, 17, 18, 19, 20, 21, 22, 23, 24, 25, 26, 27, 28, 29], "1": [0, 1, 2, 3, 4, 5, 6, 7, 8, 9, 10, 11, 12, 13, 14, 15, 16, 17, 18, 19, 20, 21, 24, 25, 26, 27, 28, 29], "2": [22, 23], "3": [0, 1, 2, 3, 4, 5, 6, 7, 8, 9, 10, 12, 13, 14, 15, 16, 17, 18, 19, 20, 21, 24, 25, 26, 27, 29], "4": [], "5": [11, 28], "6": [], "7": [1, 2, 5, 6, 7, 9, 10, 13, 15, 16, 17, 19, 20, 24, 25, 26, 27, 29], "8": [2, 5, 6, 7, 9, 10, 13, 15, 16, 17, 19, 20, 24, 25, 26, 27, 29], "9": [5, 7, 29], "10": [5, 29], "11": [5, 7, 10, 29], "12": [5, 7, 9, 10, 15, 17, 19, 20, 25, 26, 27, 29], "13": [9, 15, 17, 19, 20, 25, 26, 27], "14": [9, 15, 17, 19, 20, 25, 26], "15": [9, 17, 19, 20, 25, 26], "16": [9, 17, 19, 25, 26], "17": [9, 19], "18": [9, 19, 25], "19": [9, 17, 19, 25], "20": [5, 7, 9, 10, 15, 16, 17, 19, 20, 25, 26, 27, 29], "21": [5, 7, 9, 10, 13, 15, 16, 17, 19, 20, 25, 26, 27, 29], "22": [2, 5, 7, 9, 10, 13, 15, 16, 17, 19, 20, 25, 26, 27, 29], "23": [2, 5, 7, 9, 10, 13, 15, 16, 17, 19, 20, 24, 25, 26, 27, 29], "24": [1, 2, 3, 5, 6, 7, 9, 10, 13, 15, 16, 17, 19, 20, 24, 25, 26, 27, 29], "25": [1, 2, 3, 5, 6, 7, 9, 10, 13, 15, 16, 17, 19, 20, 21, 24, 25, 26, 27, 29], "26": [1, 2, 3, 5, 6, 7, 9, 10, 12, 13, 15, 16, 17, 19, 20, 21, 24, 25, 26, 27, 29], "27": [1, 2, 3, 5, 6, 7, 9, 10, 12, 13, 14, 15, 16, 17, 19, 20, 21, 24, 25, 26, 27, 29], "28": [1, 2, 3, 5, 6, 7, 8, 9, 10, 12, 13, 14, 15, 16, 17, 19, 20, 21, 24, 25, 26, 27, 29], "29": [1, 2, 3, 5, 6, 7, 8, 9, 10, 12, 13, 14, 15, 16, 17, 18, 19, 20, 21, 24, 25, 26, 27, 29], "30": [1, 2, 3, 4, 5, 6, 7, 8, 9, 10, 12, 13, 14, 15, 16, 17, 18, 19, 20, 21, 24, 25, 26, 27, 29]}, "join_predecessors": {"0": [1, 2], "1": [3, 5], "2": [], "3": [30], "4": [], "5": [], "6": [], "7": [8], "9": [10], "10": [], "11": [9], "12": [11, 13], "13": [14], "14": [15], "15": [16], "17": [], "18": [17], "19": [18], "16": [19], "20": [12], "21": [20], "22": [21], "23": [22], "8": [23], "24": [7], "25": [24], "26": [25], "27": [26], "28": [27], "29": [28], "30": [29]}, "intermediate_costs": [[[0, 1, 2, 3, 4, 5, 6, 7, 8, 9, 10, 11, 12, 13, 14, 15, 16, 17, 18, 19, 20, 21, 24, 25, 26, 27, 28, 29], 1914868.838548729], [[22, 23], 143477.0], [[0, 1, 2, 3, 4, 5, 6, 7, 8, 9, 10, 12, 13, 14, 15, 16, 17, 18, 19, 20, 21, 24, 25, 26, 27, 29], 364316.12512957916], [[11, 28], 124963.0], [[1, 2, 5, 6, 7, 9, 10, 13, 15, 16, 17, 19, 20, 24, 25, 26, 27, 29], 0.45171886424472446], [[2, 5, 6, 7, 9, 10, 13, 15, 16, 17, 19, 20, 24, 25, 26, 27, 29], 0.1951996284174789], [[5, 7, 29], 17.791003424657532], [[5, 29], 157.0], [[5, 7, 10, 29], 41.17083585616438], [[5, 7, 9, 10, 15, 17, 19, 20, 25, 26, 27, 29], 0.003659744914130033], [[9, 15, 17, 19, 20, 25, 26, 27], 10.601791298690866], [[9, 15, 17, 19, 20, 25, 26], 4.581346579063963], [[9, 17, 19, 20, 25, 26], 30.415927449197667], [[9, 17, 19, 25, 26], 2.307536530394611], [[9, 19], 230.99999999999997], [[9, 19, 25], 534.5677226277372], [[9, 17, 19, 25], 1237.0683446889213], [[5, 7, 9, 10, 15, 16, 17, 19, 20, 25, 26, 27, 29], 0.007167984402855041], [[5, 7, 9, 10, 13, 15, 16, 17, 19, 20, 25, 26, 27, 29], 0.01619269397769811], [[2, 5, 7, 9, 10, 13, 15, 16, 17, 19, 20, 25, 26, 27, 29], 0.03687223625030748], [[2, 5, 7, 9, 10, 13, 15, 16, 17, 19, 20, 24, 25, 26, 27, 29], 0.08435096197647926], [[1, 2, 3, 5, 6, 7, 9, 10, 13, 15, 16, 17, 19, 20, 24, 25, 26, 27, 29], 1.0453438040727343], [[1, 2, 3, 5, 6, 7, 9, 10, 13, 15, 16, 17, 19, 20, 21, 24, 25, 26, 27, 29], 2.4190792370980683], [[1, 2, 3, 5, 6, 7, 9, 10, 12, 13, 15, 16, 17, 19, 20, 21, 24, 25, 26, 27, 29], 5.598105017966892], [[1, 2, 3, 5, 6, 7, 9, 10, 12, 13, 14, 15, 16, 17, 19, 20, 21, 24, 25, 26, 27, 29], 12.954838068793544], [[1, 2, 3, 5, 6, 7, 8, 9, 10, 12, 13, 14, 15, 16, 17, 19, 20, 21, 24, 25, 26, 27, 29], 29.979400414433673], [[1, 2, 3, 5, 6, 7, 8, 9, 10, 12, 13, 14, 15, 16, 17, 18, 19, 20, 21, 24, 25, 26, 27, 29], 69.37674269554175], [[1, 2, 3, 4, 5, 6, 7, 8, 9, 10, 12, 13, 14, 15, 16, 17, 18, 19, 20, 21, 24, 25, 26, 27, 29], 157429.97724709118]]}