{"costs": 32462738, "root_join": 18, "join_operands": {"0": [2, 14], "1": [2, 4, 14], "2": [2, 4, 7, 14], "3": [2, 4, 7, 12, 14], "4": [2, 4, 7, 8, 12, 14], "5": [2, 4, 7, 8, 9, 12, 14], "6": [2, 4, 6, 7, 8, 9, 12, 14], "7": [2, 4, 6, 7, 8, 9, 12, 14, 15], "8": [0, 2, 4, 6, 7, 8, 9, 12, 14, 15], "9": [0, 2, 4, 6, 7, 8, 9, 12, 14, 15, 18], "10": [0, 2, 4, 5, 6, 7, 8, 9, 12, 14, 15, 18], "11": [0, 2, 4, 5, 6, 7, 8, 9, 12, 13, 14, 15, 18], "12": [0, 2, 3, 4, 5, 6, 7, 8, 9, 12, 13, 14, 15, 18], "13": [0, 1, 2, 3, 4, 5, 6, 7, 8, 9, 12, 13, 14, 15, 18], "14": [0, 1, 2, 3, 4, 5, 6, 7, 8, 9, 12, 13, 14, 15, 18, 19], "15": [0, 1, 2, 3, 4, 5, 6, 7, 8, 9, 11, 12, 13, 14, 15, 18, 19], "16": [0, 1, 2, 3, 4, 5, 6, 7, 8, 9, 10, 11, 12, 13, 14, 15, 18, 19], "17": [0, 1, 2, 3, 4, 5, 6, 7, 8, 9, 10, 11, 12, 13, 14, 15, 16, 18, 19], "18": [0, 1, 2, 3, 4, 5, 6, 7, 8, 9, 10, 11, 12, 13, 14, 15, 16, 17, 18, 19]}, "join_predecessors": {"0": [], "1": [0], "2": [1], "3": [2], "4": [3], "5": [4], "6": [5], "7": [6], "8": [7], "9": [8], "10": [9], "11": [10], "12": [11], "13": [12], "14": [13], "15": [14], "16": [15], "17": [16], "18": [17]}, "intermediate_costs": [[[2, 14], 262.0], [[2, 4, 14], 8.842750957854406], [[2, 4, 7, 14], 25.369765660741905], [[2, 4, 7, 12, 14], 71.9657220123891], [[2, 4, 7, 8, 12, 14], 206.99834472623897], [[2, 4, 7, 8, 9, 12, 14], 595.3989416242697], [[2, 4, 6, 7, 8, 9, 12, 14], 1712.5737030572373], [[2, 4, 6, 7, 8, 9, 12, 14, 15], 43710.77320541283], [[0, 2, 4, 6, 7, 8, 9, 12, 14, 15], 88261.29906324433], [[0, 2, 4, 6, 7, 8, 9, 12, 14, 15, 18], 214624.4597790486], [[0, 2, 4, 5, 6, 7, 8, 9, 12, 14, 15, 18], 300752.6068583815], [[0, 2, 4, 5, 6, 7, 8, 9, 12, 13, 14, 15, 18], 863150.6154669907], [[0, 2, 3, 4, 5, 6, 7, 8, 9, 12, 13, 14, 15, 18], 2482720.067662342], [[0, 1, 2, 3, 4, 5, 6, 7, 8, 9, 12, 13, 14, 15, 18], 7141163.360304149], [[0, 1, 2, 3, 4, 5, 6, 7, 8, 9, 12, 13, 14, 15, 18, 19], 20540460.53668889], [[0, 1, 2, 3, 4, 5, 6, 7, 8, 9, 11, 12, 13, 14, 15, 18, 19], 65604.2963955742], [[0, 1, 2, 3, 4, 5, 6, 7, 8, 9, 10, 11, 12, 13, 14, 15, 18, 19], 188700.6899837298], [[0, 1, 2, 3, 4, 5, 6, 7, 8, 9, 10, 11, 12, 13, 14, 15, 16, 18, 19], 530707.0444276481]]}