{"costs": 36244310, "join_operands": {"0": [0, 1, 2, 3, 4, 5, 6], "1": [0, 1, 3, 4, 5, 6], "2": [], "3": [0, 1, 4, 5, 6], "4": [], "5": [], "6": [0, 1, 4, 5], "7": [0, 1, 4], "8": [1, 4]}, "join_predecessors": {"0": [1, 2], "1": [3, 5], "2": [4], "3": [6], "4": [], "5": [], "6": [7], "7": [8], "8": []}, "leaf_joins": [], "opt_time": 0.17281699180603027, "status": 2, "intermediate_costs": [[[0, 1, 3, 4, 5, 6], 5.76362584903477e-07], [[0, 1, 4, 5, 6], 0.6579453670340705], [[0, 1, 4, 5], 0.6579453670340705], [[0, 1, 4], 8.73847327768033], [[1, 4], 36244300.0]]}