{"costs": 120.0, "root_join": 0, "join_operands": {"0": [0, 1, 2, 3, 4, 5, 6, 7, 8], "1": [1], "2": [0, 2, 3, 4, 5, 6, 7, 8], "3": [2], "4": [0, 3, 4, 5, 6, 7, 8], "5": [3], "6": [0, 4, 5, 6, 7, 8], "7": [4], "8": [0, 5, 6, 7, 8], "9": [5], "10": [0, 6, 7, 8], "11": [7], "12": [0, 6, 8], "13": [8], "14": [0, 6], "15": [0], "16": [6]}, "join_predecessors": {"0": [1, 2], "2": [3, 4], "4": [5, 6], "6": [7, 8], "8": [9, 10], "10": [11, 12], "12": [13, 14], "14": [15, 16]}, "intermediate_costs": [[[0, 2, 3, 4, 5, 6, 7, 8], 3.0269269754070017e-34], [[0, 3, 4, 5, 6, 7, 8], 3.0269269754070017e-34], [[0, 4, 5, 6, 7, 8], 3.0269269754070017e-34], [[0, 5, 6, 7, 8], 3.0269269754070017e-34], [[0, 6, 7, 8], 9.289829182716029e-17], [[0, 6, 8], 2.6742666255020422e-05], [[0, 6], 120.0]]}