{"costs": 2368.0, "root_join": 0, "join_operands": {"0": [0, 1, 2, 3, 4, 5, 6, 7, 8], "1": [0], "2": [1, 2, 3, 4, 5, 6, 7, 8], "3": [1], "4": [2, 3, 4, 5, 6, 7, 8], "5": [4], "6": [2, 3, 5, 6, 7, 8], "7": [8], "8": [2, 3, 5, 6, 7], "9": [5], "10": [2, 3, 6, 7], "11": [6], "12": [2, 3, 7], "13": [7], "14": [2, 3], "15": [2], "16": [3]}, "join_predecessors": {"0": [1, 2], "2": [3, 4], "4": [5, 6], "6": [7, 8], "8": [9, 10], "10": [11, 12], "12": [13, 14], "14": [15, 16]}, "intermediate_costs": [[[1, 2, 3, 4, 5, 6, 7, 8], 3.7500783647221245e-37], [[2, 3, 4, 5, 6, 7, 8], 3.995261178748248e-37], [[2, 3, 5, 6, 7, 8], 6.029368288058507e-19], [[2, 3, 5, 6, 7], 6.264829983051416e-06], [[2, 3, 6, 7], 51.83756752573219], [[2, 3, 7], 2315.0], [[2, 3], 2.0]]}