{"costs": 9253396, "root_join": 28, "join_operands": {"0": [0, 15], "1": [0, 15, 23, 27], "2": [23, 27], "3": [0, 15, 23, 25, 27], "4": [0, 4, 15, 23, 25, 27], "5": [0, 4, 15, 23, 25, 27, 28], "6": [0, 4, 15, 23, 25, 27, 28, 29], "7": [0, 3, 4, 15, 23, 25, 27, 28, 29], "8": [0, 3, 4, 15, 22, 23, 25, 27, 28, 29], "9": [0, 1, 3, 4, 15, 22, 23, 25, 27, 28, 29], "10": [0, 1, 3, 4, 7, 15, 22, 23, 25, 26, 27, 28, 29], "11": [7, 26], "12": [0, 1, 3, 4, 7, 15, 19, 22, 23, 25, 26, 27, 28, 29], "13": [0, 1, 3, 4, 7, 15, 18, 19, 22, 23, 25, 26, 27, 28, 29], "14": [0, 1, 3, 4, 7, 15, 18, 19, 22, 23, 24, 25, 26, 27, 28, 29], "15": [0, 1, 3, 4, 7, 8, 15, 18, 19, 22, 23, 24, 25, 26, 27, 28, 29], "16": [0, 1, 3, 4, 7, 8, 12, 15, 18, 19, 22, 23, 24, 25, 26, 27, 28, 29], "17": [0, 1, 3, 4, 7, 8, 12, 15, 18, 19, 20, 22, 23, 24, 25, 26, 27, 28, 29], "18": [0, 1, 3, 4, 6, 7, 8, 12, 15, 18, 19, 20, 22, 23, 24, 25, 26, 27, 28, 29], "19": [0, 1, 3, 4, 6, 7, 8, 12, 14, 15, 18, 19, 20, 22, 23, 24, 25, 26, 27, 28, 29], "20": [0, 1, 2, 3, 4, 6, 7, 8, 12, 14, 15, 18, 19, 20, 22, 23, 24, 25, 26, 27, 28, 29], "21": [0, 1, 2, 3, 4, 6, 7, 8, 9, 12, 14, 15, 18, 19, 20, 22, 23, 24, 25, 26, 27, 28, 29], "22": [0, 1, 2, 3, 4, 6, 7, 8, 9, 12, 14, 15, 18, 19, 20, 21, 22, 23, 24, 25, 26, 27, 28, 29], "23": [0, 1, 2, 3, 4, 6, 7, 8, 9, 10, 12, 14, 15, 18, 19, 20, 21, 22, 23, 24, 25, 26, 27, 28, 29], "24": [0, 1, 2, 3, 4, 6, 7, 8, 9, 10, 12, 14, 15, 17, 18, 19, 20, 21, 22, 23, 24, 25, 26, 27, 28, 29], "25": [0, 1, 2, 3, 4, 6, 7, 8, 9, 10, 12, 14, 15, 16, 17, 18, 19, 20, 21, 22, 23, 24, 25, 26, 27, 28, 29], "26": [0, 1, 2, 3, 4, 6, 7, 8, 9, 10, 11, 12, 14, 15, 16, 17, 18, 19, 20, 21, 22, 23, 24, 25, 26, 27, 28, 29], "27": [0, 1, 2, 3, 4, 5, 6, 7, 8, 9, 10, 11, 12, 14, 15, 16, 17, 18, 19, 20, 21, 22, 23, 24, 25, 26, 27, 28, 29], "28": [0, 1, 2, 3, 4, 5, 6, 7, 8, 9, 10, 11, 12, 13, 14, 15, 16, 17, 18, 19, 20, 21, 22, 23, 24, 25, 26, 27, 28, 29]}, "join_predecessors": {"0": [], "1": [0, 2], "2": [], "3": [1], "4": [3], "5": [4], "6": [5], "7": [6], "8": [7], "9": [8], "10": [9, 11], "11": [], "12": [10], "13": [12], "14": [13], "15": [14], "16": [15], "17": [16], "18": [17], "19": [18], "20": [19], "21": [20], "22": [21], "23": [22], "24": [23], "25": [24], "26": [25], "27": [26], "28": [27]}, "intermediate_costs": [[[0, 15], 365.00000000000006], [[0, 15, 23, 27], 14.964203205162834], [[23, 27], 1426.0], [[0, 15, 23, 25, 27], 33.98771047678441], [[0, 4, 15, 23, 25, 27], 0.08480674197607842], [[0, 4, 15, 23, 25, 27, 28], 0.19261880858232758], [[0, 4, 15, 23, 25, 27, 28, 29], 0.29247851002087355], [[0, 3, 4, 15, 23, 25, 27, 28, 29], 0.3019531420514638], [[0, 3, 4, 15, 22, 23, 25, 27, 28, 29], 0.6780230345835209], [[0, 1, 3, 4, 15, 22, 23, 25, 27, 28, 29], 17.07385387990635], [[0, 1, 3, 4, 7, 15, 22, 23, 25, 26, 27, 28, 29], 18.415729772858842], [[7, 26], 1400766.0], [[0, 1, 3, 4, 7, 15, 19, 22, 23, 25, 26, 27, 28, 29], 27.88469978214539], [[0, 1, 3, 4, 7, 15, 18, 19, 22, 23, 25, 26, 27, 28, 29], 57.00023883339042], [[0, 1, 3, 4, 7, 15, 18, 19, 22, 23, 24, 25, 26, 27, 28, 29], 120.61734501437395], [[0, 1, 3, 4, 7, 8, 15, 18, 19, 22, 23, 24, 25, 26, 27, 28, 29], 273.9542694663993], [[0, 1, 3, 4, 7, 8, 12, 15, 18, 19, 22, 23, 24, 25, 26, 27, 28, 29], 622.2234393120929], [[0, 1, 3, 4, 7, 8, 12, 15, 18, 19, 20, 22, 23, 24, 25, 26, 27, 28, 29], 1263.347270321109], [[0, 1, 3, 4, 6, 7, 8, 12, 15, 18, 19, 20, 22, 23, 24, 25, 26, 27, 28, 29], 2754.6236184721847], [[0, 1, 3, 4, 6, 7, 8, 12, 14, 15, 18, 19, 20, 22, 23, 24, 25, 26, 27, 28, 29], 6224.88908866133], [[0, 1, 2, 3, 4, 6, 7, 8, 12, 14, 15, 18, 19, 20, 22, 23, 24, 25, 26, 27, 28, 29], 14092.485214441262], [[0, 1, 2, 3, 4, 6, 7, 8, 9, 12, 14, 15, 18, 19, 20, 22, 23, 24, 25, 26, 27, 28, 29], 32007.803196552857], [[0, 1, 2, 3, 4, 6, 7, 8, 9, 12, 14, 15, 18, 19, 20, 21, 22, 23, 24, 25, 26, 27, 28, 29], 72698.28512275379], [[0, 1, 2, 3, 4, 6, 7, 8, 9, 10, 12, 14, 15, 18, 19, 20, 21, 22, 23, 24, 25, 26, 27, 28, 29], 165117.25511443094], [[0, 1, 2, 3, 4, 6, 7, 8, 9, 10, 12, 14, 15, 17, 18, 19, 20, 21, 22, 23, 24, 25, 26, 27, 28, 29], 375025.45514876104], [[0, 1, 2, 3, 4, 6, 7, 8, 9, 10, 12, 14, 15, 16, 17, 18, 19, 20, 21, 22, 23, 24, 25, 26, 27, 28, 29], 851783.1708560592], [[0, 1, 2, 3, 4, 6, 7, 8, 9, 10, 11, 12, 14, 15, 16, 17, 18, 19, 20, 21, 22, 23, 24, 25, 26, 27, 28, 29], 1934627.5510389332], [[0, 1, 2, 3, 4, 5, 6, 7, 8, 9, 10, 11, 12, 14, 15, 16, 17, 18, 19, 20, 21, 22, 23, 24, 25, 26, 27, 28, 29], 4394056.971441391]]}