{"costs": 5005712, "root_join": 0, "join_operands": {"0": [0, 1, 2, 3, 4, 5, 6, 7, 8, 9, 10, 11, 12, 13, 14, 15, 16, 17, 18, 19, 20, 21, 22, 23, 24, 25, 26, 27, 28, 29], "1": [0, 1, 2, 3, 5, 6, 7, 8, 9, 10, 11, 12, 13, 14, 15, 16, 17, 19, 20, 21, 22, 24, 25, 27, 28, 29], "2": [4, 18, 23, 26], "3": [0, 1, 2, 3, 5, 6, 7, 8, 9, 10, 11, 12, 13, 14, 15, 16, 19, 20, 21, 22, 24, 25, 27, 28, 29], "4": [18, 26], "5": [], "6": [4, 23], "7": [2, 5, 6, 7, 8, 9, 10, 12, 13, 14, 19, 21, 22, 25, 27, 28], "8": [2, 5, 6, 7, 8, 9, 10, 13, 14, 19, 21, 22, 25, 27, 28], "9": [2, 5, 6, 7, 8, 9, 10, 13, 14, 21, 22, 25, 27, 28], "10": [2, 5, 6, 7, 8, 9, 10, 13, 14, 21, 22, 25, 27], "11": [2, 5, 6, 7, 10, 13, 21, 25], "12": [2, 5, 7, 10, 13, 21, 25], "13": [5, 7, 10, 13, 21, 25], "14": [5, 7, 10, 13, 21], "15": [5, 7, 13, 21], "16": [7, 13, 21], "17": [7, 13], "18": [2, 5, 6, 7, 10, 13, 21, 25, 27], "19": [2, 5, 6, 7, 9, 10, 13, 21, 25, 27], "20": [2, 5, 6, 7, 9, 10, 13, 14, 21, 25, 27], "21": [2, 5, 6, 7, 8, 9, 10, 13, 14, 21, 25, 27], "22": [2, 5, 6, 7, 8, 9, 10, 12, 13, 14, 19, 20, 21, 22, 25, 27, 28], "23": [2, 5, 6, 7, 8, 9, 10, 11, 12, 13, 14, 19, 20, 21, 22, 25, 27, 28], "24": [1, 2, 5, 6, 7, 8, 9, 10, 11, 12, 13, 14, 19, 20, 21, 22, 25, 27, 28], "25": [0, 1, 2, 5, 6, 7, 8, 9, 10, 11, 12, 13, 14, 19, 20, 21, 22, 25, 27, 28], "26": [0, 1, 2, 5, 6, 7, 8, 9, 10, 11, 12, 13, 14, 19, 20, 21, 22, 25, 27, 28, 29], "27": [0, 1, 2, 5, 6, 7, 8, 9, 10, 11, 12, 13, 14, 16, 19, 20, 21, 22, 25, 27, 28, 29], "28": [0, 1, 2, 5, 6, 7, 8, 9, 10, 11, 12, 13, 14, 15, 16, 19, 20, 21, 22, 25, 27, 28, 29], "29": [0, 1, 2, 5, 6, 7, 8, 9, 10, 11, 12, 13, 14, 15, 16, 19, 20, 21, 22, 24, 25, 27, 28, 29]}, "join_predecessors": {"0": [1, 2], "1": [3], "2": [4, 6], "3": [29], "4": [], "5": [], "6": [], "7": [8], "8": [9], "9": [10], "11": [12], "12": [13], "13": [14], "14": [15], "16": [17], "17": [], "15": [16], "18": [11], "19": [18], "20": [19], "21": [20], "10": [21], "22": [7], "23": [22], "24": [23], "25": [24], "26": [25], "27": [26], "28": [27], "29": [28]}, "intermediate_costs": [[[0, 1, 2, 3, 5, 6, 7, 8, 9, 10, 11, 12, 13, 14, 15, 16, 17, 19, 20, 21, 22, 24, 25, 27, 28, 29], 1646732.0806257576], [[4, 18, 23, 26], 709636.2173184966], [[0, 1, 2, 3, 5, 6, 7, 8, 9, 10, 11, 12, 13, 14, 15, 16, 19, 20, 21, 22, 24, 25, 27, 28, 29], 1016340.9906284527], [[18, 26], 257596.0], [[4, 23], 165977.0], [[2, 5, 6, 7, 8, 9, 10, 12, 13, 14, 19, 21, 22, 25, 27, 28], 10.28951081348214], [[2, 5, 6, 7, 8, 9, 10, 13, 14, 19, 21, 22, 25, 27, 28], 6.199346387219462], [[2, 5, 6, 7, 8, 9, 10, 13, 14, 21, 22, 25, 27, 28], 3.7350544321438526], [[2, 5, 6, 7, 8, 9, 10, 13, 14, 21, 22, 25, 27], 2.250339148459855], [[2, 5, 6, 7, 10, 13, 21, 25], 0.22443024491434085], [[2, 5, 7, 10, 13, 21, 25], 0.13645249728794095], [[5, 7, 10, 13, 21, 25], 39.462627688701076], [[5, 7, 10, 13, 21], 10.777312549158598], [[5, 7, 13, 21], 16.366027201999167], [[7, 13, 21], 56.18351020408163], [[7, 13], 704.0], [[2, 5, 6, 7, 10, 13, 21, 25, 27], 0.30578643973092107], [[2, 5, 6, 7, 9, 10, 13, 21, 25, 27], 0.4921560663817129], [[2, 5, 6, 7, 9, 10, 13, 14, 21, 25, 27], 0.8168662844284309], [[2, 5, 6, 7, 8, 9, 10, 13, 14, 21, 25, 27], 1.3558108336276804], [[2, 5, 6, 7, 8, 9, 10, 12, 13, 14, 19, 20, 21, 22, 25, 27, 28], 17.078263228824692], [[2, 5, 6, 7, 8, 9, 10, 11, 12, 13, 14, 19, 20, 21, 22, 25, 27, 28], 28.346055943451308], [[1, 2, 5, 6, 7, 8, 9, 10, 11, 12, 13, 14, 19, 20, 21, 22, 25, 27, 28], 47.048047812275534], [[0, 1, 2, 5, 6, 7, 8, 9, 10, 11, 12, 13, 14, 19, 20, 21, 22, 25, 27, 28], 1649.1079361963928], [[0, 1, 2, 5, 6, 7, 8, 9, 10, 11, 12, 13, 14, 19, 20, 21, 22, 25, 27, 28, 29], 2737.146361497585], [[0, 1, 2, 5, 6, 7, 8, 9, 10, 11, 12, 13, 14, 16, 19, 20, 21, 22, 25, 27, 28, 29], 222834.4537634266], [[0, 1, 2, 5, 6, 7, 8, 9, 10, 11, 12, 13, 14, 15, 16, 19, 20, 21, 22, 25, 27, 28, 29], 368927.8922595785], [[0, 1, 2, 5, 6, 7, 8, 9, 10, 11, 12, 13, 14, 15, 16, 19, 20, 21, 22, 24, 25, 27, 28, 29], 612336.94930942]]}