{"costs": 2496.0, "root_join": 0, "join_operands": {"0": [0, 1, 2, 3, 4], "1": [4], "2": [0, 1, 2, 3], "3": [0], "4": [1, 2, 3], "5": [3], "6": [1, 2], "7": [1], "8": [2]}, "join_predecessors": {"0": [1, 2], "2": [3, 4], "4": [5, 6], "6": [7, 8]}, "intermediate_costs": [[[0, 1, 2, 3], 527.6070000000001], [[1, 2, 3], 527.6070000000001], [[1, 2], 1441.5500000000002]]}