{"costs": 7571541, "root_join": 16, "join_operands": {"0": [0, 3, 4, 6, 8, 10, 12, 13, 14, 16, 18], "1": [3, 4, 6, 8, 10, 12, 13, 14, 16, 18], "2": [3, 4, 6, 8, 10, 13, 14, 16, 18], "3": [4, 6, 8, 10, 14, 18], "4": [4, 6, 8, 10, 14], "5": [8, 10, 14], "6": [8, 14], "7": [4, 8, 10, 14], "8": [4, 6, 8, 10, 13, 14, 18], "9": [4, 6, 8, 10, 13, 14, 16, 18], "10": [0, 1, 3, 4, 6, 8, 9, 10, 12, 13, 14, 16, 18], "11": [1, 9], "12": [0, 1, 3, 4, 6, 8, 9, 10, 12, 13, 14, 16, 18, 19], "13": [0, 1, 3, 4, 6, 8, 9, 10, 12, 13, 14, 16, 17, 18, 19], "14": [0, 1, 3, 4, 6, 8, 9, 10, 11, 12, 13, 14, 16, 17, 18, 19], "15": [0, 1, 2, 3, 4, 6, 8, 9, 10, 11, 12, 13, 14, 16, 17, 18, 19], "16": [0, 1, 2, 3, 4, 5, 6, 7, 8, 9, 10, 11, 12, 13, 14, 15, 16, 17, 18, 19], "17": [5, 7, 15], "18": [5, 7]}, "join_predecessors": {"0": [1], "1": [2], "3": [4], "5": [6], "6": [], "7": [5], "4": [7], "8": [3], "9": [8], "2": [9], "10": [0, 11], "11": [], "12": [10], "13": [12], "14": [13], "15": [14], "16": [15, 17], "17": [18], "18": []}, "intermediate_costs": [[[0, 3, 4, 6, 8, 10, 12, 13, 14, 16, 18], 453312.6231703591], [[3, 4, 6, 8, 10, 12, 13, 14, 16, 18], 13096.435180291797], [[3, 4, 6, 8, 10, 13, 14, 16, 18], 7084.238134895582], [[4, 6, 8, 10, 14, 18], 1121.2797338492257], [[4, 6, 8, 10, 14], 660.0503051376833], [[8, 10, 14], 863.3459640130862], [[8, 14], 918.0], [[4, 8, 10, 14], 1596.0435321922566], [[4, 6, 8, 10, 13, 14, 18], 2072.877451441419], [[4, 6, 8, 10, 13, 14, 16, 18], 3832.0686613533762], [[0, 1, 3, 4, 6, 8, 9, 10, 12, 13, 14, 16, 18], 143354.45008847688], [[1, 9], 632245.0], [[0, 1, 3, 4, 6, 8, 9, 10, 12, 13, 14, 16, 18, 19], 250292.25903883448], [[0, 1, 3, 4, 6, 8, 9, 10, 12, 13, 14, 16, 17, 18, 19], 462707.6880585027], [[0, 1, 3, 4, 6, 8, 9, 10, 11, 12, 13, 14, 16, 17, 18, 19], 855393.6322706082], [[0, 1, 2, 3, 4, 6, 8, 9, 10, 11, 12, 13, 14, 16, 17, 18, 19], 1581342.5512769453], [[5, 7, 15], 3133918.890666667], [[5, 7], 27730.0]]}