{"costs": 11981803, "root_join": 18, "join_operands": {"0": [8, 14], "1": [8, 10, 14], "2": [4, 8, 10, 14], "3": [4, 6, 8, 10, 14], "4": [4, 6, 8, 10, 14, 18], "5": [4, 6, 8, 10, 12, 14, 18], "6": [0, 4, 6, 8, 10, 12, 14, 18], "7": [0, 1, 4, 6, 8, 10, 12, 14, 18], "8": [0, 1, 4, 6, 8, 9, 10, 12, 14, 18], "9": [0, 1, 4, 6, 8, 9, 10, 12, 14, 18, 19], "10": [0, 1, 4, 6, 8, 9, 10, 12, 14, 15, 18, 19], "11": [0, 1, 4, 5, 6, 8, 9, 10, 12, 14, 15, 18, 19], "12": [0, 1, 4, 5, 6, 7, 8, 9, 10, 12, 14, 15, 18, 19], "13": [0, 1, 4, 5, 6, 7, 8, 9, 10, 11, 12, 14, 15, 18, 19], "14": [0, 1, 4, 5, 6, 7, 8, 9, 10, 11, 12, 14, 15, 17, 18, 19], "15": [0, 1, 4, 5, 6, 7, 8, 9, 10, 11, 12, 13, 14, 15, 17, 18, 19], "16": [0, 1, 4, 5, 6, 7, 8, 9, 10, 11, 12, 13, 14, 15, 16, 17, 18, 19], "17": [0, 1, 3, 4, 5, 6, 7, 8, 9, 10, 11, 12, 13, 14, 15, 16, 17, 18, 19], "18": [0, 1, 2, 3, 4, 5, 6, 7, 8, 9, 10, 11, 12, 13, 14, 15, 16, 17, 18, 19]}, "join_predecessors": {"0": [], "1": [0], "2": [1], "3": [2], "4": [3], "5": [4], "6": [5], "7": [6], "8": [7], "9": [8], "10": [9], "11": [10], "12": [11], "13": [12], "14": [13], "15": [14], "16": [15], "17": [16], "18": [17]}, "intermediate_costs": [[[8, 14], 918.0], [[8, 10, 14], 863.3459640130862], [[4, 8, 10, 14], 1596.0435321922566], [[4, 6, 8, 10, 14], 660.0503051376833], [[4, 6, 8, 10, 14, 18], 1121.2797338492257], [[4, 6, 8, 10, 12, 14, 18], 2072.878843668017], [[0, 4, 6, 8, 10, 12, 14, 18], 71749.45954388737], [[0, 1, 4, 6, 8, 10, 12, 14, 18], 154425.11839078827], [[0, 1, 4, 6, 8, 9, 10, 12, 14, 18], 22689.86962049359], [[0, 1, 4, 6, 8, 9, 10, 12, 14, 18, 19], 39615.78256625367], [[0, 1, 4, 6, 8, 9, 10, 12, 14, 15, 18, 19], 73236.60073018583], [[0, 1, 4, 5, 6, 8, 9, 10, 12, 14, 15, 18, 19], 135390.43525521742], [[0, 1, 4, 5, 6, 7, 8, 9, 10, 12, 14, 15, 18, 19], 250291.78464181197], [[0, 1, 4, 5, 6, 7, 8, 9, 10, 11, 12, 14, 15, 18, 19], 462706.81105515326], [[0, 1, 4, 5, 6, 7, 8, 9, 10, 11, 12, 14, 15, 17, 18, 19], 855392.0109811854], [[0, 1, 4, 5, 6, 7, 8, 9, 10, 11, 12, 13, 14, 15, 17, 18, 19], 1581338.4993761554], [[0, 1, 4, 5, 6, 7, 8, 9, 10, 11, 12, 13, 14, 15, 16, 17, 18, 19], 2923374.8006844944], [[0, 1, 3, 4, 5, 6, 7, 8, 9, 10, 11, 12, 13, 14, 15, 16, 17, 18, 19], 5404361.214730357]]}