{"costs": 10085540, "root_join": 16, "join_operands": {"0": [0, 3, 8, 10, 12, 14, 18], "1": [3, 8, 10, 12, 14, 18], "2": [3, 8, 10, 14, 18], "3": [8, 10, 14, 18], "4": [8, 10, 14], "5": [8, 14], "6": [0, 1, 3, 8, 10, 12, 14, 18], "7": [0, 1, 3, 4, 6, 8, 10, 12, 13, 14, 18], "8": [4, 6, 13], "9": [4, 6], "10": [0, 1, 3, 4, 6, 8, 9, 10, 11, 12, 13, 14, 17, 18], "11": [9, 11, 17], "12": [9, 11], "13": [0, 1, 3, 4, 6, 8, 9, 10, 11, 12, 13, 14, 16, 17, 18], "14": [0, 1, 2, 3, 4, 6, 8, 9, 10, 11, 12, 13, 14, 16, 17, 18], "15": [0, 1, 2, 3, 4, 6, 8, 9, 10, 11, 12, 13, 14, 16, 17, 18, 19], "16": [0, 1, 2, 3, 4, 5, 6, 7, 8, 9, 10, 11, 12, 13, 14, 15, 16, 17, 18, 19], "17": [5, 7, 15], "18": [5, 7]}, "join_predecessors": {"0": [1], "1": [2], "3": [4], "4": [5], "5": [], "2": [3], "6": [0], "7": [6, 8], "9": [], "8": [9], "10": [7, 11], "12": [], "11": [12], "13": [10], "14": [13], "15": [14], "16": [15, 17], "17": [18], "18": []}, "intermediate_costs": [[[0, 3, 8, 10, 12, 14, 18], 173494.74722146225], [[3, 8, 10, 12, 14, 18], 5012.352612676067], [[3, 8, 10, 14, 18], 2711.3255657309446], [[8, 10, 14, 18], 1466.6341719915813], [[8, 10, 14], 863.3459640130862], [[8, 14], 918.0], [[0, 1, 3, 8, 10, 12, 14, 18], 373409.73785964516], [[0, 1, 3, 4, 6, 8, 10, 12, 13, 14, 18], 527761.2103547474], [[4, 6, 13], 516054.69199555553], [[4, 6], 279149.0], [[0, 1, 3, 4, 6, 8, 9, 10, 11, 12, 13, 14, 17, 18], 265014.79459630506], [[9, 11, 17], 1168812.1053362575], [[9, 11], 632245.0], [[0, 1, 3, 4, 6, 8, 9, 10, 11, 12, 13, 14, 16, 17, 18], 489925.1947872341], [[0, 1, 2, 3, 4, 6, 8, 9, 10, 11, 12, 13, 14, 16, 17, 18], 905711.1582689527], [[0, 1, 2, 3, 4, 6, 8, 9, 10, 11, 12, 13, 14, 16, 17, 18, 19], 1581342.5512769453], [[5, 7, 15], 3133918.890666667], [[5, 7], 27730.0]]}