{"costs": 2042646.9689805375, "join_operands": {"0": [0, 1, 2, 3, 4, 5, 6, 7, 8, 9, 10, 11, 12, 13, 14, 15, 16, 17, 18, 19, 20, 21, 22, 23, 24, 25, 26, 27, 28, 29, 30, 31, 32, 33, 34, 35, 36, 37, 38, 39, 40, 41, 42, 43, 44, 45, 46, 47, 48, 49, 50, 51, 52, 53, 54, 55, 56, 57, 58, 59, 60, 61, 62, 63, 64, 65, 66, 67, 68, 69, 70, 71, 72, 73, 74, 75, 76, 77, 78, 79], "1": [0, 1, 2, 3, 4, 5, 6, 7, 8, 9, 10, 11, 13, 14, 15, 16, 18, 19, 21, 22, 23, 24, 25, 26, 27, 29, 30, 31, 32, 33, 34, 35, 36, 38, 39, 40, 41, 42, 43, 44, 45, 46, 47, 48, 49, 50, 51, 52, 53, 55, 57, 58, 60, 61, 63, 64, 67, 68, 69, 70, 71, 72, 74, 75, 76, 77, 78, 79], "2": [12, 17, 20, 28, 37, 54, 56, 59, 62, 65, 66, 73], "3": [0, 1, 2, 3, 4, 5, 6, 7, 8, 9, 10, 11, 13, 14, 15, 16, 18, 19, 21, 22, 24, 25, 26, 27, 29, 30, 31, 32, 33, 34, 35, 36, 38, 39, 40, 41, 42, 43, 44, 46, 47, 48, 49, 50, 51, 52, 53, 55, 57, 58, 60, 61, 63, 64, 67, 68, 69, 70, 71, 72, 74, 75, 76, 77, 78, 79], "4": [12, 17, 20, 28, 37, 54, 56, 59, 65, 66, 73], "5": [23, 45], "6": [], "7": [0, 1, 2, 3, 4, 6, 7, 8, 9, 10, 11, 13, 14, 15, 16, 18, 19, 21, 22, 24, 25, 26, 27, 29, 30, 31, 32, 33, 34, 35, 36, 38, 39, 40, 41, 42, 43, 44, 46, 47, 48, 49, 50, 51, 52, 53, 55, 57, 58, 60, 61, 63, 64, 67, 68, 69, 70, 71, 72, 74, 75, 76, 77, 78, 79], "8": [12, 17, 20, 37, 54, 56, 59, 65, 66, 73], "9": [], "10": [], "11": [], "12": [], "13": [], "14": [], "15": [0, 2, 3, 4, 6, 7, 8, 9, 10, 11, 13, 14, 15, 16, 18, 19, 21, 22, 24, 25, 26, 27, 29, 30, 31, 32, 33, 34, 35, 36, 38, 39, 40, 41, 42, 43, 44, 46, 47, 48, 49, 50, 51, 52, 53, 55, 57, 58, 60, 61, 63, 64, 67, 68, 69, 70, 71, 72, 74, 75, 76, 77, 78, 79], "16": [12, 17, 20, 37, 54, 59, 65, 66, 73], "17": [], "18": [], "19": [], "20": [], "21": [], "22": [], "23": [], "24": [], "25": [], "26": [], "27": [], "28": [], "29": [], "30": []}, "join_predecessors": {"0": [1, 2], "1": [3, 5], "2": [4, 6], "3": [7, 11], "4": [8, 12], "5": [9, 13], "6": [10, 14], "7": [15, 23], "8": [16, 24], "9": [17, 25], "10": [18, 26], "11": [19, 27], "12": [20, 28], "13": [21, 29], "14": [22, 30], "15": [], "16": [], "17": [], "18": [], "19": [], "20": [], "21": [], "22": [], "23": [], "24": [], "25": [], "26": [], "27": [], "28": [], "29": [], "30": []}, "leaf_joins": [15, 16], "opt_time": 18.200620889663696, "status": 2, "intermediate_costs": [[[0, 1, 2, 3, 4, 5, 6, 7, 8, 9, 10, 11, 13, 14, 15, 16, 18, 19, 21, 22, 23, 24, 25, 26, 27, 29, 30, 31, 32, 33, 34, 35, 36, 38, 39, 40, 41, 42, 43, 44, 45, 46, 47, 48, 49, 50, 51, 52, 53, 55, 57, 58, 60, 61, 63, 64, 67, 68, 69, 70, 71, 72, 74, 75, 76, 77, 78, 79], 878308.4227012307], [[12, 17, 20, 28, 37, 54, 56, 59, 62, 65, 66, 73], 343347.7190841748], [[0, 1, 2, 3, 4, 5, 6, 7, 8, 9, 10, 11, 13, 14, 15, 16, 18, 19, 21, 22, 24, 25, 26, 27, 29, 30, 31, 32, 33, 34, 35, 36, 38, 39, 40, 41, 42, 43, 44, 46, 47, 48, 49, 50, 51, 52, 53, 55, 57, 58, 60, 61, 63, 64, 67, 68, 69, 70, 71, 72, 74, 75, 76, 77, 78, 79], 196559.70273185874], [[12, 17, 20, 28, 37, 54, 56, 59, 65, 66, 73], 162426.84634513909], [[23, 45], 211386.0], [[0, 1, 2, 3, 4, 6, 7, 8, 9, 10, 11, 13, 14, 15, 16, 18, 19, 21, 22, 24, 25, 26, 27, 29, 30, 31, 32, 33, 34, 35, 36, 38, 39, 40, 41, 42, 43, 44, 46, 47, 48, 49, 50, 51, 52, 53, 55, 57, 58, 60, 61, 63, 64, 67, 68, 69, 70, 71, 72, 74, 75, 76, 77, 78, 79], 92986.121028008], [[12, 17, 20, 37, 54, 56, 59, 65, 66, 73], 76838.95736444487], [[0, 2, 3, 4, 6, 7, 8, 9, 10, 11, 13, 14, 15, 16, 18, 19, 21, 22, 24, 25, 26, 27, 29, 30, 31, 32, 33, 34, 35, 36, 38, 39, 40, 41, 42, 43, 44, 46, 47, 48, 49, 50, 51, 52, 53, 55, 57, 58, 60, 61, 63, 64, 67, 68, 69, 70, 71, 72, 74, 75, 76, 77, 78, 79], 43988.76584990873], [[12, 17, 20, 37, 54, 59, 65, 66, 73], 36804.43387577256]]}