{"costs": 364609.5151156071, "int_costs": [[[0, 1, 2, 3, 4, 5, 6, 7, 8, 9, 10, 11, 12, 13, 14, 15, 16, 17, 18, 19, 20, 22, 23, 24, 25, 26, 27, 28, 29, 30, 31, 32, 33, 34, 35, 36, 37, 38, 39, 40, 41, 42, 43, 44, 45, 46, 47, 48, 49], 321000.43839178747], [[0, 1, 2, 3, 4, 5, 6, 7, 8, 9, 11, 12, 13, 14, 15, 16, 17, 18, 19, 20, 22, 23, 24, 25, 26, 27, 28, 29, 30, 31, 32, 33, 34, 35, 36, 37, 38, 39, 40, 41, 42, 43, 44, 45, 46, 47, 48, 49], 17672.928435529884], [[0, 2, 3, 4, 5, 6, 7, 8, 9, 11, 12, 13, 14, 15, 16, 17, 18, 19, 20, 22, 23, 24, 25, 26, 27, 28, 29, 30, 31, 32, 33, 34, 35, 36, 37, 38, 39, 40, 41, 42, 43, 44, 45, 46, 47, 48, 49], 12953.019872950252], [[0, 2, 3, 4, 5, 6, 7, 8, 9, 11, 12, 13, 14, 15, 16, 17, 18, 19, 20, 22, 23, 24, 25, 26, 27, 28, 29, 30, 31, 32, 33, 34, 35, 37, 38, 39, 40, 41, 42, 43, 44, 45, 46, 47, 48, 49], 9571.840182179772], [[0, 2, 3, 4, 5, 6, 7, 8, 9, 11, 12, 13, 14, 16, 17, 18, 19, 20, 22, 23, 24, 25, 26, 27, 28, 29, 30, 31, 32, 33, 34, 35, 37, 38, 39, 40, 41, 42, 43, 44, 45, 46, 47, 48, 49], 439.90602914137537], [[0, 2, 3, 4, 5, 6, 7, 8, 9, 11, 12, 13, 14, 16, 17, 18, 19, 20, 22, 23, 24, 25, 26, 27, 28, 29, 30, 31, 32, 33, 34, 35, 37, 38, 39, 40, 41, 43, 44, 45, 46, 47, 48, 49], 322.42042347076637], [[0, 2, 3, 5, 7, 9, 11, 12, 13, 14, 16, 17, 18, 19, 20, 26, 28, 32, 33, 35, 38, 40, 43, 47, 48, 49], 0.018956235509552766], [[5, 13], 17.0], [[2, 5, 13], 0.04110947109471094], [[2, 5, 13, 14], 0.00153649618553989], [[2, 3, 5, 13, 14], 0.013895690902050199], [[2, 3, 5, 13, 14, 18], 0.6635683899681913], [[2, 3, 5, 13, 14, 18, 43], 21.953781948115328], [[2, 3, 5, 13, 14, 18, 43, 47], 29.045769486979275], [[2, 3, 5, 13, 14, 18, 38, 43, 47], 39.62966208785513], [[2, 3, 5, 7, 9, 12, 13, 14, 16, 18, 19, 20, 26, 32, 33, 35, 38, 43, 47, 48, 49], 0.004504158197565999], [[7, 9, 12, 16, 19, 20, 26, 32, 33, 35, 48, 49], 74.80525390174378], [[7, 9, 16, 19, 20, 26, 32, 33, 35, 48, 49], 54.88814144849482], [[9, 16, 19, 20, 26, 32, 33, 35, 48, 49], 4.213089402772965], [[9, 16, 19, 20, 26, 33, 35, 48, 49], 0.2561606031723626], [[9, 16, 19, 20, 26, 33, 35, 48], 0.18774839957447517], [[9, 19, 20, 26, 33, 48], 0.178598963593918], [[9, 33, 48], 14.475538312318138], [[9, 33], 2282.0], [[9, 19, 33, 48], 19.75022229316033], [[9, 19, 26, 33, 48], 0.08165523223467816], [[9, 16, 19, 20, 26, 33, 48], 0.14620683831744444], [[2, 3, 5, 7, 9, 12, 13, 14, 16, 18, 19, 20, 26, 32, 33, 35, 38, 40, 43, 47, 48, 49], 0.006145413618317149], [[2, 3, 5, 7, 9, 11, 12, 13, 14, 16, 18, 19, 20, 26, 32, 33, 35, 38, 40, 43, 47, 48, 49], 0.007905588108053562], [[2, 3, 5, 7, 9, 11, 12, 13, 14, 16, 17, 18, 19, 20, 26, 32, 33, 35, 38, 40, 43, 47, 48, 49], 0.010449206978573372], [[2, 3, 5, 7, 9, 11, 12, 13, 14, 16, 17, 18, 19, 20, 26, 28, 32, 33, 35, 38, 40, 43, 47, 48, 49], 0.014026767150049285], [[0, 2, 3, 4, 5, 7, 9, 11, 12, 13, 14, 16, 17, 18, 19, 20, 26, 28, 32, 33, 35, 38, 40, 43, 47, 48, 49], 0.0256327115078248], [[0, 2, 3, 4, 5, 7, 9, 11, 12, 13, 14, 16, 17, 18, 19, 20, 24, 26, 28, 32, 33, 35, 38, 40, 43, 47, 48, 49], 0.03468423970802587], [[0, 2, 3, 4, 5, 7, 9, 11, 12, 13, 14, 16, 17, 18, 19, 20, 24, 26, 28, 32, 33, 34, 35, 38, 40, 43, 47, 48, 49], 0.04720164445532684], [[0, 2, 3, 4, 5, 7, 9, 11, 12, 13, 14, 16, 17, 18, 19, 20, 24, 26, 28, 32, 33, 34, 35, 37, 38, 40, 43, 47, 48, 49], 0.06431787295367924], [[0, 2, 3, 4, 5, 7, 9, 11, 12, 13, 14, 16, 17, 18, 19, 20, 24, 26, 28, 31, 32, 33, 34, 35, 37, 38, 40, 43, 47, 48, 49], 0.0877534385649142], [[0, 2, 3, 4, 5, 7, 9, 11, 12, 13, 14, 16, 17, 18, 19, 20, 24, 26, 27, 28, 31, 32, 33, 34, 35, 37, 38, 40, 43, 47, 48, 49], 0.11972906122847611], [[0, 2, 3, 4, 5, 7, 9, 11, 12, 13, 14, 16, 17, 18, 19, 20, 24, 26, 27, 28, 31, 32, 33, 34, 35, 37, 38, 40, 43, 46, 47, 48, 49], 0.163356335655779], [[0, 2, 3, 4, 5, 7, 9, 11, 12, 13, 14, 16, 17, 18, 19, 20, 24, 26, 27, 28, 31, 32, 33, 34, 35, 37, 38, 40, 43, 44, 46, 47, 48, 49], 0.2228809864775793], [[0, 2, 3, 4, 5, 7, 9, 11, 12, 13, 14, 16, 17, 18, 19, 20, 24, 26, 27, 28, 29, 31, 32, 33, 34, 35, 37, 38, 40, 43, 44, 46, 47, 48, 49], 0.30409569992584606], [[0, 2, 3, 4, 5, 7, 9, 11, 12, 13, 14, 16, 17, 18, 19, 20, 24, 26, 27, 28, 29, 30, 31, 32, 33, 34, 35, 37, 38, 40, 43, 44, 46, 47, 48, 49], 0.41490411462043114], [[0, 2, 3, 4, 5, 7, 9, 11, 12, 13, 14, 16, 17, 18, 19, 20, 24, 26, 27, 28, 29, 30, 31, 32, 33, 34, 35, 37, 38, 40, 41, 43, 44, 46, 47, 48, 49], 0.5660893507724725], [[0, 2, 3, 4, 5, 7, 8, 9, 11, 12, 13, 14, 16, 17, 18, 19, 20, 24, 26, 27, 28, 29, 30, 31, 32, 33, 34, 35, 37, 38, 40, 41, 43, 44, 46, 47, 48, 49], 0.772364677186868], [[0, 2, 3, 4, 5, 6, 7, 8, 9, 11, 12, 13, 14, 16, 17, 18, 19, 20, 24, 26, 27, 28, 29, 30, 31, 32, 33, 34, 35, 37, 38, 40, 41, 43, 44, 46, 47, 48, 49], 1.0538039937995263], [[0, 2, 3, 4, 5, 6, 7, 8, 9, 11, 12, 13, 14, 16, 17, 18, 19, 20, 22, 24, 26, 27, 28, 29, 30, 31, 32, 33, 34, 35, 37, 38, 40, 41, 43, 44, 46, 47, 48, 49], 1.437796225203641], [[0, 2, 3, 4, 5, 6, 7, 8, 9, 11, 12, 13, 14, 16, 17, 18, 19, 20, 22, 24, 26, 27, 28, 29, 30, 31, 32, 33, 34, 35, 37, 38, 40, 41, 43, 44, 45, 46, 47, 48, 49], 3.51595363815103], [[0, 2, 3, 4, 5, 6, 7, 8, 9, 11, 12, 13, 14, 16, 17, 18, 19, 20, 22, 24, 25, 26, 27, 28, 29, 30, 31, 32, 33, 34, 35, 37, 38, 40, 41, 43, 44, 45, 46, 47, 48, 49], 34.14724418134759], [[0, 2, 3, 4, 5, 6, 7, 8, 9, 11, 12, 13, 14, 16, 17, 18, 19, 20, 22, 24, 25, 26, 27, 28, 29, 30, 31, 32, 33, 34, 35, 37, 38, 39, 40, 41, 43, 44, 45, 46, 47, 48, 49], 46.590046039959965]]}