{"costs": 6278979, "root_join": 28, "join_operands": {"0": [0, 4, 9, 18, 19, 20, 23, 24], "1": [4, 9, 18, 19, 20, 23, 24], "2": [4, 18, 19, 20, 23, 24], "3": [4, 18, 23, 24], "4": [4, 23, 24], "5": [23, 24], "6": [4, 18, 19, 23, 24], "7": [0, 4, 7, 9, 12, 18, 19, 20, 23, 24], "8": [7, 12], "9": [0, 4, 7, 9, 11, 12, 18, 19, 20, 23, 24], "10": [0, 4, 7, 9, 11, 12, 14, 18, 19, 20, 23, 24], "11": [0, 3, 4, 7, 9, 10, 11, 12, 14, 16, 18, 19, 20, 23, 24], "12": [3, 10, 16], "13": [3, 10], "14": [0, 3, 4, 5, 7, 9, 10, 11, 12, 14, 16, 18, 19, 20, 23, 24], "15": [0, 3, 4, 5, 7, 9, 10, 11, 12, 14, 16, 18, 19, 20, 21, 23, 24], "16": [0, 3, 4, 5, 7, 9, 10, 11, 12, 14, 16, 18, 19, 20, 21, 23, 24, 29], "17": [0, 3, 4, 5, 7, 9, 10, 11, 12, 14, 15, 16, 18, 19, 20, 21, 23, 24, 29], "18": [0, 1, 2, 3, 4, 5, 7, 8, 9, 10, 11, 12, 13, 14, 15, 16, 18, 19, 20, 21, 22, 23, 24, 26, 27, 28, 29], "19": [1, 2, 8, 13, 22, 26, 27, 28], "20": [1, 26], "21": [1, 26, 27], "22": [1, 26, 27, 28], "23": [1, 8, 26, 27, 28], "24": [1, 8, 13, 26, 27, 28], "25": [1, 8, 13, 22, 26, 27, 28], "26": [0, 1, 2, 3, 4, 5, 7, 8, 9, 10, 11, 12, 13, 14, 15, 16, 17, 18, 19, 20, 21, 22, 23, 24, 26, 27, 28, 29], "27": [0, 1, 2, 3, 4, 5, 7, 8, 9, 10, 11, 12, 13, 14, 15, 16, 17, 18, 19, 20, 21, 22, 23, 24, 25, 26, 27, 28, 29], "28": [0, 1, 2, 3, 4, 5, 6, 7, 8, 9, 10, 11, 12, 13, 14, 15, 16, 17, 18, 19, 20, 21, 22, 23, 24, 25, 26, 27, 28, 29]}, "join_predecessors": {"0": [1], "1": [2], "3": [4], "5": [], "4": [5], "6": [3], "2": [6], "7": [0, 8], "8": [], "9": [7], "10": [9], "11": [10, 12], "13": [], "12": [13], "14": [11], "15": [14], "16": [15], "17": [16], "18": [17, 19], "20": [], "21": [20], "22": [21], "23": [22], "24": [23], "25": [24], "19": [25], "26": [18], "27": [26], "28": [27]}, "intermediate_costs": [[[0, 4, 9, 18, 19, 20, 23, 24], 359.2288742894643], [[4, 9, 18, 19, 20, 23, 24], 59.46376647379105], [[4, 18, 19, 20, 23, 24], 9.525626396196575], [[4, 18, 23, 24], 0.2531716990068903], [[4, 23, 24], 0.9955357898667995], [[23, 24], 1979.0], [[4, 18, 19, 23, 24], 1.525928542170245], [[0, 4, 7, 9, 12, 18, 19, 20, 23, 24], 13998.745383417569], [[7, 12], 461945.0], [[0, 4, 7, 9, 11, 12, 18, 19, 20, 23, 24], 82246.79091674625], [[0, 4, 7, 9, 11, 12, 14, 18, 19, 20, 23, 24], 513425.9695766459], [[0, 3, 4, 7, 9, 10, 11, 12, 14, 16, 18, 19, 20, 23, 24], 59125.45786099546], [[3, 10, 16], 278.1315706806283], [[3, 10], 45.0], [[0, 3, 4, 5, 7, 9, 10, 11, 12, 14, 16, 18, 19, 20, 23, 24], 381421.93527584296], [[0, 3, 4, 5, 7, 9, 10, 11, 12, 14, 16, 18, 19, 20, 21, 23, 24], 2329267.8737372146], [[0, 3, 4, 5, 7, 9, 10, 11, 12, 14, 16, 18, 19, 20, 21, 23, 24, 29], 11898.1521117928], [[0, 3, 4, 5, 7, 9, 10, 11, 12, 14, 15, 16, 18, 19, 20, 21, 23, 24, 29], 74092.23134605831], [[0, 1, 2, 3, 4, 5, 7, 8, 9, 10, 11, 12, 13, 14, 15, 16, 18, 19, 20, 21, 22, 23, 24, 26, 27, 28, 29], 44697.17381709369], [[1, 2, 8, 13, 22, 26, 27, 28], 367224.4953658685], [[1, 26], 2408.0], [[1, 26, 27], 13600.351500632643], [[1, 26, 27, 28], 242.5723719519127], [[1, 8, 26, 27, 28], 1509.5719747243802], [[1, 8, 13, 26, 27, 28], 9423.515759051748], [[1, 8, 13, 22, 26, 27, 28], 58826.40376040097], [[0, 1, 2, 3, 4, 5, 7, 8, 9, 10, 11, 12, 13, 14, 15, 16, 17, 18, 19, 20, 21, 22, 23, 24, 26, 27, 28, 29], 279022.61673807894], [[0, 1, 2, 3, 4, 5, 7, 8, 9, 10, 11, 12, 13, 14, 15, 16, 17, 18, 19, 20, 21, 22, 23, 24, 25, 26, 27, 28, 29], 1571869.9814979571]]}