{"costs": 3315, "join_operands": {"0": [0, 1, 2, 3, 4, 5, 6, 7, 8, 9, 10, 11], "1": [0, 1, 2, 3, 4, 5, 7, 8, 9, 10, 11], "2": [], "3": [0, 1, 2, 3, 4, 7, 8, 9, 10, 11], "4": [], "5": [], "6": [], "7": [0, 1, 2, 3, 7, 8, 9, 10, 11], "8": [], "9": [], "10": [], "11": [0, 1, 2, 7, 8, 9, 10, 11], "12": [0, 1, 7, 8, 9, 10, 11], "13": [0, 7, 8, 9, 10, 11], "14": [7, 8, 9, 10, 11], "15": [8, 9, 10, 11], "16": [8, 9, 10], "17": [8, 10]}, "join_predecessors": {"0": [1, 2], "1": [3, 5], "2": [4, 6], "3": [7], "4": [8], "5": [9], "6": [10], "7": [11], "8": [], "9": [], "10": [], "11": [12], "12": [13], "13": [14], "14": [15], "15": [16], "16": [17], "17": []}, "leaf_joins": [], "opt_time": 1.2844319343566895, "status": 2, "intermediate_costs": [[[0, 1, 2, 3, 4, 5, 7, 8, 9, 10, 11], 1.897552526240579e-61], [[0, 1, 2, 3, 4, 7, 8, 9, 10, 11], 8.141497344495013e-59], [[0, 1, 2, 3, 7, 8, 9, 10, 11], 8.673794282097119e-59], [[0, 1, 2, 7, 8, 9, 10, 11], 4.5803755428685896e-58], [[0, 1, 7, 8, 9, 10, 11], 5.599802800006754e-58], [[0, 7, 8, 9, 10, 11], 5.599802800006754e-58], [[7, 8, 9, 10, 11], 1.764714173742943e-33], [[8, 9, 10, 11], 2.64740828947824e-15], [[8, 9, 10], 0.027444295053987405], [[8, 10], 3315.0]]}