{"costs": 2369044.6193236867, "join_operands": {"0": [0, 1, 2, 3, 4, 5, 6, 7, 8, 9, 10, 11, 12, 13, 14, 15, 16, 17, 18, 19], "1": [1, 2, 3, 4, 5, 6, 7, 9, 10, 11, 12, 14, 16, 17, 18, 19], "2": [0, 8, 13, 15], "3": [1, 2, 3, 4, 5, 6, 7, 10, 11, 12, 16, 17, 18, 19], "4": [0, 13, 15], "5": [9, 14], "6": [], "7": [1, 2, 3, 4, 5, 6, 7, 10, 11, 12, 17, 18, 19], "8": [0, 13], "9": [], "10": [], "11": [], "12": [], "13": [], "14": []}, "join_predecessors": {"0": [1, 2], "1": [3, 5], "2": [4, 6], "3": [7, 11], "4": [8, 12], "5": [9, 13], "6": [10, 14], "7": [], "8": [], "9": [], "10": [], "11": [], "12": [], "13": [], "14": []}, "leaf_joins": [7, 8], "opt_time": 0.2926449775695801, "status": 2, "intermediate_costs": [[[1, 2, 3, 4, 5, 6, 7, 9, 10, 11, 12, 14, 16, 17, 18, 19], 1325693.47250083], [[0, 8, 13, 15], 122721.78891606518], [[1, 2, 3, 4, 5, 6, 7, 10, 11, 12, 16, 17, 18, 19], 481467.108204647], [[0, 13, 15], 74341.452], [[9, 14], 29868.0], [[1, 2, 3, 4, 5, 6, 7, 10, 11, 12, 17, 18, 19], 290150.7977021445], [[0, 13], 44802.0]]}