{"costs": 1760820, "root_join": 28, "join_operands": {"0": [0, 2, 3, 5, 6, 7, 8, 9, 10, 11, 12, 13, 15, 16, 17, 18, 20, 22, 23, 24, 27, 28], "1": [2, 3, 5, 6, 7, 8, 9, 10, 11, 12, 13, 15, 16, 17, 18, 20, 22, 23, 24, 27, 28], "2": [2, 3, 5, 6, 7, 8, 9, 10, 11, 12, 13, 15, 17, 18, 20, 22, 23, 24, 27, 28], "3": [2, 3, 5, 6, 7, 8, 9, 10, 11, 12, 13, 15, 17, 18, 20, 22, 23, 24, 27], "4": [2, 3, 5, 6, 7, 8, 9, 11, 12, 15, 17, 20, 22, 23, 24, 27], "5": [2, 3, 5, 6, 7, 8, 9, 11, 12, 15, 17, 20, 22, 23, 24], "6": [2, 3, 5, 6, 7, 8, 12, 17, 20, 22, 24], "7": [2, 3, 5, 6, 7, 12, 17, 20, 22, 24], "8": [7, 24], "9": [5, 7, 20, 22, 24], "10": [5, 20, 22], "11": [5, 20], "12": [5, 7, 12, 20, 22, 24], "13": [5, 7, 12, 17, 20, 22, 24], "14": [5, 6, 7, 12, 17, 20, 22, 24], "15": [2, 5, 6, 7, 12, 17, 20, 22, 24], "16": [2, 3, 5, 6, 7, 8, 11, 12, 17, 20, 22, 24], "17": [2, 3, 5, 6, 7, 8, 11, 12, 17, 20, 22, 23, 24], "18": [2, 3, 5, 6, 7, 8, 9, 11, 12, 17, 20, 22, 23, 24], "19": [2, 3, 5, 6, 7, 8, 9, 10, 11, 12, 15, 17, 20, 22, 23, 24, 27], "20": [2, 3, 5, 6, 7, 8, 9, 10, 11, 12, 13, 15, 17, 20, 22, 23, 24, 27], "21": [0, 2, 3, 5, 6, 7, 8, 9, 10, 11, 12, 13, 14, 15, 16, 17, 18, 20, 22, 23, 24, 27, 28], "22": [0, 2, 3, 5, 6, 7, 8, 9, 10, 11, 12, 13, 14, 15, 16, 17, 18, 20, 22, 23, 24, 25, 27, 28], "23": [0, 2, 3, 5, 6, 7, 8, 9, 10, 11, 12, 13, 14, 15, 16, 17, 18, 19, 20, 21, 22, 23, 24, 25, 27, 28], "24": [19, 21], "25": [0, 2, 3, 4, 5, 6, 7, 8, 9, 10, 11, 12, 13, 14, 15, 16, 17, 18, 19, 20, 21, 22, 23, 24, 25, 27, 28], "26": [0, 2, 3, 4, 5, 6, 7, 8, 9, 10, 11, 12, 13, 14, 15, 16, 17, 18, 19, 20, 21, 22, 23, 24, 25, 27, 28, 29], "27": [0, 2, 3, 4, 5, 6, 7, 8, 9, 10, 11, 12, 13, 14, 15, 16, 17, 18, 19, 20, 21, 22, 23, 24, 25, 26, 27, 28, 29], "28": [0, 1, 2, 3, 4, 5, 6, 7, 8, 9, 10, 11, 12, 13, 14, 15, 16, 17, 18, 19, 20, 21, 22, 23, 24, 25, 26, 27, 28, 29]}, "join_predecessors": {"0": [1], "2": [3], "4": [5], "6": [7], "8": [], "9": [8, 10], "10": [11], "11": [], "12": [9], "13": [12], "14": [13], "15": [14], "7": [15], "16": [6], "17": [16], "18": [17], "5": [18], "19": [4], "20": [19], "3": [20], "1": [2], "21": [0], "22": [21], "23": [22, 24], "24": [], "25": [23], "26": [25], "27": [26], "28": [27]}, "intermediate_costs": [[[0, 2, 3, 5, 6, 7, 8, 9, 10, 11, 12, 13, 15, 16, 17, 18, 20, 22, 23, 24, 27, 28], 2710.8546142854534], [[2, 3, 5, 6, 7, 8, 9, 10, 11, 12, 13, 15, 16, 17, 18, 20, 22, 23, 24, 27, 28], 2305.150458169153], [[2, 3, 5, 6, 7, 8, 9, 10, 11, 12, 13, 15, 17, 18, 20, 22, 23, 24, 27, 28], 2038.8184099698449], [[2, 3, 5, 6, 7, 8, 9, 10, 11, 12, 13, 15, 17, 18, 20, 22, 23, 24, 27], 1716.3536288594726], [[2, 3, 5, 6, 7, 8, 9, 11, 12, 15, 17, 20, 22, 23, 24, 27], 14.492581058006369], [[2, 3, 5, 6, 7, 8, 9, 11, 12, 15, 17, 20, 22, 23, 24], 12.200397148634334], [[2, 3, 5, 6, 7, 8, 12, 17, 20, 22, 24], 20.923066916951], [[2, 3, 5, 6, 7, 12, 17, 20, 22, 24], 0.24933735269229773], [[7, 24], 468.0], [[5, 7, 20, 22, 24], 0.11245071179377589], [[5, 20, 22], 7.484217330116606], [[5, 20], 847.0], [[5, 7, 12, 20, 22, 24], 0.1252290918011707], [[5, 7, 12, 17, 20, 22, 24], 0.1487552382095474], [[5, 6, 7, 12, 17, 20, 22, 24], 0.17670303126954343], [[2, 5, 6, 7, 12, 17, 20, 22, 24], 0.2099015156371893], [[2, 3, 5, 6, 7, 8, 11, 12, 17, 20, 22, 24], 10.873645359991707], [[2, 3, 5, 6, 7, 8, 11, 12, 17, 20, 22, 23, 24], 10.375599103491968], [[2, 3, 5, 6, 7, 8, 9, 11, 12, 17, 20, 22, 23, 24], 12.324943950662076], [[2, 3, 5, 6, 7, 8, 9, 10, 11, 12, 15, 17, 20, 22, 23, 24, 27], 53.45458768732045], [[2, 3, 5, 6, 7, 8, 9, 10, 11, 12, 13, 15, 17, 20, 22, 23, 24, 27], 1444.890742251258], [[0, 2, 3, 5, 6, 7, 8, 9, 10, 11, 12, 13, 14, 15, 16, 17, 18, 20, 22, 23, 24, 27, 28], 3220.164074247083], [[0, 2, 3, 5, 6, 7, 8, 9, 10, 11, 12, 13, 14, 15, 16, 17, 18, 20, 22, 23, 24, 25, 27, 28], 57941.784716877446], [[0, 2, 3, 5, 6, 7, 8, 9, 10, 11, 12, 13, 14, 15, 16, 17, 18, 19, 20, 21, 22, 23, 24, 25, 27, 28], 101667.76460422044], [[19, 21], 1364871.0], [[0, 2, 3, 4, 5, 6, 7, 8, 9, 10, 11, 12, 13, 14, 15, 16, 17, 18, 19, 20, 21, 22, 23, 24, 25, 27, 28], 61530.94154170816], [[0, 2, 3, 4, 5, 6, 7, 8, 9, 10, 11, 12, 13, 14, 15, 16, 17, 18, 19, 20, 21, 22, 23, 24, 25, 27, 28, 29], 73091.20775715644], [[0, 2, 3, 4, 5, 6, 7, 8, 9, 10, 11, 12, 13, 14, 15, 16, 17, 18, 19, 20, 21, 22, 23, 24, 25, 26, 27, 28, 29], 86823.42465632135]]}