{"costs": 806544057, "root_join": 28, "join_operands": {"0": [5, 20], "1": [5, 20, 22], "2": [5, 17, 20, 22], "3": [3, 5, 17, 20, 22], "4": [3, 5, 7, 17, 20, 22], "5": [3, 5, 7, 17, 20, 22, 24], "6": [3, 5, 7, 12, 17, 20, 22, 24], "7": [3, 5, 6, 7, 12, 17, 20, 22, 24], "8": [2, 3, 5, 6, 7, 12, 17, 20, 22, 24], "9": [2, 3, 5, 6, 7, 10, 12, 17, 20, 22, 24], "10": [2, 3, 5, 6, 7, 10, 12, 13, 17, 20, 22, 24], "11": [2, 3, 5, 6, 7, 10, 12, 13, 17, 18, 20, 22, 24], "12": [2, 3, 5, 6, 7, 8, 10, 12, 13, 17, 18, 20, 22, 24], "13": [2, 3, 5, 6, 7, 8, 10, 11, 12, 13, 17, 18, 20, 22, 24], "14": [2, 3, 5, 6, 7, 8, 10, 11, 12, 13, 17, 18, 20, 22, 23, 24], "15": [2, 3, 5, 6, 7, 8, 10, 11, 12, 13, 17, 18, 20, 22, 23, 24, 27], "16": [2, 3, 5, 6, 7, 8, 9, 10, 11, 12, 13, 17, 18, 20, 22, 23, 24, 27], "17": [2, 3, 5, 6, 7, 8, 9, 10, 11, 12, 13, 15, 17, 18, 20, 22, 23, 24, 27], "18": [2, 3, 5, 6, 7, 8, 9, 10, 11, 12, 13, 15, 17, 18, 20, 22, 23, 24, 27, 28], "19": [2, 3, 5, 6, 7, 8, 9, 10, 11, 12, 13, 15, 16, 17, 18, 20, 22, 23, 24, 27, 28], "20": [0, 2, 3, 5, 6, 7, 8, 9, 10, 11, 12, 13, 15, 16, 17, 18, 20, 22, 23, 24, 27, 28], "21": [0, 2, 3, 5, 6, 7, 8, 9, 10, 11, 12, 13, 14, 15, 16, 17, 18, 20, 22, 23, 24, 27, 28], "22": [0, 2, 3, 5, 6, 7, 8, 9, 10, 11, 12, 13, 14, 15, 16, 17, 18, 20, 22, 23, 24, 25, 27, 28], "23": [0, 1, 2, 3, 5, 6, 7, 8, 9, 10, 11, 12, 13, 14, 15, 16, 17, 18, 20, 22, 23, 24, 25, 27, 28], "24": [0, 1, 2, 3, 5, 6, 7, 8, 9, 10, 11, 12, 13, 14, 15, 16, 17, 18, 19, 20, 22, 23, 24, 25, 27, 28], "25": [0, 1, 2, 3, 5, 6, 7, 8, 9, 10, 11, 12, 13, 14, 15, 16, 17, 18, 19, 20, 21, 22, 23, 24, 25, 27, 28], "26": [0, 1, 2, 3, 4, 5, 6, 7, 8, 9, 10, 11, 12, 13, 14, 15, 16, 17, 18, 19, 20, 21, 22, 23, 24, 25, 27, 28], "27": [0, 1, 2, 3, 4, 5, 6, 7, 8, 9, 10, 11, 12, 13, 14, 15, 16, 17, 18, 19, 20, 21, 22, 23, 24, 25, 27, 28, 29], "28": [0, 1, 2, 3, 4, 5, 6, 7, 8, 9, 10, 11, 12, 13, 14, 15, 16, 17, 18, 19, 20, 21, 22, 23, 24, 25, 26, 27, 28, 29]}, "join_predecessors": {"0": [], "1": [0], "2": [1], "3": [2], "4": [3], "5": [4], "6": [5], "7": [6], "8": [7], "9": [8], "10": [9], "11": [10], "12": [11], "13": [12], "14": [13], "15": [14], "16": [15], "17": [16], "18": [17], "19": [18], "20": [19], "21": [20], "22": [21], "23": [22], "24": [23], "25": [24], "26": [25], "27": [26], "28": [27]}, "intermediate_costs": [[[5, 20], 847.0], [[5, 20, 22], 7.484217330116606], [[5, 17, 20, 22], 8.890238807458243], [[3, 5, 17, 20, 22], 10.560517404197485], [[3, 5, 7, 17, 20, 22], 866.9337093259905], [[3, 5, 7, 17, 20, 22, 24], 0.1586722627941195], [[3, 5, 7, 12, 17, 20, 22, 24], 0.17670304657728358], [[3, 5, 6, 7, 12, 17, 20, 22, 24], 0.2099016097892633], [[2, 3, 5, 6, 7, 12, 17, 20, 22, 24], 0.24933735269229773], [[2, 3, 5, 6, 7, 10, 12, 17, 20, 22, 24], 0.919658501813357], [[2, 3, 5, 6, 7, 10, 12, 13, 17, 20, 22, 24], 24.858597040829427], [[2, 3, 5, 6, 7, 10, 12, 13, 17, 18, 20, 22, 24], 29.52897543858963], [[2, 3, 5, 6, 7, 8, 10, 12, 13, 17, 18, 20, 22, 24], 2477.914850780795], [[2, 3, 5, 6, 7, 8, 10, 11, 12, 13, 17, 18, 20, 22, 24], 1287.763759806085], [[2, 3, 5, 6, 7, 8, 10, 11, 12, 13, 17, 18, 20, 22, 23, 24], 1228.7802360112703], [[2, 3, 5, 6, 7, 8, 10, 11, 12, 13, 17, 18, 20, 22, 23, 24, 27], 1459.6407769285538], [[2, 3, 5, 6, 7, 8, 9, 10, 11, 12, 13, 17, 18, 20, 22, 23, 24, 27], 1733.8748909150352], [[2, 3, 5, 6, 7, 8, 9, 10, 11, 12, 13, 15, 17, 18, 20, 22, 23, 24, 27], 1716.3536288594726], [[2, 3, 5, 6, 7, 8, 9, 10, 11, 12, 13, 15, 17, 18, 20, 22, 23, 24, 27, 28], 2038.8184099698449], [[2, 3, 5, 6, 7, 8, 9, 10, 11, 12, 13, 15, 16, 17, 18, 20, 22, 23, 24, 27, 28], 2305.150458169153], [[0, 2, 3, 5, 6, 7, 8, 9, 10, 11, 12, 13, 15, 16, 17, 18, 20, 22, 23, 24, 27, 28], 2710.8546142854534], [[0, 2, 3, 5, 6, 7, 8, 9, 10, 11, 12, 13, 14, 15, 16, 17, 18, 20, 22, 23, 24, 27, 28], 3220.164074247083], [[0, 2, 3, 5, 6, 7, 8, 9, 10, 11, 12, 13, 14, 15, 16, 17, 18, 20, 22, 23, 24, 25, 27, 28], 57941.784716877446], [[0, 1, 2, 3, 5, 6, 7, 8, 9, 10, 11, 12, 13, 14, 15, 16, 17, 18, 20, 22, 23, 24, 25, 27, 28], 6667598.76757553], [[0, 1, 2, 3, 5, 6, 7, 8, 9, 10, 11, 12, 13, 14, 15, 16, 17, 18, 19, 20, 22, 23, 24, 25, 27, 28], 772605690.8516843], [[0, 1, 2, 3, 5, 6, 7, 8, 9, 10, 11, 12, 13, 14, 15, 16, 17, 18, 19, 20, 21, 22, 23, 24, 25, 27, 28], 11699326.579075923], [[0, 1, 2, 3, 4, 5, 6, 7, 8, 9, 10, 11, 12, 13, 14, 15, 16, 17, 18, 19, 20, 21, 22, 23, 24, 25, 27, 28], 7080617.761360613], [[0, 1, 2, 3, 4, 5, 6, 7, 8, 9, 10, 11, 12, 13, 14, 15, 16, 17, 18, 19, 20, 21, 22, 23, 24, 25, 27, 28, 29], 8410904.999622298]]}