{"costs": 7878546, "root_join": 23, "join_operands": {"0": [0, 7, 8, 16, 24, 27, 28], "1": [7, 8, 16, 24, 27, 28], "2": [7, 8, 24, 27, 28], "3": [7, 8, 24, 27], "4": [7, 8, 24], "5": [7, 24], "6": [0, 7, 8, 14, 16, 24, 27, 28], "7": [0, 7, 8, 12, 14, 16, 24, 27, 28], "8": [0, 7, 8, 11, 12, 14, 16, 24, 27, 28], "9": [0, 7, 8, 11, 12, 14, 16, 17, 22, 24, 27, 28], "10": [17, 22], "11": [0, 7, 8, 9, 11, 12, 14, 15, 16, 17, 22, 24, 27, 28], "12": [9, 15], "13": [0, 2, 6, 7, 8, 9, 11, 12, 14, 15, 16, 17, 22, 24, 27, 28], "14": [2, 6], "15": [0, 2, 5, 6, 7, 8, 9, 11, 12, 14, 15, 16, 17, 20, 22, 24, 27, 28], "16": [5, 20], "17": [0, 2, 5, 6, 7, 8, 9, 10, 11, 12, 14, 15, 16, 17, 20, 22, 24, 27, 28], "18": [0, 1, 2, 5, 6, 7, 8, 9, 10, 11, 12, 14, 15, 16, 17, 20, 22, 24, 27, 28], "19": [0, 1, 2, 3, 5, 6, 7, 8, 9, 10, 11, 12, 14, 15, 16, 17, 20, 22, 24, 27, 28], "20": [0, 1, 2, 3, 5, 6, 7, 8, 9, 10, 11, 12, 14, 15, 16, 17, 20, 22, 23, 24, 27, 28], "21": [0, 1, 2, 3, 5, 6, 7, 8, 9, 10, 11, 12, 13, 14, 15, 16, 17, 20, 22, 23, 24, 27, 28], "22": [0, 1, 2, 3, 5, 6, 7, 8, 9, 10, 11, 12, 13, 14, 15, 16, 17, 18, 20, 22, 23, 24, 27, 28], "23": [0, 1, 2, 3, 4, 5, 6, 7, 8, 9, 10, 11, 12, 13, 14, 15, 16, 17, 18, 19, 20, 21, 22, 23, 24, 25, 26, 27, 28, 29], "24": [4, 19, 21, 25, 26, 29], "25": [4, 19, 21, 25, 29], "26": [4, 19, 21, 29], "27": [4, 19, 21], "28": [4, 21]}, "join_predecessors": {"0": [1], "2": [3], "3": [4], "4": [5], "5": [], "1": [2], "6": [0], "7": [6], "8": [7], "9": [8, 10], "10": [], "11": [9, 12], "12": [], "13": [11, 14], "14": [], "15": [13, 16], "16": [], "17": [15], "18": [17], "19": [18], "20": [19], "21": [20], "22": [21], "23": [22, 24], "25": [26], "27": [28], "28": [], "26": [27], "24": [25]}, "intermediate_costs": [[[0, 7, 8, 16, 24, 27, 28], 73680.92628535093], [[7, 8, 16, 24, 27, 28], 62653.90260693615], [[7, 8, 24, 27, 28], 55415.00757088781], [[7, 8, 24, 27], 46650.42696910667], [[7, 8, 24], 39272.07540868205], [[7, 24], 468.0], [[0, 7, 8, 14, 16, 24, 27, 28], 87523.9382189718], [[0, 7, 8, 12, 14, 16, 24, 27, 28], 97469.75469683309], [[0, 7, 8, 11, 12, 14, 16, 24, 27, 28], 50654.69369789671], [[0, 7, 8, 11, 12, 14, 16, 17, 22, 24, 27, 28], 71475.7004225781], [[17, 22], 43951.0], [[0, 7, 8, 9, 11, 12, 14, 15, 16, 17, 22, 24, 27, 28], 84046.41726556071], [[9, 15], 37616.0], [[0, 2, 6, 7, 8, 9, 11, 12, 14, 15, 16, 17, 22, 24, 27, 28], 118593.94385201937], [[2, 6], 1238956.0], [[0, 2, 5, 6, 7, 8, 9, 11, 12, 14, 15, 16, 17, 20, 22, 24, 27, 28], 23.988725670923216], [[5, 20], 847.0], [[0, 2, 5, 6, 7, 8, 9, 10, 11, 12, 14, 15, 16, 17, 20, 22, 24, 27, 28], 88.48026688627934], [[0, 1, 2, 5, 6, 7, 8, 9, 10, 11, 12, 14, 15, 16, 17, 20, 22, 24, 27, 28], 10181.787139081127], [[0, 1, 2, 3, 5, 6, 7, 8, 9, 10, 11, 12, 14, 15, 16, 17, 20, 22, 24, 27, 28], 12094.719007761074], [[0, 1, 2, 3, 5, 6, 7, 8, 9, 10, 11, 12, 14, 15, 16, 17, 20, 22, 23, 24, 27, 28], 11540.743838826907], [[0, 1, 2, 3, 5, 6, 7, 8, 9, 10, 11, 12, 13, 14, 15, 16, 17, 20, 22, 23, 24, 27, 28], 311949.16382022004], [[0, 1, 2, 3, 5, 6, 7, 8, 9, 10, 11, 12, 13, 14, 15, 16, 17, 18, 20, 22, 23, 24, 27, 28], 370557.4848575002], [[4, 19, 21, 25, 26, 29], 1384576.6880403464], [[4, 19, 21, 25, 29], 1165588.4660373672], [[4, 19, 21, 29], 981235.9916741656], [[4, 19, 21], 826041.5485665797], [[4, 21], 695393.0]]}