{"costs": 7775843, "root_join": 18, "join_operands": {"0": [4, 6], "1": [4, 6, 17], "2": [4, 6, 7, 17], "3": [4, 6, 7, 14, 17], "4": [4, 6, 7, 12, 14, 17], "5": [4, 6, 7, 8, 12, 14, 17], "6": [4, 6, 7, 8, 9, 12, 14, 17], "7": [4, 6, 7, 8, 9, 12, 14, 17, 19], "8": [2, 4, 6, 7, 8, 9, 12, 14, 17, 19], "9": [2, 4, 6, 7, 8, 9, 12, 14, 15, 17, 19], "10": [2, 3, 4, 6, 7, 8, 9, 12, 14, 15, 17, 19], "11": [2, 3, 4, 6, 7, 8, 9, 12, 13, 14, 15, 17, 19], "12": [0, 2, 3, 4, 6, 7, 8, 9, 12, 13, 14, 15, 17, 19], "13": [0, 1, 2, 3, 4, 6, 7, 8, 9, 12, 13, 14, 15, 17, 19], "14": [0, 1, 2, 3, 4, 6, 7, 8, 9, 10, 12, 13, 14, 15, 17, 19], "15": [0, 1, 2, 3, 4, 6, 7, 8, 9, 10, 12, 13, 14, 15, 16, 17, 19], "16": [0, 1, 2, 3, 4, 6, 7, 8, 9, 10, 11, 12, 13, 14, 15, 16, 17, 19], "17": [0, 1, 2, 3, 4, 6, 7, 8, 9, 10, 11, 12, 13, 14, 15, 16, 17, 18, 19], "18": [0, 1, 2, 3, 4, 5, 6, 7, 8, 9, 10, 11, 12, 13, 14, 15, 16, 17, 18, 19]}, "join_predecessors": {"0": [], "1": [0], "2": [1], "3": [2], "4": [3], "5": [4], "6": [5], "7": [6], "8": [7], "9": [8], "10": [9], "11": [10], "12": [11], "13": [12], "14": [13], "15": [14], "16": [15], "17": [16], "18": [17]}, "intermediate_costs": [[[4, 6], 1824.0], [[4, 6, 17], 101.14128551414963], [[4, 6, 7, 17], 5.989204231391941], [[4, 6, 7, 14, 17], 13.623820922570344], [[4, 6, 7, 12, 14, 17], 30.920150093833566], [[4, 6, 7, 8, 12, 14, 17], 70.33393098300802], [[4, 6, 7, 8, 9, 12, 14, 17], 159.99068381580727], [[4, 6, 7, 8, 9, 12, 14, 17, 19], 363.9365092932861], [[2, 4, 6, 7, 8, 9, 12, 14, 17, 19], 827.8593455420679], [[2, 4, 6, 7, 8, 9, 12, 14, 15, 17, 19], 1883.1611517409922], [[2, 3, 4, 6, 7, 8, 9, 12, 14, 15, 17, 19], 4283.697457355336], [[2, 3, 4, 6, 7, 8, 9, 12, 13, 14, 15, 17, 19], 9744.293205382293], [[0, 2, 3, 4, 6, 7, 8, 9, 12, 13, 14, 15, 17, 19], 33944.60984166342], [[0, 1, 2, 3, 4, 6, 7, 8, 9, 12, 13, 14, 15, 17, 19], 165228.9756106995], [[0, 1, 2, 3, 4, 6, 7, 8, 9, 10, 12, 13, 14, 15, 17, 19], 375852.7245192432], [[0, 1, 2, 3, 4, 6, 7, 8, 9, 10, 12, 13, 14, 15, 16, 17, 19], 851352.4438186799], [[0, 1, 2, 3, 4, 6, 7, 8, 9, 10, 11, 12, 13, 14, 15, 16, 17, 19], 1936604.244822577], [[0, 1, 2, 3, 4, 6, 7, 8, 9, 10, 11, 12, 13, 14, 15, 16, 17, 18, 19], 4393551.886465578]]}