{"costs": 52487, "root_join": 18, "join_operands": {"0": [0, 1, 2, 4, 5, 6, 7, 8, 9, 10, 11, 12, 14, 15, 16, 17, 18, 19], "1": [1, 2, 4, 5, 6, 7, 8, 9, 10, 11, 12, 14, 15, 16, 17, 18, 19], "2": [8, 9], "3": [5, 8, 9, 18, 19], "4": [5, 18, 19], "5": [5, 18], "6": [5, 8, 9, 17, 18, 19], "7": [5, 8, 9, 15, 17, 18, 19], "8": [2, 5, 8, 9, 15, 17, 18, 19], "9": [2, 4, 5, 8, 9, 15, 17, 18, 19], "10": [2, 4, 5, 8, 9, 12, 15, 17, 18, 19], "11": [2, 4, 5, 8, 9, 10, 12, 15, 17, 18, 19], "12": [2, 4, 5, 8, 9, 10, 11, 12, 15, 17, 18, 19], "13": [2, 4, 5, 8, 9, 10, 11, 12, 15, 16, 17, 18, 19], "14": [1, 2, 4, 5, 8, 9, 10, 11, 12, 15, 16, 17, 18, 19], "15": [1, 2, 4, 5, 8, 9, 10, 11, 12, 14, 15, 16, 17, 18, 19], "16": [1, 2, 4, 5, 6, 8, 9, 10, 11, 12, 14, 15, 16, 17, 18, 19], "17": [0, 1, 2, 4, 5, 6, 7, 8, 9, 10, 11, 12, 13, 14, 15, 16, 17, 18, 19], "18": [0, 1, 2, 3, 4, 5, 6, 7, 8, 9, 10, 11, 12, 13, 14, 15, 16, 17, 18, 19]}, "join_predecessors": {"0": [1], "2": [], "3": [2, 4], "4": [5], "5": [], "6": [3], "7": [6], "8": [7], "9": [8], "10": [9], "11": [10], "12": [11], "13": [12], "14": [13], "15": [14], "16": [15], "1": [16], "17": [0], "18": [17]}, "intermediate_costs": [[[0, 1, 2, 4, 5, 6, 7, 8, 9, 10, 11, 12, 14, 15, 16, 17, 18, 19], 10045.406604624313], [[1, 2, 4, 5, 6, 7, 8, 9, 10, 11, 12, 14, 15, 16, 17, 18, 19], 3495.7430986767577], [[8, 9], 580.0], [[5, 8, 9, 18, 19], 54.04592815883727], [[5, 18, 19], 2723.8710270270267], [[5, 18], 1096.0], [[5, 8, 9, 17, 18, 19], 155.30688583781128], [[5, 8, 9, 15, 17, 18, 19], 446.29132314558916], [[2, 5, 8, 9, 15, 17, 18, 19], 0.5596258302075612], [[2, 4, 5, 8, 9, 15, 17, 18, 19], 0.8887127072983859], [[2, 4, 5, 8, 9, 12, 15, 17, 18, 19], 2.2933690782385927], [[2, 4, 5, 8, 9, 10, 12, 15, 17, 18, 19], 6.224124843777476], [[2, 4, 5, 8, 9, 10, 11, 12, 15, 17, 18, 19], 17.840192217760343], [[2, 4, 5, 8, 9, 10, 11, 12, 15, 16, 17, 18, 19], 51.265769223899014], [[1, 2, 4, 5, 8, 9, 10, 11, 12, 15, 16, 17, 18, 19], 147.31788938500245], [[1, 2, 4, 5, 8, 9, 10, 11, 12, 14, 15, 16, 17, 18, 19], 423.3343287593746], [[1, 2, 4, 5, 6, 8, 9, 10, 11, 12, 14, 15, 16, 17, 18, 19], 1216.4982765532554], [[0, 1, 2, 4, 5, 6, 7, 8, 9, 10, 11, 12, 13, 14, 15, 16, 17, 18, 19], 32025.023732923004]]}