{"costs": 23303985, "root_join": 38, "join_operands": {"0": [0, 7, 9, 11, 12, 17, 18, 20, 21, 23, 24, 25, 27, 34, 35, 36, 38], "1": [7, 9, 11, 12, 17, 18, 20, 21, 23, 24, 25, 27, 34, 35, 36, 38], "2": [7, 9, 11, 17, 20, 24, 25, 34, 36], "3": [7, 11, 17, 20, 24, 25, 34, 36], "4": [17, 20, 24, 25, 34, 36], "5": [20, 24, 25, 34, 36], "6": [20, 24, 34, 36], "7": [34, 36], "8": [20, 24], "9": [11, 17, 20, 24, 25, 34, 36], "10": [7, 9, 11, 17, 20, 23, 24, 25, 34, 36], "11": [12, 18, 21, 27, 35, 38], "12": [12, 18, 21, 35, 38], "13": [12, 21, 35, 38], "14": [12, 21, 35], "15": [12, 35], "16": [0, 1, 7, 9, 11, 12, 17, 18, 20, 21, 23, 24, 25, 27, 34, 35, 36, 38], "17": [0, 1, 7, 9, 11, 12, 13, 17, 18, 20, 21, 23, 24, 25, 27, 34, 35, 36, 38], "18": [0, 1, 3, 6, 7, 9, 11, 12, 13, 17, 18, 20, 21, 23, 24, 25, 27, 30, 31, 34, 35, 36, 38], "19": [3, 6, 30, 31], "20": [3, 6, 31], "21": [3, 6], "22": [0, 1, 2, 3, 4, 5, 6, 7, 8, 9, 11, 12, 13, 15, 16, 17, 18, 19, 20, 21, 22, 23, 24, 25, 26, 27, 28, 29, 30, 31, 33, 34, 35, 36, 37, 38], "23": [2, 4, 5, 8, 15, 16, 19, 22, 26, 28, 29, 33, 37], "24": [2, 4, 8, 15, 28, 29, 37], "25": [2, 4, 15, 28, 29, 37], "26": [4, 37], "27": [4, 28, 37], "28": [4, 15, 28, 37], "29": [2, 29], "30": [2, 4, 8, 15, 26, 28, 29, 37], "31": [2, 4, 8, 15, 26, 28, 29, 33, 37], "32": [2, 4, 8, 15, 22, 26, 28, 29, 33, 37], "33": [2, 4, 8, 15, 16, 22, 26, 28, 29, 33, 37], "34": [2, 4, 8, 15, 16, 19, 22, 26, 28, 29, 33, 37], "35": [0, 1, 2, 3, 4, 5, 6, 7, 8, 9, 11, 12, 13, 14, 15, 16, 17, 18, 19, 20, 21, 22, 23, 24, 25, 26, 27, 28, 29, 30, 31, 32, 33, 34, 35, 36, 37, 38, 39], "36": [14, 32, 39], "37": [14, 39], "38": [0, 1, 2, 3, 4, 5, 6, 7, 8, 9, 10, 11, 12, 13, 14, 15, 16, 17, 18, 19, 20, 21, 22, 23, 24, 25, 26, 27, 28, 29, 30, 31, 32, 33, 34, 35, 36, 37, 38, 39]}, "join_predecessors": {"0": [1], "2": [3], "4": [5], "5": [6], "7": [], "6": [7, 8], "8": [], "9": [4], "3": [9], "10": [2], "1": [10, 11], "11": [12], "12": [13], "13": [14], "15": [], "14": [15], "16": [0], "17": [16], "18": [17, 19], "19": [20], "21": [], "20": [21], "22": [18, 23], "24": [25], "26": [], "27": [26], "28": [27], "25": [28, 29], "29": [], "30": [24], "31": [30], "32": [31], "33": [32], "34": [33], "23": [34], "35": [22, 36], "37": [], "36": [37], "38": [35]}, "intermediate_costs": [[[0, 7, 9, 11, 12, 17, 18, 20, 21, 23, 24, 25, 27, 34, 35, 36, 38], 159161.3273738511], [[7, 9, 11, 12, 17, 18, 20, 21, 23, 24, 25, 27, 34, 35, 36, 38], 159161.3273738511], [[7, 9, 11, 17, 20, 24, 25, 34, 36], 390806.495721], [[7, 11, 17, 20, 24, 25, 34, 36], 151.12844373914035], [[17, 20, 24, 25, 34, 36], 153.04146201431934], [[20, 24, 25, 34, 36], 227.2441775510204], [[20, 24, 34, 36], 227.2441775510204], [[34, 36], 243.0], [[20, 24], 66410.0], [[11, 17, 20, 24, 25, 34, 36], 151.12844373914035], [[7, 9, 11, 17, 20, 23, 24, 25, 34, 36], 390806.49572099996], [[12, 18, 21, 27, 35, 38], 171865.3115728035], [[12, 18, 21, 35, 38], 171865.31157280353], [[12, 21, 35, 38], 1738.963561052301], [[12, 21, 35], 1336.0000000000002], [[12, 35], 1336.0], [[0, 1, 7, 9, 11, 12, 17, 18, 20, 21, 23, 24, 25, 27, 34, 35, 36, 38], 151802.48089938468], [[0, 1, 7, 9, 11, 12, 13, 17, 18, 20, 21, 23, 24, 25, 27, 34, 35, 36, 38], 151802.48089938468], [[0, 1, 3, 6, 7, 9, 11, 12, 13, 17, 18, 20, 21, 23, 24, 25, 27, 30, 31, 34, 35, 36, 38], 334584.09523102216], [[3, 6, 30, 31], 390121.324137931], [[3, 6, 31], 215999.99999999997], [[3, 6], 216000.0], [[0, 1, 2, 3, 4, 5, 6, 7, 8, 9, 11, 12, 13, 15, 16, 17, 18, 19, 20, 21, 22, 23, 24, 25, 26, 27, 28, 29, 30, 31, 33, 34, 35, 36, 37, 38], 1648108.997792528], [[2, 4, 5, 8, 15, 16, 19, 22, 26, 28, 29, 33, 37], 487658.5381884346], [[2, 4, 8, 15, 28, 29, 37], 497411.9716119903], [[2, 4, 15, 28, 29, 37], 151342.21045011407], [[4, 37], 170260.0], [[4, 28, 37], 170260.0], [[4, 15, 28, 37], 170260.0], [[2, 29], 27000.0], [[2, 4, 8, 15, 26, 28, 29, 37], 487658.5381884347], [[2, 4, 8, 15, 26, 28, 29, 33, 37], 487658.5381884346], [[2, 4, 8, 15, 22, 26, 28, 29, 33, 37], 487658.5381884347], [[2, 4, 8, 15, 16, 22, 26, 28, 29, 33, 37], 487658.5381884347], [[2, 4, 8, 15, 16, 19, 22, 26, 28, 29, 33, 37], 487658.5381884347], [[0, 1, 2, 3, 4, 5, 6, 7, 8, 9, 11, 12, 13, 14, 15, 16, 17, 18, 19, 20, 21, 22, 23, 24, 25, 26, 27, 28, 29, 30, 31, 32, 33, 34, 35, 36, 37, 38, 39], 13075240.488376198], [[14, 32, 39], 746100.0000000001], [[14, 39], 746100.0000000001]]}