{"costs": 148440902.84324852, "join_operands": {"0": [0, 1, 2, 3, 4, 5, 6, 7, 8, 9, 10, 11, 12, 13, 14, 15, 16, 17, 18, 19], "1": [0, 1, 2, 4, 5, 6, 7, 8, 9, 10, 12, 13, 14, 15, 18, 19], "2": [3, 11, 16, 17], "3": [0, 2, 5, 6, 8, 9, 10, 12, 14, 15, 18, 19], "4": [3, 16, 17], "5": [1, 4, 7, 13], "6": [], "7": [0, 2, 5, 6, 9, 10, 12, 14, 15, 18, 19], "8": [16, 17], "9": [1, 13], "10": [], "11": [], "12": [], "13": [4, 7], "14": [], "15": [2, 5, 6, 9, 10, 12, 14, 15, 18, 19], "16": [], "17": [], "18": []}, "join_predecessors": {"0": [1, 2], "1": [3, 5], "2": [4, 6], "3": [7, 11], "4": [8, 12], "5": [9, 13], "6": [10, 14], "7": [15], "8": [16], "9": [17], "10": [18], "11": [], "12": [], "13": [], "14": [], "15": [], "16": [], "17": [], "18": []}, "leaf_joins": [15, 16], "opt_time": 1.3048300743103027, "status": 2, "intermediate_costs": [[[0, 1, 2, 4, 5, 6, 7, 8, 9, 10, 12, 13, 14, 15, 18, 19], 21191623.56202382], [[3, 11, 16, 17], 51925397.5270154], [[0, 2, 5, 6, 8, 9, 10, 12, 14, 15, 18, 19], 3829130.8112939224], [[3, 16, 17], 52591107.78874478], [[1, 4, 7, 13], 4687566.458921348], [[0, 2, 5, 6, 9, 10, 12, 14, 15, 18, 19], 3853135.8476246237], [[16, 17], 1663508.0], [[1, 13], 4727297.0], [[4, 7], 119000.0], [[2, 5, 6, 9, 10, 12, 14, 15, 18, 19], 3853135.8476246237]]}