{"costs": 5387187, "root_join": 0, "join_operands": {"0": [0, 1, 2, 3, 4, 5, 6, 7, 8, 9, 10, 11, 12, 13, 14, 15, 16, 17, 18, 19, 20, 21, 22, 23, 24, 25, 26, 27, 28, 29], "1": [0, 1, 2, 3, 5, 6, 7, 8, 9, 10, 11, 12, 13, 14, 15, 16, 17, 18, 19, 21, 22, 23, 24, 25, 26, 27, 28, 29], "2": [4, 20], "3": [0, 1, 2, 3, 5, 6, 7, 8, 10, 11, 12, 13, 14, 15, 16, 17, 18, 21, 22, 23, 24, 25, 26, 27, 28, 29], "4": [], "5": [9, 19], "6": [], "7": [0, 1, 2, 3, 5, 7, 8, 10, 11, 13, 14, 15, 16, 17, 18, 21, 22, 23, 24, 25, 26, 27, 28, 29], "8": [0, 1, 2, 3, 5, 7, 8, 10, 11, 13, 14, 16, 17, 18, 21, 22, 23, 24, 25, 26, 27, 28, 29], "9": [0, 1, 2, 3, 5, 7, 8, 10, 11, 13, 14, 16, 17, 18, 21, 22, 23, 24, 25, 26, 27, 28], "10": [1, 5, 13, 14, 17, 18, 22, 23, 25, 26, 28], "11": [1, 5, 13, 14, 17, 18, 22, 23, 26, 28], "12": [1, 13, 14, 17, 18, 22, 23, 26, 28], "13": [1, 13, 14, 17, 22, 23, 26, 28], "14": [17, 23], "15": [17, 23, 28], "16": [17, 22, 23, 28], "17": [14, 17, 22, 23, 28], "18": [13, 14, 17, 22, 23, 28], "19": [1, 13, 14, 17, 22, 23, 28], "20": [1, 5, 13, 14, 17, 18, 22, 23, 24, 25, 26, 28], "21": [1, 5, 13, 14, 16, 17, 18, 22, 23, 24, 25, 26, 28], "22": [1, 5, 13, 14, 16, 17, 18, 22, 23, 24, 25, 26, 27, 28], "23": [1, 3, 5, 13, 14, 16, 17, 18, 22, 23, 24, 25, 26, 27, 28], "24": [1, 3, 5, 8, 13, 14, 16, 17, 18, 22, 23, 24, 25, 26, 27, 28], "25": [1, 3, 5, 7, 8, 13, 14, 16, 17, 18, 22, 23, 24, 25, 26, 27, 28], "26": [1, 2, 3, 5, 7, 8, 13, 14, 16, 17, 18, 22, 23, 24, 25, 26, 27, 28], "27": [1, 2, 3, 5, 7, 8, 13, 14, 16, 17, 18, 21, 22, 23, 24, 25, 26, 27, 28], "28": [1, 2, 3, 5, 7, 8, 11, 13, 14, 16, 17, 18, 21, 22, 23, 24, 25, 26, 27, 28], "29": [1, 2, 3, 5, 7, 8, 10, 11, 13, 14, 16, 17, 18, 21, 22, 23, 24, 25, 26, 27, 28], "30": [0, 1, 2, 3, 5, 7, 8, 10, 11, 12, 13, 14, 15, 16, 17, 18, 21, 22, 23, 24, 25, 26, 27, 28, 29]}, "join_predecessors": {"0": [1, 2], "1": [3, 5], "2": [], "3": [30], "4": [], "5": [], "6": [], "7": [8], "8": [9], "10": [11], "11": [12], "12": [13], "14": [], "15": [14], "16": [15], "17": [16], "18": [17], "19": [18], "13": [19], "20": [10], "21": [20], "22": [21], "23": [22], "24": [23], "25": [24], "26": [25], "27": [26], "28": [27], "29": [28], "9": [29], "30": [7]}, "intermediate_costs": [[[0, 1, 2, 3, 5, 6, 7, 8, 9, 10, 11, 12, 13, 14, 15, 16, 17, 18, 19, 21, 22, 23, 24, 25, 26, 27, 28, 29], 2652801.2554918393], [[4, 20], 724216.0], [[0, 1, 2, 3, 5, 6, 7, 8, 10, 11, 12, 13, 14, 15, 16, 17, 18, 21, 22, 23, 24, 25, 26, 27, 28, 29], 694708.371360035], [[9, 19], 955564.0], [[0, 1, 2, 3, 5, 7, 8, 10, 11, 13, 14, 15, 16, 17, 18, 21, 22, 23, 24, 25, 26, 27, 28, 29], 1667.6868645077602], [[0, 1, 2, 3, 5, 7, 8, 10, 11, 13, 14, 16, 17, 18, 21, 22, 23, 24, 25, 26, 27, 28, 29], 864.2236495174666], [[0, 1, 2, 3, 5, 7, 8, 10, 11, 13, 14, 16, 17, 18, 21, 22, 23, 24, 25, 26, 27, 28], 1.047470902739284], [[1, 5, 13, 14, 17, 18, 22, 23, 25, 26, 28], 0.0007982441265114371], [[1, 5, 13, 14, 17, 18, 22, 23, 26, 28], 0.0013130140936629053], [[1, 13, 14, 17, 18, 22, 23, 26, 28], 0.000671921012730921], [[1, 13, 14, 17, 22, 23, 26, 28], 0.0003438483631436215], [[17, 23], 667.0], [[17, 23, 28], 1181.2044599081596], [[17, 22, 23, 28], 3.6065788287254756], [[14, 17, 22, 23, 28], 0.39294535048208995], [[13, 14, 17, 22, 23, 28], 0.716056775294593], [[1, 13, 14, 17, 22, 23, 28], 1.3898062582152368], [[1, 5, 13, 14, 17, 18, 22, 23, 24, 25, 26, 28], 0.0015598648729715694], [[1, 5, 13, 14, 16, 17, 18, 22, 23, 24, 25, 26, 28], 0.0030481319482737437], [[1, 5, 13, 14, 16, 17, 18, 22, 23, 24, 25, 26, 27, 28], 0.005053928667023223], [[1, 3, 5, 13, 14, 16, 17, 18, 22, 23, 24, 25, 26, 27, 28], 0.00977606691705637], [[1, 3, 5, 8, 13, 14, 16, 17, 18, 22, 23, 24, 25, 26, 27, 28], 0.018928420764804544], [[1, 3, 5, 7, 8, 13, 14, 16, 17, 18, 22, 23, 24, 25, 26, 27, 28], 0.03683524693698472], [[1, 2, 3, 5, 7, 8, 13, 14, 16, 17, 18, 22, 23, 24, 25, 26, 27, 28], 0.0718351630781727], [[1, 2, 3, 5, 7, 8, 13, 14, 16, 17, 18, 21, 22, 23, 24, 25, 26, 27, 28], 0.14037450794828135], [[1, 2, 3, 5, 7, 8, 11, 13, 14, 16, 17, 18, 21, 22, 23, 24, 25, 26, 27, 28], 0.27430862356893204], [[1, 2, 3, 5, 7, 8, 10, 11, 13, 14, 16, 17, 18, 21, 22, 23, 24, 25, 26, 27, 28], 0.5360319882694777], [[0, 1, 2, 3, 5, 7, 8, 10, 11, 12, 13, 14, 15, 16, 17, 18, 21, 22, 23, 24, 25, 26, 27, 28, 29], 355509.5506283239]]}