{"costs": 3490071, "root_join": 28, "join_operands": {"0": [0, 19], "1": [0, 19, 26], "2": [0, 19, 26, 29], "3": [0, 2, 3, 4, 6, 7, 8, 9, 11, 14, 16, 18, 19, 21, 22, 23, 24, 26, 27, 28, 29], "4": [2, 3, 4, 6, 7, 8, 9, 11, 14, 16, 18, 21, 22, 23, 24, 27, 28], "5": [2, 3, 4, 6, 7, 8, 9, 14, 16, 18, 21, 22, 23, 24, 27, 28], "6": [2, 3, 4, 6, 7, 8, 9, 14, 18, 21, 22, 23, 24, 27, 28], "7": [7, 8, 14, 24, 27, 28], "8": [8, 14, 24, 27, 28], "9": [8, 14, 24, 27], "10": [8, 14, 27], "11": [8, 27], "12": [7, 8, 14, 21, 24, 27, 28], "13": [7, 8, 14, 21, 22, 24, 27, 28], "14": [4, 7, 8, 14, 21, 22, 24, 27, 28], "15": [2, 4, 7, 8, 9, 14, 18, 21, 22, 23, 24, 27, 28], "16": [2, 9, 18, 23], "17": [2, 18, 23], "18": [2, 18], "19": [2, 3, 4, 7, 8, 9, 14, 18, 21, 22, 23, 24, 27, 28], "20": [0, 2, 3, 4, 6, 7, 8, 9, 11, 14, 15, 16, 18, 19, 21, 22, 23, 24, 26, 27, 28, 29], "21": [0, 2, 3, 4, 6, 7, 8, 9, 11, 12, 14, 15, 16, 18, 19, 21, 22, 23, 24, 26, 27, 28, 29], "22": [0, 2, 3, 4, 6, 7, 8, 9, 11, 12, 14, 15, 16, 18, 19, 20, 21, 22, 23, 24, 26, 27, 28, 29], "23": [0, 2, 3, 4, 5, 6, 7, 8, 9, 11, 12, 14, 15, 16, 18, 19, 20, 21, 22, 23, 24, 26, 27, 28, 29], "24": [0, 2, 3, 4, 5, 6, 7, 8, 9, 11, 12, 14, 15, 16, 17, 18, 19, 20, 21, 22, 23, 24, 26, 27, 28, 29], "25": [0, 2, 3, 4, 5, 6, 7, 8, 9, 10, 11, 12, 14, 15, 16, 17, 18, 19, 20, 21, 22, 23, 24, 26, 27, 28, 29], "26": [0, 2, 3, 4, 5, 6, 7, 8, 9, 10, 11, 12, 13, 14, 15, 16, 17, 18, 19, 20, 21, 22, 23, 24, 26, 27, 28, 29], "27": [0, 1, 2, 3, 4, 5, 6, 7, 8, 9, 10, 11, 12, 13, 14, 15, 16, 17, 18, 19, 20, 21, 22, 23, 24, 26, 27, 28, 29], "28": [0, 1, 2, 3, 4, 5, 6, 7, 8, 9, 10, 11, 12, 13, 14, 15, 16, 17, 18, 19, 20, 21, 22, 23, 24, 25, 26, 27, 28, 29]}, "join_predecessors": {"0": [], "1": [0], "2": [1], "3": [2, 4], "4": [5], "5": [6], "7": [8], "8": [9], "9": [10], "10": [11], "11": [], "12": [7], "13": [12], "14": [13], "15": [14, 16], "17": [18], "18": [], "16": [17], "19": [15], "6": [19], "20": [3], "21": [20], "22": [21], "23": [22], "24": [23], "25": [24], "26": [25], "27": [26], "28": [27]}, "intermediate_costs": [[[0, 19], 324.0], [[0, 19, 26], 938.059863727455], [[0, 19, 26, 29], 2715.9145306678124], [[0, 2, 3, 4, 6, 7, 8, 9, 11, 14, 16, 18, 19, 21, 22, 23, 24, 26, 27, 28, 29], 24.040262945407786], [[2, 3, 4, 6, 7, 8, 9, 11, 14, 16, 18, 21, 22, 23, 24, 27, 28], 1737.044474465246], [[2, 3, 4, 6, 7, 8, 9, 14, 16, 18, 21, 22, 23, 24, 27, 28], 86.19940312664578], [[2, 3, 4, 6, 7, 8, 9, 14, 18, 21, 22, 23, 24, 27, 28], 2.103231216096013], [[7, 8, 14, 24, 27, 28], 0.5224048909150546], [[8, 14, 24, 27, 28], 66.64300625698294], [[8, 14, 24, 27], 2586.482614237924], [[8, 14, 27], 1159.689092172302], [[8, 27], 13125.000000000002], [[7, 8, 14, 21, 24, 27, 28], 1.3678180758124932], [[7, 8, 14, 21, 22, 24, 27, 28], 3.9043954980671285], [[4, 7, 8, 14, 21, 22, 24, 27, 28], 11.167998885665956], [[2, 4, 7, 8, 9, 14, 18, 21, 22, 23, 24, 27, 28], 0.08070959312168545], [[2, 9, 18, 23], 561.6250535944044], [[2, 18, 23], 193.981644984326], [[2, 18], 67.0], [[2, 3, 4, 7, 8, 9, 14, 18, 21, 22, 23, 24, 27, 28], 0.801591675222445], [[0, 2, 3, 4, 6, 7, 8, 9, 11, 14, 15, 16, 18, 19, 21, 22, 23, 24, 26, 27, 28, 29], 58.0021117090263], [[0, 2, 3, 4, 6, 7, 8, 9, 11, 12, 14, 15, 16, 18, 19, 21, 22, 23, 24, 26, 27, 28, 29], 167.93052213589576], [[0, 2, 3, 4, 6, 7, 8, 9, 11, 12, 14, 15, 16, 18, 19, 20, 21, 22, 23, 24, 26, 27, 28, 29], 486.20053970417536], [[0, 2, 3, 4, 5, 6, 7, 8, 9, 11, 12, 14, 15, 16, 18, 19, 20, 21, 22, 23, 24, 26, 27, 28, 29], 1407.6713505087023], [[0, 2, 3, 4, 5, 6, 7, 8, 9, 11, 12, 14, 15, 16, 17, 18, 19, 20, 21, 22, 23, 24, 26, 27, 28, 29], 4075.558313243976], [[0, 2, 3, 4, 5, 6, 7, 8, 9, 10, 11, 12, 14, 15, 16, 17, 18, 19, 20, 21, 22, 23, 24, 26, 27, 28, 29], 11799.753940186052], [[0, 2, 3, 4, 5, 6, 7, 8, 9, 10, 11, 12, 13, 14, 15, 16, 17, 18, 19, 20, 21, 22, 23, 24, 26, 27, 28, 29], 34163.21945302056], [[0, 1, 2, 3, 4, 5, 6, 7, 8, 9, 10, 11, 12, 13, 14, 15, 16, 17, 18, 19, 20, 21, 22, 23, 24, 26, 27, 28, 29], 3414307.8281168127]]}