{"costs": 23.0, "root_join": 0, "join_operands": {"0": [0, 1, 2, 3, 4, 5, 6, 7, 8], "1": [1], "2": [0, 2, 3, 4, 5, 6, 7, 8], "3": [2], "4": [0, 3, 4, 5, 6, 7, 8], "5": [3], "6": [0, 4, 5, 6, 7, 8], "7": [5], "8": [0, 4, 6, 7, 8], "9": [7], "10": [0, 4, 6, 8], "11": [6], "12": [0, 4, 8], "13": [0], "14": [4, 8], "15": [4], "16": [8]}, "join_predecessors": {"0": [1, 2], "2": [3, 4], "4": [5, 6], "6": [7, 8], "8": [9, 10], "10": [11, 12], "12": [13, 14], "14": [15, 16]}, "intermediate_costs": [[[0, 2, 3, 4, 5, 6, 7, 8], 7.158350609557626e-39], [[0, 3, 4, 5, 6, 7, 8], 2.147917633356288e-38], [[0, 4, 5, 6, 7, 8], 1.5648397673069942e-36], [[0, 4, 6, 7, 8], 2.053725805590303e-18], [[0, 4, 6, 8], 4.576958280188573e-18], [[0, 4, 8], 3.189653195995024e-06], [[4, 8], 23.0]]}