{"costs": 3446, "join_operands": {"0": [0, 1, 2, 3, 4, 5], "1": [0, 1, 2, 3, 5], "2": [], "3": [0, 1, 2, 5], "4": [], "5": [0, 1, 5], "6": [1, 5]}, "join_predecessors": {"0": [1, 2], "1": [3], "2": [4], "3": [5], "4": [], "5": [6], "6": []}, "leaf_joins": [], "opt_time": 0.07123899459838867, "status": 2, "intermediate_costs": [[[0, 1, 2, 3, 5], 87.50108400000002], [[0, 1, 2, 5], 239.07400000000004], [[0, 1, 5], 239.074], [[1, 5], 2880.4]]}