{"costs": 13.0, "root_join": 0, "join_operands": {"0": [0, 1, 2, 3, 4, 5, 6, 7, 8, 9, 10, 11, 12, 13, 14, 15, 16, 17], "1": [5], "2": [0, 1, 2, 3, 4, 6, 7, 8, 9, 10, 11, 12, 13, 14, 15, 16, 17], "3": [6], "4": [0, 1, 2, 3, 4, 7, 8, 9, 10, 11, 12, 13, 14, 15, 16, 17], "5": [11], "6": [0, 1, 2, 3, 4, 7, 8, 9, 10, 12, 13, 14, 15, 16, 17], "7": [12], "8": [0, 1, 2, 3, 4, 7, 8, 9, 10, 13, 14, 15, 16, 17], "9": [13], "10": [0, 1, 2, 3, 4, 7, 8, 9, 10, 14, 15, 16, 17], "11": [14], "12": [0, 1, 2, 3, 4, 7, 8, 9, 10, 15, 16, 17], "13": [7], "14": [0, 1, 2, 3, 4, 8, 9, 10, 15, 16, 17], "15": [15], "16": [0, 1, 2, 3, 4, 8, 9, 10, 16, 17], "17": [10], "18": [0, 1, 2, 3, 4, 8, 9, 16, 17], "19": [16], "20": [0, 1, 2, 3, 4, 8, 9, 17], "21": [17], "22": [0, 1, 2, 3, 4, 8, 9], "23": [8], "24": [0, 1, 2, 3, 4, 9], "25": [9], "26": [0, 1, 2, 3, 4], "27": [4], "28": [0, 1, 2, 3], "29": [1], "30": [0, 2, 3], "31": [3], "32": [0, 2], "33": [0], "34": [2]}, "join_predecessors": {"0": [1, 2], "2": [3, 4], "4": [5, 6], "6": [7, 8], "8": [9, 10], "10": [11, 12], "12": [13, 14], "14": [15, 16], "16": [17, 18], "18": [19, 20], "20": [21, 22], "22": [23, 24], "24": [25, 26], "26": [27, 28], "28": [29, 30], "30": [31, 32], "32": [33, 34]}, "intermediate_costs": [[[0, 1, 2, 3, 4, 6, 7, 8, 9, 10, 11, 12, 13, 14, 15, 16, 17], 1.2563581749870756e-11], [[0, 1, 2, 3, 4, 7, 8, 9, 10, 11, 12, 13, 14, 15, 16, 17], 1.2563581749870754e-11], [[0, 1, 2, 3, 4, 7, 8, 9, 10, 12, 13, 14, 15, 16, 17], 1.2563581749870754e-11], [[0, 1, 2, 3, 4, 7, 8, 9, 10, 13, 14, 15, 16, 17], 1.2563581749870756e-11], [[0, 1, 2, 3, 4, 7, 8, 9, 10, 14, 15, 16, 17], 1.2563581749870754e-11], [[0, 1, 2, 3, 4, 7, 8, 9, 10, 15, 16, 17], 1.2563581749870754e-11], [[0, 1, 2, 3, 4, 8, 9, 10, 15, 16, 17], 1.2563581749870754e-11], [[0, 1, 2, 3, 4, 8, 9, 10, 16, 17], 1.2563581749870752e-11], [[0, 1, 2, 3, 4, 8, 9, 16, 17], 1.2563581749870752e-11], [[0, 1, 2, 3, 4, 8, 9, 17], 1.2563581749870752e-11], [[0, 1, 2, 3, 4, 8, 9], 1.2563581749870752e-11], [[0, 1, 2, 3, 4, 9], 1.5704467141853334e-11], [[0, 1, 2, 3, 4], 1.5704467141853334e-11], [[0, 1, 2, 3], 1.5704467141853334e-11], [[0, 2, 3], 0.00768185695096642], [[0, 2], 13.1408]]}