{"costs": 6194802566.645342, "join_operands": {"0": [0, 1, 2, 3, 4, 5, 6, 7, 8, 9, 10, 11, 12, 13, 14, 15, 16, 17, 18, 19, 20, 21, 22, 23, 24, 25, 26, 27, 28, 29], "1": [0, 1, 2, 3, 4, 5, 6, 7, 8, 9, 10, 11, 12, 16, 18, 19, 22, 25, 26, 27, 28, 29], "2": [13, 14, 15, 17, 20, 21, 23, 24], "3": [0, 1, 2, 3, 5, 6, 7, 8, 10, 11, 12, 16, 18, 19, 22, 25, 26, 28, 29], "4": [13, 14, 20], "5": [4, 9, 27], "6": [15, 17, 21, 23, 24], "7": [0, 1, 2, 3, 5, 6, 7, 8, 11, 12, 16, 18, 19, 22, 25, 26, 28, 29], "8": [13, 20], "9": [], "10": [15, 21, 23, 24], "11": [], "12": [], "13": [4, 9], "14": [], "15": [0, 1, 2, 3, 5, 7, 8, 11, 12, 16, 18, 19, 22, 25, 26, 28, 29], "16": [], "17": [], "18": [15, 21], "19": [], "20": [], "21": [], "22": [], "23": [], "24": [], "25": [], "26": [23, 24], "27": [], "28": []}, "join_predecessors": {"0": [1, 2], "1": [3, 5], "2": [4, 6], "3": [7, 11], "4": [8, 12], "5": [9, 13], "6": [10, 14], "7": [15, 23], "8": [16, 24], "9": [17, 25], "10": [18, 26], "11": [19, 27], "12": [20, 28], "13": [21], "14": [22], "15": [], "16": [], "17": [], "18": [], "19": [], "20": [], "21": [], "22": [], "23": [], "24": [], "25": [], "26": [], "27": [], "28": []}, "leaf_joins": [15, 16], "opt_time": 4.867319107055664, "status": 2, "intermediate_costs": [[[0, 1, 2, 3, 4, 5, 6, 7, 8, 9, 10, 11, 12, 16, 18, 19, 22, 25, 26, 27, 28, 29], 1848495914.2553082], [[13, 14, 15, 17, 20, 21, 23, 24], 3859374064.7259297], [[0, 1, 2, 3, 5, 6, 7, 8, 10, 11, 12, 16, 18, 19, 22, 25, 26, 28, 29], 51652886.289314605], [[13, 14, 20], 1570153.7647058824], [[4, 9, 27], 2183000.0], [[15, 17, 21, 23, 24], 213842460.0052153], [[0, 1, 2, 3, 5, 6, 7, 8, 11, 12, 16, 18, 19, 22, 25, 26, 28, 29], 51652886.289314605], [[13, 20], 2965846.0], [[15, 21, 23, 24], 54075105.02623907], [[4, 9], 2183000.0], [[0, 1, 2, 3, 5, 7, 8, 11, 12, 16, 18, 19, 22, 25, 26, 28, 29], 51652886.289314605], [[15, 21], 54816000.0], [[23, 24], 338364.0]]}