{"costs": 17706288, "root_join": 18, "join_operands": {"0": [0, 14], "1": [0, 1, 2, 3, 4, 5, 6, 7, 8, 9, 11, 12, 13, 14, 15, 16, 17, 18, 19], "2": [1, 2, 3, 4, 5, 6, 7, 8, 9, 11, 12, 13, 15, 16, 17, 18, 19], "3": [1, 2, 3, 4, 5, 7, 8, 9, 11, 15, 17], "4": [2, 3, 4, 5, 7, 8, 9, 11, 15, 17], "5": [2, 3, 7, 15], "6": [3, 7, 15], "7": [3, 7], "8": [2, 3, 7, 11, 15], "9": [2, 3, 7, 9, 11, 15], "10": [2, 3, 4, 7, 9, 11, 15], "11": [2, 3, 4, 7, 9, 11, 15, 17], "12": [2, 3, 4, 7, 8, 9, 11, 15, 17], "13": [1, 2, 3, 4, 5, 7, 8, 9, 11, 12, 15, 17], "14": [1, 2, 3, 4, 5, 7, 8, 9, 11, 12, 15, 17, 18], "15": [1, 2, 3, 4, 5, 6, 7, 8, 9, 11, 12, 15, 17, 18], "16": [1, 2, 3, 4, 5, 6, 7, 8, 9, 11, 12, 15, 16, 17, 18], "17": [1, 2, 3, 4, 5, 6, 7, 8, 9, 11, 12, 15, 16, 17, 18, 19], "18": [0, 1, 2, 3, 4, 5, 6, 7, 8, 9, 10, 11, 12, 13, 14, 15, 16, 17, 18, 19]}, "join_predecessors": {"0": [], "1": [0, 2], "3": [4], "5": [6], "7": [], "6": [7], "8": [5], "9": [8], "10": [9], "11": [10], "12": [11], "4": [12], "13": [3], "14": [13], "15": [14], "16": [15], "17": [16], "2": [17], "18": [1]}, "intermediate_costs": [[[0, 14], 170550.0], [[0, 1, 2, 3, 4, 5, 6, 7, 8, 9, 11, 12, 13, 14, 15, 16, 17, 18, 19], 8432016.776879696], [[1, 2, 3, 4, 5, 6, 7, 8, 9, 11, 12, 13, 15, 16, 17, 18, 19], 9069983.738976523], [[1, 2, 3, 4, 5, 7, 8, 9, 11, 15, 17], 1473.4717770472473], [[2, 3, 4, 5, 7, 8, 9, 11, 15, 17], 1229.778937733809], [[2, 3, 7, 15], 13584.97019520294], [[3, 7, 15], 37.95345454545455], [[3, 7], 32.0], [[2, 3, 7, 11, 15], 994.6095210699988], [[2, 3, 7, 9, 11, 15], 677.1028844072168], [[2, 3, 4, 7, 9, 11, 15], 730.1492001615428], [[2, 3, 4, 7, 9, 11, 15, 17], 861.1661645967238], [[2, 3, 4, 7, 8, 9, 11, 15, 17], 1026.3897281914694], [[1, 2, 3, 4, 5, 7, 8, 9, 11, 12, 15, 17], 1765.4508263872037], [[1, 2, 3, 4, 5, 7, 8, 9, 11, 12, 15, 17, 18], 2115.2914453138856], [[1, 2, 3, 4, 5, 6, 7, 8, 9, 11, 12, 15, 17, 18], 2534.4572292234134], [[1, 2, 3, 4, 5, 6, 7, 8, 9, 11, 12, 15, 16, 17, 18], 3036.684990058426], [[1, 2, 3, 4, 5, 6, 7, 8, 9, 11, 12, 15, 16, 17, 18, 19], 3638.4341477609796]]}