{"costs": 2368.0, "root_join": 0, "join_operands": {"0": [0, 1, 2, 3, 4, 5, 6, 7], "1": [0], "2": [1, 2, 3, 4, 5, 6, 7], "3": [1], "4": [2, 3, 4, 5, 6, 7], "5": [4], "6": [2, 3, 5, 6, 7], "7": [7], "8": [2, 3, 5, 6], "9": [5], "10": [2, 3, 6], "11": [6], "12": [2, 3], "13": [2], "14": [3]}, "join_predecessors": {"0": [1, 2], "2": [3, 4], "4": [5, 6], "6": [7, 8], "8": [9, 10], "10": [11, 12], "12": [13, 14]}, "intermediate_costs": [[[1, 2, 3, 4, 5, 6, 7], 8.525320884076999e-18], [[2, 3, 4, 5, 6, 7], 9.082712480075969e-18], [[2, 3, 5, 6, 7], 1.1497659421143915e-05], [[2, 3, 5, 6], 51.83756752573219], [[2, 3, 6], 2315.0], [[2, 3], 2.0]]}