{"costs": 3027, "join_operands": {"0": [0, 1, 2, 3, 4, 5], "1": [0, 2, 3, 4, 5], "2": [], "3": [0, 3, 4, 5], "4": [], "5": [3, 4, 5], "6": [3, 5]}, "join_predecessors": {"0": [1, 2], "1": [3], "2": [4], "3": [5], "4": [], "5": [6], "6": []}, "leaf_joins": [], "opt_time": 0.0688169002532959, "status": 2, "intermediate_costs": [[[0, 2, 3, 4, 5], 48.96690000000001], [[0, 3, 4, 5], 48.9669], [[3, 4, 5], 48.96690000000001], [[3, 5], 2880.4]]}