{"costs": 5855177388.384558, "int_costs": [[[0, 1, 2, 3, 4, 5, 6, 7, 8, 9, 10, 11, 12, 13, 14, 15, 16, 17, 18, 19, 21, 22, 23, 24, 25, 26, 27, 28, 29, 30, 31, 32, 33, 34, 35, 36, 37, 38, 39], 5301779473.500135], [[0, 1, 2, 3, 4, 5, 6, 7, 8, 9, 10, 11, 12, 13, 15, 16, 17, 18, 19, 21, 22, 23, 25, 26, 27, 28, 29, 30, 31, 32, 33, 34, 35, 37, 38, 39], 37610418.25215954], [[14, 24, 36], 3947040.0], [[0, 1, 3, 4, 5, 6, 7, 8, 9, 10, 11, 13, 15, 16, 17, 19, 21, 22, 23, 25, 26, 27, 28, 29, 30, 31, 32, 33, 34, 35, 37, 39], 37611631.53059599], [[24, 36], 5067000.0], [[2, 12, 18, 38], 30999.0], [[0, 1, 3, 4, 6, 7, 8, 9, 10, 11, 13, 15, 16, 17, 19, 21, 22, 23, 26, 27, 28, 29, 30, 31, 32, 33, 34, 35, 37, 39], 38674965.39571409], [[2, 38], 14000.0], [[5, 25], 616200.0], [[12, 18], 30999.000000000004], [[0, 1, 3, 4, 6, 7, 8, 9, 10, 11, 13, 15, 16, 17, 19, 21, 22, 23, 26, 27, 28, 29, 30, 32, 33, 34, 35, 37, 39], 43689007.11192617], [[0, 1, 3, 4, 6, 7, 8, 9, 10, 11, 13, 15, 16, 17, 19, 21, 22, 23, 26, 27, 28, 29, 30, 32, 33, 34, 35, 37], 43689007.111926176], [[0, 1, 3, 4, 6, 7, 8, 9, 10, 11, 13, 15, 17, 19, 21, 22, 23, 26, 27, 28, 29, 30, 32, 33, 34, 35, 37], 43689007.11192616], [[0, 1, 3, 4, 6, 7, 8, 9, 10, 11, 13, 15, 17, 21, 22, 23, 26, 27, 28, 29, 30, 32, 33, 34, 35, 37], 43689007.11192616], [[0, 1, 3, 4, 6, 8, 9, 10, 11, 13, 15, 17, 21, 22, 23, 26, 27, 28, 29, 30, 32, 33, 34, 35, 37], 48186405.31767676], [[0, 1, 3, 4, 6, 8, 9, 10, 11, 13, 15, 17, 21, 23, 26, 27, 28, 29, 30, 32, 33, 34, 35, 37], 48186405.317676745], [[0, 1, 3, 4, 6, 8, 9, 10, 11, 13, 15, 17, 21, 23, 26, 27, 28, 29, 30, 32, 33, 35, 37], 48186405.31767674], [[0, 3, 4, 6, 8, 9, 10, 11, 13, 15, 17, 21, 23, 26, 27, 28, 29, 30, 32, 33, 35, 37], 48186405.31767675], [[0, 3, 4, 6, 8, 9, 11, 13, 15, 17, 21, 23, 26, 27, 28, 29, 30, 32, 33, 35, 37], 48186405.31767676], [[0, 3, 6, 8, 9, 11, 15, 17, 21, 27, 28, 33, 35], 86389.91021093357], [[3, 6, 9, 11, 17, 21, 27, 28, 35], 51.39540770598584], [[6, 9, 17, 21, 27, 28, 35], 51.395407705985875], [[9, 28], 1629.9999999999998], [[9, 27, 28], 9747.359198998749], [[9, 27, 28, 35], 54.52441802252815], [[9, 21, 27, 28, 35], 51.451577606829964], [[9, 17, 21, 27, 28, 35], 51.451577606829964], [[6, 9, 11, 17, 21, 27, 28, 35], 51.39540770598585], [[3, 6, 9, 11, 15, 17, 21, 27, 28, 35], 892.6018635621899], [[3, 6, 9, 11, 15, 17, 21, 27, 28, 33, 35], 9926.655742364943], [[3, 6, 8, 9, 11, 15, 17, 21, 27, 28, 33, 35], 89589.5365150422], [[0, 3, 6, 8, 9, 11, 15, 17, 21, 27, 28, 32, 33, 35], 78877.74345641138], [[0, 3, 6, 8, 9, 11, 15, 17, 21, 27, 28, 30, 32, 33, 35], 269524.3320033355], [[0, 3, 6, 8, 9, 11, 15, 17, 21, 23, 27, 28, 30, 32, 33, 35], 7224165.7394927945], [[4, 26, 29], 140073.54595137763], [[26, 29], 205666.0], [[4, 13, 26, 29], 140073.54595137766], [[4, 13, 26, 29, 37], 5849738.085683724]]}