{"costs": 54093489, "root_join": 26, "join_operands": {"0": [9, 25], "1": [0, 2, 3, 4, 7, 9, 10, 12, 13, 14, 15, 16, 17, 18, 20, 21, 22, 23, 24, 25, 26, 27, 28], "2": [0, 2, 3, 4, 7, 10, 12, 13, 14, 15, 16, 17, 18, 20, 21, 22, 23, 24, 26, 27, 28], "3": [2, 7, 10, 16, 21, 23, 24], "4": [2, 7, 10, 16, 23, 24], "5": [7, 10, 23, 24], "6": [7, 23, 24], "7": [23, 24], "8": [2, 7, 10, 23, 24], "9": [2, 4, 7, 10, 16, 21, 23, 24], "10": [2, 4, 7, 10, 16, 21, 23, 24, 27], "11": [2, 4, 7, 10, 15, 16, 21, 23, 24, 27], "12": [2, 4, 7, 10, 15, 16, 21, 23, 24, 26, 27], "13": [0, 2, 4, 7, 10, 15, 16, 21, 23, 24, 26, 27], "14": [0, 2, 4, 7, 10, 15, 16, 20, 21, 23, 24, 26, 27], "15": [0, 2, 4, 7, 10, 15, 16, 18, 20, 21, 23, 24, 26, 27], "16": [0, 2, 4, 7, 10, 15, 16, 17, 18, 20, 21, 23, 24, 26, 27], "17": [0, 2, 4, 7, 10, 13, 15, 16, 17, 18, 20, 21, 23, 24, 26, 27], "18": [0, 2, 4, 7, 10, 13, 15, 16, 17, 18, 20, 21, 22, 23, 24, 26, 27], "19": [0, 2, 4, 7, 10, 12, 13, 15, 16, 17, 18, 20, 21, 22, 23, 24, 26, 27], "20": [0, 2, 3, 4, 7, 10, 12, 13, 15, 16, 17, 18, 20, 21, 22, 23, 24, 26, 27], "21": [0, 2, 3, 4, 7, 10, 12, 13, 15, 16, 17, 18, 20, 21, 22, 23, 24, 26, 27, 28], "22": [0, 1, 2, 3, 4, 5, 6, 7, 9, 10, 12, 13, 14, 15, 16, 17, 18, 20, 21, 22, 23, 24, 25, 26, 27, 28, 29], "23": [1, 5, 6, 29], "24": [6, 29], "25": [1, 6, 29], "26": [0, 1, 2, 3, 4, 5, 6, 7, 8, 9, 10, 11, 12, 13, 14, 15, 16, 17, 18, 19, 20, 21, 22, 23, 24, 25, 26, 27, 28, 29], "27": [8, 11, 19], "28": [8, 11]}, "join_predecessors": {"0": [], "1": [0, 2], "3": [4], "5": [6], "7": [], "6": [7], "8": [5], "4": [8], "9": [3], "10": [9], "11": [10], "12": [11], "13": [12], "14": [13], "15": [14], "16": [15], "17": [16], "18": [17], "19": [18], "20": [19], "21": [20], "2": [21], "22": [1, 23], "24": [], "25": [24], "23": [25], "26": [22, 27], "28": [], "27": [28]}, "intermediate_costs": [[[9, 25], 74000.0], [[0, 2, 3, 4, 7, 9, 10, 12, 13, 14, 15, 16, 17, 18, 20, 21, 22, 23, 24, 25, 26, 27, 28], 1949579.457794507], [[0, 2, 3, 4, 7, 10, 12, 13, 14, 15, 16, 17, 18, 20, 21, 22, 23, 24, 26, 27, 28], 1238246.9444359965], [[2, 7, 10, 16, 21, 23, 24], 1300.3617311061987], [[2, 7, 10, 16, 23, 24], 117.83882141979862], [[7, 10, 23, 24], 117.83882141979859], [[7, 23, 24], 95.09799623352167], [[23, 24], 97.00000000000001], [[2, 7, 10, 23, 24], 117.8388214197986], [[2, 4, 7, 10, 16, 21, 23, 24], 92066.99982000297], [[2, 4, 7, 10, 16, 21, 23, 24, 27], 92066.99982000297], [[2, 4, 7, 10, 15, 16, 21, 23, 24, 27], 91344.83767336639], [[2, 4, 7, 10, 15, 16, 21, 23, 24, 26, 27], 90617.56010146397], [[0, 2, 4, 7, 10, 15, 16, 21, 23, 24, 26, 27], 90617.56010146395], [[0, 2, 4, 7, 10, 15, 16, 20, 21, 23, 24, 26, 27], 995394.7406014671], [[0, 2, 4, 7, 10, 15, 16, 18, 20, 21, 23, 24, 26, 27], 975956.7146189434], [[0, 2, 4, 7, 10, 15, 16, 17, 18, 20, 21, 23, 24, 26, 27], 916807.7804475185], [[0, 2, 4, 7, 10, 13, 15, 16, 17, 18, 20, 21, 23, 24, 26, 27], 916807.7804475185], [[0, 2, 4, 7, 10, 13, 15, 16, 17, 18, 20, 21, 22, 23, 24, 26, 27], 833461.6020031774], [[0, 2, 4, 7, 10, 12, 13, 15, 16, 17, 18, 20, 21, 22, 23, 24, 26, 27], 833461.6020031774], [[0, 2, 3, 4, 7, 10, 12, 13, 15, 16, 17, 18, 20, 21, 22, 23, 24, 26, 27], 833461.6020031774], [[0, 2, 3, 4, 7, 10, 12, 13, 15, 16, 17, 18, 20, 21, 22, 23, 24, 26, 27, 28], 833461.6020031774], [[0, 1, 2, 3, 4, 5, 6, 7, 9, 10, 12, 13, 14, 15, 16, 17, 18, 20, 21, 22, 23, 24, 25, 26, 27, 28, 29], 11703386.083001388], [[1, 5, 6, 29], 5600828.000000001], [[6, 29], 5600828.0], [[1, 6, 29], 5600828.0], [[8, 11, 19], 7308839.999999999], [[8, 11], 7419580.0]]}