{"costs": 8045546, "root_join": 18, "join_operands": {"0": [0, 9], "1": [0, 9, 10], "2": [0, 1, 2, 3, 4, 5, 6, 7, 8, 9, 10, 12, 13, 14, 15, 16, 17, 18, 19], "3": [1, 2, 3, 4, 5, 6, 7, 8, 12, 13, 14, 15, 16, 17, 18, 19], "4": [1, 2, 4, 6, 7, 13, 15, 16], "5": [1, 2, 4, 6, 7, 13, 15], "6": [1, 2, 6, 7, 13], "7": [2, 6, 7, 13], "8": [6, 7, 13], "9": [6, 7], "10": [4, 15], "11": [1, 2, 4, 6, 7, 12, 13, 15, 16], "12": [1, 2, 3, 4, 6, 7, 12, 13, 15, 16], "13": [5, 8, 14, 17, 18, 19], "14": [5, 14, 18, 19], "15": [5, 14, 19], "16": [14, 19], "17": [5, 14, 17, 18, 19], "18": [0, 1, 2, 3, 4, 5, 6, 7, 8, 9, 10, 11, 12, 13, 14, 15, 16, 17, 18, 19]}, "join_predecessors": {"0": [], "1": [0], "2": [1, 3], "4": [5], "6": [7], "7": [8], "9": [], "8": [9], "5": [6, 10], "10": [], "11": [4], "12": [11], "3": [12, 13], "14": [15], "15": [16], "16": [], "17": [14], "13": [17], "18": [2]}, "intermediate_costs": [[[0, 9], 1269.0], [[0, 9, 10], 15066.636943097015], [[0, 1, 2, 3, 4, 5, 6, 7, 8, 9, 10, 12, 13, 14, 15, 16, 17, 18, 19], 841319.3149108584], [[1, 2, 3, 4, 5, 6, 7, 8, 12, 13, 14, 15, 16, 17, 18, 19], 2332767.795148292], [[1, 2, 4, 6, 7, 13, 15, 16], 30026.53791665247], [[1, 2, 4, 6, 7, 13, 15], 2529.010071362683], [[1, 2, 6, 7, 13], 65313.156234442424], [[2, 6, 7, 13], 388.6431722424242], [[6, 7, 13], 0.12293333333333333], [[6, 7], 360.0], [[4, 15], 1223.0], [[1, 2, 4, 6, 7, 12, 13, 15, 16], 356500.3514495186], [[1, 2, 3, 4, 6, 7, 12, 13, 15, 16], 4232672.473636961], [[5, 8, 14, 17, 18, 19], 146546.93260506456], [[5, 14, 18, 19], 1039.6033258597017], [[5, 14, 19], 2369.747578832515], [[14, 19], 3811.0], [[5, 14, 17, 18, 19], 12343.037020711261]]}