{"costs": 1207727, "root_join": 28, "join_operands": {"0": [0, 1, 2, 3, 4, 6, 7, 8, 10, 11, 13, 14, 16, 17, 18, 19, 20, 21, 22, 23, 24, 25, 26, 28, 29], "1": [1, 2, 3, 4, 6, 7, 8, 10, 11, 13, 14, 16, 17, 18, 19, 20, 21, 22, 23, 24, 25, 26, 28, 29], "2": [1, 11], "3": [1, 10, 11, 28], "4": [10, 28], "5": [1, 10, 11, 18, 28], "6": [1, 10, 11, 18, 22, 28], "7": [1, 7, 10, 11, 18, 22, 28], "8": [1, 7, 8, 10, 11, 18, 22, 28], "9": [1, 7, 8, 10, 11, 18, 22, 25, 28], "10": [1, 2, 6, 7, 8, 10, 11, 18, 22, 25, 28], "11": [2, 6], "12": [1, 2, 6, 7, 8, 10, 11, 18, 19, 22, 25, 28], "13": [1, 2, 4, 6, 7, 8, 10, 11, 18, 19, 22, 25, 28], "14": [1, 2, 4, 6, 7, 8, 10, 11, 13, 18, 19, 22, 25, 28], "15": [1, 2, 4, 6, 7, 8, 10, 11, 13, 18, 19, 20, 22, 23, 25, 28], "16": [20, 23], "17": [1, 2, 4, 6, 7, 8, 10, 11, 13, 18, 19, 20, 22, 23, 25, 28, 29], "18": [1, 2, 4, 6, 7, 8, 10, 11, 13, 18, 19, 20, 22, 23, 24, 25, 28, 29], "19": [1, 2, 3, 4, 6, 7, 8, 10, 11, 13, 18, 19, 20, 22, 23, 24, 25, 28, 29], "20": [1, 2, 3, 4, 6, 7, 8, 10, 11, 13, 16, 18, 19, 20, 22, 23, 24, 25, 28, 29], "21": [1, 2, 3, 4, 6, 7, 8, 10, 11, 13, 16, 17, 18, 19, 20, 22, 23, 24, 25, 28, 29], "22": [1, 2, 3, 4, 6, 7, 8, 10, 11, 13, 16, 17, 18, 19, 20, 22, 23, 24, 25, 26, 28, 29], "23": [1, 2, 3, 4, 6, 7, 8, 10, 11, 13, 16, 17, 18, 19, 20, 21, 22, 23, 24, 25, 26, 28, 29], "24": [0, 1, 2, 3, 4, 6, 7, 8, 10, 11, 13, 14, 16, 17, 18, 19, 20, 21, 22, 23, 24, 25, 26, 27, 28, 29], "25": [0, 1, 2, 3, 4, 6, 7, 8, 10, 11, 12, 13, 14, 16, 17, 18, 19, 20, 21, 22, 23, 24, 25, 26, 27, 28, 29], "26": [0, 1, 2, 3, 4, 5, 6, 7, 8, 10, 11, 12, 13, 14, 16, 17, 18, 19, 20, 21, 22, 23, 24, 25, 26, 27, 28, 29], "27": [0, 1, 2, 3, 4, 5, 6, 7, 8, 9, 10, 11, 12, 13, 14, 16, 17, 18, 19, 20, 21, 22, 23, 24, 25, 26, 27, 28, 29], "28": [0, 1, 2, 3, 4, 5, 6, 7, 8, 9, 10, 11, 12, 13, 14, 15, 16, 17, 18, 19, 20, 21, 22, 23, 24, 25, 26, 27, 28, 29]}, "join_predecessors": {"0": [1], "2": [], "3": [2, 4], "4": [], "5": [3], "6": [5], "7": [6], "8": [7], "9": [8], "10": [9, 11], "11": [], "12": [10], "13": [12], "14": [13], "15": [14, 16], "16": [], "17": [15], "18": [17], "19": [18], "20": [19], "21": [20], "22": [21], "23": [22], "1": [23], "24": [0], "25": [24], "26": [25], "27": [26], "28": [27]}, "intermediate_costs": [[[0, 1, 2, 3, 4, 6, 7, 8, 10, 11, 13, 14, 16, 17, 18, 19, 20, 21, 22, 23, 24, 25, 26, 28, 29], 17377.622016385463], [[1, 2, 3, 4, 6, 7, 8, 10, 11, 13, 14, 16, 17, 18, 19, 20, 21, 22, 23, 24, 25, 26, 28, 29], 8144.063640255633], [[1, 11], 213.00000000000003], [[1, 10, 11, 28], 41.70663351301682], [[10, 28], 3119.9999999999995], [[1, 10, 11, 18, 28], 1.893463718949445], [[1, 10, 11, 18, 22, 28], 3.9884390430538583], [[1, 7, 10, 11, 18, 22, 28], 8.510408508866998], [[1, 7, 8, 10, 11, 18, 22, 28], 18.15933446192757], [[1, 7, 8, 10, 11, 18, 22, 25, 28], 38.74801400621036], [[1, 2, 6, 7, 8, 10, 11, 18, 22, 25, 28], 267.4122387062299], [[2, 6], 51749.0], [[1, 2, 6, 7, 8, 10, 11, 18, 19, 22, 25, 28], 323.33952302345773], [[1, 2, 4, 6, 7, 8, 10, 11, 18, 19, 22, 25, 28], 459.9571445491862], [[1, 2, 4, 6, 7, 8, 10, 11, 13, 18, 19, 22, 25, 28], 3115.637266989773], [[1, 2, 4, 6, 7, 8, 10, 11, 13, 18, 19, 20, 22, 23, 25, 28], 22.839398471136644], [[20, 23], 213.0], [[1, 2, 4, 6, 7, 8, 10, 11, 13, 18, 19, 20, 22, 23, 25, 28, 29], 48.734275029816786], [[1, 2, 4, 6, 7, 8, 10, 11, 13, 18, 19, 20, 22, 23, 24, 25, 28, 29], 103.988272891936], [[1, 2, 3, 4, 6, 7, 8, 10, 11, 13, 18, 19, 20, 22, 23, 24, 25, 28, 29], 184.11991150161273], [[1, 2, 3, 4, 6, 7, 8, 10, 11, 13, 16, 18, 19, 20, 22, 23, 24, 25, 28, 29], 392.87157943480344], [[1, 2, 3, 4, 6, 7, 8, 10, 11, 13, 16, 17, 18, 19, 20, 22, 23, 24, 25, 28, 29], 838.2995544084978], [[1, 2, 3, 4, 6, 7, 8, 10, 11, 13, 16, 17, 18, 19, 20, 22, 23, 24, 25, 26, 28, 29], 1788.7300572146762], [[1, 2, 3, 4, 6, 7, 8, 10, 11, 13, 16, 17, 18, 19, 20, 21, 22, 23, 24, 25, 26, 28, 29], 3816.746035309006], [[0, 1, 2, 3, 4, 6, 7, 8, 10, 11, 13, 14, 16, 17, 18, 19, 20, 21, 22, 23, 24, 25, 26, 27, 28, 29], 37080.04007990766], [[0, 1, 2, 3, 4, 6, 7, 8, 10, 11, 12, 13, 14, 16, 17, 18, 19, 20, 21, 22, 23, 24, 25, 26, 27, 28, 29], 79120.68755688662], [[0, 1, 2, 3, 4, 5, 6, 7, 8, 10, 11, 12, 13, 14, 16, 17, 18, 19, 20, 21, 22, 23, 24, 25, 26, 27, 28, 29], 338926.22655114275], [[0, 1, 2, 3, 4, 5, 6, 7, 8, 9, 10, 11, 12, 13, 14, 16, 17, 18, 19, 20, 21, 22, 23, 24, 25, 26, 27, 28, 29], 660307.8997912304]]}