{"costs": 108810372, "root_join": 36, "join_operands": {"0": [0, 4], "1": [0, 4, 6, 8, 15, 16, 30], "2": [6, 8, 15, 16, 30], "3": [15, 16, 30], "4": [15, 30], "5": [8, 15, 16, 30], "6": [0, 4, 6, 8, 15, 16, 30, 38], "7": [0, 4, 6, 7, 8, 15, 16, 30, 38], "8": [0, 1, 2, 3, 4, 6, 7, 8, 9, 10, 11, 12, 13, 14, 15, 16, 17, 18, 19, 20, 22, 24, 25, 26, 27, 28, 29, 30, 31, 32, 33, 34, 35, 36, 37, 38, 39], "9": [1, 2, 3, 9, 10, 11, 12, 13, 14, 17, 18, 19, 20, 22, 24, 25, 26, 27, 28, 29, 31, 32, 33, 34, 35, 36, 37, 39], "10": [3, 9, 10, 11, 14, 17, 22, 26, 34, 35, 39], "11": [3, 9, 10, 11, 14, 17, 26, 34, 35, 39], "12": [11, 14, 34], "13": [11, 34], "14": [3, 9, 10, 17, 26, 35, 39], "15": [3, 9, 10, 17, 39], "16": [9, 10, 17, 39], "17": [9, 39], "18": [9, 17, 39], "19": [3, 9, 10, 17, 35, 39], "20": [3, 9, 10, 11, 14, 17, 22, 26, 27, 34, 35, 39], "21": [3, 9, 10, 11, 14, 17, 18, 20, 22, 26, 27, 34, 35, 37, 39], "22": [18, 20, 37], "23": [20, 37], "24": [3, 9, 10, 11, 14, 17, 18, 20, 22, 24, 26, 27, 34, 35, 37, 39], "25": [2, 3, 9, 10, 11, 12, 14, 17, 18, 20, 22, 24, 26, 27, 34, 35, 37, 39], "26": [2, 12], "27": [2, 3, 9, 10, 11, 12, 14, 17, 18, 20, 22, 24, 25, 26, 27, 34, 35, 37, 39], "28": [1, 2, 3, 9, 10, 11, 12, 14, 17, 18, 20, 22, 24, 25, 26, 27, 28, 32, 34, 35, 37, 39], "29": [1, 28, 32], "30": [1, 28], "31": [1, 2, 3, 9, 10, 11, 12, 13, 14, 17, 18, 19, 20, 22, 24, 25, 26, 27, 28, 29, 31, 32, 34, 35, 37, 39], "32": [13, 19, 29, 31], "33": [13, 19, 31], "34": [13, 31], "35": [1, 2, 3, 9, 10, 11, 12, 13, 14, 17, 18, 19, 20, 22, 24, 25, 26, 27, 28, 29, 31, 32, 33, 34, 35, 37, 39], "36": [0, 1, 2, 3, 4, 5, 6, 7, 8, 9, 10, 11, 12, 13, 14, 15, 16, 17, 18, 19, 20, 21, 22, 23, 24, 25, 26, 27, 28, 29, 30, 31, 32, 33, 34, 35, 36, 37, 38, 39], "37": [5, 21, 23], "38": [5, 21]}, "join_predecessors": {"0": [], "1": [0, 2], "3": [4], "4": [], "5": [3], "2": [5], "6": [1], "7": [6], "8": [7, 9], "10": [11], "12": [13], "13": [], "11": [12, 14], "15": [16], "17": [], "18": [17], "16": [18], "19": [15], "14": [19], "20": [10], "21": [20, 22], "23": [], "22": [23], "24": [21], "25": [24, 26], "26": [], "27": [25], "28": [27, 29], "30": [], "29": [30], "31": [28, 32], "32": [33], "34": [], "33": [34], "35": [31], "9": [35], "36": [8, 37], "38": [], "37": [38]}, "intermediate_costs": [[[0, 4], 950000.0], [[0, 4, 6, 8, 15, 16, 30], 2452827.5300190304], [[6, 8, 15, 16, 30], 2452827.9782697577], [[15, 16, 30], 2747167.3469387754], [[15, 30], 4551000.0], [[8, 15, 16, 30], 2747167.3469387754], [[0, 4, 6, 8, 15, 16, 30, 38], 2452827.530019031], [[0, 4, 6, 7, 8, 15, 16, 30, 38], 2452827.530019031], [[0, 1, 2, 3, 4, 6, 7, 8, 9, 10, 11, 12, 13, 14, 15, 16, 17, 18, 19, 20, 22, 24, 25, 26, 27, 28, 29, 30, 31, 32, 33, 34, 35, 36, 37, 38, 39], 7075640.823144594], [[1, 2, 3, 9, 10, 11, 12, 13, 14, 17, 18, 19, 20, 22, 24, 25, 26, 27, 28, 29, 31, 32, 33, 34, 35, 36, 37, 39], 262506.5636025871], [[3, 9, 10, 11, 14, 17, 22, 26, 34, 35, 39], 112.248985788678], [[3, 9, 10, 11, 14, 17, 26, 34, 35, 39], 112.248985788678], [[11, 14, 34], 9020937.02690583], [[11, 34], 875781.0], [[3, 9, 10, 17, 26, 35, 39], 36.18471669848662], [[3, 9, 10, 17, 39], 37.333438882421426], [[9, 10, 17, 39], 115.6078463329453], [[9, 39], 18010.0], [[9, 17, 39], 462.4313853317812], [[3, 9, 10, 17, 35, 39], 36.18471669848662], [[3, 9, 10, 11, 14, 17, 22, 26, 27, 34, 35, 39], 112.248985788678], [[3, 9, 10, 11, 14, 17, 18, 20, 22, 26, 27, 34, 35, 37, 39], 8046.335828132045], [[18, 20, 37], 6164731.702093944], [[20, 37], 86000.0], [[3, 9, 10, 11, 14, 17, 18, 20, 22, 24, 26, 27, 34, 35, 37, 39], 121294.61127239269], [[2, 3, 9, 10, 11, 12, 14, 17, 18, 20, 22, 24, 26, 27, 34, 35, 37, 39], 121294.6112723927], [[2, 12], 11225000.0], [[2, 3, 9, 10, 11, 12, 14, 17, 18, 20, 22, 24, 25, 26, 27, 34, 35, 37, 39], 121294.6112723927], [[1, 2, 3, 9, 10, 11, 12, 14, 17, 18, 20, 22, 24, 25, 26, 27, 28, 32, 34, 35, 37, 39], 8702.789172930861], [[1, 28, 32], 6971000.0], [[1, 28], 6971000.000000001], [[1, 2, 3, 9, 10, 11, 12, 13, 14, 17, 18, 19, 20, 22, 24, 25, 26, 27, 28, 29, 31, 32, 34, 35, 37, 39], 262506.5636025871], [[13, 19, 29, 31], 7933000.000000001], [[13, 19, 31], 7933000.000000001], [[13, 31], 7933000.0], [[1, 2, 3, 9, 10, 11, 12, 13, 14, 17, 18, 19, 20, 22, 24, 25, 26, 27, 28, 29, 31, 32, 33, 34, 35, 37, 39], 262506.5636025871], [[5, 21, 23], 7313725.0], [[5, 21], 7313725.0]]}