{"costs": 855.0, "root_join": 0, "join_operands": {"0": [0, 1, 2, 3, 4], "1": [4], "2": [0, 1, 2, 3], "3": [2], "4": [0, 1, 3], "5": [1], "6": [0, 3], "7": [0], "8": [3]}, "join_predecessors": {"0": [1, 2], "2": [3, 4], "4": [5, 6], "6": [7, 8]}, "intermediate_costs": [[[0, 1, 2, 3], 130.09938900063196], [[0, 1, 3], 360.3865000006937], [[0, 3], 365.245]]}