{"costs": 269091089, "root_join": 28, "join_operands": {"0": [0, 10, 24, 26], "1": [10, 24, 26], "2": [24, 26], "3": [0, 10, 19, 24, 26], "4": [0, 10, 19, 24, 26, 29], "5": [0, 1, 2, 3, 4, 5, 6, 7, 8, 9, 10, 11, 12, 14, 15, 16, 17, 19, 20, 21, 22, 23, 24, 25, 26, 27, 29], "6": [1, 2, 3, 4, 5, 6, 7, 8, 9, 11, 12, 14, 15, 16, 17, 20, 21, 22, 23, 25, 27], "7": [1, 6, 11], "8": [1, 6], "9": [1, 6, 11, 22], "10": [1, 5, 6, 11, 16, 17, 21, 22, 23, 25, 27], "11": [5, 16, 17, 21, 23, 25, 27], "12": [5, 27], "13": [5, 16, 27], "14": [5, 16, 23, 27], "15": [5, 16, 23, 25, 27], "16": [5, 16, 21, 23, 25, 27], "17": [1, 5, 6, 8, 11, 16, 17, 20, 21, 22, 23, 25, 27], "18": [8, 20], "19": [1, 3, 5, 6, 8, 11, 12, 16, 17, 20, 21, 22, 23, 25, 27], "20": [3, 12], "21": [1, 2, 3, 5, 6, 8, 11, 12, 16, 17, 20, 21, 22, 23, 25, 27], "22": [1, 2, 3, 5, 6, 8, 11, 12, 15, 16, 17, 20, 21, 22, 23, 25, 27], "23": [1, 2, 3, 5, 6, 7, 8, 11, 12, 15, 16, 17, 20, 21, 22, 23, 25, 27], "24": [1, 2, 3, 4, 5, 6, 7, 8, 9, 11, 12, 15, 16, 17, 20, 21, 22, 23, 25, 27], "25": [4, 9], "26": [0, 1, 2, 3, 4, 5, 6, 7, 8, 9, 10, 11, 12, 13, 14, 15, 16, 17, 19, 20, 21, 22, 23, 24, 25, 26, 27, 28, 29], "27": [13, 28], "28": [0, 1, 2, 3, 4, 5, 6, 7, 8, 9, 10, 11, 12, 13, 14, 15, 16, 17, 18, 19, 20, 21, 22, 23, 24, 25, 26, 27, 28, 29]}, "join_predecessors": {"0": [1], "2": [], "1": [2], "3": [0], "4": [3], "5": [4, 6], "7": [8], "8": [], "9": [7], "10": [9, 11], "12": [], "13": [12], "14": [13], "15": [14], "16": [15], "11": [16], "17": [10, 18], "18": [], "19": [17, 20], "20": [], "21": [19], "22": [21], "23": [22], "24": [23, 25], "25": [], "6": [24], "26": [5, 27], "27": [], "28": [26]}, "intermediate_costs": [[[0, 10, 24, 26], 11059.43404003636], [[10, 24, 26], 4008.745923476005], [[24, 26], 1471.0], [[0, 10, 19, 24, 26], 6342096.900064119], [[0, 10, 19, 24, 26, 29], 17496758.52144781], [[0, 1, 2, 3, 4, 5, 6, 7, 8, 9, 10, 11, 12, 14, 15, 16, 17, 19, 20, 21, 22, 23, 24, 25, 26, 27, 29], 474380.6160883968], [[1, 2, 3, 4, 5, 6, 7, 8, 9, 11, 12, 14, 15, 16, 17, 20, 21, 22, 23, 25, 27], 517602.0006866758], [[1, 6, 11], 51.181931395741806], [[1, 6], 8905.0], [[1, 6, 11, 22], 141.20218205171616], [[1, 5, 6, 11, 16, 17, 21, 22, 23, 25, 27], 0.3312137868820083], [[5, 16, 17, 21, 23, 25, 27], 677.5361337990782], [[5, 27], 2425.0], [[5, 16, 27], 6690.156896551724], [[5, 16, 23, 27], 35.49419276070745], [[5, 16, 23, 25, 27], 89.02025140230855], [[5, 16, 21, 23, 25, 27], 245.5883277332605], [[1, 5, 6, 8, 11, 16, 17, 20, 21, 22, 23, 25, 27], 3354.756826990317], [[8, 20], 223953439.0], [[1, 3, 5, 6, 8, 11, 12, 16, 17, 20, 21, 22, 23, 25, 27], 25412.875767771206], [[3, 12], 5384502.999999999], [[1, 2, 3, 5, 6, 8, 11, 12, 16, 17, 20, 21, 22, 23, 25, 27], 63432.65069642661], [[1, 2, 3, 5, 6, 8, 11, 12, 15, 16, 17, 20, 21, 22, 23, 25, 27], 9081.139097796999], [[1, 2, 3, 5, 6, 7, 8, 11, 12, 15, 16, 17, 20, 21, 22, 23, 25, 27], 25052.970866843207], [[1, 2, 3, 4, 5, 6, 7, 8, 9, 11, 12, 15, 16, 17, 20, 21, 22, 23, 25, 27], 188774.72087818303], [[4, 9], 273124.0], [[0, 1, 2, 3, 4, 5, 6, 7, 8, 9, 10, 11, 12, 13, 14, 15, 16, 17, 19, 20, 21, 22, 23, 24, 25, 26, 27, 28, 29], 3610575.070729593], [[13, 28], 10687702.0]]}