{"costs": 1.529746751560844e+34, "join_operands": {"0": [0, 1, 2, 3, 4, 5, 6, 7, 8, 9, 10, 11, 12, 13, 14, 15, 16, 17, 18, 19, 20, 21, 22, 23, 24, 25, 26, 27, 28, 29, 30, 31, 32, 33, 34, 35, 36, 37, 38, 39], "1": [1, 2, 11, 16, 21, 27, 28, 30, 32, 35, 37, 38], "2": [0, 3, 4, 5, 6, 7, 8, 9, 10, 12, 13, 14, 15, 17, 18, 19, 20, 22, 23, 24, 25, 26, 29, 31, 33, 34, 36, 39], "3": [2, 11, 28, 30, 37], "4": [0, 4, 5, 6, 8, 9, 13, 14, 15, 17, 18, 19, 22, 24, 26, 29, 34, 36], "5": [1, 16, 21, 27, 32, 35, 38], "6": [3, 7, 10, 12, 20, 23, 25, 31, 33, 39], "7": [], "8": [0, 5, 9, 13, 14, 15, 17, 18, 19, 22, 26, 29, 34, 36], "9": [1, 16, 21], "10": [3, 7, 12, 23, 33], "11": [2, 11, 28, 37], "12": [4, 6, 8, 24], "13": [27, 32, 35, 38], "14": [10, 20, 25, 31, 39], "15": [], "16": [0, 5, 9, 13, 14, 17, 18, 19, 22, 26, 29, 34], "17": [16, 21], "18": [3, 7, 23], "19": [2, 11, 37], "20": [4, 8, 24], "21": [27, 35, 38], "22": [25, 31, 39], "23": [], "24": [15, 36], "25": [], "26": [12, 33], "27": [], "28": [], "29": [], "30": [10, 20], "31": [], "32": [0, 5, 13, 14, 17, 18, 19, 22, 26, 29, 34], "33": [], "34": [3, 7], "35": [2, 37], "36": [4, 8], "37": [27, 38], "38": [25, 39]}, "join_predecessors": {"0": [1, 2], "1": [3, 5], "2": [4, 6], "3": [7, 11], "4": [8, 12], "5": [9, 13], "6": [10, 14], "7": [15, 23], "8": [16, 24], "9": [17, 25], "10": [18, 26], "11": [19, 27], "12": [20, 28], "13": [21, 29], "14": [22, 30], "15": [31], "16": [32], "17": [33], "18": [34], "19": [35], "20": [36], "21": [37], "22": [38], "23": [], "24": [], "25": [], "26": [], "27": [], "28": [], "29": [], "30": [], "31": [], "32": [], "33": [], "34": [], "35": [], "36": [], "37": [], "38": []}, "leaf_joins": [31, 32], "opt_time": 20.024469137191772, "status": 9, "intermediate_costs": [[[1, 2, 11, 16, 21, 27, 28, 30, 32, 35, 37, 38], 322126.0883523369], [[0, 3, 4, 5, 6, 7, 8, 9, 10, 12, 13, 14, 15, 17, 18, 19, 20, 22, 23, 24, 25, 26, 29, 31, 33, 34, 36, 39], 2.077360606362779e+29], [[2, 11, 28, 30, 37], 7945411.000000001], [[0, 4, 5, 6, 8, 9, 13, 14, 15, 17, 18, 19, 22, 24, 26, 29, 34, 36], 1.5274173522995616e+34], [[1, 16, 21, 27, 32, 35, 38], 232893.60596276287], [[3, 7, 10, 12, 20, 23, 25, 31, 33, 39], 4796435435.519256], [[0, 5, 9, 13, 14, 15, 17, 18, 19, 22, 26, 29, 34, 36], 9.82894049098817e+27], [[1, 16, 21], 0.05739182282793867], [[3, 7, 12, 23, 33], 6769842769.297836], [[2, 11, 28, 37], 7945411.0], [[4, 6, 8, 24], 1553999.9999999998], [[27, 32, 35, 38], 4057957.989258862], [[10, 20, 25, 31, 39], 1703234.651073623], [[0, 5, 9, 13, 14, 17, 18, 19, 22, 26, 29, 34], 2.2899247637367657e+31], [[16, 21], 944.0], [[3, 7, 23], 53872.99976363637], [[2, 11, 37], 7945411.0], [[4, 8, 24], 1554000.0], [[27, 35, 38], 4057957.9892588616], [[25, 31, 39], 1725745.7376576678], [[15, 36], 84092000.0], [[12, 33], 125663.0], [[10, 20], 971165.0], [[0, 5, 13, 14, 17, 18, 19, 22, 26, 29, 34], 1.7717997432919403e+29], [[3, 7], 54221.0], [[2, 37], 7945411.0], [[4, 8], 1554000.0], [[27, 38], 913433.0000000001], [[25, 39], 1732162.0]]}