{"costs": 26779, "join_operands": {"0": [0, 1, 2, 3, 4, 5, 6, 7, 8, 9, 10, 11, 12, 13], "1": [0, 1, 2, 3, 4, 5, 6, 7, 9, 10, 11, 12, 13], "2": [], "3": [0, 1, 2, 4, 5, 6, 7, 9, 10, 11, 12, 13], "4": [], "5": [], "6": [], "7": [0, 2, 4, 5, 7, 9, 10, 11, 12, 13], "8": [], "9": [], "10": [], "11": [1, 6], "12": [], "13": [0, 2, 4, 7, 9, 10, 11, 12, 13], "14": [0, 2, 4, 7, 9, 10, 11, 13], "15": [0, 2, 7, 9, 10, 11, 13], "16": [0, 2, 7, 9, 10, 13], "17": [0, 2, 9, 10, 13], "18": [0, 9, 10, 13], "19": [0, 9, 13], "20": [0, 13], "21": []}, "join_predecessors": {"0": [1, 2], "1": [3, 5], "2": [4, 6], "3": [7, 11], "4": [8, 12], "5": [9], "6": [10], "7": [13], "8": [], "9": [], "10": [], "11": [], "12": [], "13": [14], "14": [15], "15": [16], "16": [17], "17": [18], "18": [19], "19": [20], "20": [21], "21": []}, "leaf_joins": [], "opt_time": 3.328115940093994, "status": 2, "intermediate_costs": [[[0, 1, 2, 3, 4, 5, 6, 7, 9, 10, 11, 12, 13], 1.2700466688887944e-58], [[0, 1, 2, 4, 5, 6, 7, 9, 10, 11, 12, 13], 1.5506720265092259e-58], [[0, 2, 4, 5, 7, 9, 10, 11, 12, 13], 7.177778926047939e-58], [[1, 6], 1.0], [[0, 2, 4, 7, 9, 10, 11, 12, 13], 8.36921233278382e-58], [[0, 2, 4, 7, 9, 10, 11, 13], 4.896712091611082e-33], [[0, 2, 7, 9, 10, 11, 13], 4.896712091611082e-33], [[0, 2, 7, 9, 10, 13], 6.5631966102335735e-15], [[0, 2, 9, 10, 13], 2.1877322034111913e-15], [[0, 9, 10, 13], 2.6746428985284647e-15], [[0, 9, 13], 0.008996282544031514], [[0, 13], 26778.0]]}