{"costs": 3282197, "root_join": 27, "join_operands": {"0": [0, 7, 9, 10, 12, 14, 15, 17, 21, 25, 26, 27], "1": [7, 9, 10, 12, 14, 15, 17, 21, 25, 26, 27], "2": [9, 10, 12, 14, 15, 17, 21, 25, 26, 27], "3": [14, 17, 21, 25, 26, 27], "4": [14, 17, 21, 26, 27], "5": [14, 17, 21, 26], "6": [14, 21], "7": [14, 17, 21], "8": [14, 15, 17, 21, 25, 26, 27], "9": [9, 10, 12], "10": [9, 12], "11": [0, 7, 9, 10, 11, 12, 14, 15, 17, 21, 25, 26, 27], "12": [0, 7, 9, 10, 11, 12, 14, 15, 16, 17, 21, 25, 26, 27], "13": [0, 6, 7, 9, 10, 11, 12, 14, 15, 16, 17, 21, 25, 26, 27], "14": [0, 6, 7, 9, 10, 11, 12, 14, 15, 16, 17, 21, 22, 25, 26, 27], "15": [0, 6, 7, 9, 10, 11, 12, 14, 15, 16, 17, 21, 22, 25, 26, 27, 29], "16": [0, 3, 6, 7, 9, 10, 11, 12, 14, 15, 16, 17, 21, 22, 25, 26, 27, 29], "17": [0, 3, 6, 7, 9, 10, 11, 12, 13, 14, 15, 16, 17, 21, 22, 25, 26, 27, 29], "18": [0, 2, 3, 6, 7, 9, 10, 11, 12, 13, 14, 15, 16, 17, 21, 22, 25, 26, 27, 29], "19": [0, 2, 3, 6, 7, 9, 10, 11, 12, 13, 14, 15, 16, 17, 21, 22, 24, 25, 26, 27, 29], "20": [0, 2, 3, 6, 7, 9, 10, 11, 12, 13, 14, 15, 16, 17, 20, 21, 22, 24, 25, 26, 27, 29], "21": [0, 1, 2, 3, 6, 7, 9, 10, 11, 12, 13, 14, 15, 16, 17, 20, 21, 22, 24, 25, 26, 27, 29], "22": [0, 1, 2, 3, 4, 6, 7, 9, 10, 11, 12, 13, 14, 15, 16, 17, 20, 21, 22, 24, 25, 26, 27, 29], "23": [0, 1, 2, 3, 4, 6, 7, 9, 10, 11, 12, 13, 14, 15, 16, 17, 18, 20, 21, 22, 24, 25, 26, 27, 29], "24": [0, 1, 2, 3, 4, 6, 7, 9, 10, 11, 12, 13, 14, 15, 16, 17, 18, 20, 21, 22, 24, 25, 26, 27, 28, 29], "25": [0, 1, 2, 3, 4, 5, 6, 7, 9, 10, 11, 12, 13, 14, 15, 16, 17, 18, 20, 21, 22, 24, 25, 26, 27, 28, 29], "26": [0, 1, 2, 3, 4, 5, 6, 7, 9, 10, 11, 12, 13, 14, 15, 16, 17, 18, 20, 21, 22, 23, 24, 25, 26, 27, 28, 29], "27": [0, 1, 2, 3, 4, 5, 6, 7, 8, 9, 10, 11, 12, 13, 14, 15, 16, 17, 18, 19, 20, 21, 22, 23, 24, 25, 26, 27, 28, 29], "28": [8, 19]}, "join_predecessors": {"0": [1], "1": [2], "3": [4], "4": [5], "6": [], "7": [6], "5": [7], "8": [3], "2": [8, 9], "9": [10], "10": [], "11": [0], "12": [11], "13": [12], "14": [13], "15": [14], "16": [15], "17": [16], "18": [17], "19": [18], "20": [19], "21": [20], "22": [21], "23": [22], "24": [23], "25": [24], "26": [25], "27": [26, 28], "28": []}, "intermediate_costs": [[[0, 7, 9, 10, 12, 14, 15, 17, 21, 25, 26, 27], 0.0018641343010933524], [[7, 9, 10, 12, 14, 15, 17, 21, 25, 26, 27], 4.328200456747803], [[9, 10, 12, 14, 15, 17, 21, 25, 26, 27], 1.6312888144596063], [[14, 17, 21, 25, 26, 27], 324.2915799500887], [[14, 17, 21, 26, 27], 140.3321227831743], [[14, 17, 21, 26], 8.542437394138304], [[14, 21], 1502.0], [[14, 17, 21], 3.2853319458896983], [[14, 15, 17, 21, 25, 26, 27], 849.6680431021335], [[9, 10, 12], 71.63747339449542], [[9, 12], 27.0], [[0, 7, 9, 10, 11, 12, 14, 15, 17, 21, 25, 26, 27], 0.004945995236975606], [[0, 7, 9, 10, 11, 12, 14, 15, 16, 17, 21, 25, 26, 27], 0.01020670863436282], [[0, 6, 7, 9, 10, 11, 12, 14, 15, 16, 17, 21, 25, 26, 27], 0.027080837659272286], [[0, 6, 7, 9, 10, 11, 12, 14, 15, 16, 17, 21, 22, 25, 26, 27], 0.07185194691400475], [[0, 6, 7, 9, 10, 11, 12, 14, 15, 16, 17, 21, 22, 25, 26, 27, 29], 0.190640437875109], [[0, 3, 6, 7, 9, 10, 11, 12, 14, 15, 16, 17, 21, 22, 25, 26, 27, 29], 0.5058147838365178], [[0, 3, 6, 7, 9, 10, 11, 12, 13, 14, 15, 16, 17, 21, 22, 25, 26, 27, 29], 1.032344527296899], [[0, 2, 3, 6, 7, 9, 10, 11, 12, 13, 14, 15, 16, 17, 21, 22, 25, 26, 27, 29], 2.739057481036654], [[0, 2, 3, 6, 7, 9, 10, 11, 12, 13, 14, 15, 16, 17, 21, 22, 24, 25, 26, 27, 29], 1725.0456623175253], [[0, 2, 3, 6, 7, 9, 10, 11, 12, 13, 14, 15, 16, 17, 20, 21, 22, 24, 25, 26, 27, 29], 5511.570232765344], [[0, 1, 2, 3, 6, 7, 9, 10, 11, 12, 13, 14, 15, 16, 17, 20, 21, 22, 24, 25, 26, 27, 29], 11471.897213892275], [[0, 1, 2, 3, 4, 6, 7, 9, 10, 11, 12, 13, 14, 15, 16, 17, 20, 21, 22, 24, 25, 26, 27, 29], 30437.69461349536], [[0, 1, 2, 3, 4, 6, 7, 9, 10, 11, 12, 13, 14, 15, 16, 17, 18, 20, 21, 22, 24, 25, 26, 27, 29], 80210.98576903083], [[0, 1, 2, 3, 4, 6, 7, 9, 10, 11, 12, 13, 14, 15, 16, 17, 18, 20, 21, 22, 24, 25, 26, 27, 28, 29], 211860.33655535692], [[0, 1, 2, 3, 4, 5, 6, 7, 9, 10, 11, 12, 13, 14, 15, 16, 17, 18, 20, 21, 22, 24, 25, 26, 27, 28, 29], 559867.8013218445], [[0, 1, 2, 3, 4, 5, 6, 7, 9, 10, 11, 12, 13, 14, 15, 16, 17, 18, 20, 21, 22, 23, 24, 25, 26, 27, 28, 29], 1485463.5209805719], [[8, 19], 892711.0]]}