{"costs": 1202554664712.0725, "join_operands": {"0": [0, 1, 2, 3, 4, 5, 6, 7, 8, 9, 10, 11, 12, 13, 14, 15, 16, 17, 18, 19, 20, 21, 22, 23, 24, 25, 26, 27, 28, 29, 30, 31, 32, 33, 34, 35, 36, 37, 38, 39], "1": [0, 1, 2, 3, 4, 5, 6, 7, 8, 9, 10, 11, 12, 13, 14, 15, 16, 17, 18, 19, 20, 22, 23, 24, 25, 26, 27, 28, 30, 31, 32, 33, 34, 35, 36, 37, 38, 39], "2": [21, 29], "3": [0, 1, 2, 3, 4, 5, 7, 8, 9, 10, 11, 13, 14, 15, 16, 17, 19, 20, 22, 24, 25, 26, 27, 28, 31, 32, 33, 34, 36, 37, 38, 39], "4": [], "5": [6, 12, 18, 23, 30, 35], "6": [], "7": [0, 1, 2, 3, 5, 7, 8, 9, 10, 11, 13, 15, 16, 17, 19, 20, 22, 24, 25, 26, 27, 28, 31, 32, 33, 34, 36, 37, 38, 39], "8": [], "9": [6, 18, 35], "10": [], "11": [4, 14], "12": [], "13": [12, 23, 30], "14": [], "15": [0, 1, 2, 3, 5, 7, 8, 9, 10, 11, 13, 15, 17, 19, 20, 22, 24, 25, 26, 27, 28, 31, 32, 33, 34, 36, 37, 38, 39], "16": [], "17": [], "18": [], "19": [], "20": [], "21": [12, 23], "22": [], "23": [], "24": [], "25": [6, 18], "26": [], "27": [], "28": [], "29": [], "30": [], "31": [0, 1, 2, 3, 5, 7, 8, 9, 11, 13, 15, 17, 19, 20, 22, 24, 25, 26, 27, 28, 31, 32, 33, 34, 36, 37, 38, 39], "32": [], "33": [], "34": [], "35": [], "36": [], "37": [], "38": []}, "join_predecessors": {"0": [1, 2], "1": [3, 5], "2": [4, 6], "3": [7, 11], "4": [8, 12], "5": [9, 13], "6": [10, 14], "7": [15, 23], "8": [16, 24], "9": [17, 25], "10": [18, 26], "11": [19, 27], "12": [20, 28], "13": [21, 29], "14": [22, 30], "15": [31], "16": [32], "17": [33], "18": [34], "19": [35], "20": [36], "21": [37], "22": [38], "23": [], "24": [], "25": [], "26": [], "27": [], "28": [], "29": [], "30": [], "31": [], "32": [], "33": [], "34": [], "35": [], "36": [], "37": [], "38": []}, "leaf_joins": [31, 32], "opt_time": 10.0154709815979, "status": 9, "intermediate_costs": [[[0, 1, 2, 3, 4, 5, 6, 7, 8, 9, 10, 11, 12, 13, 14, 15, 16, 17, 18, 19, 20, 22, 23, 24, 25, 26, 27, 28, 30, 31, 32, 33, 34, 35, 36, 37, 38, 39], 4384391224.349461], [[21, 29], 8831612.0], [[0, 1, 2, 3, 4, 5, 7, 8, 9, 10, 11, 13, 14, 15, 16, 17, 19, 20, 22, 24, 25, 26, 27, 28, 31, 32, 33, 34, 36, 37, 38, 39], 1472019097.6872997], [[6, 12, 18, 23, 30, 35], 308260.9944418322], [[0, 1, 2, 3, 5, 7, 8, 9, 10, 11, 13, 15, 16, 17, 19, 20, 22, 24, 25, 26, 27, 28, 31, 32, 33, 34, 36, 37, 38, 39], 198.22991836282793], [[6, 18, 35], 1196679531000.0], [[4, 14], 7425817.0], [[12, 23, 30], 32915.317622018345], [[0, 1, 2, 3, 5, 7, 8, 9, 10, 11, 13, 15, 17, 19, 20, 22, 24, 25, 26, 27, 28, 31, 32, 33, 34, 36, 37, 38, 39], 83.37767847909254], [[12, 23], 28668.0], [[6, 18], 2095761.0000000002], [[0, 1, 2, 3, 5, 7, 8, 9, 11, 13, 15, 17, 19, 20, 22, 24, 25, 26, 27, 28, 31, 32, 33, 34, 36, 37, 38, 39], 74.11609592633528]]}