{"costs": 56429.27092360092, "int_costs": [[[1, 2, 3, 4, 5, 6, 7, 8, 9, 10, 11, 12, 13, 14, 15, 16, 17, 18, 19, 20, 21, 22, 23, 24, 25, 26, 27, 28, 29, 30, 31, 32, 33, 34, 35, 36, 37, 38, 39], 51957.7447625429], [[1, 3, 4, 5, 6, 7, 8, 9, 10, 11, 12, 13, 14, 15, 16, 17, 18, 19, 20, 21, 22, 23, 24, 25, 26, 27, 28, 29, 30, 31, 32, 33, 34, 35, 36, 37, 38, 39], 1210.4408614637039], [[1, 3, 4, 5, 6, 7, 8, 9, 10, 11, 12, 13, 14, 15, 16, 18, 19, 20, 21, 22, 23, 24, 25, 26, 27, 28, 29, 30, 31, 32, 33, 34, 35, 36, 37, 38, 39], 902.8710421191448], [[1, 3, 4, 5, 6, 7, 8, 9, 10, 11, 12, 13, 14, 15, 16, 18, 20, 21, 22, 23, 24, 25, 26, 27, 28, 29, 30, 31, 32, 33, 34, 35, 36, 37, 38, 39], 24.025204154158764], [[1, 3, 4, 5, 6, 7, 8, 9, 10, 11, 12, 13, 14, 15, 16, 18, 20, 21, 22, 23, 24, 25, 26, 27, 28, 29, 30, 31, 32, 33, 34, 35, 37, 38, 39], 18.14930810380287], [[1, 3, 4, 5, 6, 7, 8, 9, 10, 11, 12, 13, 14, 15, 18, 20, 21, 22, 23, 24, 25, 26, 27, 28, 29, 30, 31, 32, 33, 34, 35, 37, 38, 39], 19.600466140419982], [[1, 3, 4, 5, 6, 7, 8, 9, 10, 11, 12, 13, 14, 15, 18, 20, 21, 22, 23, 24, 25, 26, 27, 28, 29, 30, 31, 32, 33, 34, 35, 38, 39], 16.18165111316418], [[1, 3, 4, 5, 6, 7, 8, 9, 10, 11, 12, 13, 14, 15, 18, 20, 21, 22, 23, 24, 25, 26, 27, 28, 29, 30, 31, 32, 33, 35, 38, 39], 11.874846888128358], [[1, 3, 4, 5, 6, 7, 8, 9, 10, 11, 12, 13, 14, 15, 18, 20, 21, 22, 23, 24, 25, 26, 27, 28, 29, 30, 31, 32, 33, 38, 39], 9.336735825261758], [[1, 3, 4, 5, 7, 8, 9, 10, 11, 12, 13, 14, 15, 18, 20, 21, 22, 23, 24, 25, 26, 27, 28, 29, 30, 31, 32, 33, 38, 39], 7.032017008039206], [[1, 3, 4, 5, 7, 8, 9, 10, 11, 12, 13, 14, 15, 18, 21, 22, 23, 24, 25, 26, 27, 28, 29, 30, 31, 32, 33, 38, 39], 1.5437720241762187], [[1, 3, 4, 5, 7, 8, 9, 10, 11, 12, 13, 14, 15, 18, 21, 22, 23, 24, 25, 26, 27, 28, 29, 31, 32, 33, 38, 39], 0.3030193396061224], [[1, 4, 5, 7, 8, 9, 10, 11, 12, 13, 14, 15, 18, 21, 22, 23, 24, 25, 26, 27, 28, 29, 31, 32, 33, 38, 39], 0.08509342069858959], [[9, 18], 253.00000000000003], [[9, 14, 18], 1848.7997192982457], [[9, 14, 18, 33], 147.48865285228337], [[1, 9, 14, 18, 33], 0.23369799491577253], [[1, 9, 12, 14, 18, 33], 0.3116815440051611], [[1, 9, 12, 14, 18, 31, 33], 0.00022547175523777614], [[1, 9, 12, 14, 18, 24, 31, 33], 0.0003072474348931747], [[1, 9, 10, 12, 14, 18, 24, 31, 33], 0.0004131731553089797], [[1, 4, 9, 10, 12, 14, 18, 24, 31, 33], 0.0005630257003309944], [[1, 4, 9, 10, 12, 14, 18, 23, 24, 31, 33], 0.0001278710606105809], [[1, 4, 9, 10, 12, 13, 14, 18, 23, 24, 31, 33], 0.0001742482359448066], [[1, 4, 5, 9, 10, 12, 13, 14, 18, 23, 24, 31, 33], 0.00014246744159322942], [[1, 4, 5, 9, 10, 12, 13, 14, 18, 23, 24, 26, 31, 33], 0.00019413837756176758], [[1, 4, 5, 9, 10, 12, 13, 14, 18, 23, 24, 26, 28, 31, 33], 0.019069581511405195], [[1, 4, 5, 9, 10, 12, 13, 14, 18, 23, 24, 25, 26, 28, 31, 33], 0.0031819436273034843], [[1, 4, 5, 9, 10, 12, 13, 14, 18, 23, 24, 25, 26, 28, 31, 33, 38], 0.003854216524877823], [[1, 4, 5, 9, 10, 12, 13, 14, 18, 21, 23, 24, 25, 26, 28, 31, 33, 38], 0.005252075054754244], [[1, 4, 5, 9, 10, 11, 12, 13, 14, 18, 21, 23, 24, 25, 26, 28, 31, 33, 38], 0.007156934520414427], [[1, 4, 5, 9, 10, 11, 12, 13, 14, 18, 21, 23, 24, 25, 26, 28, 31, 33, 38, 39], 0.009752662283690077], [[1, 4, 5, 9, 10, 11, 12, 13, 14, 18, 21, 23, 24, 25, 26, 27, 28, 31, 33, 38, 39], 0.01328982320432644], [[1, 4, 5, 9, 10, 11, 12, 13, 14, 18, 21, 23, 24, 25, 26, 27, 28, 31, 32, 33, 38, 39], 0.018109868815585187], [[1, 4, 5, 8, 9, 10, 11, 12, 13, 14, 18, 21, 23, 24, 25, 26, 27, 28, 31, 32, 33, 38, 39], 0.024678082129108905], [[1, 4, 5, 7, 8, 9, 10, 11, 12, 13, 14, 18, 21, 23, 24, 25, 26, 27, 28, 31, 32, 33, 38, 39], 0.03362850591456756], [[1, 4, 5, 7, 8, 9, 10, 11, 12, 13, 14, 18, 21, 23, 24, 25, 26, 27, 28, 29, 31, 32, 33, 38, 39], 0.045825123423339914], [[1, 4, 5, 7, 8, 9, 10, 11, 12, 13, 14, 18, 21, 22, 23, 24, 25, 26, 27, 28, 29, 31, 32, 33, 38, 39], 0.062445308074435484]]}