{"costs": 486, "join_operands": {"0": [0, 1, 2, 3, 4], "1": [0, 1, 3, 4], "2": [], "3": [0, 3, 4], "4": [0, 3]}, "join_predecessors": {"0": [1, 2], "1": [3], "2": [], "3": [4], "4": []}, "leaf_joins": [], "opt_time": 0.0466310977935791, "status": 2, "intermediate_costs": [[[0, 1, 3, 4], 0.33243605201369597], [[0, 3, 4], 0.041554506501711996], [[0, 3], 486.0]]}