{"costs": 1.0, "root_join": 0, "join_operands": {"0": [0, 1, 2, 3, 4, 5], "1": [0], "2": [1, 2, 3, 4, 5], "3": [4], "4": [1, 2, 3, 5], "5": [3], "6": [1, 2, 5], "7": [1], "8": [2, 5], "9": [2], "10": [5]}, "join_predecessors": {"0": [1, 2], "2": [3, 4], "4": [5, 6], "6": [7, 8], "8": [9, 10]}, "intermediate_costs": [[[1, 2, 3, 4, 5], 0.00017132704335239978], [[1, 2, 3, 5], 0.25716189207195206], [[1, 2, 5], 0.25716189207195206], [[2, 5], 1.0]]}