{"costs": 1215059789.0411959, "join_operands": {"0": [0, 1, 2, 3, 4, 5, 6, 7, 8, 9, 10, 11, 12, 13, 14, 15, 16, 17, 18, 19, 20, 21, 22, 23, 24, 25, 26, 27, 28, 29, 30, 31, 32, 33, 34, 35, 36, 37, 38, 39], "1": [0, 1, 3, 4, 6, 8, 9, 10, 11, 12, 13, 14, 15, 16, 18, 20, 21, 23, 25, 26, 27, 28, 29, 31, 32, 33, 34, 35, 36, 37, 38, 39], "2": [2, 5, 7, 17, 19, 22, 24, 30], "3": [0, 3, 4, 6, 8, 9, 10, 11, 12, 13, 14, 15, 16, 18, 20, 21, 23, 25, 26, 27, 28, 29, 31, 32, 33, 34, 35, 36, 37, 38, 39], "4": [2, 19], "5": [], "6": [5, 7, 17, 22, 24, 30], "7": [3, 4, 6, 8, 9, 10, 11, 12, 13, 14, 15, 16, 20, 21, 23, 25, 26, 27, 28, 29, 31, 32, 33, 34, 35, 36, 37, 38, 39], "8": [], "9": [], "10": [5, 24], "11": [0, 18], "12": [], "13": [], "14": [7, 17, 22, 30], "15": [3, 4, 6, 8, 9, 10, 11, 12, 13, 14, 15, 16, 20, 21, 23, 25, 26, 27, 28, 29, 31, 32, 34, 35, 36, 37, 38, 39], "16": [], "17": [], "18": [], "19": [], "20": [], "21": [], "22": [7, 17], "23": [], "24": [], "25": [], "26": [], "27": [], "28": [], "29": [], "30": [22, 30], "31": [3, 4, 6, 8, 9, 10, 11, 12, 13, 14, 15, 16, 20, 21, 23, 25, 26, 27, 28, 31, 32, 34, 35, 36, 37, 38, 39], "32": [], "33": [], "34": [], "35": [], "36": [], "37": [], "38": []}, "join_predecessors": {"0": [1, 2], "1": [3, 5], "2": [4, 6], "3": [7, 11], "4": [8, 12], "5": [9, 13], "6": [10, 14], "7": [15, 23], "8": [16, 24], "9": [17, 25], "10": [18, 26], "11": [19, 27], "12": [20, 28], "13": [21, 29], "14": [22, 30], "15": [31], "16": [32], "17": [33], "18": [34], "19": [35], "20": [36], "21": [37], "22": [38], "23": [], "24": [], "25": [], "26": [], "27": [], "28": [], "29": [], "30": [], "31": [], "32": [], "33": [], "34": [], "35": [], "36": [], "37": [], "38": []}, "leaf_joins": [31, 32], "opt_time": 13.882848024368286, "status": 2, "intermediate_costs": [[[0, 1, 3, 4, 6, 8, 9, 10, 11, 12, 13, 14, 15, 16, 18, 20, 21, 23, 25, 26, 27, 28, 29, 31, 32, 33, 34, 35, 36, 37, 38, 39], 623460922.0895636], [[2, 5, 7, 17, 19, 22, 24, 30], 409995507.84220797], [[0, 3, 4, 6, 8, 9, 10, 11, 12, 13, 14, 15, 16, 18, 20, 21, 23, 25, 26, 27, 28, 29, 31, 32, 33, 34, 35, 36, 37, 38, 39], 88887002.05385882], [[2, 19], 31336000.0], [[5, 7, 17, 22, 24, 30], 667276.3243538616], [[3, 4, 6, 8, 9, 10, 11, 12, 13, 14, 15, 16, 20, 21, 23, 25, 26, 27, 28, 29, 31, 32, 33, 34, 35, 36, 37, 38, 39], 1048919.5080490129], [[5, 24], 40250.0], [[0, 18], 55844642.0], [[7, 17, 22, 30], 762601.5135472703], [[3, 4, 6, 8, 9, 10, 11, 12, 13, 14, 15, 16, 20, 21, 23, 25, 26, 27, 28, 29, 31, 32, 34, 35, 36, 37, 38, 39], 1048919.5080490129], [[7, 17], 33000.0], [[22, 30], 838862.0], [[3, 4, 6, 8, 9, 10, 11, 12, 13, 14, 15, 16, 20, 21, 23, 25, 26, 27, 28, 31, 32, 34, 35, 36, 37, 38, 39], 1095886.2015663385]]}