{"costs": 12478311, "root_join": 18, "join_operands": {"0": [3, 5], "1": [3, 5, 8], "2": [3, 5, 8, 16], "3": [3, 5, 6, 8, 16], "4": [1, 3, 5, 6, 8, 16], "5": [1, 2, 3, 5, 6, 8, 16], "6": [0, 1, 2, 3, 5, 6, 8, 16], "7": [0, 1, 2, 3, 5, 6, 8, 10, 16], "8": [0, 1, 2, 3, 5, 6, 8, 10, 15, 16], "9": [0, 1, 2, 3, 5, 6, 8, 10, 14, 15, 16], "10": [0, 1, 2, 3, 5, 6, 8, 10, 13, 14, 15, 16], "11": [0, 1, 2, 3, 5, 6, 8, 10, 13, 14, 15, 16, 18], "12": [0, 1, 2, 3, 4, 5, 6, 8, 10, 13, 14, 15, 16, 18], "13": [0, 1, 2, 3, 4, 5, 6, 8, 10, 12, 13, 14, 15, 16, 18], "14": [0, 1, 2, 3, 4, 5, 6, 8, 10, 11, 12, 13, 14, 15, 16, 18], "15": [0, 1, 2, 3, 4, 5, 6, 7, 8, 10, 11, 12, 13, 14, 15, 16, 18], "16": [0, 1, 2, 3, 4, 5, 6, 7, 8, 9, 10, 11, 12, 13, 14, 15, 16, 18], "17": [0, 1, 2, 3, 4, 5, 6, 7, 8, 9, 10, 11, 12, 13, 14, 15, 16, 18, 19], "18": [0, 1, 2, 3, 4, 5, 6, 7, 8, 9, 10, 11, 12, 13, 14, 15, 16, 17, 18, 19]}, "join_predecessors": {"0": [], "1": [0], "2": [1], "3": [2], "4": [3], "5": [4], "6": [5], "7": [6], "8": [7], "9": [8], "10": [9], "11": [10], "12": [11], "13": [12], "14": [13], "15": [14], "16": [15], "17": [16], "18": [17]}, "intermediate_costs": [[[3, 5], 1208.0], [[3, 5, 8], 56.33245720250521], [[3, 5, 8, 16], 138419.98086719567], [[3, 5, 6, 8, 16], 3830803.6610297803], [[1, 3, 5, 6, 8, 16], 1148338.3027853172], [[1, 2, 3, 5, 6, 8, 16], 2737.452923811463], [[0, 1, 2, 3, 5, 6, 8, 16], 6473.551485179365], [[0, 1, 2, 3, 5, 6, 8, 10, 16], 40625.52774552249], [[0, 1, 2, 3, 5, 6, 8, 10, 15, 16], 2016.0788814589127], [[0, 1, 2, 3, 5, 6, 8, 10, 14, 15, 16], 4663.429338309938], [[0, 1, 2, 3, 5, 6, 8, 10, 13, 14, 15, 16], 10284.646985004134], [[0, 1, 2, 3, 5, 6, 8, 10, 13, 14, 15, 16, 18], 24193.880461865625], [[0, 1, 2, 3, 4, 5, 6, 8, 10, 13, 14, 15, 16, 18], 57213.26775308137], [[0, 1, 2, 3, 4, 5, 6, 8, 10, 12, 13, 14, 15, 16, 18], 134906.23142600583], [[0, 1, 2, 3, 4, 5, 6, 8, 10, 11, 12, 13, 14, 15, 16, 18], 319023.90988088946], [[0, 1, 2, 3, 4, 5, 6, 7, 8, 10, 11, 12, 13, 14, 15, 16, 18], 754411.7908908334], [[0, 1, 2, 3, 4, 5, 6, 7, 8, 9, 10, 11, 12, 13, 14, 15, 16, 18], 1784034.7575446682], [[0, 1, 2, 3, 4, 5, 6, 7, 8, 9, 10, 11, 12, 13, 14, 15, 16, 18, 19], 4218900.222525785]]}