{"costs": 33710012829.023163, "int_costs": [[[0, 1, 2, 5, 6, 7, 8, 10, 12, 13, 14, 16, 19, 22, 23, 24, 26, 27, 28, 29, 30, 31, 32, 33, 34, 35, 36, 37, 38, 39, 40, 41, 42, 43, 44, 45, 46, 47, 49], 2781201830.57395], [[3, 4, 9, 11, 15, 17, 18, 20, 21, 25, 48], 16196862619.511835], [[1, 2, 5, 6, 8, 10, 12, 13, 14, 19, 22, 23, 24, 27, 28, 29, 30, 31, 32, 33, 35, 36, 37, 38, 40, 41, 43, 44, 45, 46, 47], 19189983.152521573], [[9, 11, 15, 18, 20, 48], 2800499400.0958023], [[0, 7, 16, 26, 34, 39, 42, 49], 11337657.09466488], [[3, 4, 17, 21, 25], 4412857.998921466], [[1, 2, 5, 6, 8, 10, 13, 14, 19, 22, 24, 27, 28, 29, 30, 31, 32, 33, 35, 36, 37, 38, 41, 43, 44, 45, 46, 47], 1772083.9435317088], [[18, 20], 108563.0], [[16, 34, 42, 49], 1564908.3973063973], [[4, 25], 4623000.0], [[12, 23, 40], 8912307.0], [[9, 11, 15, 48], 2811772329.98763], [[0, 7, 26, 39], 536125.07061072], [[3, 17, 21], 188231.0], [[1, 2, 5, 6, 8, 10, 13, 14, 19, 22, 24, 27, 28, 29, 30, 31, 33, 35, 36, 37, 38, 41, 43, 44, 45, 46], 17154.284435346737], [[42, 49], 6280781.0], [[15, 48], 62647615.0], [[0, 39], 7143518.0], [[32, 47], 731899648.0], [[16, 34], 8214000000.0], [[12, 23], 8912307.0], [[9, 11], 35412176.0], [[7, 26], 285482.0], [[3, 21], 188231.0], [[1, 2, 5, 6, 8, 10, 13, 14, 19, 22, 24, 27, 28, 29, 30, 31, 35, 36, 37, 38, 41, 43, 44, 45, 46], 17961.78375730561], [[1, 2, 5, 6, 10, 13, 14, 19, 22, 24, 27, 28, 29, 30, 31, 35, 36, 37, 38, 41, 43, 44, 45, 46], 17961.78375730561], [[2, 5, 6, 10, 13, 14, 19, 22, 24, 27, 28, 29, 30, 31, 35, 36, 37, 38, 41, 43, 44, 45, 46], 19398.73089188569], [[2, 5, 6, 10, 13, 14, 19, 22, 24, 27, 28, 29, 30, 31, 35, 36, 37, 38, 41, 43, 44, 45], 19398.73089188569], [[2, 5, 6, 10, 13, 19, 22, 24, 27, 28, 29, 30, 31, 35, 36, 37, 38, 41, 43, 44, 45], 19398.73089188569], [[2, 5, 6, 10, 13, 19, 22, 24, 27, 28, 29, 30, 31, 35, 36, 37, 38, 41, 44, 45], 19637.799758511042], [[2, 5, 6, 10, 13, 19, 22, 24, 27, 29, 30, 31, 35, 36, 37, 38, 41, 44, 45], 19637.79975851104], [[5, 6, 10, 13, 19, 22, 24, 27, 29, 30, 31, 35, 36, 37, 38, 41, 44, 45], 23565.38061077255], [[5, 6, 10, 13, 19, 22, 24, 27, 29, 30, 31, 35, 36, 38, 41, 44, 45], 23565.409244319628], [[5, 10, 13, 19, 24, 27, 29, 30, 31, 35, 38, 41, 45], 4424.449074310054], [[10, 13, 19, 24, 27, 29, 30, 31, 38, 41, 45], 3220.290462196036], [[13, 27], 1114.0], [[13, 27, 30], 1029.8945868945868], [[13, 27, 29, 30], 298.4488518518518], [[13, 19, 27, 29, 30], 298.44885185185177], [[13, 19, 24, 27, 29, 30], 3357.758359571762], [[13, 19, 24, 27, 29, 30, 31], 3286.0110931224835], [[13, 19, 24, 27, 29, 30, 31, 41], 3220.290462196036], [[13, 19, 24, 27, 29, 30, 31, 38, 41], 3220.290462196036], [[13, 19, 24, 27, 29, 30, 31, 38, 41, 45], 3220.290462196036], [[10, 13, 19, 24, 27, 29, 30, 31, 35, 38, 41, 45], 4424.449074310054], [[5, 10, 13, 19, 24, 27, 29, 30, 31, 35, 36, 38, 41, 45], 4424.449074310054], [[5, 6, 10, 13, 19, 24, 27, 29, 30, 31, 35, 36, 38, 41, 45], 4389.282332529762], [[5, 6, 10, 13, 19, 24, 27, 29, 30, 31, 35, 36, 38, 41, 44, 45], 23565.409244319624]]}