{"costs": 4415332, "root_join": 28, "join_operands": {"0": [0, 3, 10, 12, 14, 17, 18, 20, 23, 25, 26, 28, 29], "1": [3, 10, 12, 14, 17, 18, 20, 23, 25, 26, 28, 29], "2": [14, 28, 29], "3": [14, 29], "4": [3, 10, 12, 17, 18, 20, 23, 25, 26], "5": [3, 10, 12, 17, 18, 20, 23, 26], "6": [3, 10, 12, 18, 20], "7": [3, 10, 12, 20], "8": [3, 12, 20], "9": [3, 12], "10": [3, 10, 12, 18, 20, 26], "11": [3, 10, 12, 17, 18, 20, 26], "12": [0, 1, 2, 3, 4, 5, 6, 7, 8, 9, 10, 11, 12, 13, 14, 15, 16, 17, 18, 19, 20, 21, 22, 23, 25, 26, 27, 28, 29], "13": [1, 2, 4, 5, 6, 7, 8, 9, 11, 13, 15, 16, 19, 21, 22, 27], "14": [7, 22], "15": [1, 2, 4, 5, 6, 7, 8, 9, 15, 21, 22], "16": [1, 2, 4, 5, 6, 8, 9, 15, 21], "17": [1, 2, 5, 6, 8, 9, 15, 21], "18": [1, 2, 5, 8, 9, 15, 21], "19": [1, 2, 8, 9, 15, 21], "20": [1, 2, 8, 15, 21], "21": [8, 15], "22": [2, 8, 15], "23": [2, 8, 15, 21], "24": [1, 2, 4, 5, 6, 7, 8, 9, 15, 16, 19, 21, 22, 27], "25": [16, 19, 27], "26": [19, 27], "27": [1, 2, 4, 5, 6, 7, 8, 9, 13, 15, 16, 19, 21, 22, 27], "28": [0, 1, 2, 3, 4, 5, 6, 7, 8, 9, 10, 11, 12, 13, 14, 15, 16, 17, 18, 19, 20, 21, 22, 23, 24, 25, 26, 27, 28, 29]}, "join_predecessors": {"0": [1], "2": [3], "3": [], "1": [2, 4], "4": [5], "6": [7], "7": [8], "9": [], "8": [9], "10": [6], "11": [10], "5": [11], "12": [0, 13], "14": [], "15": [14, 16], "16": [17], "17": [18], "18": [19], "19": [20], "21": [], "22": [21], "23": [22], "20": [23], "24": [15, 25], "26": [], "25": [26], "27": [24], "13": [27], "28": [12]}, "intermediate_costs": [[[0, 3, 10, 12, 14, 17, 18, 20, 23, 25, 26, 28, 29], 84943.8325249173], [[3, 10, 12, 14, 17, 18, 20, 23, 25, 26, 28, 29], 84943.83252491729], [[14, 28, 29], 546698.3803448275], [[14, 29], 31230.0], [[3, 10, 12, 17, 18, 20, 23, 25, 26], 81693.28818733407], [[3, 10, 12, 17, 18, 20, 23, 26], 13534.982722720688], [[3, 10, 12, 18, 20], 13534.982722720684], [[3, 10, 12, 20], 18368.90987755102], [[3, 12, 20], 349.0], [[3, 12], 349.0], [[3, 10, 12, 18, 20, 26], 13534.982722720684], [[3, 10, 12, 17, 18, 20, 26], 13534.982722720686], [[0, 1, 2, 3, 4, 5, 6, 7, 8, 9, 10, 11, 12, 13, 14, 15, 16, 17, 18, 19, 20, 21, 22, 23, 25, 26, 27, 28, 29], 592640.128241732], [[1, 2, 4, 5, 6, 7, 8, 9, 11, 13, 15, 16, 19, 21, 22, 27], 174421.17650739616], [[7, 22], 545666.0], [[1, 2, 4, 5, 6, 7, 8, 9, 15, 21, 22], 175107.87873816394], [[1, 2, 4, 5, 6, 8, 9, 15, 21], 539716.7346924534], [[1, 2, 5, 6, 8, 9, 15, 21], 749.2380271636569], [[1, 2, 5, 8, 9, 15, 21], 13298.97652116907], [[1, 2, 8, 9, 15, 21], 13298.976521169068], [[1, 2, 8, 15, 21], 218.7679880098491], [[8, 15], 219.0], [[2, 8, 15], 218.76798800984906], [[2, 8, 15, 21], 218.7679880098491], [[1, 2, 4, 5, 6, 7, 8, 9, 15, 16, 19, 21, 22, 27], 174421.17650739616], [[16, 19, 27], 554000.0], [[19, 27], 554000.0], [[1, 2, 4, 5, 6, 7, 8, 9, 13, 15, 16, 19, 21, 22, 27], 174421.17650739616]]}