{"costs": 730344.7879101265, "join_operands": {"0": [0, 1, 2, 3, 4, 5, 6, 7, 8, 9, 10, 11, 12, 13, 14, 15, 16, 17, 18, 19, 20, 21, 22, 23, 24, 25, 26, 27, 28, 29, 30, 31, 32, 33, 34, 35, 36, 37, 38, 39, 40, 41, 42, 43, 44, 45, 46, 47, 48, 49], "1": [0, 1, 2, 3, 4, 5, 6, 7, 8, 9, 10, 11, 12, 13, 14, 15, 16, 17, 18, 19, 20, 22, 23, 24, 25, 27, 28, 29, 30, 32, 33, 34, 36, 37, 38, 39, 40, 41, 42, 43, 44, 45, 46, 47, 48, 49], "2": [21, 26, 31, 35], "3": [0, 1, 2, 3, 4, 5, 6, 7, 8, 9, 10, 11, 12, 13, 14, 15, 16, 17, 18, 19, 20, 22, 23, 25, 27, 28, 29, 30, 32, 33, 34, 36, 37, 38, 39, 40, 41, 42, 43, 44, 45, 46, 47, 48, 49], "4": [26, 31, 35], "5": [], "6": [], "7": [0, 1, 2, 3, 4, 5, 6, 7, 8, 9, 10, 11, 12, 13, 14, 15, 16, 17, 18, 19, 20, 22, 23, 25, 27, 28, 29, 30, 32, 33, 34, 36, 37, 38, 39, 40, 41, 42, 43, 44, 45, 47, 48, 49], "8": [26, 31], "9": [], "10": [], "11": [], "12": [], "13": [], "14": [], "15": [0, 1, 2, 3, 5, 6, 7, 8, 9, 10, 11, 12, 13, 14, 15, 16, 17, 18, 19, 20, 22, 23, 25, 27, 28, 29, 30, 32, 33, 34, 36, 37, 38, 39, 40, 41, 42, 43, 44, 45, 47, 48, 49], "16": [], "17": [], "18": [], "19": [], "20": [], "21": [], "22": [], "23": [], "24": [], "25": [], "26": [], "27": [], "28": [], "29": [], "30": []}, "join_predecessors": {"0": [1, 2], "1": [3, 5], "2": [4, 6], "3": [7, 11], "4": [8, 12], "5": [9, 13], "6": [10, 14], "7": [15, 23], "8": [16, 24], "9": [17, 25], "10": [18, 26], "11": [19, 27], "12": [20, 28], "13": [21, 29], "14": [22, 30], "15": [], "16": [], "17": [], "18": [], "19": [], "20": [], "21": [], "22": [], "23": [], "24": [], "25": [], "26": [], "27": [], "28": [], "29": [], "30": []}, "leaf_joins": [15, 16], "opt_time": 9.0746910572052, "status": 2, "intermediate_costs": [[[0, 1, 2, 3, 4, 5, 6, 7, 8, 9, 10, 11, 12, 13, 14, 15, 16, 17, 18, 19, 20, 22, 23, 24, 25, 27, 28, 29, 30, 32, 33, 34, 36, 37, 38, 39, 40, 41, 42, 43, 44, 45, 46, 47, 48, 49], 177283.00061520215], [[21, 26, 31, 35], 463458.89742352586], [[0, 1, 2, 3, 4, 5, 6, 7, 8, 9, 10, 11, 12, 13, 14, 15, 16, 17, 18, 19, 20, 22, 23, 25, 27, 28, 29, 30, 32, 33, 34, 36, 37, 38, 39, 40, 41, 42, 43, 44, 45, 46, 47, 48, 49], 12118.470080764462], [[26, 31, 35], 43514.43868947368], [[0, 1, 2, 3, 4, 5, 6, 7, 8, 9, 10, 11, 12, 13, 14, 15, 16, 17, 18, 19, 20, 22, 23, 25, 27, 28, 29, 30, 32, 33, 34, 36, 37, 38, 39, 40, 41, 42, 43, 44, 45, 47, 48, 49], 6527.4088029659515], [[26, 31], 23891.0], [[0, 1, 2, 3, 5, 6, 7, 8, 9, 10, 11, 12, 13, 14, 15, 16, 17, 18, 19, 20, 22, 23, 25, 27, 28, 29, 30, 32, 33, 34, 36, 37, 38, 39, 40, 41, 42, 43, 44, 45, 47, 48, 49], 3551.5722981943195]]}