{"costs": 287, "join_operands": {"0": [0, 1, 2], "1": [1, 2]}, "join_predecessors": {"0": [1], "1": []}, "leaf_joins": [], "opt_time": 0.013942956924438477, "status": 2, "intermediate_costs": [[[1, 2], 287.0520000000001]]}