{"costs": 122650252581, "root_join": 18, "join_operands": {"0": [4, 6], "1": [4, 6, 14], "2": [3, 4, 6, 14], "3": [2, 3, 4, 6, 14], "4": [2, 3, 4, 6, 9, 14], "5": [2, 3, 4, 6, 9, 12, 14], "6": [2, 3, 4, 6, 9, 12, 14, 15], "7": [2, 3, 4, 6, 9, 12, 13, 14, 15], "8": [2, 3, 4, 6, 9, 10, 12, 13, 14, 15], "9": [0, 2, 3, 4, 6, 9, 10, 12, 13, 14, 15], "10": [0, 2, 3, 4, 6, 9, 10, 12, 13, 14, 15, 16], "11": [0, 2, 3, 4, 6, 9, 10, 12, 13, 14, 15, 16, 17], "12": [0, 2, 3, 4, 6, 8, 9, 10, 12, 13, 14, 15, 16, 17], "13": [0, 2, 3, 4, 6, 8, 9, 10, 12, 13, 14, 15, 16, 17, 19], "14": [0, 2, 3, 4, 5, 6, 8, 9, 10, 12, 13, 14, 15, 16, 17, 19], "15": [0, 2, 3, 4, 5, 6, 8, 9, 10, 12, 13, 14, 15, 16, 17, 18, 19], "16": [0, 1, 2, 3, 4, 5, 6, 8, 9, 10, 12, 13, 14, 15, 16, 17, 18, 19], "17": [0, 1, 2, 3, 4, 5, 6, 7, 8, 9, 10, 12, 13, 14, 15, 16, 17, 18, 19], "18": [0, 1, 2, 3, 4, 5, 6, 7, 8, 9, 10, 11, 12, 13, 14, 15, 16, 17, 18, 19]}, "join_predecessors": {"0": [], "1": [0], "2": [1], "3": [2], "4": [3], "5": [4], "6": [5], "7": [6], "8": [7], "9": [8], "10": [9], "11": [10], "12": [11], "13": [12], "14": [13], "15": [14], "16": [15], "17": [16], "18": [17]}, "intermediate_costs": [[[4, 6], 38000.0], [[4, 6, 14], 38000.0], [[3, 4, 6, 14], 30399.999999999996], [[2, 3, 4, 6, 14], 28800.0], [[2, 3, 4, 6, 9, 14], 41630599.99999999], [[2, 3, 4, 6, 9, 12, 14], 38161382.599999994], [[2, 3, 4, 6, 9, 12, 14, 15], 36426773.68888889], [[2, 3, 4, 6, 9, 12, 13, 14, 15], 36426773.68888889], [[2, 3, 4, 6, 9, 10, 12, 13, 14, 15], 33512631.79377778], [[0, 2, 3, 4, 6, 9, 10, 12, 13, 14, 15], 33512631.79377778], [[0, 2, 3, 4, 6, 9, 10, 12, 13, 14, 15, 16], 33512631.79377778], [[0, 2, 3, 4, 6, 9, 10, 12, 13, 14, 15, 16, 17], 33512631.79377778], [[0, 2, 3, 4, 6, 8, 9, 10, 12, 13, 14, 15, 16, 17], 4234461580.1219425], [[0, 2, 3, 4, 6, 8, 9, 10, 12, 13, 14, 15, 16, 17, 19], 3175846185.091457], [[0, 2, 3, 4, 5, 6, 8, 9, 10, 12, 13, 14, 15, 16, 17, 19], 3160794728.82909], [[0, 2, 3, 4, 5, 6, 8, 9, 10, 12, 13, 14, 15, 16, 17, 18, 19], 3160794728.82909], [[0, 1, 2, 3, 4, 5, 6, 8, 9, 10, 12, 13, 14, 15, 16, 17, 18, 19], 54315762050.66832], [[0, 1, 2, 3, 4, 5, 6, 7, 8, 9, 10, 12, 13, 14, 15, 16, 17, 18, 19], 54315762050.66831]]}