{"costs": 1488703, "root_join": 16, "join_operands": {"0": [0, 1, 2, 3, 13, 19], "1": [1, 2, 3, 13, 19], "2": [1, 2, 3, 19], "3": [2, 3, 19], "4": [3, 19], "5": [0, 1, 2, 3, 6, 13, 19], "6": [0, 1, 2, 3, 6, 8, 13, 19], "7": [0, 1, 2, 3, 6, 7, 8, 13, 19], "8": [0, 1, 2, 3, 6, 7, 8, 13, 16, 19], "9": [0, 1, 2, 3, 6, 7, 8, 11, 13, 16, 19], "10": [0, 1, 2, 3, 4, 6, 7, 8, 11, 13, 16, 19], "11": [0, 1, 2, 3, 4, 5, 6, 7, 8, 11, 13, 16, 19], "12": [0, 1, 2, 3, 4, 5, 6, 7, 8, 11, 13, 14, 16, 19], "13": [0, 1, 2, 3, 4, 5, 6, 7, 8, 11, 13, 14, 16, 17, 19], "14": [0, 1, 2, 3, 4, 5, 6, 7, 8, 11, 12, 13, 14, 16, 17, 19], "15": [0, 1, 2, 3, 4, 5, 6, 7, 8, 11, 12, 13, 14, 16, 17, 18, 19], "16": [0, 1, 2, 3, 4, 5, 6, 7, 8, 9, 10, 11, 12, 13, 14, 15, 16, 17, 18, 19], "17": [9, 10, 15], "18": [10, 15]}, "join_predecessors": {"0": [1], "1": [2], "2": [3], "4": [], "3": [4], "5": [0], "6": [5], "7": [6], "8": [7], "9": [8], "10": [9], "11": [10], "12": [11], "13": [12], "14": [13], "15": [14], "16": [15, 17], "18": [], "17": [18]}, "intermediate_costs": [[[0, 1, 2, 3, 13, 19], 0.008206860872578851], [[1, 2, 3, 13, 19], 5.349937996590827], [[1, 2, 3, 19], 1.6029422728218647], [[2, 3, 19], 31.389595588235295], [[3, 19], 4103.0], [[0, 1, 2, 3, 6, 13, 19], 0.008182709338258407], [[0, 1, 2, 3, 6, 8, 13, 19], 0.04463334956794524], [[0, 1, 2, 3, 6, 7, 8, 13, 19], 0.2507149783907027], [[0, 1, 2, 3, 6, 7, 8, 13, 16, 19], 1.3849641453862644], [[0, 1, 2, 3, 6, 7, 8, 11, 13, 16, 19], 8.03313408436115], [[0, 1, 2, 3, 4, 6, 7, 8, 11, 13, 16, 19], 46.71107821019], [[0, 1, 2, 3, 4, 5, 6, 7, 8, 11, 13, 16, 19], 271.6156365180364], [[0, 1, 2, 3, 4, 5, 6, 7, 8, 11, 13, 14, 16, 19], 1579.3911157074115], [[0, 1, 2, 3, 4, 5, 6, 7, 8, 11, 13, 14, 16, 17, 19], 9183.846765204742], [[0, 1, 2, 3, 4, 5, 6, 7, 8, 11, 12, 13, 14, 16, 17, 19], 53402.25211228145], [[0, 1, 2, 3, 4, 5, 6, 7, 8, 11, 12, 13, 14, 16, 17, 18, 19], 310523.53151238925], [[9, 10, 15], 946730.8472000001], [[10, 15], 162814.0]]}