{"costs": 2208867, "root_join": 0, "join_operands": {"0": [0, 1, 2, 3, 4, 5, 6, 7, 8, 9, 10, 11, 12, 13, 14, 15, 16, 17, 18, 19], "1": [1, 2, 3, 4, 5, 8, 9, 11, 12, 14, 15], "2": [0, 6, 7, 10, 13, 16, 17, 18, 19], "3": [1, 2, 3, 4, 5, 8, 9, 12, 14, 15], "4": [0, 6, 7, 10, 13, 16, 18, 19], "5": [], "6": [], "7": [1, 2, 3, 4, 8, 9, 12, 14, 15], "8": [0, 6, 7, 10, 13, 16, 19], "9": [], "10": [], "11": [], "12": [], "13": [], "14": [], "15": [1, 3, 9, 12, 15], "16": [3, 9, 12, 15], "17": [3, 9, 15], "18": [9, 15], "19": [1, 2, 3, 9, 12, 15], "20": [1, 2, 3, 8, 9, 12, 15], "21": [1, 2, 3, 4, 8, 9, 12, 15], "22": [0, 6, 7, 10, 13, 19], "23": [6, 7, 10, 13, 19], "24": [6, 13, 19], "25": [13, 19], "26": [6, 10, 13, 19]}, "join_predecessors": {"0": [1, 2], "1": [3], "2": [4], "3": [7], "4": [8], "5": [], "6": [], "7": [21], "8": [22], "9": [], "10": [], "11": [], "12": [], "13": [], "14": [], "15": [16], "17": [18], "18": [], "16": [17], "19": [15], "20": [19], "21": [20], "22": [23], "24": [25], "25": [], "26": [24], "23": [26]}, "intermediate_costs": [[[1, 2, 3, 4, 5, 8, 9, 11, 12, 14, 15], 742762.0263920991], [[0, 6, 7, 10, 13, 16, 17, 18, 19], 1000643.8170030643], [[1, 2, 3, 4, 5, 8, 9, 12, 14, 15], 154135.10862312326], [[0, 6, 7, 10, 13, 16, 18, 19], 213582.6140713615], [[1, 2, 3, 4, 8, 9, 12, 14, 15], 31985.537907639347], [[0, 6, 7, 10, 13, 16, 19], 44584.10023612372], [[1, 3, 9, 12, 15], 122.45506636686146], [[3, 9, 12, 15], 26.16995214191357], [[3, 9, 15], 1.030252100840336], [[9, 15], 80.0], [[1, 2, 3, 9, 12, 15], 295.0494993440485], [[1, 2, 3, 8, 9, 12, 15], 1380.6023117310772], [[1, 2, 3, 4, 8, 9, 12, 15], 6637.515436949407], [[0, 6, 7, 10, 13, 19], 9251.92037910784], [[6, 7, 10, 13, 19], 2003.3977104867022], [[6, 13, 19], 1.1670170575692964], [[13, 19], 898.0], [[6, 10, 13, 19], 476.83819289832303]]}