{"costs": 1512369501, "root_join": 28, "join_operands": {"0": [10, 23], "1": [7, 10, 23], "2": [7, 10, 11, 23], "3": [4, 7, 10, 11, 23], "4": [4, 5, 7, 10, 11, 23], "5": [4, 5, 7, 10, 11, 15, 23], "6": [4, 5, 7, 10, 11, 14, 15, 23], "7": [4, 5, 7, 10, 11, 14, 15, 19, 23], "8": [4, 5, 6, 7, 10, 11, 14, 15, 19, 23], "9": [4, 5, 6, 7, 10, 11, 14, 15, 18, 19, 23], "10": [4, 5, 6, 7, 10, 11, 14, 15, 18, 19, 22, 23], "11": [4, 5, 6, 7, 10, 11, 14, 15, 18, 19, 20, 22, 23], "12": [4, 5, 6, 7, 9, 10, 11, 14, 15, 18, 19, 20, 22, 23], "13": [4, 5, 6, 7, 9, 10, 11, 14, 15, 18, 19, 20, 22, 23, 28], "14": [3, 4, 5, 6, 7, 9, 10, 11, 14, 15, 18, 19, 20, 22, 23, 28], "15": [3, 4, 5, 6, 7, 9, 10, 11, 14, 15, 18, 19, 20, 22, 23, 25, 28], "16": [3, 4, 5, 6, 7, 9, 10, 11, 14, 15, 18, 19, 20, 22, 23, 25, 28, 29], "17": [0, 3, 4, 5, 6, 7, 9, 10, 11, 14, 15, 18, 19, 20, 22, 23, 25, 28, 29], "18": [0, 3, 4, 5, 6, 7, 9, 10, 11, 14, 15, 17, 18, 19, 20, 22, 23, 25, 28, 29], "19": [0, 3, 4, 5, 6, 7, 9, 10, 11, 13, 14, 15, 17, 18, 19, 20, 22, 23, 25, 28, 29], "20": [0, 3, 4, 5, 6, 7, 9, 10, 11, 13, 14, 15, 16, 17, 18, 19, 20, 22, 23, 25, 28, 29], "21": [0, 2, 3, 4, 5, 6, 7, 9, 10, 11, 13, 14, 15, 16, 17, 18, 19, 20, 22, 23, 25, 28, 29], "22": [0, 2, 3, 4, 5, 6, 7, 9, 10, 11, 13, 14, 15, 16, 17, 18, 19, 20, 22, 23, 25, 27, 28, 29], "23": [0, 2, 3, 4, 5, 6, 7, 9, 10, 11, 12, 13, 14, 15, 16, 17, 18, 19, 20, 22, 23, 25, 27, 28, 29], "24": [0, 2, 3, 4, 5, 6, 7, 9, 10, 11, 12, 13, 14, 15, 16, 17, 18, 19, 20, 21, 22, 23, 25, 27, 28, 29], "25": [0, 2, 3, 4, 5, 6, 7, 9, 10, 11, 12, 13, 14, 15, 16, 17, 18, 19, 20, 21, 22, 23, 24, 25, 27, 28, 29], "26": [0, 2, 3, 4, 5, 6, 7, 9, 10, 11, 12, 13, 14, 15, 16, 17, 18, 19, 20, 21, 22, 23, 24, 25, 26, 27, 28, 29], "27": [0, 2, 3, 4, 5, 6, 7, 8, 9, 10, 11, 12, 13, 14, 15, 16, 17, 18, 19, 20, 21, 22, 23, 24, 25, 26, 27, 28, 29], "28": [0, 1, 2, 3, 4, 5, 6, 7, 8, 9, 10, 11, 12, 13, 14, 15, 16, 17, 18, 19, 20, 21, 22, 23, 24, 25, 26, 27, 28, 29]}, "join_predecessors": {"0": [], "1": [0], "2": [1], "3": [2], "4": [3], "5": [4], "6": [5], "7": [6], "8": [7], "9": [8], "10": [9], "11": [10], "12": [11], "13": [12], "14": [13], "15": [14], "16": [15], "17": [16], "18": [17], "19": [18], "20": [19], "21": [20], "22": [21], "23": [22], "24": [23], "25": [24], "26": [25], "27": [26], "28": [27]}, "intermediate_costs": [[[10, 23], 5760.0], [[7, 10, 23], 721.2747540983607], [[7, 10, 11, 23], 1.717272658727478], [[4, 7, 10, 11, 23], 3.155473446616489], [[4, 5, 7, 10, 11, 23], 6.012909839746405], [[4, 5, 7, 10, 11, 15, 23], 9342.01918945474], [[4, 5, 7, 10, 11, 14, 15, 23], 17801.705833453918], [[4, 5, 7, 10, 11, 14, 15, 19, 23], 33922.08088574089], [[4, 5, 6, 7, 10, 11, 14, 15, 19, 23], 41718.206543700784], [[4, 5, 6, 7, 10, 11, 14, 15, 18, 19, 23], 25333.95397594999], [[4, 5, 6, 7, 10, 11, 14, 15, 18, 19, 22, 23], 45435.456883152874], [[4, 5, 6, 7, 10, 11, 14, 15, 18, 19, 20, 22, 23], 86579.50989915521], [[4, 5, 6, 7, 9, 10, 11, 14, 15, 18, 19, 20, 22, 23], 164981.73436335227], [[4, 5, 6, 7, 9, 10, 11, 14, 15, 18, 19, 20, 22, 23, 28], 70684016.43076041], [[3, 4, 5, 6, 7, 9, 10, 11, 14, 15, 18, 19, 20, 22, 23, 28], 587576019.4179742], [[3, 4, 5, 6, 7, 9, 10, 11, 14, 15, 18, 19, 20, 22, 23, 25, 28], 839742613.4497268], [[3, 4, 5, 6, 7, 9, 10, 11, 14, 15, 18, 19, 20, 22, 23, 25, 28, 29], 3003434.2666528537], [[0, 3, 4, 5, 6, 7, 9, 10, 11, 14, 15, 18, 19, 20, 22, 23, 25, 28, 29], 1069.4758628490438], [[0, 3, 4, 5, 6, 7, 9, 10, 11, 14, 15, 17, 18, 19, 20, 22, 23, 25, 28, 29], 2007.5226294398199], [[0, 3, 4, 5, 6, 7, 9, 10, 11, 13, 14, 15, 17, 18, 19, 20, 22, 23, 25, 28, 29], 3820.155558218572], [[0, 3, 4, 5, 6, 7, 9, 10, 11, 13, 14, 15, 16, 17, 18, 19, 20, 22, 23, 25, 28, 29], 7279.5060838684885], [[0, 2, 3, 4, 5, 6, 7, 9, 10, 11, 13, 14, 15, 16, 17, 18, 19, 20, 22, 23, 25, 28, 29], 115430.51698218336], [[0, 2, 3, 4, 5, 6, 7, 9, 10, 11, 13, 14, 15, 16, 17, 18, 19, 20, 22, 23, 25, 27, 28, 29], 205294.90838761753], [[0, 2, 3, 4, 5, 6, 7, 9, 10, 11, 12, 13, 14, 15, 16, 17, 18, 19, 20, 22, 23, 25, 27, 28, 29], 398755.4023460149], [[0, 2, 3, 4, 5, 6, 7, 9, 10, 11, 12, 13, 14, 15, 16, 17, 18, 19, 20, 21, 22, 23, 25, 27, 28, 29], 759848.9865542419], [[0, 2, 3, 4, 5, 6, 7, 9, 10, 11, 12, 13, 14, 15, 16, 17, 18, 19, 20, 21, 22, 23, 24, 25, 27, 28, 29], 1443909.809057922], [[0, 2, 3, 4, 5, 6, 7, 9, 10, 11, 12, 13, 14, 15, 16, 17, 18, 19, 20, 21, 22, 23, 24, 25, 26, 27, 28, 29], 2751444.6165079167], [[0, 2, 3, 4, 5, 6, 7, 8, 9, 10, 11, 12, 13, 14, 15, 16, 17, 18, 19, 20, 21, 22, 23, 24, 25, 26, 27, 28, 29], 5242950.123193112]]}