{"costs": 8194638, "root_join": 27, "join_operands": {"0": [0, 25, 29], "1": [25, 29], "2": [0, 17, 25, 29], "3": [0, 3, 17, 25, 29], "4": [0, 3, 17, 25, 28, 29], "5": [0, 3, 17, 22, 25, 28, 29], "6": [0, 3, 17, 19, 22, 25, 28, 29], "7": [0, 3, 6, 17, 18, 19, 22, 25, 28, 29], "8": [6, 18], "9": [0, 3, 6, 15, 17, 18, 19, 22, 25, 28, 29], "10": [0, 3, 4, 5, 6, 7, 10, 11, 15, 17, 18, 19, 22, 23, 25, 28, 29], "11": [4, 5, 7, 10, 11, 23], "12": [4, 7, 10, 11, 23], "13": [7, 10, 11, 23], "14": [7, 10, 23], "15": [10, 23], "16": [0, 3, 4, 5, 6, 7, 10, 11, 13, 15, 17, 18, 19, 22, 23, 25, 28, 29], "17": [0, 3, 4, 5, 6, 7, 10, 11, 13, 15, 17, 18, 19, 20, 22, 23, 25, 28, 29], "18": [0, 3, 4, 5, 6, 7, 9, 10, 11, 13, 15, 17, 18, 19, 20, 22, 23, 25, 28, 29], "19": [0, 3, 4, 5, 6, 7, 9, 10, 11, 13, 14, 15, 17, 18, 19, 20, 22, 23, 25, 28, 29], "20": [0, 3, 4, 5, 6, 7, 9, 10, 11, 13, 14, 15, 16, 17, 18, 19, 20, 22, 23, 25, 28, 29], "21": [0, 2, 3, 4, 5, 6, 7, 9, 10, 11, 13, 14, 15, 16, 17, 18, 19, 20, 22, 23, 25, 28, 29], "22": [0, 2, 3, 4, 5, 6, 7, 9, 10, 11, 13, 14, 15, 16, 17, 18, 19, 20, 22, 23, 25, 27, 28, 29], "23": [0, 2, 3, 4, 5, 6, 7, 9, 10, 11, 12, 13, 14, 15, 16, 17, 18, 19, 20, 22, 23, 25, 27, 28, 29], "24": [0, 2, 3, 4, 5, 6, 7, 9, 10, 11, 12, 13, 14, 15, 16, 17, 18, 19, 20, 21, 22, 23, 25, 27, 28, 29], "25": [0, 2, 3, 4, 5, 6, 7, 9, 10, 11, 12, 13, 14, 15, 16, 17, 18, 19, 20, 21, 22, 23, 24, 25, 27, 28, 29], "26": [0, 1, 2, 3, 4, 5, 6, 7, 9, 10, 11, 12, 13, 14, 15, 16, 17, 18, 19, 20, 21, 22, 23, 24, 25, 27, 28, 29], "27": [0, 1, 2, 3, 4, 5, 6, 7, 8, 9, 10, 11, 12, 13, 14, 15, 16, 17, 18, 19, 20, 21, 22, 23, 24, 25, 26, 27, 28, 29], "28": [8, 26]}, "join_predecessors": {"0": [1], "1": [], "2": [0], "3": [2], "4": [3], "5": [4], "6": [5], "7": [6, 8], "8": [], "9": [7], "10": [9, 11], "12": [13], "14": [15], "15": [], "13": [14], "11": [12], "16": [10], "17": [16], "18": [17], "19": [18], "20": [19], "21": [20], "22": [21], "23": [22], "24": [23], "25": [24], "26": [25], "27": [26, 28], "28": []}, "intermediate_costs": [[[0, 25, 29], 0.31584679607597577], [[25, 29], 887.0], [[0, 17, 25, 29], 0.5928788227809535], [[0, 3, 17, 25, 29], 310.40313487929564], [[0, 3, 17, 25, 28, 29], 542.7785079078826], [[0, 3, 17, 22, 25, 28, 29], 96262.24128861024], [[0, 3, 17, 19, 22, 25, 28, 29], 495559.0281102851], [[0, 3, 6, 17, 18, 19, 22, 25, 28, 29], 370097.2724167322], [[6, 18], 55261.0], [[0, 3, 6, 15, 17, 18, 19, 22, 25, 28, 29], 1443337.5740948664], [[0, 3, 4, 5, 6, 7, 10, 11, 15, 17, 18, 19, 22, 23, 25, 28, 29], 290.13399565467347], [[4, 5, 7, 10, 11, 23], 6.012909839746405], [[4, 7, 10, 11, 23], 3.155473446616489], [[7, 10, 11, 23], 1.717272658727478], [[7, 10, 23], 721.2747540983607], [[10, 23], 5760.0], [[0, 3, 4, 5, 6, 7, 10, 11, 13, 15, 17, 18, 19, 22, 23, 25, 28, 29], 552.1018691767576], [[0, 3, 4, 5, 6, 7, 10, 11, 13, 15, 17, 18, 19, 20, 22, 23, 25, 28, 29], 1052.0574134570952], [[0, 3, 4, 5, 6, 7, 9, 10, 11, 13, 15, 17, 18, 19, 20, 22, 23, 25, 28, 29], 2004.7498181052597], [[0, 3, 4, 5, 6, 7, 9, 10, 11, 13, 14, 15, 17, 18, 19, 20, 22, 23, 25, 28, 29], 3820.155558218572], [[0, 3, 4, 5, 6, 7, 9, 10, 11, 13, 14, 15, 16, 17, 18, 19, 20, 22, 23, 25, 28, 29], 7279.5060838684885], [[0, 2, 3, 4, 5, 6, 7, 9, 10, 11, 13, 14, 15, 16, 17, 18, 19, 20, 22, 23, 25, 28, 29], 115430.51698218336], [[0, 2, 3, 4, 5, 6, 7, 9, 10, 11, 13, 14, 15, 16, 17, 18, 19, 20, 22, 23, 25, 27, 28, 29], 205294.90838761753], [[0, 2, 3, 4, 5, 6, 7, 9, 10, 11, 12, 13, 14, 15, 16, 17, 18, 19, 20, 22, 23, 25, 27, 28, 29], 398755.4023460149], [[0, 2, 3, 4, 5, 6, 7, 9, 10, 11, 12, 13, 14, 15, 16, 17, 18, 19, 20, 21, 22, 23, 25, 27, 28, 29], 759848.9865542419], [[0, 2, 3, 4, 5, 6, 7, 9, 10, 11, 12, 13, 14, 15, 16, 17, 18, 19, 20, 21, 22, 23, 24, 25, 27, 28, 29], 1443909.809057922], [[0, 1, 2, 3, 4, 5, 6, 7, 9, 10, 11, 12, 13, 14, 15, 16, 17, 18, 19, 20, 21, 22, 23, 24, 25, 27, 28, 29], 2751444.6165079167], [[8, 26], 36205.0]]}