{"costs": 33.0, "root_join": 0, "join_operands": {"0": [0, 1, 2, 3, 4, 5, 6], "1": [0], "2": [1, 2, 3, 4, 5, 6], "3": [1], "4": [2, 3, 4, 5, 6], "5": [2], "6": [3, 4, 5, 6], "7": [5], "8": [3, 4, 6], "9": [4], "10": [3, 6], "11": [3], "12": [6]}, "join_predecessors": {"0": [1, 2], "2": [3, 4], "4": [5, 6], "6": [7, 8], "8": [9, 10], "10": [11, 12]}, "intermediate_costs": [[[1, 2, 3, 4, 5, 6], 5.4366337236533955], [[2, 3, 4, 5, 6], 5.4366337236533955], [[3, 4, 5, 6], 5.4366337236533955], [[3, 4, 6], 5.4366337236533955], [[3, 6], 12.0282]]}