{"costs": 920474, "root_join": 18, "join_operands": {"0": [0, 9], "1": [0, 1, 2, 4, 5, 6, 7, 9, 13, 14, 15, 16, 18, 19], "2": [1, 2, 4, 5, 6, 7, 13, 14, 15, 16, 18, 19], "3": [1, 2, 4, 5, 6, 7, 13, 14, 15, 18, 19], "4": [2, 4, 5, 6, 7, 13, 14, 15, 18, 19], "5": [2, 5, 6, 7, 13, 14, 18, 19], "6": [5, 6, 7, 13, 14, 18, 19], "7": [5, 6, 7, 13, 18], "8": [6, 7, 13, 18], "9": [6, 7], "10": [6, 7, 13], "11": [5, 6, 7, 13, 14, 18], "12": [2, 5, 6, 7, 13, 14, 15, 18, 19], "13": [0, 1, 2, 4, 5, 6, 7, 9, 13, 14, 15, 16, 17, 18, 19], "14": [0, 1, 2, 4, 5, 6, 7, 9, 11, 13, 14, 15, 16, 17, 18, 19], "15": [0, 1, 2, 4, 5, 6, 7, 8, 9, 11, 13, 14, 15, 16, 17, 18, 19], "16": [0, 1, 2, 4, 5, 6, 7, 8, 9, 10, 11, 13, 14, 15, 16, 17, 18, 19], "17": [0, 1, 2, 4, 5, 6, 7, 8, 9, 10, 11, 12, 13, 14, 15, 16, 17, 18, 19], "18": [0, 1, 2, 3, 4, 5, 6, 7, 8, 9, 10, 11, 12, 13, 14, 15, 16, 17, 18, 19]}, "join_predecessors": {"0": [], "1": [0, 2], "3": [4], "5": [6], "7": [8], "9": [], "10": [9], "8": [10], "11": [7], "6": [11], "12": [5], "4": [12], "2": [3], "13": [1], "14": [13], "15": [14], "16": [15], "17": [16], "18": [17]}, "intermediate_costs": [[[0, 9], 1269.0], [[0, 1, 2, 4, 5, 6, 7, 9, 13, 14, 15, 16, 18, 19], 3.5660520896152086], [[1, 2, 4, 5, 6, 7, 13, 14, 15, 16, 18, 19], 117.39592859734562], [[1, 2, 4, 5, 6, 7, 13, 14, 15, 18, 19], 9.887769498560994], [[2, 4, 5, 6, 7, 13, 14, 15, 18, 19], 0.058836753969273785], [[2, 5, 6, 7, 13, 14, 18, 19], 1.5194933969764863], [[5, 6, 7, 13, 14, 18, 19], 0.00048063725702555575], [[5, 6, 7, 13, 18], 0.019470924703797087], [[6, 7, 13, 18], 1.4595680705185186], [[6, 7], 360.0], [[6, 7, 13], 0.12293333333333333], [[5, 6, 7, 13, 14, 18], 0.2311750438540655], [[2, 5, 6, 7, 13, 14, 15, 18, 19], 18.04070542802753], [[0, 1, 2, 4, 5, 6, 7, 9, 13, 14, 15, 16, 17, 18, 19], 42.339142117986434], [[0, 1, 2, 4, 5, 6, 7, 9, 11, 13, 14, 15, 16, 17, 18, 19], 502.6859437369874], [[0, 1, 2, 4, 5, 6, 7, 8, 9, 11, 13, 14, 15, 16, 17, 18, 19], 5968.310959022996], [[0, 1, 2, 4, 5, 6, 7, 8, 9, 10, 11, 13, 14, 15, 16, 17, 18, 19], 70860.8151167113], [[0, 1, 2, 4, 5, 6, 7, 8, 9, 10, 11, 12, 13, 14, 15, 16, 17, 18, 19], 841319.287732366]]}