{"costs": 2538775, "root_join": 1, "join_operands": {"0": [0, 23], "1": [0, 1, 2, 3, 4, 5, 6, 7, 8, 9, 10, 11, 12, 13, 14, 15, 16, 17, 18, 19, 20, 21, 22, 23, 24, 25, 26, 27, 28, 29], "2": [1, 2, 3, 4, 5, 6, 7, 8, 9, 10, 11, 12, 13, 14, 15, 16, 17, 18, 19, 20, 21, 22, 24, 25, 26, 27, 28, 29], "3": [1, 2, 3, 4, 7, 8, 9, 11, 12, 13, 14, 16, 17, 19, 20, 21, 22, 24, 25, 27, 28, 29], "4": [1, 2, 3, 4, 7, 8, 9, 11, 12, 13, 14, 16, 17, 19, 20, 21, 22, 25, 27, 28, 29], "5": [1, 2, 3, 4, 7, 8, 9, 11, 12, 13, 14, 16, 17, 19, 21, 22, 25, 28, 29], "6": [1, 2, 4, 7, 8, 9, 11, 12, 13, 14, 16, 17, 19, 21, 22, 25, 28, 29], "7": [1, 2, 4, 7, 8, 9, 12, 13, 16, 21, 22, 28, 29], "8": [1, 2, 4, 7, 8, 9, 12, 13, 21, 22, 28, 29], "9": [1, 9, 12, 13, 21, 28, 29], "10": [1, 9, 13, 21, 28, 29], "11": [1, 9, 13, 28, 29], "12": [1, 9, 13, 28], "13": [9, 13, 28], "14": [13, 28], "15": [1, 2, 9, 12, 13, 21, 28, 29], "16": [1, 2, 7, 9, 12, 13, 21, 28, 29], "17": [1, 2, 7, 9, 12, 13, 21, 22, 28, 29], "18": [1, 2, 7, 8, 9, 12, 13, 21, 22, 28, 29], "19": [1, 2, 4, 7, 8, 9, 12, 13, 16, 19, 21, 22, 28, 29], "20": [1, 2, 4, 7, 8, 9, 12, 13, 16, 17, 19, 21, 22, 28, 29], "21": [1, 2, 4, 7, 8, 9, 11, 12, 13, 16, 17, 19, 21, 22, 28, 29], "22": [1, 2, 4, 7, 8, 9, 11, 12, 13, 14, 16, 17, 19, 21, 22, 28, 29], "23": [1, 2, 3, 4, 7, 8, 9, 11, 12, 13, 14, 16, 17, 19, 20, 21, 22, 25, 28, 29], "24": [1, 2, 3, 4, 7, 8, 9, 11, 12, 13, 14, 15, 16, 17, 19, 20, 21, 22, 24, 25, 27, 28, 29], "25": [1, 2, 3, 4, 7, 8, 9, 11, 12, 13, 14, 15, 16, 17, 18, 19, 20, 21, 22, 24, 25, 27, 28, 29], "26": [1, 2, 3, 4, 7, 8, 9, 10, 11, 12, 13, 14, 15, 16, 17, 18, 19, 20, 21, 22, 24, 25, 27, 28, 29], "27": [1, 2, 3, 4, 5, 7, 8, 9, 10, 11, 12, 13, 14, 15, 16, 17, 18, 19, 20, 21, 22, 24, 25, 27, 28, 29], "28": [1, 2, 3, 4, 5, 7, 8, 9, 10, 11, 12, 13, 14, 15, 16, 17, 18, 19, 20, 21, 22, 24, 25, 26, 27, 28, 29]}, "join_predecessors": {"0": [], "1": [0, 2], "3": [4], "5": [6], "7": [8], "9": [10], "10": [11], "11": [12], "13": [14], "14": [], "12": [13], "15": [9], "16": [15], "17": [16], "18": [17], "8": [18], "19": [7], "20": [19], "21": [20], "22": [21], "6": [22], "23": [5], "4": [23], "24": [3], "25": [24], "26": [25], "27": [26], "28": [27], "2": [28]}, "intermediate_costs": [[[0, 23], 1960187.0], [[1, 2, 3, 4, 5, 6, 7, 8, 9, 10, 11, 12, 13, 14, 15, 16, 17, 18, 19, 20, 21, 22, 24, 25, 26, 27, 28, 29], 428398.6619210705], [[1, 2, 3, 4, 7, 8, 9, 11, 12, 13, 14, 16, 17, 19, 20, 21, 22, 24, 25, 27, 28, 29], 129.79119732153018], [[1, 2, 3, 4, 7, 8, 9, 11, 12, 13, 14, 16, 17, 19, 20, 21, 22, 25, 27, 28, 29], 34.77677087023299], [[1, 2, 3, 4, 7, 8, 9, 11, 12, 13, 14, 16, 17, 19, 21, 22, 25, 28, 29], 3.385108782376856], [[1, 2, 4, 7, 8, 9, 11, 12, 13, 14, 16, 17, 19, 21, 22, 25, 28, 29], 0.8772811309294647], [[1, 2, 4, 7, 8, 9, 12, 13, 16, 21, 22, 28, 29], 0.0011181778282371598], [[1, 2, 4, 7, 8, 9, 12, 13, 21, 22, 28, 29], 0.0002901049468488458], [[1, 9, 12, 13, 21, 28, 29], 0.00022903504903683947], [[1, 9, 13, 21, 28, 29], 0.050454050044770396], [[1, 9, 13, 28, 29], 0.014264311017235777], [[1, 9, 13, 28], 0.0024853687565262795], [[9, 13, 28], 0.1831346153846154], [[13, 28], 321.0], [[1, 2, 9, 12, 13, 21, 28, 29], 0.0008643394555651954], [[1, 2, 7, 9, 12, 13, 21, 28, 29], 0.0033351715056520567], [[1, 2, 7, 9, 12, 13, 21, 22, 28, 29], 0.012869210970789474], [[1, 2, 7, 8, 9, 12, 13, 21, 22, 28, 29], 0.0496576035146673], [[1, 2, 4, 7, 8, 9, 12, 13, 16, 19, 21, 22, 28, 29], 0.0040474503398511535], [[1, 2, 4, 7, 8, 9, 12, 13, 16, 17, 19, 21, 22, 28, 29], 0.01528884348714396], [[1, 2, 4, 7, 8, 9, 11, 12, 13, 16, 17, 19, 21, 22, 28, 29], 0.058921159943203474], [[1, 2, 4, 7, 8, 9, 11, 12, 13, 14, 16, 17, 19, 21, 22, 28, 29], 0.2273552294693552], [[1, 2, 3, 4, 7, 8, 9, 11, 12, 13, 14, 16, 17, 19, 20, 21, 22, 25, 28, 29], 13.061903495993294], [[1, 2, 3, 4, 7, 8, 9, 11, 12, 13, 14, 15, 16, 17, 19, 20, 21, 22, 24, 25, 27, 28, 29], 500.8168742161136], [[1, 2, 3, 4, 7, 8, 9, 11, 12, 13, 14, 15, 16, 17, 18, 19, 20, 21, 22, 24, 25, 27, 28, 29], 1932.470146180225], [[1, 2, 3, 4, 7, 8, 9, 10, 11, 12, 13, 14, 15, 16, 17, 18, 19, 20, 21, 22, 24, 25, 27, 28, 29], 7456.6990016956315], [[1, 2, 3, 4, 5, 7, 8, 9, 10, 11, 12, 13, 14, 15, 16, 17, 18, 19, 20, 21, 22, 24, 25, 27, 28, 29], 28772.688027990473], [[1, 2, 3, 4, 5, 7, 8, 9, 10, 11, 12, 13, 14, 15, 16, 17, 18, 19, 20, 21, 22, 24, 25, 26, 27, 28, 29], 111023.33387108144]]}