{"costs": 3503, "join_operands": {"0": [0, 1, 2, 3, 4, 5, 6], "1": [0, 1, 2, 3, 4, 6], "2": [], "3": [0, 1, 3, 4, 6], "4": [], "5": [], "6": [0, 1, 3, 6], "7": [0, 1, 6], "8": [1, 6]}, "join_predecessors": {"0": [1, 2], "1": [3, 5], "2": [4], "3": [6], "4": [], "5": [], "6": [7], "7": [8], "8": []}, "leaf_joins": [], "opt_time": 0.09578895568847656, "status": 2, "intermediate_costs": [[[0, 1, 2, 3, 4, 6], 57.42281421076241], [[0, 1, 3, 4, 6], 87.50108400000002], [[0, 1, 3, 6], 239.07400000000004], [[0, 1, 6], 239.074], [[1, 6], 2880.4]]}