{"costs": 3639499, "root_join": 18, "join_operands": {"0": [3, 14], "1": [3, 14, 17], "2": [2, 3, 14, 17], "3": [2, 3, 11, 14, 17], "4": [2, 3, 11, 14, 17, 19], "5": [2, 3, 6, 11, 14, 17, 19], "6": [2, 3, 6, 11, 13, 14, 17, 19], "7": [2, 3, 4, 6, 11, 13, 14, 17, 19], "8": [2, 3, 4, 6, 9, 11, 13, 14, 17, 19], "9": [2, 3, 4, 6, 9, 11, 13, 14, 15, 17, 19], "10": [2, 3, 4, 5, 6, 9, 11, 13, 14, 15, 17, 19], "11": [2, 3, 4, 5, 6, 7, 9, 11, 13, 14, 15, 17, 19], "12": [2, 3, 4, 5, 6, 7, 8, 9, 11, 13, 14, 15, 17, 19], "13": [2, 3, 4, 5, 6, 7, 8, 9, 11, 13, 14, 15, 17, 18, 19], "14": [2, 3, 4, 5, 6, 7, 8, 9, 10, 11, 13, 14, 15, 17, 18, 19], "15": [2, 3, 4, 5, 6, 7, 8, 9, 10, 11, 13, 14, 15, 16, 17, 18, 19], "16": [0, 2, 3, 4, 5, 6, 7, 8, 9, 10, 11, 13, 14, 15, 16, 17, 18, 19], "17": [0, 2, 3, 4, 5, 6, 7, 8, 9, 10, 11, 12, 13, 14, 15, 16, 17, 18, 19], "18": [0, 1, 2, 3, 4, 5, 6, 7, 8, 9, 10, 11, 12, 13, 14, 15, 16, 17, 18, 19]}, "join_predecessors": {"0": [], "1": [0], "2": [1], "3": [2], "4": [3], "5": [4], "6": [5], "7": [6], "8": [7], "9": [8], "10": [9], "11": [10], "12": [11], "13": [12], "14": [13], "15": [14], "16": [15], "17": [16], "18": [17]}, "intermediate_costs": [[[3, 14], 322.0], [[3, 14, 17], 4.184318537859008], [[2, 3, 14, 17], 7452.178165547716], [[2, 3, 11, 14, 17], 28067.27965592382], [[2, 3, 11, 14, 17, 19], 44.96456461988303], [[2, 3, 6, 11, 14, 17, 19], 169.35089050464256], [[2, 3, 6, 11, 13, 14, 17, 19], 3553.6211607619666], [[2, 3, 4, 6, 11, 13, 14, 17, 19], 7.0059995534110575], [[2, 3, 4, 6, 9, 11, 13, 14, 17, 19], 18.470779074387153], [[2, 3, 4, 6, 9, 11, 13, 14, 15, 17, 19], 63.313634954781215], [[2, 3, 4, 5, 6, 9, 11, 13, 14, 15, 17, 19], 238.4593361957786], [[2, 3, 4, 5, 6, 7, 9, 11, 13, 14, 15, 17, 19], 849.5671969310779], [[2, 3, 4, 5, 6, 7, 8, 9, 11, 13, 14, 15, 17, 19], 3179.9283784463196], [[2, 3, 4, 5, 6, 7, 8, 9, 11, 13, 14, 15, 17, 18, 19], 11976.618543202492], [[2, 3, 4, 5, 6, 7, 8, 9, 10, 11, 13, 14, 15, 17, 18, 19], 45107.76502946228], [[2, 3, 4, 5, 6, 7, 8, 9, 10, 11, 13, 14, 15, 16, 17, 18, 19], 186711.0438423266], [[0, 2, 3, 4, 5, 6, 7, 8, 9, 10, 11, 13, 14, 15, 16, 17, 18, 19], 703212.6639618638], [[0, 2, 3, 4, 5, 6, 7, 8, 9, 10, 11, 12, 13, 14, 15, 16, 17, 18, 19], 2648520.62620325]]}