{"costs": 156605238, "root_join": 18, "join_operands": {"0": [3, 14], "1": [3, 14, 17], "2": [3, 14, 15, 17], "3": [2, 3, 14, 15, 17], "4": [2, 3, 8, 14, 15, 17], "5": [2, 3, 8, 11, 14, 15, 17], "6": [2, 3, 8, 11, 14, 15, 17, 19], "7": [2, 3, 6, 8, 11, 14, 15, 17, 19], "8": [2, 3, 6, 8, 11, 14, 15, 17, 18, 19], "9": [2, 3, 6, 8, 10, 11, 14, 15, 17, 18, 19], "10": [2, 3, 6, 8, 10, 11, 14, 15, 16, 17, 18, 19], "11": [0, 2, 3, 6, 8, 10, 11, 14, 15, 16, 17, 18, 19], "12": [0, 2, 3, 6, 8, 10, 11, 12, 14, 15, 16, 17, 18, 19], "13": [0, 1, 2, 3, 6, 8, 10, 11, 12, 14, 15, 16, 17, 18, 19], "14": [0, 1, 2, 3, 6, 8, 10, 11, 12, 13, 14, 15, 16, 17, 18, 19], "15": [0, 1, 2, 3, 4, 6, 8, 10, 11, 12, 13, 14, 15, 16, 17, 18, 19], "16": [0, 1, 2, 3, 4, 6, 8, 9, 10, 11, 12, 13, 14, 15, 16, 17, 18, 19], "17": [0, 1, 2, 3, 4, 5, 6, 8, 9, 10, 11, 12, 13, 14, 15, 16, 17, 18, 19], "18": [0, 1, 2, 3, 4, 5, 6, 7, 8, 9, 10, 11, 12, 13, 14, 15, 16, 17, 18, 19]}, "join_predecessors": {"0": [], "1": [0], "2": [1], "3": [2], "4": [3], "5": [4], "6": [5], "7": [6], "8": [7], "9": [8], "10": [9], "11": [10], "12": [11], "13": [12], "14": [13], "15": [14], "16": [15], "17": [16], "18": [17]}, "intermediate_costs": [[[3, 14], 322.0], [[3, 14, 17], 4.184318537859008], [[3, 14, 15, 17], 14.34289346289088], [[2, 3, 14, 15, 17], 25544.37395906832], [[2, 3, 8, 14, 15, 17], 95612.5424280904], [[2, 3, 8, 11, 14, 15, 17], 360107.3279956744], [[2, 3, 8, 11, 14, 15, 17, 19], 576.9019804645532], [[2, 3, 6, 8, 11, 14, 15, 17, 19], 2172.796844614886], [[2, 3, 6, 8, 11, 14, 15, 17, 18, 19], 8183.441852404538], [[2, 3, 6, 8, 10, 11, 14, 15, 17, 18, 19], 30821.45188802398], [[2, 3, 6, 8, 10, 11, 14, 15, 16, 17, 18, 19], 127576.82520936917], [[0, 2, 3, 6, 8, 10, 11, 14, 15, 16, 17, 18, 19], 480494.5506653521], [[0, 2, 3, 6, 8, 10, 11, 12, 14, 15, 16, 17, 18, 19], 1809693.9850964663], [[0, 1, 2, 3, 6, 8, 10, 11, 12, 14, 15, 16, 17, 18, 19], 6815884.663127576], [[0, 1, 2, 3, 6, 8, 10, 11, 12, 13, 14, 15, 16, 17, 18, 19], 143022997.37561235], [[0, 1, 2, 3, 4, 6, 8, 10, 11, 12, 13, 14, 15, 16, 17, 18, 19], 281971.2654812642], [[0, 1, 2, 3, 4, 6, 8, 9, 10, 11, 12, 13, 14, 15, 16, 17, 18, 19], 743395.558381678], [[0, 1, 2, 3, 4, 5, 6, 8, 9, 10, 11, 12, 13, 14, 15, 16, 17, 18, 19], 2799864.6975361877]]}