{"costs": 3060216, "root_join": 27, "join_operands": {"0": [0, 1, 4, 5, 9, 12, 13, 17, 20, 22, 26, 27, 29], "1": [1, 4, 5, 9, 12, 13, 17, 20, 22, 26, 27, 29], "2": [1, 4, 9, 12, 13, 20, 26, 27], "3": [1, 4, 12, 13, 20, 26, 27], "4": [1, 12, 13, 20, 26, 27], "5": [1, 12, 20, 26, 27], "6": [20, 27], "7": [20, 26, 27], "8": [12, 20, 26, 27], "9": [1, 4, 9, 12, 13, 20, 26, 27, 29], "10": [1, 4, 9, 12, 13, 20, 22, 26, 27, 29], "11": [1, 4, 9, 12, 13, 17, 20, 22, 26, 27, 29], "12": [0, 1, 4, 5, 8, 9, 10, 12, 13, 17, 18, 20, 22, 26, 27, 28, 29], "13": [8, 10, 18, 28], "14": [8, 18, 28], "15": [8, 18], "16": [0, 1, 4, 5, 8, 9, 10, 12, 13, 17, 18, 20, 22, 25, 26, 27, 28, 29], "17": [0, 1, 4, 5, 8, 9, 10, 12, 13, 14, 17, 18, 20, 22, 25, 26, 27, 28, 29], "18": [0, 1, 4, 5, 8, 9, 10, 12, 13, 14, 15, 17, 18, 20, 22, 25, 26, 27, 28, 29], "19": [0, 1, 4, 5, 8, 9, 10, 12, 13, 14, 15, 17, 18, 19, 20, 22, 25, 26, 27, 28, 29], "20": [0, 1, 4, 5, 8, 9, 10, 11, 12, 13, 14, 15, 17, 18, 19, 20, 22, 25, 26, 27, 28, 29], "21": [0, 1, 4, 5, 8, 9, 10, 11, 12, 13, 14, 15, 17, 18, 19, 20, 21, 22, 25, 26, 27, 28, 29], "22": [0, 1, 4, 5, 8, 9, 10, 11, 12, 13, 14, 15, 16, 17, 18, 19, 20, 21, 22, 25, 26, 27, 28, 29], "23": [0, 1, 4, 5, 8, 9, 10, 11, 12, 13, 14, 15, 16, 17, 18, 19, 20, 21, 22, 23, 25, 26, 27, 28, 29], "24": [0, 1, 2, 4, 5, 8, 9, 10, 11, 12, 13, 14, 15, 16, 17, 18, 19, 20, 21, 22, 23, 25, 26, 27, 28, 29], "25": [0, 1, 2, 4, 5, 7, 8, 9, 10, 11, 12, 13, 14, 15, 16, 17, 18, 19, 20, 21, 22, 23, 25, 26, 27, 28, 29], "26": [0, 1, 2, 3, 4, 5, 7, 8, 9, 10, 11, 12, 13, 14, 15, 16, 17, 18, 19, 20, 21, 22, 23, 25, 26, 27, 28, 29], "27": [0, 1, 2, 3, 4, 5, 6, 7, 8, 9, 10, 11, 12, 13, 14, 15, 16, 17, 18, 19, 20, 21, 22, 23, 24, 25, 26, 27, 28, 29], "28": [6, 24]}, "join_predecessors": {"0": [1], "2": [3], "4": [5], "6": [], "7": [6], "8": [7], "5": [8], "3": [4], "9": [2], "10": [9], "11": [10], "1": [11], "12": [0, 13], "13": [14], "14": [15], "15": [], "16": [12], "17": [16], "18": [17], "19": [18], "20": [19], "21": [20], "22": [21], "23": [22], "24": [23], "25": [24], "26": [25], "27": [26, 28], "28": []}, "intermediate_costs": [[[0, 1, 4, 5, 9, 12, 13, 17, 20, 22, 26, 27, 29], 1.098973664868091], [[1, 4, 5, 9, 12, 13, 17, 20, 22, 26, 27, 29], 0.006055434666775137], [[1, 4, 9, 12, 13, 20, 26, 27], 0.19485205357994234], [[1, 4, 12, 13, 20, 26, 27], 0.08580470444413235], [[1, 12, 13, 20, 26, 27], 0.03936216186559767], [[1, 12, 20, 26, 27], 2.5473654938270014e-05], [[20, 27], 45.0], [[20, 26, 27], 0.0011407605070046698], [[12, 20, 26, 27], 0.40837653314599115], [[1, 4, 9, 12, 13, 20, 26, 27, 29], 0.4497391843988341], [[1, 4, 9, 12, 13, 20, 22, 26, 27, 29], 0.0011663186127631867], [[1, 4, 9, 12, 13, 17, 20, 22, 26, 27, 29], 0.0026364753733033996], [[0, 1, 4, 5, 8, 9, 10, 12, 13, 17, 18, 20, 22, 26, 27, 28, 29], 0.06858623233562187], [[8, 10, 18, 28], 337.9900765506655], [[8, 18, 28], 2635.8569290377277], [[8, 18], 1142.0], [[0, 1, 4, 5, 8, 9, 10, 12, 13, 17, 18, 20, 22, 25, 26, 27, 28, 29], 0.1130744889489973], [[0, 1, 4, 5, 8, 9, 10, 12, 13, 14, 17, 18, 20, 22, 25, 26, 27, 28, 29], 0.2529574964375868], [[0, 1, 4, 5, 8, 9, 10, 12, 13, 14, 15, 17, 18, 20, 22, 25, 26, 27, 28, 29], 0.5838515177269566], [[0, 1, 4, 5, 8, 9, 10, 12, 13, 14, 15, 17, 18, 19, 20, 22, 25, 26, 27, 28, 29], 1.34757795720696], [[0, 1, 4, 5, 8, 9, 10, 11, 12, 13, 14, 15, 17, 18, 19, 20, 22, 25, 26, 27, 28, 29], 3.1103509729972183], [[0, 1, 4, 5, 8, 9, 10, 11, 12, 13, 14, 15, 17, 18, 19, 20, 21, 22, 25, 26, 27, 28, 29], 7.179014040570601], [[0, 1, 4, 5, 8, 9, 10, 11, 12, 13, 14, 15, 16, 17, 18, 19, 20, 21, 22, 25, 26, 27, 28, 29], 7180.300280586203], [[0, 1, 4, 5, 8, 9, 10, 11, 12, 13, 14, 15, 16, 17, 18, 19, 20, 21, 22, 23, 25, 26, 27, 28, 29], 16085.455056228779], [[0, 1, 2, 4, 5, 8, 9, 10, 11, 12, 13, 14, 15, 16, 17, 18, 19, 20, 21, 22, 23, 25, 26, 27, 28, 29], 37126.93161598389], [[0, 1, 2, 4, 5, 7, 8, 9, 10, 11, 12, 13, 14, 15, 16, 17, 18, 19, 20, 21, 22, 23, 25, 26, 27, 28, 29], 862620.6967302467], [[0, 1, 2, 3, 4, 5, 7, 8, 9, 10, 11, 12, 13, 14, 15, 16, 17, 18, 19, 20, 21, 22, 23, 25, 26, 27, 28, 29], 1991019.952723994], [[6, 24], 142007.0]]}