{"costs": 2959509, "root_join": 1, "join_operands": {"0": [4, 19], "1": [0, 1, 2, 3, 4, 5, 6, 7, 8, 9, 10, 11, 12, 13, 14, 15, 16, 17, 18, 19, 20, 21, 22, 23, 24, 25, 26, 27, 28, 29], "2": [0, 1, 2, 3, 5, 6, 7, 8, 9, 10, 11, 12, 13, 14, 15, 16, 17, 18, 20, 21, 22, 23, 24, 25, 26, 27, 28, 29], "3": [13, 20, 26, 27], "4": [20, 26, 27], "5": [20, 27], "6": [13, 20, 26, 27, 29], "7": [13, 20, 22, 26, 27, 29], "8": [12, 13, 20, 22, 26, 27, 29], "9": [1, 12, 13, 20, 22, 26, 27, 29], "10": [1, 9, 12, 13, 20, 22, 26, 27, 29], "11": [0, 1, 9, 12, 13, 20, 22, 26, 27, 29], "12": [0, 1, 9, 10, 12, 13, 20, 22, 26, 27, 29], "13": [0, 1, 9, 10, 12, 13, 20, 22, 26, 27, 28, 29], "14": [0, 1, 9, 10, 12, 13, 18, 20, 22, 26, 27, 28, 29], "15": [0, 1, 8, 9, 10, 12, 13, 18, 20, 22, 26, 27, 28, 29], "16": [0, 1, 8, 9, 10, 12, 13, 18, 20, 22, 25, 26, 27, 28, 29], "17": [0, 1, 6, 8, 9, 10, 12, 13, 18, 20, 22, 25, 26, 27, 28, 29], "18": [0, 1, 6, 8, 9, 10, 12, 13, 18, 20, 22, 24, 25, 26, 27, 28, 29], "19": [0, 1, 6, 8, 9, 10, 12, 13, 14, 18, 20, 22, 24, 25, 26, 27, 28, 29], "20": [0, 1, 6, 8, 9, 10, 12, 13, 14, 17, 18, 20, 22, 24, 25, 26, 27, 28, 29], "21": [0, 1, 5, 6, 8, 9, 10, 12, 13, 14, 17, 18, 20, 22, 24, 25, 26, 27, 28, 29], "22": [0, 1, 5, 6, 8, 9, 10, 12, 13, 14, 15, 17, 18, 20, 22, 24, 25, 26, 27, 28, 29], "23": [0, 1, 5, 6, 8, 9, 10, 12, 13, 14, 15, 17, 18, 20, 21, 22, 24, 25, 26, 27, 28, 29], "24": [0, 1, 5, 6, 8, 9, 10, 11, 12, 13, 14, 15, 17, 18, 20, 21, 22, 24, 25, 26, 27, 28, 29], "25": [0, 1, 5, 6, 8, 9, 10, 11, 12, 13, 14, 15, 16, 17, 18, 20, 21, 22, 24, 25, 26, 27, 28, 29], "26": [0, 1, 5, 6, 8, 9, 10, 11, 12, 13, 14, 15, 16, 17, 18, 20, 21, 22, 23, 24, 25, 26, 27, 28, 29], "27": [0, 1, 2, 5, 6, 8, 9, 10, 11, 12, 13, 14, 15, 16, 17, 18, 20, 21, 22, 23, 24, 25, 26, 27, 28, 29], "28": [0, 1, 2, 5, 6, 7, 8, 9, 10, 11, 12, 13, 14, 15, 16, 17, 18, 20, 21, 22, 23, 24, 25, 26, 27, 28, 29]}, "join_predecessors": {"0": [], "1": [0, 2], "3": [4], "5": [], "4": [5], "6": [3], "7": [6], "8": [7], "9": [8], "10": [9], "11": [10], "12": [11], "13": [12], "14": [13], "15": [14], "16": [15], "17": [16], "18": [17], "19": [18], "20": [19], "21": [20], "22": [21], "23": [22], "24": [23], "25": [24], "26": [25], "27": [26], "28": [27], "2": [28]}, "intermediate_costs": [[[4, 19], 83091.0], [[0, 1, 2, 3, 5, 6, 7, 8, 9, 10, 11, 12, 13, 14, 15, 16, 17, 18, 20, 21, 22, 23, 24, 25, 26, 27, 28, 29], 1965230.5410620624], [[13, 20, 26, 27], 1.7627152379747417], [[20, 26, 27], 0.0011407605070046698], [[20, 27], 45.0], [[13, 20, 26, 27, 29], 4.068533530383908], [[13, 20, 22, 26, 27, 29], 0.010551018340731822], [[12, 13, 20, 22, 26, 27, 29], 3.7771190926494715], [[1, 12, 13, 20, 22, 26, 27, 29], 0.00023560861268320574], [[1, 9, 12, 13, 20, 22, 26, 27, 29], 0.0005350385193895194], [[0, 1, 9, 12, 13, 20, 22, 26, 27, 29], 0.09710173998330611], [[0, 1, 9, 10, 12, 13, 20, 22, 26, 27, 29], 0.17929687639469546], [[0, 1, 9, 10, 12, 13, 20, 22, 26, 27, 28, 29], 0.4138351204065966], [[0, 1, 9, 10, 12, 13, 18, 20, 22, 26, 27, 28, 29], 62.59051347765172], [[0, 1, 8, 9, 10, 12, 13, 18, 20, 22, 26, 27, 28, 29], 0.006060056497793833], [[0, 1, 8, 9, 10, 12, 13, 18, 20, 22, 25, 26, 27, 28, 29], 0.009990894209451913], [[0, 1, 6, 8, 9, 10, 12, 13, 18, 20, 22, 25, 26, 27, 28, 29], 0.023060041122696717], [[0, 1, 6, 8, 9, 10, 12, 13, 18, 20, 22, 24, 25, 26, 27, 28, 29], 0.04961647363198171], [[0, 1, 6, 8, 9, 10, 12, 13, 14, 18, 20, 22, 24, 25, 26, 27, 28, 29], 0.11099638007357032], [[0, 1, 6, 8, 9, 10, 12, 13, 14, 17, 18, 20, 22, 24, 25, 26, 27, 28, 29], 0.2509084733685981], [[0, 1, 5, 6, 8, 9, 10, 12, 13, 14, 17, 18, 20, 22, 24, 25, 26, 27, 28, 29], 0.5762844907290514], [[0, 1, 5, 6, 8, 9, 10, 12, 13, 14, 15, 17, 18, 20, 22, 24, 25, 26, 27, 28, 29], 1.3301229625257627], [[0, 1, 5, 6, 8, 9, 10, 12, 13, 14, 15, 17, 18, 20, 21, 22, 24, 25, 26, 27, 28, 29], 3.070062351984723], [[0, 1, 5, 6, 8, 9, 10, 11, 12, 13, 14, 15, 17, 18, 20, 21, 22, 24, 25, 26, 27, 28, 29], 7.086025244468502], [[0, 1, 5, 6, 8, 9, 10, 11, 12, 13, 14, 15, 16, 17, 18, 20, 21, 22, 24, 25, 26, 27, 28, 29], 7087.2948239914695], [[0, 1, 5, 6, 8, 9, 10, 11, 12, 13, 14, 15, 16, 17, 18, 20, 21, 22, 23, 24, 25, 26, 27, 28, 29], 15877.102336484795], [[0, 1, 2, 5, 6, 8, 9, 10, 11, 12, 13, 14, 15, 16, 17, 18, 20, 21, 22, 23, 24, 25, 26, 27, 28, 29], 36646.03150150788], [[0, 1, 2, 5, 6, 7, 8, 9, 10, 11, 12, 13, 14, 15, 16, 17, 18, 20, 21, 22, 23, 24, 25, 26, 27, 28, 29], 851447.2877316867]]}