{"costs": 5495312, "root_join": 28, "join_operands": {"0": [0, 6, 21, 22], "1": [6, 21, 22], "2": [21, 22], "3": [0, 6, 10, 21, 22], "4": [0, 6, 7, 10, 21, 22], "5": [0, 6, 7, 10, 18, 21, 22], "6": [0, 2, 6, 7, 10, 18, 21, 22], "7": [0, 2, 6, 7, 10, 18, 21, 22, 24], "8": [0, 2, 6, 7, 10, 18, 21, 22, 24, 28], "9": [0, 2, 6, 7, 10, 11, 18, 21, 22, 24, 28], "10": [0, 2, 6, 7, 10, 11, 14, 18, 20, 21, 22, 24, 28], "11": [14, 20], "12": [0, 2, 6, 7, 10, 11, 14, 16, 18, 20, 21, 22, 24, 28], "13": [0, 2, 6, 7, 10, 11, 14, 16, 18, 20, 21, 22, 24, 27, 28], "14": [0, 2, 6, 7, 9, 10, 11, 12, 14, 16, 18, 20, 21, 22, 24, 27, 28, 29], "15": [9, 12, 29], "16": [12, 29], "17": [0, 2, 6, 7, 8, 9, 10, 11, 12, 14, 16, 18, 20, 21, 22, 24, 27, 28, 29], "18": [0, 2, 3, 6, 7, 8, 9, 10, 11, 12, 14, 16, 18, 20, 21, 22, 24, 27, 28, 29], "19": [0, 2, 3, 6, 7, 8, 9, 10, 11, 12, 13, 14, 16, 18, 20, 21, 22, 24, 27, 28, 29], "20": [0, 2, 3, 5, 6, 7, 8, 9, 10, 11, 12, 13, 14, 16, 18, 20, 21, 22, 24, 27, 28, 29], "21": [0, 2, 3, 5, 6, 7, 8, 9, 10, 11, 12, 13, 14, 16, 18, 20, 21, 22, 23, 24, 27, 28, 29], "22": [0, 2, 3, 5, 6, 7, 8, 9, 10, 11, 12, 13, 14, 16, 18, 20, 21, 22, 23, 24, 26, 27, 28, 29], "23": [0, 2, 3, 5, 6, 7, 8, 9, 10, 11, 12, 13, 14, 15, 16, 18, 20, 21, 22, 23, 24, 26, 27, 28, 29], "24": [0, 2, 3, 4, 5, 6, 7, 8, 9, 10, 11, 12, 13, 14, 15, 16, 18, 20, 21, 22, 23, 24, 26, 27, 28, 29], "25": [0, 2, 3, 4, 5, 6, 7, 8, 9, 10, 11, 12, 13, 14, 15, 16, 18, 20, 21, 22, 23, 24, 25, 26, 27, 28, 29], "26": [0, 1, 2, 3, 4, 5, 6, 7, 8, 9, 10, 11, 12, 13, 14, 15, 16, 18, 20, 21, 22, 23, 24, 25, 26, 27, 28, 29], "27": [0, 1, 2, 3, 4, 5, 6, 7, 8, 9, 10, 11, 12, 13, 14, 15, 16, 17, 18, 20, 21, 22, 23, 24, 25, 26, 27, 28, 29], "28": [0, 1, 2, 3, 4, 5, 6, 7, 8, 9, 10, 11, 12, 13, 14, 15, 16, 17, 18, 19, 20, 21, 22, 23, 24, 25, 26, 27, 28, 29]}, "join_predecessors": {"0": [1], "1": [2], "2": [], "3": [0], "4": [3], "5": [4], "6": [5], "7": [6], "8": [7], "9": [8], "10": [9, 11], "11": [], "12": [10], "13": [12], "14": [13, 15], "15": [16], "16": [], "17": [14], "18": [17], "19": [18], "20": [19], "21": [20], "22": [21], "23": [22], "24": [23], "25": [24], "26": [25], "27": [26], "28": [27]}, "intermediate_costs": [[[0, 6, 21, 22], 1160.2776091543126], [[6, 21, 22], 413.4479101123596], [[21, 22], 282.0], [[0, 6, 10, 21, 22], 3240.2236899698196], [[0, 6, 7, 10, 21, 22], 3.1201184914156608], [[0, 6, 7, 10, 18, 21, 22], 8.677703348459081], [[0, 2, 6, 7, 10, 18, 21, 22], 24.48426485671828], [[0, 2, 6, 7, 10, 18, 21, 22, 24], 69.08275652552406], [[0, 2, 6, 7, 10, 18, 21, 22, 24, 28], 471.16900091736915], [[0, 2, 6, 7, 10, 11, 18, 21, 22, 24, 28], 1329.4110486761695], [[0, 2, 6, 7, 10, 11, 14, 18, 20, 21, 22, 24, 28], 38.526815527345555], [[14, 20], 3604.0], [[0, 2, 6, 7, 10, 11, 14, 16, 18, 20, 21, 22, 24, 28], 108.70404065768346], [[0, 2, 6, 7, 10, 11, 14, 16, 18, 20, 21, 22, 24, 27, 28], 306.7103047343007], [[0, 2, 6, 7, 9, 10, 11, 12, 14, 16, 18, 20, 21, 22, 24, 27, 28, 29], 39.23009797372815], [[9, 12, 29], 815.982765680858], [[12, 29], 964.0], [[0, 2, 6, 7, 8, 9, 10, 11, 12, 14, 16, 18, 20, 21, 22, 24, 27, 28, 29], 110.68835595625892], [[0, 2, 3, 6, 7, 8, 9, 10, 11, 12, 14, 16, 18, 20, 21, 22, 24, 27, 28, 29], 312.30900819355406], [[0, 2, 3, 6, 7, 8, 9, 10, 11, 12, 13, 14, 16, 18, 20, 21, 22, 24, 27, 28, 29], 881.1850100471015], [[0, 2, 3, 5, 6, 7, 8, 9, 10, 11, 12, 13, 14, 16, 18, 20, 21, 22, 24, 27, 28, 29], 2486.2785946323156], [[0, 2, 3, 5, 6, 7, 8, 9, 10, 11, 12, 13, 14, 16, 18, 20, 21, 22, 23, 24, 27, 28, 29], 7015.076492731656], [[0, 2, 3, 5, 6, 7, 8, 9, 10, 11, 12, 13, 14, 16, 18, 20, 21, 22, 23, 24, 26, 27, 28, 29], 19793.159351843904], [[0, 2, 3, 5, 6, 7, 8, 9, 10, 11, 12, 13, 14, 15, 16, 18, 20, 21, 22, 23, 24, 26, 27, 28, 29], 55846.74168513942], [[0, 2, 3, 4, 5, 6, 7, 8, 9, 10, 11, 12, 13, 14, 15, 16, 18, 20, 21, 22, 23, 24, 26, 27, 28, 29], 157572.5492221516], [[0, 2, 3, 4, 5, 6, 7, 8, 9, 10, 11, 12, 13, 14, 15, 16, 18, 20, 21, 22, 23, 24, 25, 26, 27, 28, 29], 444593.6776106368], [[0, 1, 2, 3, 4, 5, 6, 7, 8, 9, 10, 11, 12, 13, 14, 15, 16, 18, 20, 21, 22, 23, 24, 25, 26, 27, 28, 29], 1254428.7750018153], [[0, 1, 2, 3, 4, 5, 6, 7, 8, 9, 10, 11, 12, 13, 14, 15, 16, 17, 18, 20, 21, 22, 23, 24, 25, 26, 27, 28, 29], 3539392.5927334195]]}