{"costs": 10562306, "root_join": 28, "join_operands": {"0": [0, 11, 21], "1": [11, 21], "2": [0, 11, 21, 25], "3": [0, 11, 17, 21, 25], "4": [0, 9, 11, 17, 21, 25], "5": [0, 9, 11, 13, 17, 21, 25], "6": [0, 1, 5, 6, 7, 9, 10, 11, 12, 13, 17, 20, 21, 23, 25, 27], "7": [1, 5, 6, 7, 10, 12, 20, 23, 27], "8": [5, 6, 7, 10, 12, 20, 23, 27], "9": [6, 7, 12, 23], "10": [6, 7, 23], "11": [7, 23], "12": [5, 10, 20, 27], "13": [5, 10], "14": [5, 10, 27], "15": [0, 1, 5, 6, 7, 9, 10, 11, 12, 13, 17, 19, 20, 21, 23, 25, 27], "16": [0, 1, 5, 6, 7, 9, 10, 11, 12, 13, 17, 18, 19, 20, 21, 23, 25, 27], "17": [0, 1, 5, 6, 7, 9, 10, 11, 12, 13, 15, 17, 18, 19, 20, 21, 23, 25, 27], "18": [0, 1, 3, 5, 6, 7, 9, 10, 11, 12, 13, 15, 17, 18, 19, 20, 21, 23, 25, 27], "19": [0, 1, 2, 3, 5, 6, 7, 9, 10, 11, 12, 13, 15, 17, 18, 19, 20, 21, 23, 25, 27], "20": [0, 1, 2, 3, 5, 6, 7, 9, 10, 11, 12, 13, 15, 17, 18, 19, 20, 21, 22, 23, 25, 27], "21": [0, 1, 2, 3, 5, 6, 7, 9, 10, 11, 12, 13, 15, 17, 18, 19, 20, 21, 22, 23, 25, 26, 27], "22": [0, 1, 2, 3, 5, 6, 7, 9, 10, 11, 12, 13, 15, 17, 18, 19, 20, 21, 22, 23, 25, 26, 27, 29], "23": [0, 1, 2, 3, 4, 5, 6, 7, 9, 10, 11, 12, 13, 15, 17, 18, 19, 20, 21, 22, 23, 25, 26, 27, 29], "24": [0, 1, 2, 3, 4, 5, 6, 7, 8, 9, 10, 11, 12, 13, 15, 17, 18, 19, 20, 21, 22, 23, 25, 26, 27, 29], "25": [0, 1, 2, 3, 4, 5, 6, 7, 8, 9, 10, 11, 12, 13, 15, 17, 18, 19, 20, 21, 22, 23, 25, 26, 27, 28, 29], "26": [0, 1, 2, 3, 4, 5, 6, 7, 8, 9, 10, 11, 12, 13, 14, 15, 17, 18, 19, 20, 21, 22, 23, 25, 26, 27, 28, 29], "27": [0, 1, 2, 3, 4, 5, 6, 7, 8, 9, 10, 11, 12, 13, 14, 15, 17, 18, 19, 20, 21, 22, 23, 24, 25, 26, 27, 28, 29], "28": [0, 1, 2, 3, 4, 5, 6, 7, 8, 9, 10, 11, 12, 13, 14, 15, 16, 17, 18, 19, 20, 21, 22, 23, 24, 25, 26, 27, 28, 29]}, "join_predecessors": {"0": [1], "1": [], "2": [0], "3": [2], "4": [3], "5": [4], "6": [5, 7], "7": [8], "9": [10], "11": [], "10": [11], "8": [9, 12], "13": [], "14": [13], "12": [14], "15": [6], "16": [15], "17": [16], "18": [17], "19": [18], "20": [19], "21": [20], "22": [21], "23": [22], "24": [23], "25": [24], "26": [25], "27": [26], "28": [27]}, "intermediate_costs": [[[0, 11, 21], 71.03698625739794], [[11, 21], 37.0], [[0, 11, 21, 25], 122.9140222983454], [[0, 11, 17, 21, 25], 405.5983486229547], [[0, 9, 11, 17, 21, 25], 715.0280997015019], [[0, 9, 11, 13, 17, 21, 25], 1372.795690963702], [[0, 1, 5, 6, 7, 9, 10, 11, 12, 13, 17, 20, 21, 23, 25, 27], 1.7941782313924988], [[1, 5, 6, 7, 10, 12, 20, 23, 27], 138.74942233409658], [[5, 6, 7, 10, 12, 20, 23, 27], 94.50481679891607], [[6, 7, 12, 23], 30035.69213738366], [[6, 7, 23], 113.27518915562914], [[7, 23], 59.0], [[5, 10, 20, 27], 11964.676853485618], [[5, 10], 3300.0000000000005], [[5, 10, 27], 6231.866813981519], [[0, 1, 5, 6, 7, 9, 10, 11, 12, 13, 17, 19, 20, 21, 23, 25, 27], 3.3347395444614576], [[0, 1, 5, 6, 7, 9, 10, 11, 12, 13, 17, 18, 19, 20, 21, 23, 25, 27], 5.657953252420474], [[0, 1, 5, 6, 7, 9, 10, 11, 12, 13, 15, 17, 18, 19, 20, 21, 23, 25, 27], 10.862788716710934], [[0, 1, 3, 5, 6, 7, 9, 10, 11, 12, 13, 15, 17, 18, 19, 20, 21, 23, 25, 27], 20.855649103691935], [[0, 1, 2, 3, 5, 6, 7, 9, 10, 11, 12, 13, 15, 17, 18, 19, 20, 21, 23, 25, 27], 40.04103274438384], [[0, 1, 2, 3, 5, 6, 7, 9, 10, 11, 12, 13, 15, 17, 18, 19, 20, 21, 22, 23, 25, 27], 76.87546951587628], [[0, 1, 2, 3, 5, 6, 7, 9, 10, 11, 12, 13, 15, 17, 18, 19, 20, 21, 22, 23, 25, 26, 27], 147.59464054668035], [[0, 1, 2, 3, 5, 6, 7, 9, 10, 11, 12, 13, 15, 17, 18, 19, 20, 21, 22, 23, 25, 26, 27, 29], 207297.25019205816], [[0, 1, 2, 3, 4, 5, 6, 7, 9, 10, 11, 12, 13, 15, 17, 18, 19, 20, 21, 22, 23, 25, 26, 27, 29], 389205.33367793186], [[0, 1, 2, 3, 4, 5, 6, 7, 8, 9, 10, 11, 12, 13, 15, 17, 18, 19, 20, 21, 22, 23, 25, 26, 27, 29], 733898.9321516238], [[0, 1, 2, 3, 4, 5, 6, 7, 8, 9, 10, 11, 12, 13, 15, 17, 18, 19, 20, 21, 22, 23, 25, 26, 27, 28, 29], 1389180.7377233403], [[0, 1, 2, 3, 4, 5, 6, 7, 8, 9, 10, 11, 12, 13, 14, 15, 17, 18, 19, 20, 21, 22, 23, 25, 26, 27, 28, 29], 2667113.882574336], [[0, 1, 2, 3, 4, 5, 6, 7, 8, 9, 10, 11, 12, 13, 14, 15, 17, 18, 19, 20, 21, 22, 23, 24, 25, 26, 27, 28, 29], 5120641.446755666]]}