{"costs": 315402, "join_operands": {"0": [0, 1, 2, 3], "1": [1, 2, 3], "2": [], "3": [1, 3]}, "join_predecessors": {"0": [1, 2], "1": [3], "2": [], "3": []}, "leaf_joins": [], "opt_time": 0.03894400596618652, "status": 2, "intermediate_costs": [[[1, 2, 3], 27888.877963477298], [[1, 3], 287514.0]]}