{"costs": 12817908, "root_join": 28, "join_operands": {"0": [10, 11], "1": [6, 10, 11], "2": [6, 10, 11, 13], "3": [2, 6, 10, 11, 13], "4": [2, 6, 10, 11, 12, 13], "5": [2, 6, 10, 11, 12, 13, 16], "6": [2, 6, 10, 11, 12, 13, 16, 17], "7": [2, 6, 10, 11, 12, 13, 16, 17, 27], "8": [2, 5, 6, 10, 11, 12, 13, 16, 17, 27], "9": [2, 5, 6, 10, 11, 12, 13, 16, 17, 26, 27], "10": [2, 3, 5, 6, 10, 11, 12, 13, 16, 17, 26, 27], "11": [2, 3, 5, 6, 10, 11, 12, 13, 16, 17, 22, 26, 27], "12": [2, 3, 5, 6, 10, 11, 12, 13, 16, 17, 22, 24, 26, 27], "13": [2, 3, 5, 6, 10, 11, 12, 13, 16, 17, 22, 24, 25, 26, 27], "14": [2, 3, 4, 5, 6, 10, 11, 12, 13, 16, 17, 22, 24, 25, 26, 27], "15": [2, 3, 4, 5, 6, 10, 11, 12, 13, 16, 17, 22, 24, 25, 26, 27, 29], "16": [0, 2, 3, 4, 5, 6, 10, 11, 12, 13, 16, 17, 22, 24, 25, 26, 27, 29], "17": [0, 2, 3, 4, 5, 6, 10, 11, 12, 13, 16, 17, 18, 22, 24, 25, 26, 27, 29], "18": [0, 2, 3, 4, 5, 6, 10, 11, 12, 13, 16, 17, 18, 20, 22, 24, 25, 26, 27, 29], "19": [0, 2, 3, 4, 5, 6, 7, 10, 11, 12, 13, 16, 17, 18, 20, 22, 24, 25, 26, 27, 29], "20": [0, 2, 3, 4, 5, 6, 7, 10, 11, 12, 13, 14, 16, 17, 18, 20, 22, 24, 25, 26, 27, 29], "21": [0, 2, 3, 4, 5, 6, 7, 10, 11, 12, 13, 14, 16, 17, 18, 20, 21, 22, 24, 25, 26, 27, 29], "22": [0, 2, 3, 4, 5, 6, 7, 10, 11, 12, 13, 14, 15, 16, 17, 18, 20, 21, 22, 24, 25, 26, 27, 29], "23": [0, 1, 2, 3, 4, 5, 6, 7, 10, 11, 12, 13, 14, 15, 16, 17, 18, 20, 21, 22, 24, 25, 26, 27, 29], "24": [0, 1, 2, 3, 4, 5, 6, 7, 10, 11, 12, 13, 14, 15, 16, 17, 18, 20, 21, 22, 23, 24, 25, 26, 27, 29], "25": [0, 1, 2, 3, 4, 5, 6, 7, 9, 10, 11, 12, 13, 14, 15, 16, 17, 18, 20, 21, 22, 23, 24, 25, 26, 27, 29], "26": [0, 1, 2, 3, 4, 5, 6, 7, 8, 9, 10, 11, 12, 13, 14, 15, 16, 17, 18, 20, 21, 22, 23, 24, 25, 26, 27, 29], "27": [0, 1, 2, 3, 4, 5, 6, 7, 8, 9, 10, 11, 12, 13, 14, 15, 16, 17, 18, 19, 20, 21, 22, 23, 24, 25, 26, 27, 29], "28": [0, 1, 2, 3, 4, 5, 6, 7, 8, 9, 10, 11, 12, 13, 14, 15, 16, 17, 18, 19, 20, 21, 22, 23, 24, 25, 26, 27, 28, 29]}, "join_predecessors": {"0": [], "1": [0], "2": [1], "3": [2], "4": [3], "5": [4], "6": [5], "7": [6], "8": [7], "9": [8], "10": [9], "11": [10], "12": [11], "13": [12], "14": [13], "15": [14], "16": [15], "17": [16], "18": [17], "19": [18], "20": [19], "21": [20], "22": [21], "23": [22], "24": [23], "25": [24], "26": [25], "27": [26], "28": [27]}, "intermediate_costs": [[[10, 11], 952.0], [[6, 10, 11], 1804.4027225647349], [[6, 10, 11, 13], 3420.030656721668], [[2, 6, 10, 11, 13], 0.8699674214271808], [[2, 6, 10, 11, 12, 13], 1.593337701050711], [[2, 6, 10, 11, 12, 13, 16], 3.019961962644116], [[2, 6, 10, 11, 12, 13, 16, 17], 5.7239405367757845], [[2, 6, 10, 11, 12, 13, 16, 17, 27], 10.68712597538845], [[2, 5, 6, 10, 11, 12, 13, 16, 17, 27], 20.256175636957163], [[2, 5, 6, 10, 11, 12, 13, 16, 17, 26, 27], 36.81538242874816], [[2, 3, 5, 6, 10, 11, 12, 13, 16, 17, 26, 27], 68.53314337073704], [[2, 3, 5, 6, 10, 11, 12, 13, 16, 17, 22, 26, 27], 129.8964256898552], [[2, 3, 5, 6, 10, 11, 12, 13, 16, 17, 22, 24, 26, 27], 246.20331103946114], [[2, 3, 5, 6, 10, 11, 12, 13, 16, 17, 22, 24, 25, 26, 27], 466.6490767672428], [[2, 3, 4, 5, 6, 10, 11, 12, 13, 16, 17, 22, 24, 25, 26, 27], 884.4777916606391], [[2, 3, 4, 5, 6, 10, 11, 12, 13, 16, 17, 22, 24, 25, 26, 27, 29], 1676.4230644275806], [[0, 2, 3, 4, 5, 6, 10, 11, 12, 13, 16, 17, 22, 24, 25, 26, 27, 29], 3177.460812657349], [[0, 2, 3, 4, 5, 6, 10, 11, 12, 13, 16, 17, 18, 22, 24, 25, 26, 27, 29], 6022.501255409493], [[0, 2, 3, 4, 5, 6, 10, 11, 12, 13, 16, 17, 18, 20, 22, 24, 25, 26, 27, 29], 1687508.4872000408], [[0, 2, 3, 4, 5, 6, 7, 10, 11, 12, 13, 16, 17, 18, 20, 22, 24, 25, 26, 27, 29], 33361.456479167144], [[0, 2, 3, 4, 5, 6, 7, 10, 11, 12, 13, 14, 16, 17, 18, 20, 22, 24, 25, 26, 27, 29], 62316.2570451596], [[0, 2, 3, 4, 5, 6, 7, 10, 11, 12, 13, 14, 16, 17, 18, 20, 21, 22, 24, 25, 26, 27, 29], 117678.8575465742], [[0, 2, 3, 4, 5, 6, 7, 10, 11, 12, 13, 14, 15, 16, 17, 18, 20, 21, 22, 24, 25, 26, 27, 29], 217327.22264804904], [[0, 1, 2, 3, 4, 5, 6, 7, 10, 11, 12, 13, 14, 15, 16, 17, 18, 20, 21, 22, 24, 25, 26, 27, 29], 407622.28229441383], [[0, 1, 2, 3, 4, 5, 6, 7, 10, 11, 12, 13, 14, 15, 16, 17, 18, 20, 21, 22, 23, 24, 25, 26, 27, 29], 772599.4144769576], [[0, 1, 2, 3, 4, 5, 6, 7, 9, 10, 11, 12, 13, 14, 15, 16, 17, 18, 20, 21, 22, 23, 24, 25, 26, 27, 29], 1464370.0336749672], [[0, 1, 2, 3, 4, 5, 6, 7, 8, 9, 10, 11, 12, 13, 14, 15, 16, 17, 18, 20, 21, 22, 23, 24, 25, 26, 27, 29], 2775523.5730857947], [[0, 1, 2, 3, 4, 5, 6, 7, 8, 9, 10, 11, 12, 13, 14, 15, 16, 17, 18, 19, 20, 21, 22, 23, 24, 25, 26, 27, 29], 5260673.865429818]]}