{"costs": 2302603, "root_join": 27, "join_operands": {"0": [0, 8, 10, 23], "1": [8, 10, 23], "2": [8, 10], "3": [0, 8, 10, 11, 23], "4": [0, 7, 8, 10, 11, 23], "5": [0, 7, 8, 10, 11, 20, 23], "6": [0, 4, 7, 8, 10, 11, 20, 23], "7": [0, 4, 7, 8, 10, 11, 20, 23, 24], "8": [0, 2, 4, 7, 8, 10, 11, 20, 23, 24], "9": [0, 2, 4, 7, 8, 10, 11, 19, 20, 23, 24], "10": [0, 2, 4, 7, 8, 10, 11, 15, 19, 20, 23, 24], "11": [0, 2, 4, 5, 7, 8, 10, 11, 15, 19, 20, 23, 24], "12": [0, 2, 4, 5, 7, 8, 10, 11, 15, 19, 20, 23, 24, 26], "13": [0, 2, 4, 5, 7, 8, 10, 11, 15, 16, 19, 20, 23, 24, 26], "14": [0, 1, 2, 4, 5, 7, 8, 10, 11, 15, 16, 19, 20, 23, 24, 26], "15": [0, 1, 2, 4, 5, 7, 8, 10, 11, 14, 15, 16, 19, 20, 23, 24, 26], "16": [0, 1, 2, 4, 5, 6, 7, 8, 10, 11, 14, 15, 16, 19, 20, 23, 24, 26], "17": [0, 1, 2, 4, 5, 6, 7, 8, 10, 11, 12, 14, 15, 16, 19, 20, 23, 24, 26], "18": [0, 1, 2, 4, 5, 6, 7, 8, 10, 11, 12, 14, 15, 16, 18, 19, 20, 23, 24, 26], "19": [0, 1, 2, 4, 5, 6, 7, 8, 10, 11, 12, 14, 15, 16, 18, 19, 20, 23, 24, 26, 27], "20": [0, 1, 2, 4, 5, 6, 7, 8, 10, 11, 12, 13, 14, 15, 16, 18, 19, 20, 21, 23, 24, 26, 27, 29], "21": [13, 21, 29], "22": [13, 21], "23": [0, 1, 2, 4, 5, 6, 7, 8, 9, 10, 11, 12, 13, 14, 15, 16, 18, 19, 20, 21, 23, 24, 26, 27, 29], "24": [0, 1, 2, 4, 5, 6, 7, 8, 9, 10, 11, 12, 13, 14, 15, 16, 18, 19, 20, 21, 22, 23, 24, 26, 27, 29], "25": [0, 1, 2, 4, 5, 6, 7, 8, 9, 10, 11, 12, 13, 14, 15, 16, 18, 19, 20, 21, 22, 23, 24, 25, 26, 27, 29], "26": [0, 1, 2, 3, 4, 5, 6, 7, 8, 9, 10, 11, 12, 13, 14, 15, 16, 18, 19, 20, 21, 22, 23, 24, 25, 26, 27, 29], "27": [0, 1, 2, 3, 4, 5, 6, 7, 8, 9, 10, 11, 12, 13, 14, 15, 16, 17, 18, 19, 20, 21, 22, 23, 24, 25, 26, 27, 28, 29], "28": [17, 28]}, "join_predecessors": {"0": [1], "2": [], "1": [2], "3": [0], "4": [3], "5": [4], "6": [5], "7": [6], "8": [7], "9": [8], "10": [9], "11": [10], "12": [11], "13": [12], "14": [13], "15": [14], "16": [15], "17": [16], "18": [17], "19": [18], "20": [19, 21], "21": [22], "22": [], "23": [20], "24": [23], "25": [24], "26": [25], "27": [26, 28], "28": []}, "intermediate_costs": [[[0, 8, 10, 23], 3.015750204225352], [[8, 10, 23], 1.029], [[8, 10], 294.0], [[0, 8, 10, 11, 23], 64.49833998365447], [[0, 7, 8, 10, 11, 23], 0.023427728968636718], [[0, 7, 8, 10, 11, 20, 23], 0.06811366872591303], [[0, 4, 7, 8, 10, 11, 20, 23], 0.20025844775082516], [[0, 4, 7, 8, 10, 11, 20, 23, 24], 0.5887723811627792], [[0, 2, 4, 7, 8, 10, 11, 20, 23, 24], 1.731027649509001], [[0, 2, 4, 7, 8, 10, 11, 19, 20, 23, 24], 12.940178938453208], [[0, 2, 4, 7, 8, 10, 11, 15, 19, 20, 23, 24], 0.06026283991568225], [[0, 2, 4, 5, 7, 8, 10, 11, 15, 19, 20, 23, 24], 0.17717651958023375], [[0, 2, 4, 5, 7, 8, 10, 11, 15, 19, 20, 23, 24, 26], 0.48933908808516585], [[0, 2, 4, 5, 7, 8, 10, 11, 15, 16, 19, 20, 23, 24, 26], 1.4386875698803008], [[0, 1, 2, 4, 5, 7, 8, 10, 11, 15, 16, 19, 20, 23, 24, 26], 98.13675416395714], [[0, 1, 2, 4, 5, 7, 8, 10, 11, 14, 15, 16, 19, 20, 23, 24, 26], 7.406703142930545], [[0, 1, 2, 4, 5, 6, 7, 8, 10, 11, 14, 15, 16, 19, 20, 23, 24, 26], 21.776148924348178], [[0, 1, 2, 4, 5, 6, 7, 8, 10, 11, 12, 14, 15, 16, 19, 20, 23, 24, 26], 15413.44869049342], [[0, 1, 2, 4, 5, 6, 7, 8, 10, 11, 12, 14, 15, 16, 18, 19, 20, 23, 24, 26], 41111.88085677073], [[0, 1, 2, 4, 5, 6, 7, 8, 10, 11, 12, 14, 15, 16, 18, 19, 20, 23, 24, 26, 27], 120871.50533128055], [[0, 1, 2, 4, 5, 6, 7, 8, 10, 11, 12, 13, 14, 15, 16, 18, 19, 20, 21, 23, 24, 26, 27, 29], 5164.683054851081], [[13, 21, 29], 1278.9272349586872], [[13, 21], 434.99999999999994], [[0, 1, 2, 4, 5, 6, 7, 8, 9, 10, 11, 12, 13, 14, 15, 16, 18, 19, 20, 21, 23, 24, 26, 27, 29], 254059.04361974463], [[0, 1, 2, 4, 5, 6, 7, 8, 9, 10, 11, 12, 13, 14, 15, 16, 18, 19, 20, 21, 22, 23, 24, 26, 27, 29], 133620.04819860306], [[0, 1, 2, 4, 5, 6, 7, 8, 9, 10, 11, 12, 13, 14, 15, 16, 18, 19, 20, 21, 22, 23, 24, 25, 26, 27, 29], 392851.31233336247], [[0, 1, 2, 3, 4, 5, 6, 7, 8, 9, 10, 11, 12, 13, 14, 15, 16, 18, 19, 20, 21, 22, 23, 24, 25, 26, 27, 29], 1155007.4526775915], [[17, 28], 182283.0]]}