{"costs": 14258647, "root_join": 18, "join_operands": {"0": [0, 1, 2, 3, 4, 7, 9, 10, 12, 13, 15], "1": [1, 2, 3, 4, 7, 9, 10, 12, 13, 15], "2": [1, 3, 4, 7, 9, 10, 12, 13, 15], "3": [3, 4], "4": [1, 3, 4], "5": [1, 3, 4, 13], "6": [1, 3, 4, 10, 13], "7": [1, 3, 4, 7, 10, 13], "8": [1, 3, 4, 7, 10, 13, 15], "9": [1, 3, 4, 7, 9, 10, 13, 15], "10": [0, 1, 2, 3, 4, 7, 9, 10, 12, 13, 15, 17], "11": [0, 1, 2, 3, 4, 7, 9, 10, 12, 13, 15, 17, 18], "12": [0, 1, 2, 3, 4, 6, 7, 9, 10, 12, 13, 15, 17, 18], "13": [0, 1, 2, 3, 4, 6, 7, 9, 10, 12, 13, 14, 15, 17, 18], "14": [0, 1, 2, 3, 4, 6, 7, 9, 10, 12, 13, 14, 15, 16, 17, 18], "15": [0, 1, 2, 3, 4, 5, 6, 7, 9, 10, 12, 13, 14, 15, 16, 17, 18], "16": [0, 1, 2, 3, 4, 5, 6, 7, 9, 10, 11, 12, 13, 14, 15, 16, 17, 18], "17": [0, 1, 2, 3, 4, 5, 6, 7, 8, 9, 10, 11, 12, 13, 14, 15, 16, 17, 18], "18": [0, 1, 2, 3, 4, 5, 6, 7, 8, 9, 10, 11, 12, 13, 14, 15, 16, 17, 18, 19]}, "join_predecessors": {"0": [1], "1": [2], "3": [], "4": [3], "5": [4], "6": [5], "7": [6], "8": [7], "9": [8], "2": [9], "10": [0], "11": [10], "12": [11], "13": [12], "14": [13], "15": [14], "16": [15], "17": [16], "18": [17]}, "intermediate_costs": [[[0, 1, 2, 3, 4, 7, 9, 10, 12, 13, 15], 320.71624046304413], [[1, 2, 3, 4, 7, 9, 10, 12, 13, 15], 254.06473418438173], [[1, 3, 4, 7, 9, 10, 12, 13, 15], 201.26483240630273], [[3, 4], 805.0], [[1, 3, 4], 125.93663105413106], [[1, 3, 4, 13], 155.1437966263058], [[1, 3, 4, 10, 13], 195.84318594127336], [[1, 3, 4, 7, 10, 13], 106.4423649691713], [[1, 3, 4, 7, 10, 13, 15], 134.36574537941723], [[1, 3, 4, 7, 9, 10, 13, 15], 159.43784127922177], [[0, 1, 2, 3, 4, 7, 9, 10, 12, 13, 15, 17], 3661.3581083503104], [[0, 1, 2, 3, 4, 7, 9, 10, 12, 13, 15, 17, 18], 4621.883850740314], [[0, 1, 2, 3, 4, 6, 7, 9, 10, 12, 13, 15, 17, 18], 11530.883826758802], [[0, 1, 2, 3, 4, 6, 7, 9, 10, 12, 13, 14, 15, 17, 18], 13023.711147073294], [[0, 1, 2, 3, 4, 6, 7, 9, 10, 12, 13, 14, 15, 16, 17, 18], 16440.335408841987], [[0, 1, 2, 3, 4, 5, 6, 7, 9, 10, 12, 13, 14, 15, 16, 17, 18], 20753.31803441736], [[0, 1, 2, 3, 4, 5, 6, 7, 9, 10, 11, 12, 13, 14, 15, 16, 17, 18], 6270564.164996927], [[0, 1, 2, 3, 4, 5, 6, 7, 8, 9, 10, 11, 12, 13, 14, 15, 16, 17, 18], 7915593.433044734]]}