{"costs": 9077422, "root_join": 0, "join_operands": {"0": [0, 1, 2, 3, 4, 5, 6, 7, 8, 9, 10, 11, 12, 13, 14, 15, 16, 17, 18, 19], "1": [0, 1, 3, 4, 5, 6, 7, 8, 10, 11, 12, 13, 14, 15, 16, 17, 18, 19], "2": [2, 9], "3": [0, 1, 3, 4, 5, 6, 7, 8, 10, 11, 13, 14, 15, 16, 17, 18, 19], "4": [], "5": [], "6": [], "7": [0, 1, 3, 4, 5, 6, 8, 10, 11, 13, 14, 15, 16, 17, 18, 19], "8": [], "9": [], "10": [], "11": [], "12": [], "13": [], "14": [], "15": [0, 1, 8, 13, 16, 17], "16": [1, 8, 13, 16, 17], "17": [1, 13, 16, 17], "18": [13, 16, 17], "19": [16, 17], "20": [0, 1, 6, 8, 10, 11, 13, 14, 15, 16, 17], "21": [6, 10, 11, 14, 15], "22": [6, 10, 11, 15], "23": [10, 11, 15], "24": [11, 15], "25": [0, 1, 5, 6, 8, 10, 11, 13, 14, 15, 16, 17], "26": [0, 1, 3, 5, 6, 8, 10, 11, 13, 14, 15, 16, 17], "27": [0, 1, 3, 4, 5, 6, 8, 10, 11, 13, 14, 15, 16, 17], "28": [0, 1, 3, 4, 5, 6, 8, 10, 11, 13, 14, 15, 16, 17, 19]}, "join_predecessors": {"0": [1, 2], "1": [3], "2": [], "3": [7], "4": [], "5": [], "6": [], "7": [28], "8": [], "9": [], "10": [], "11": [], "12": [], "13": [], "14": [], "15": [16], "17": [18], "18": [19], "19": [], "16": [17], "20": [15, 21], "22": [23], "23": [24], "24": [], "21": [22], "25": [20], "26": [25], "27": [26], "28": [27]}, "intermediate_costs": [[[0, 1, 3, 4, 5, 6, 7, 8, 10, 11, 12, 13, 14, 15, 16, 17, 18, 19], 3309418.3416659916], [[2, 9], 520452.0], [[0, 1, 3, 4, 5, 6, 7, 8, 10, 11, 13, 14, 15, 16, 17, 18, 19], 1907618.4615291583], [[0, 1, 3, 4, 5, 6, 8, 10, 11, 13, 14, 15, 16, 17, 18, 19], 1099591.437075076], [[0, 1, 8, 13, 16, 17], 860024.2967111254], [[1, 8, 13, 16, 17], 58217.64440140452], [[1, 13, 16, 17], 1999.1926861610116], [[13, 16, 17], 420.0054822873974], [[16, 17], 269.0], [[0, 1, 6, 8, 10, 11, 13, 14, 15, 16, 17], 52340.662502487845], [[6, 10, 11, 14, 15], 250501.8205665976], [[6, 10, 11, 15], 1362.4072921539196], [[10, 11, 15], 2151.09489753514], [[11, 15], 1324.0], [[0, 1, 5, 6, 8, 10, 11, 13, 14, 15, 16, 17], 90802.82608397648], [[0, 1, 3, 5, 6, 8, 10, 11, 13, 14, 15, 16, 17], 68918.78159733729], [[0, 1, 3, 4, 5, 6, 8, 10, 11, 13, 14, 15, 16, 17], 118105.1742870009], [[0, 1, 3, 4, 5, 6, 8, 10, 11, 13, 14, 15, 16, 17, 19], 733905.758777567]]}