{"costs": 29178, "join_operands": {"0": [0, 1, 2, 3, 4, 5, 6, 7, 8, 9, 10], "1": [0, 1, 2, 3, 4, 5, 6, 8, 9, 10], "2": [], "3": [0, 2, 3, 4, 5, 6, 8, 9, 10], "4": [], "5": [], "6": [], "7": [0, 2, 3, 4, 5, 6, 8, 10], "8": [], "9": [], "10": [2, 3, 4, 5, 6, 8, 10], "11": [2, 3, 4, 6, 8, 10], "12": [2, 4, 6, 8, 10], "13": [2, 6, 8, 10], "14": [6, 8, 10], "15": [6, 10]}, "join_predecessors": {"0": [1, 2], "1": [3, 5], "2": [4, 6], "3": [7], "4": [8], "5": [9], "6": [], "7": [10], "8": [], "9": [], "10": [11], "11": [12], "12": [13], "13": [14], "14": [15], "15": []}, "leaf_joins": [], "opt_time": 1.5633301734924316, "status": 2, "intermediate_costs": [[[0, 1, 2, 3, 4, 5, 6, 8, 9, 10], 2.647649860450825e-16], [[0, 2, 3, 4, 5, 6, 8, 9, 10], 2.647649860450825e-16], [[0, 2, 3, 4, 5, 6, 8, 10], 0.00832458243001104], [[2, 3, 4, 5, 6, 8, 10], 0.010163954933941568], [[2, 3, 4, 6, 8, 10], 0.011319013536225195], [[2, 4, 6, 8, 10], 0.040962831685628046], [[2, 6, 8, 10], 0.013654277228542682], [[6, 8, 10], 0.013654277228542682], [[6, 10], 29178.0]]}