{"costs": 24599000, "root_join": 18, "join_operands": {"0": [0, 19], "1": [0, 4, 19], "2": [0, 4, 11, 19], "3": [0, 4, 11, 14, 17, 19], "4": [14, 17], "5": [0, 4, 8, 11, 14, 17, 19], "6": [0, 4, 6, 8, 11, 14, 17, 19], "7": [0, 4, 6, 8, 11, 14, 16, 17, 19], "8": [0, 2, 4, 6, 7, 8, 11, 14, 16, 17, 19], "9": [2, 7], "10": [0, 2, 4, 6, 7, 8, 11, 12, 14, 16, 17, 19], "11": [0, 1, 2, 3, 4, 6, 7, 8, 11, 12, 13, 14, 16, 17, 19], "12": [1, 3, 13], "13": [3, 13], "14": [0, 1, 2, 3, 4, 6, 7, 8, 11, 12, 13, 14, 16, 17, 18, 19], "15": [0, 1, 2, 3, 4, 6, 7, 8, 11, 12, 13, 14, 15, 16, 17, 18, 19], "16": [0, 1, 2, 3, 4, 5, 6, 7, 8, 11, 12, 13, 14, 15, 16, 17, 18, 19], "17": [0, 1, 2, 3, 4, 5, 6, 7, 8, 9, 11, 12, 13, 14, 15, 16, 17, 18, 19], "18": [0, 1, 2, 3, 4, 5, 6, 7, 8, 9, 10, 11, 12, 13, 14, 15, 16, 17, 18, 19]}, "join_predecessors": {"0": [], "1": [0], "2": [1], "3": [2, 4], "4": [], "5": [3], "6": [5], "7": [6], "8": [7, 9], "9": [], "10": [8], "11": [10, 12], "13": [], "12": [13], "14": [11], "15": [14], "16": [15], "17": [16], "18": [17]}, "intermediate_costs": [[[0, 19], 406.0], [[0, 4, 19], 188743.96334268537], [[0, 4, 11, 19], 767772.427987763], [[0, 4, 11, 14, 17, 19], 25926.74859302432], [[14, 17], 58401.0], [[0, 4, 8, 11, 14, 17, 19], 105464.79137429873], [[0, 4, 6, 8, 11, 14, 17, 19], 214.77115976983026], [[0, 4, 6, 8, 11, 14, 16, 17, 19], 873.6458053848461], [[0, 2, 4, 6, 7, 8, 11, 14, 16, 17, 19], 35.245700710772404], [[2, 7], 3437289.0], [[0, 2, 4, 6, 7, 8, 11, 12, 14, 16, 17, 19], 143.37241150734926], [[0, 1, 2, 3, 4, 6, 7, 8, 11, 12, 13, 14, 16, 17, 19], 9650.3674019546], [[1, 3, 13], 13452697.041082412], [[3, 13], 3307120.0], [[0, 1, 2, 3, 4, 6, 7, 8, 11, 12, 13, 14, 16, 17, 18, 19], 39255.750529327466], [[0, 1, 2, 3, 4, 6, 7, 8, 11, 12, 13, 14, 15, 16, 17, 18, 19], 148278.4488281378], [[0, 1, 2, 3, 4, 5, 6, 7, 8, 11, 12, 13, 14, 15, 16, 17, 18, 19], 603166.8602712378], [[0, 1, 2, 3, 4, 5, 6, 7, 8, 9, 11, 12, 13, 14, 15, 16, 17, 18, 19], 2453561.313235084]]}