{"costs": 3428.699523565144, "int_costs": [[[0, 1, 2, 3, 4, 5, 6, 7, 8, 9, 10, 11, 12, 13, 14, 15, 17, 18, 19, 20, 21, 22, 23, 24, 25, 26, 27, 28, 29, 30, 31, 32, 33, 34, 35, 36, 37, 38, 39, 40, 41, 42, 43, 44, 45, 46, 47, 48, 49], 2553.2634247848496], [[0, 1, 2, 3, 4, 5, 6, 7, 8, 9, 10, 11, 12, 13, 14, 15, 17, 18, 19, 20, 21, 22, 23, 24, 25, 26, 27, 28, 29, 30, 31, 32, 33, 34, 35, 36, 37, 38, 39, 40, 41, 42, 43, 44, 45, 46, 48, 49], 152.39842929353992], [[0, 1, 2, 3, 4, 5, 6, 7, 8, 9, 10, 11, 12, 13, 14, 15, 17, 18, 19, 20, 21, 22, 23, 24, 25, 26, 27, 28, 29, 30, 31, 32, 34, 35, 36, 37, 38, 39, 40, 41, 42, 43, 44, 45, 46, 48, 49], 95.20257968394013], [[0, 1, 2, 3, 4, 5, 6, 7, 8, 9, 10, 11, 12, 13, 14, 15, 17, 18, 19, 20, 21, 22, 23, 24, 25, 26, 27, 28, 29, 30, 31, 32, 34, 35, 36, 37, 38, 39, 40, 41, 42, 43, 44, 46, 48, 49], 59.47260554737527], [[0, 1, 2, 3, 4, 5, 6, 7, 8, 9, 10, 11, 12, 13, 14, 15, 17, 18, 19, 20, 21, 22, 23, 24, 25, 26, 27, 28, 29, 30, 31, 32, 34, 35, 36, 37, 38, 39, 41, 42, 43, 44, 46, 48, 49], 37.15225678074826], [[0, 1, 2, 3, 4, 5, 6, 7, 8, 9, 10, 11, 12, 13, 14, 15, 17, 18, 19, 20, 21, 22, 23, 24, 25, 26, 27, 28, 29, 30, 31, 32, 34, 35, 36, 37, 38, 39, 41, 42, 43, 44, 48, 49], 23.144152985549212], [[0, 49], 496.0], [[0, 9, 49], 0.30399456213889203], [[0, 9, 36, 49], 0.005313848929979718], [[0, 6, 9, 36, 49], 2.2549193333773334], [[0, 6, 9, 23, 36, 49], 3.609630737228886], [[0, 6, 9, 23, 35, 36, 49], 0.7991000526077309], [[0, 6, 9, 14, 23, 35, 36, 49], 1.2791833822134033], [[0, 6, 9, 14, 23, 31, 35, 36, 49], 2.0476917589780714], [[0, 6, 9, 14, 23, 28, 31, 35, 36, 49], 0.007908326793294621], [[0, 6, 9, 14, 23, 28, 31, 35, 36, 37, 49], 4.1915505628253155e-05], [[0, 6, 9, 14, 19, 23, 28, 31, 35, 36, 37, 49], 0.0017403414664940622], [[0, 6, 9, 14, 19, 21, 23, 28, 31, 35, 36, 37, 49], 0.028469927337240332], [[0, 6, 9, 14, 19, 21, 23, 28, 31, 35, 36, 37, 42, 49], 0.04557409713019026], [[0, 1, 6, 9, 14, 19, 21, 23, 28, 31, 35, 36, 37, 42, 49], 0.00010274569468097882], [[0, 1, 6, 9, 14, 19, 21, 23, 27, 28, 31, 35, 36, 37, 42, 49], 0.0001644732807759988], [[0, 1, 6, 9, 14, 19, 21, 22, 23, 27, 28, 31, 35, 36, 37, 42, 49], 0.08191786555445729], [[0, 1, 6, 9, 13, 14, 19, 21, 22, 23, 27, 28, 31, 35, 36, 37, 42, 49], 0.000157046365918208], [[0, 1, 6, 9, 13, 14, 19, 21, 22, 23, 25, 27, 28, 31, 35, 36, 37, 42, 49], 0.012603185601803877], [[0, 1, 6, 9, 13, 14, 19, 21, 22, 23, 25, 27, 28, 31, 35, 36, 37, 39, 42, 49], 0.0024505923446927], [[0, 1, 6, 9, 13, 14, 19, 21, 22, 23, 25, 27, 28, 31, 35, 36, 37, 39, 41, 42, 49], 0.0038337026134714004], [[0, 1, 6, 9, 13, 14, 17, 19, 21, 22, 23, 25, 27, 28, 31, 35, 36, 37, 39, 41, 42, 49], 0.006136915947302179], [[0, 1, 6, 9, 13, 14, 17, 19, 21, 22, 23, 25, 27, 28, 31, 35, 36, 37, 39, 41, 42, 48, 49], 1.1280809488733843], [[0, 1, 3, 6, 9, 13, 14, 17, 19, 21, 22, 23, 25, 27, 28, 31, 35, 36, 37, 39, 41, 42, 48, 49], 2.6116194882747884e-05], [[0, 1, 3, 4, 6, 9, 13, 14, 17, 19, 21, 22, 23, 25, 27, 28, 31, 35, 36, 37, 39, 41, 42, 48, 49], 3.740559553964883e-05], [[0, 1, 2, 3, 4, 6, 9, 13, 14, 17, 19, 21, 22, 23, 25, 27, 28, 31, 35, 36, 37, 39, 41, 42, 48, 49], 5.863022636690213e-05], [[0, 1, 2, 3, 4, 6, 8, 9, 13, 14, 17, 19, 21, 22, 23, 25, 27, 28, 31, 35, 36, 37, 39, 41, 42, 48, 49], 9.197702208947095e-05], [[0, 1, 2, 3, 4, 6, 8, 9, 13, 14, 17, 19, 21, 22, 23, 25, 27, 28, 31, 34, 35, 36, 37, 39, 41, 42, 48, 49], 0.00014559901785508978], [[0, 1, 2, 3, 4, 6, 8, 9, 13, 14, 17, 19, 21, 22, 23, 25, 27, 28, 31, 34, 35, 36, 37, 39, 41, 42, 43, 48, 49], 0.00023236860397540414], [[0, 1, 2, 3, 4, 6, 8, 9, 13, 14, 17, 19, 21, 22, 23, 25, 27, 28, 29, 31, 34, 35, 36, 37, 39, 41, 42, 43, 48, 49], 0.0003719711227175751], [[0, 1, 2, 3, 4, 5, 6, 8, 9, 13, 14, 17, 19, 21, 22, 23, 25, 27, 28, 29, 31, 34, 35, 36, 37, 39, 41, 42, 43, 48, 49], 0.000592655107186131], [[0, 1, 2, 3, 4, 5, 6, 8, 9, 13, 14, 17, 19, 21, 22, 23, 25, 27, 28, 29, 31, 32, 34, 35, 36, 37, 39, 41, 42, 43, 48, 49], 0.0009486977719239508], [[0, 1, 2, 3, 4, 5, 6, 8, 9, 13, 14, 17, 18, 19, 21, 22, 23, 25, 27, 28, 29, 31, 32, 34, 35, 36, 37, 39, 41, 42, 43, 48, 49], 0.0015186445054614257], [[0, 1, 2, 3, 4, 5, 6, 8, 9, 12, 13, 14, 17, 18, 19, 21, 22, 23, 25, 27, 28, 29, 31, 32, 34, 35, 36, 37, 39, 41, 42, 43, 48, 49], 0.0024310018305445744], [[0, 1, 2, 3, 4, 5, 6, 8, 9, 12, 13, 14, 17, 18, 19, 21, 22, 23, 24, 25, 27, 28, 29, 31, 32, 34, 35, 36, 37, 39, 41, 42, 43, 48, 49], 0.0038915001525356074], [[0, 1, 2, 3, 4, 5, 6, 8, 9, 12, 13, 14, 17, 18, 19, 21, 22, 23, 24, 25, 26, 27, 28, 29, 31, 32, 34, 35, 36, 37, 39, 41, 42, 43, 48, 49], 0.006229436575040185], [[0, 1, 2, 3, 4, 5, 6, 8, 9, 12, 13, 14, 15, 17, 18, 19, 21, 22, 23, 24, 25, 26, 27, 28, 29, 31, 32, 34, 35, 36, 37, 39, 41, 42, 43, 48, 49], 0.00997194720523353], [[0, 1, 2, 3, 4, 5, 6, 8, 9, 12, 13, 14, 15, 17, 18, 19, 21, 22, 23, 24, 25, 26, 27, 28, 29, 31, 32, 34, 35, 36, 37, 39, 41, 42, 43, 44, 48, 49], 0.015962891541503522], [[0, 1, 2, 3, 4, 5, 6, 8, 9, 12, 13, 14, 15, 17, 18, 19, 21, 22, 23, 24, 25, 26, 27, 28, 29, 30, 31, 32, 34, 35, 36, 37, 39, 41, 42, 43, 44, 48, 49], 0.02555308016030248], [[0, 1, 2, 3, 4, 5, 6, 8, 9, 10, 12, 13, 14, 15, 17, 18, 19, 21, 22, 23, 24, 25, 26, 27, 28, 29, 30, 31, 32, 34, 35, 36, 37, 39, 41, 42, 43, 44, 48, 49], 0.040904865804762776], [[0, 1, 2, 3, 4, 5, 6, 7, 8, 9, 10, 12, 13, 14, 15, 17, 18, 19, 21, 22, 23, 24, 25, 26, 27, 28, 29, 30, 31, 32, 34, 35, 36, 37, 39, 41, 42, 43, 44, 48, 49], 0.06547970568029488], [[0, 1, 2, 3, 4, 5, 6, 7, 8, 9, 10, 11, 12, 13, 14, 15, 17, 18, 19, 21, 22, 23, 24, 25, 26, 27, 28, 29, 30, 31, 32, 34, 35, 36, 37, 39, 41, 42, 43, 44, 48, 49], 0.10481862804869534], [[0, 1, 2, 3, 4, 5, 6, 7, 8, 9, 10, 11, 12, 13, 14, 15, 17, 18, 19, 20, 21, 22, 23, 24, 25, 26, 27, 28, 29, 30, 31, 32, 34, 35, 36, 37, 39, 41, 42, 43, 44, 48, 49], 0.1677916069908835]]}