{"costs": 5679875, "root_join": 28, "join_operands": {"0": [0, 1, 4, 6, 7, 9, 11, 12, 16, 17, 20, 23, 24, 26, 27, 28, 29], "1": [1, 4, 6, 7, 9, 11, 12, 16, 17, 20, 23, 24, 26, 27, 28, 29], "2": [1, 4, 6, 11, 12, 20, 24, 26, 27, 29], "3": [4, 6, 11, 12, 20, 24, 26, 27, 29], "4": [4, 6, 20, 24], "5": [6, 20, 24], "6": [20, 24], "7": [4, 6, 11, 12, 20, 24, 27], "8": [11, 12, 27], "9": [12, 27], "10": [4, 6, 11, 12, 20, 24, 27, 29], "11": [1, 4, 6, 9, 11, 12, 20, 24, 26, 27, 29], "12": [1, 4, 6, 9, 11, 12, 20, 23, 24, 26, 27, 29], "13": [1, 4, 6, 7, 9, 11, 12, 20, 23, 24, 26, 27, 29], "14": [1, 4, 6, 7, 9, 11, 12, 17, 20, 23, 24, 26, 27, 29], "15": [1, 4, 6, 7, 9, 11, 12, 17, 20, 23, 24, 26, 27, 28, 29], "16": [0, 1, 2, 4, 6, 7, 9, 11, 12, 16, 17, 20, 23, 24, 26, 27, 28, 29], "17": [0, 1, 2, 4, 6, 7, 9, 11, 12, 13, 16, 17, 20, 23, 24, 26, 27, 28, 29], "18": [0, 1, 2, 4, 5, 6, 7, 9, 11, 12, 13, 16, 17, 20, 23, 24, 26, 27, 28, 29], "19": [0, 1, 2, 4, 5, 6, 7, 9, 11, 12, 13, 16, 17, 20, 22, 23, 24, 26, 27, 28, 29], "20": [0, 1, 2, 4, 5, 6, 7, 9, 10, 11, 12, 13, 16, 17, 20, 22, 23, 24, 26, 27, 28, 29], "21": [0, 1, 2, 4, 5, 6, 7, 9, 10, 11, 12, 13, 16, 17, 19, 20, 22, 23, 24, 26, 27, 28, 29], "22": [0, 1, 2, 4, 5, 6, 7, 9, 10, 11, 12, 13, 16, 17, 18, 19, 20, 22, 23, 24, 26, 27, 28, 29], "23": [0, 1, 2, 4, 5, 6, 7, 9, 10, 11, 12, 13, 15, 16, 17, 18, 19, 20, 22, 23, 24, 26, 27, 28, 29], "24": [0, 1, 2, 4, 5, 6, 7, 9, 10, 11, 12, 13, 14, 15, 16, 17, 18, 19, 20, 22, 23, 24, 26, 27, 28, 29], "25": [0, 1, 2, 4, 5, 6, 7, 8, 9, 10, 11, 12, 13, 14, 15, 16, 17, 18, 19, 20, 22, 23, 24, 26, 27, 28, 29], "26": [0, 1, 2, 4, 5, 6, 7, 8, 9, 10, 11, 12, 13, 14, 15, 16, 17, 18, 19, 20, 22, 23, 24, 25, 26, 27, 28, 29], "27": [0, 1, 2, 4, 5, 6, 7, 8, 9, 10, 11, 12, 13, 14, 15, 16, 17, 18, 19, 20, 21, 22, 23, 24, 25, 26, 27, 28, 29], "28": [0, 1, 2, 3, 4, 5, 6, 7, 8, 9, 10, 11, 12, 13, 14, 15, 16, 17, 18, 19, 20, 21, 22, 23, 24, 25, 26, 27, 28, 29]}, "join_predecessors": {"0": [1], "2": [3], "4": [5], "5": [6], "6": [], "7": [4, 8], "8": [9], "9": [], "10": [7], "3": [10], "11": [2], "12": [11], "13": [12], "14": [13], "15": [14], "1": [15], "16": [0], "17": [16], "18": [17], "19": [18], "20": [19], "21": [20], "22": [21], "23": [22], "24": [23], "25": [24], "26": [25], "27": [26], "28": [27]}, "intermediate_costs": [[[0, 1, 4, 6, 7, 9, 11, 12, 16, 17, 20, 23, 24, 26, 27, 28, 29], 1.5963676195751866], [[1, 4, 6, 7, 9, 11, 12, 16, 17, 20, 23, 24, 26, 27, 28, 29], 0.5794162736318282], [[1, 4, 6, 11, 12, 20, 24, 26, 27, 29], 0.0015243164254817498], [[4, 6, 11, 12, 20, 24, 26, 27, 29], 0.0005690720620778577], [[4, 6, 20, 24], 0.04378839527248858], [[6, 20, 24], 0.25606375116862307], [[20, 24], 2158.0], [[4, 6, 11, 12, 20, 24, 27], 0.01931761730777854], [[11, 12, 27], 13450.29078459142], [[12, 27], 5126.0], [[4, 6, 11, 12, 20, 24, 27, 29], 0.05322256695692194], [[1, 4, 6, 9, 11, 12, 20, 24, 26, 27, 29], 0.003733060065169237], [[1, 4, 6, 9, 11, 12, 20, 23, 24, 26, 27, 29], 0.010235265663090987], [[1, 4, 6, 7, 9, 11, 12, 20, 23, 24, 26, 27, 29], 0.027921089742183453], [[1, 4, 6, 7, 9, 11, 12, 17, 20, 23, 24, 26, 27, 29], 0.07692626086526784], [[1, 4, 6, 7, 9, 11, 12, 17, 20, 23, 24, 26, 27, 28, 29], 0.21194100657201112], [[0, 1, 2, 4, 6, 7, 9, 11, 12, 16, 17, 20, 23, 24, 26, 27, 28, 29], 225.22888484191662], [[0, 1, 2, 4, 6, 7, 9, 11, 12, 13, 16, 17, 20, 23, 24, 26, 27, 28, 29], 620.2533459365648], [[0, 1, 2, 4, 5, 6, 7, 9, 11, 12, 13, 16, 17, 20, 23, 24, 26, 27, 28, 29], 1640.5244475523994], [[0, 1, 2, 4, 5, 6, 7, 9, 11, 12, 13, 16, 17, 20, 22, 23, 24, 26, 27, 28, 29], 1129.9652384460508], [[0, 1, 2, 4, 5, 6, 7, 9, 10, 11, 12, 13, 16, 17, 20, 22, 23, 24, 26, 27, 28, 29], 3113.203060645561], [[0, 1, 2, 4, 5, 6, 7, 9, 10, 11, 12, 13, 16, 17, 19, 20, 22, 23, 24, 26, 27, 28, 29], 8556.813738179964], [[0, 1, 2, 4, 5, 6, 7, 9, 10, 11, 12, 13, 16, 17, 18, 19, 20, 22, 23, 24, 26, 27, 28, 29], 22747.503076343033], [[0, 1, 2, 4, 5, 6, 7, 9, 10, 11, 12, 13, 15, 16, 17, 18, 19, 20, 22, 23, 24, 26, 27, 28, 29], 62541.25205982212], [[0, 1, 2, 4, 5, 6, 7, 9, 10, 11, 12, 13, 14, 15, 16, 17, 18, 19, 20, 22, 23, 24, 26, 27, 28, 29], 172309.3267313747], [[0, 1, 2, 4, 5, 6, 7, 8, 9, 10, 11, 12, 13, 14, 15, 16, 17, 18, 19, 20, 22, 23, 24, 26, 27, 28, 29], 474732.4668304351], [[0, 1, 2, 4, 5, 6, 7, 8, 9, 10, 11, 12, 13, 14, 15, 16, 17, 18, 19, 20, 22, 23, 24, 25, 26, 27, 28, 29], 1307949.5222955546], [[0, 1, 2, 4, 5, 6, 7, 8, 9, 10, 11, 12, 13, 14, 15, 16, 17, 18, 19, 20, 21, 22, 23, 24, 25, 26, 27, 28, 29], 3603572.6728665265]]}