{"costs": 5113029.41872922, "int_costs": [[[0, 1, 2, 3, 4, 5, 6, 8, 9, 10, 11, 12, 13, 14, 15, 16, 17, 18, 19, 20, 21, 22, 23, 24, 25, 26, 27, 28, 29, 30, 31, 32, 33, 34, 35, 36, 37, 38, 39, 40, 41, 42, 43, 44, 45, 46, 47, 48, 49], 946517.5300885125], [[0, 1, 2, 3, 4, 5, 6, 8, 9, 10, 12, 13, 14, 15, 16, 17, 18, 19, 20, 21, 22, 23, 24, 25, 26, 27, 28, 29, 30, 31, 32, 33, 34, 35, 36, 37, 38, 39, 40, 41, 42, 43, 44, 45, 46, 47, 48, 49], 809443.1515619775], [[0, 1, 2, 3, 4, 5, 6, 8, 10, 12, 13, 14, 15, 16, 17, 18, 19, 20, 21, 22, 23, 24, 25, 26, 27, 28, 30, 31, 32, 33, 35, 36, 37, 38, 39, 40, 41, 42, 43, 44, 45, 46, 47, 48, 49], 506305.31881207187], [[9, 29, 34], 15039.185818181819], [[0, 1, 2, 3, 4, 5, 6, 8, 10, 12, 13, 14, 15, 16, 17, 18, 19, 20, 21, 22, 23, 24, 25, 26, 27, 28, 30, 31, 32, 33, 35, 36, 37, 38, 39, 40, 41, 42, 43, 44, 45, 47, 48, 49], 432982.3423912902], [[9, 29], 12862.0], [[0, 1, 2, 3, 4, 5, 6, 8, 10, 12, 13, 14, 15, 16, 17, 18, 20, 21, 22, 23, 24, 25, 26, 27, 28, 30, 31, 32, 33, 35, 36, 37, 38, 39, 40, 41, 42, 43, 44, 45, 47, 48, 49], 370278.0021533522], [[0, 1, 2, 3, 4, 5, 6, 8, 10, 12, 13, 14, 15, 16, 17, 18, 20, 21, 22, 23, 24, 25, 26, 27, 28, 30, 31, 32, 33, 35, 36, 37, 39, 40, 41, 42, 43, 44, 45, 47, 48, 49], 316654.4554003709], [[0, 1, 2, 3, 4, 5, 6, 8, 10, 12, 13, 14, 15, 16, 17, 18, 21, 22, 23, 24, 25, 26, 27, 28, 30, 31, 32, 33, 35, 36, 37, 39, 40, 41, 42, 43, 44, 45, 47, 48, 49], 270796.6522555836], [[0, 1, 2, 3, 4, 5, 6, 8, 10, 12, 13, 14, 15, 16, 17, 18, 21, 22, 23, 24, 25, 26, 27, 28, 30, 31, 32, 33, 35, 36, 37, 39, 40, 42, 43, 44, 45, 47, 48, 49], 231579.9706242696], [[0, 1, 2, 3, 4, 5, 6, 10, 12, 13, 14, 15, 16, 17, 18, 21, 22, 23, 24, 25, 26, 27, 28, 30, 31, 32, 33, 35, 36, 37, 39, 40, 42, 43, 44, 45, 47, 48, 49], 200457.79106051635], [[1, 2, 3, 4, 5, 6, 10, 12, 13, 14, 15, 16, 17, 18, 21, 22, 23, 24, 25, 26, 27, 28, 30, 31, 32, 33, 35, 36, 37, 39, 40, 42, 43, 44, 45, 47, 48, 49], 171427.560047479], [[1, 2, 3, 4, 5, 10, 12, 13, 14, 15, 16, 17, 18, 21, 22, 23, 24, 25, 26, 27, 28, 30, 31, 32, 33, 35, 36, 37, 39, 40, 42, 43, 44, 45, 47, 48, 49], 148910.15882536376], [[1, 2, 3, 4, 5, 10, 12, 13, 14, 15, 16, 17, 18, 21, 22, 23, 24, 25, 26, 27, 28, 30, 31, 32, 33, 35, 36, 37, 39, 40, 42, 43, 44, 45, 47, 48], 127634.46337892156], [[1, 2, 3, 4, 10, 12, 13, 14, 15, 16, 17, 18, 21, 22, 23, 24, 25, 26, 27, 28, 30, 31, 32, 33, 35, 36, 37, 39, 40, 42, 43, 44, 45, 47, 48], 109150.48375350496], [[2, 3, 4, 10, 13, 14, 15, 17, 18, 21, 22, 23, 24, 27, 30, 33, 36, 37, 40, 42, 47], 17.0138583211091], [[2, 3, 4, 10, 13, 15, 17, 18, 21, 22, 23, 24, 27, 30, 33, 36, 37, 40, 42, 47], 14.549917139145848], [[2, 3, 4, 13, 15, 17, 18, 21, 22, 23, 24, 27, 30, 33, 37, 40, 42, 47], 10.640841631930964], [[2, 15, 24, 27, 47], 44.82405177671482], [[2, 15, 27, 47], 15333.088162075224], [[2, 27, 47], 135.36987327114826], [[2, 27], 115.99999999999999], [[2, 15, 24, 27, 30, 47], 50.667423466049776], [[2, 15, 22, 24, 27, 30, 47], 1610.326689853662], [[2, 3, 15, 22, 24, 27, 30, 37, 42, 47], 58.11870728195711], [[3, 37, 42], 586.4260350460765], [[3, 42], 1003.0], [[2, 3, 15, 22, 24, 27, 30, 33, 37, 42, 47], 67.96076385515781], [[2, 3, 15, 17, 22, 24, 27, 30, 33, 37, 42, 47], 204.30859090238306], [[2, 3, 15, 17, 22, 24, 27, 30, 33, 37, 40, 42, 47], 1328.3500155921727], [[2, 3, 4, 15, 17, 22, 24, 27, 30, 33, 37, 40, 42, 47], 6.6180959184362], [[2, 3, 4, 15, 17, 21, 22, 24, 27, 30, 33, 37, 40, 42, 47], 6.8168747584209655], [[2, 3, 4, 15, 17, 18, 21, 22, 24, 27, 30, 33, 37, 40, 42, 47], 7.850477674811882], [[2, 3, 4, 13, 15, 17, 18, 21, 22, 24, 27, 30, 33, 37, 40, 42, 47], 9.099851939699445], [[2, 3, 4, 13, 15, 17, 18, 21, 22, 23, 24, 27, 30, 33, 36, 37, 40, 42, 47], 12.44280360262589], [[2, 3, 4, 10, 12, 13, 14, 15, 17, 18, 21, 22, 23, 24, 27, 30, 33, 36, 37, 40, 42, 47], 19.895053213801024], [[2, 3, 4, 10, 12, 13, 14, 15, 17, 18, 21, 22, 23, 24, 27, 30, 33, 36, 37, 40, 42, 45, 47], 44.26793645682715], [[2, 3, 4, 10, 12, 13, 14, 15, 17, 18, 21, 22, 23, 24, 25, 27, 30, 33, 36, 37, 40, 42, 45, 47], 49.69731449180523], [[2, 3, 4, 10, 12, 13, 14, 15, 17, 18, 21, 22, 23, 24, 25, 27, 30, 33, 35, 36, 37, 40, 42, 45, 47], 56.35224810585999], [[2, 3, 4, 10, 12, 13, 14, 15, 17, 18, 21, 22, 23, 24, 25, 27, 30, 33, 35, 36, 37, 40, 42, 45, 47, 48], 65.89509344857863], [[2, 3, 4, 10, 12, 13, 14, 15, 17, 18, 21, 22, 23, 24, 25, 27, 28, 30, 33, 35, 36, 37, 40, 42, 45, 47, 48], 51562.173203862774], [[2, 3, 4, 10, 12, 13, 14, 15, 17, 18, 21, 22, 23, 24, 25, 26, 27, 28, 30, 33, 35, 36, 37, 40, 42, 45, 47, 48], 8952.346257031304], [[1, 2, 3, 4, 10, 12, 13, 14, 15, 17, 18, 21, 22, 23, 24, 25, 26, 27, 28, 30, 33, 35, 36, 37, 40, 42, 45, 47, 48], 10468.37168913534], [[1, 2, 3, 4, 10, 12, 13, 14, 15, 16, 17, 18, 21, 22, 23, 24, 25, 26, 27, 28, 30, 33, 35, 36, 37, 40, 42, 45, 47, 48], 12241.121932330478], [[1, 2, 3, 4, 10, 12, 13, 14, 15, 16, 17, 18, 21, 22, 23, 24, 25, 26, 27, 28, 30, 31, 33, 35, 36, 37, 40, 42, 45, 47, 48], 70166.88071154583], [[1, 2, 3, 4, 10, 12, 13, 14, 15, 16, 17, 18, 21, 22, 23, 24, 25, 26, 27, 28, 30, 31, 32, 33, 35, 36, 37, 40, 42, 45, 47, 48], 95571.14342020305], [[1, 2, 3, 4, 10, 12, 13, 14, 15, 16, 17, 18, 21, 22, 23, 24, 25, 26, 27, 28, 30, 31, 32, 33, 35, 36, 37, 40, 42, 44, 45, 47, 48], 79825.39019852072], [[1, 2, 3, 4, 10, 12, 13, 14, 15, 16, 17, 18, 21, 22, 23, 24, 25, 26, 27, 28, 30, 31, 32, 33, 35, 36, 37, 39, 40, 42, 44, 45, 47, 48], 93343.3444653706]]}