{"costs": 4403205.884165325, "join_operands": {"0": [0, 1, 2, 3, 4, 5, 6, 7, 8, 9, 10, 11, 12, 13, 14, 15, 16, 17, 18, 19, 20, 21, 22, 23, 24, 25, 26, 27, 28, 29], "1": [0, 1, 2, 3, 8, 12, 13, 16, 17, 21, 24, 25, 26, 27, 28, 29], "2": [4, 5, 6, 7, 9, 10, 11, 14, 15, 18, 19, 20, 22, 23], "3": [0, 1, 2, 3, 12, 13, 16, 17, 21, 24, 25, 27, 28, 29], "4": [4, 6, 7, 9, 10, 11, 14, 15, 18, 19, 20, 22, 23], "5": [8, 26], "6": [], "7": [0, 1, 2, 3, 12, 13, 16, 17, 21, 25, 27, 28, 29], "8": [6, 7, 9, 10, 11, 14, 15, 18, 19, 20, 22, 23], "9": [], "10": [], "11": [], "12": [], "13": [], "14": [], "15": [0, 1, 2, 3, 12, 13, 16, 17, 25, 27, 28, 29], "16": [6, 7, 9, 10, 11, 14, 15, 18, 19, 20, 23], "17": [], "18": [], "19": [], "20": [], "21": [], "22": [], "23": [], "24": [], "25": [], "26": [], "27": [], "28": []}, "join_predecessors": {"0": [1, 2], "1": [3, 5], "2": [4, 6], "3": [7, 11], "4": [8, 12], "5": [9, 13], "6": [10, 14], "7": [15, 23], "8": [16, 24], "9": [17, 25], "10": [18, 26], "11": [19, 27], "12": [20, 28], "13": [21], "14": [22], "15": [], "16": [], "17": [], "18": [], "19": [], "20": [], "21": [], "22": [], "23": [], "24": [], "25": [], "26": [], "27": [], "28": []}, "leaf_joins": [15, 16], "opt_time": 4.908779144287109, "status": 2, "intermediate_costs": [[[0, 1, 2, 3, 8, 12, 13, 16, 17, 21, 24, 25, 26, 27, 28, 29], 2701211.737629501], [[4, 5, 6, 7, 9, 10, 11, 14, 15, 18, 19, 20, 22, 23], 164981.73436335227], [[0, 1, 2, 3, 12, 13, 16, 17, 21, 24, 25, 27, 28, 29], 743914.4055656645], [[4, 6, 7, 9, 10, 11, 14, 15, 18, 19, 20, 22, 23], 86579.62547834401], [[8, 26], 36205.0], [[0, 1, 2, 3, 12, 13, 16, 17, 21, 25, 27, 28, 29], 391480.5506591694], [[6, 7, 9, 10, 11, 14, 15, 18, 19, 20, 22, 23], 47118.38846124682], [[0, 1, 2, 3, 12, 13, 16, 17, 25, 27, 28, 29], 205442.11711940344], [[6, 7, 9, 10, 11, 14, 15, 18, 19, 20, 23], 26272.324888643812]]}