{"costs": 18134314, "root_join": 0, "join_operands": {"0": [0, 1, 2, 3, 4, 5, 6, 7, 8, 9, 10, 11, 12, 13, 14, 15, 16, 17, 18, 19, 20, 21, 22, 23, 24, 25, 26, 27, 28, 29], "1": [0, 1, 2, 3, 4, 6, 7, 8, 9, 10, 11, 12, 13, 14, 15, 16, 18, 19, 20, 21, 22, 23, 25, 26, 27, 28], "2": [5, 17, 24, 29], "3": [0, 1, 3, 4, 6, 7, 8, 9, 10, 11, 13, 14, 15, 16, 18, 19, 20, 21, 22, 23, 25, 26, 27, 28], "4": [5, 24, 29], "5": [2, 12], "6": [], "7": [0, 1, 6, 8, 18, 19, 20, 21, 26, 28], "8": [0, 1, 6, 8, 19, 20, 21, 26, 28], "9": [0, 1, 6, 8, 19, 20, 21, 28], "10": [0, 1, 6, 8, 19, 21, 28], "11": [0, 1, 6, 21], "12": [1, 6, 21], "13": [6, 21], "14": [0, 1, 6, 21, 28], "15": [0, 1, 6, 8, 21, 28], "16": [0, 1, 6, 8, 18, 19, 20, 21, 25, 26, 28], "17": [0, 1, 6, 8, 16, 18, 19, 20, 21, 25, 26, 28], "18": [0, 1, 4, 6, 8, 16, 18, 19, 20, 21, 25, 26, 28], "19": [0, 1, 4, 6, 8, 14, 16, 18, 19, 20, 21, 25, 26, 28], "20": [0, 1, 3, 4, 6, 8, 14, 16, 18, 19, 20, 21, 25, 26, 28], "21": [0, 1, 3, 4, 6, 8, 14, 16, 18, 19, 20, 21, 23, 25, 26, 28], "22": [0, 1, 3, 4, 6, 8, 14, 16, 18, 19, 20, 21, 23, 25, 26, 27, 28], "23": [0, 1, 3, 4, 6, 7, 8, 14, 16, 18, 19, 20, 21, 23, 25, 26, 27, 28], "24": [0, 1, 3, 4, 6, 7, 8, 14, 16, 18, 19, 20, 21, 22, 23, 25, 26, 27, 28], "25": [0, 1, 3, 4, 6, 7, 8, 9, 10, 11, 14, 16, 18, 19, 20, 21, 22, 23, 25, 26, 27, 28], "26": [9, 10, 11], "27": [9, 10], "29": [13, 15], "31": [24, 29]}, "join_predecessors": {"0": [1, 2], "1": [3, 5], "2": [4], "3": [25, 29], "4": [31], "5": [], "6": [], "7": [8], "8": [9], "9": [10], "11": [12], "12": [13], "13": [], "14": [11], "15": [14], "10": [15], "16": [7], "17": [16], "18": [17], "19": [18], "20": [19], "21": [20], "22": [21], "23": [22], "24": [23], "25": [24, 26], "27": [], "26": [27], "29": [], "31": []}, "intermediate_costs": [[[0, 1, 2, 3, 4, 6, 7, 8, 9, 10, 11, 12, 13, 14, 15, 16, 18, 19, 20, 21, 22, 23, 25, 26, 27, 28], 5168038.799622146], [[5, 17, 24, 29], 102428.66062974824], [[0, 1, 3, 4, 6, 7, 8, 9, 10, 11, 13, 14, 15, 16, 18, 19, 20, 21, 22, 23, 25, 26, 27, 28], 3735888.4421061953], [[5, 24, 29], 86433.38041935484], [[2, 12], 943602.9999999999], [[0, 1, 6, 8, 18, 19, 20, 21, 26, 28], 34870.12385005261], [[0, 1, 6, 8, 19, 20, 21, 26, 28], 46887.59164205739], [[0, 1, 6, 8, 19, 20, 21, 28], 39404.14541881575], [[0, 1, 6, 8, 19, 21, 28], 33115.06110293122], [[0, 1, 6, 21], 41403.327461641406], [[1, 6, 21], 129102.6520411311], [[6, 21], 954.0], [[0, 1, 6, 21, 28], 38005.57564244193], [[0, 1, 6, 8, 21, 28], 45223.44756320029], [[0, 1, 6, 8, 18, 19, 20, 21, 25, 26, 28], 41492.52289430214], [[0, 1, 6, 8, 16, 18, 19, 20, 21, 25, 26, 28], 43201.027372471646], [[0, 1, 4, 6, 8, 16, 18, 19, 20, 21, 25, 26, 28], 50922.91916265336], [[0, 1, 4, 6, 8, 14, 16, 18, 19, 20, 21, 25, 26, 28], 60594.00317129814], [[0, 1, 3, 4, 6, 8, 14, 16, 18, 19, 20, 21, 25, 26, 28], 72101.78377864957], [[0, 1, 3, 4, 6, 8, 14, 16, 18, 19, 20, 21, 23, 25, 26, 28], 85795.07484054864], [[0, 1, 3, 4, 6, 8, 14, 16, 18, 19, 20, 21, 23, 25, 26, 27, 28], 102088.94634666677], [[0, 1, 3, 4, 6, 7, 8, 14, 16, 18, 19, 20, 21, 23, 25, 26, 27, 28], 197266.14374982793], [[0, 1, 3, 4, 6, 7, 8, 14, 16, 18, 19, 20, 21, 22, 23, 25, 26, 27, 28], 1776785.8319334127], [[0, 1, 3, 4, 6, 7, 8, 9, 10, 11, 14, 16, 18, 19, 20, 21, 22, 23, 25, 26, 27, 28], 2638526.1371666593], [[9, 10, 11], 1039622.878639201], [[9, 10], 873695.0], [[13, 15], 634225.0], [[24, 29], 72639.0]]}