{"costs": 10167065, "root_join": 16, "join_operands": {"0": [14, 18], "1": [14, 16, 18], "2": [12, 14, 16, 18], "3": [12, 14, 16, 18, 19], "4": [0, 12, 14, 16, 18, 19], "5": [0, 4, 12, 14, 16, 18, 19], "6": [0, 4, 8, 12, 14, 16, 18, 19], "7": [0, 4, 7, 8, 12, 14, 16, 18, 19], "8": [0, 4, 7, 8, 12, 14, 15, 16, 18, 19], "9": [0, 4, 7, 8, 12, 13, 14, 15, 16, 18, 19], "10": [0, 4, 7, 8, 9, 12, 13, 14, 15, 16, 18, 19], "11": [0, 4, 7, 8, 9, 11, 12, 13, 14, 15, 16, 18, 19], "12": [0, 3, 4, 7, 8, 9, 11, 12, 13, 14, 15, 16, 18, 19], "13": [0, 3, 4, 6, 7, 8, 9, 11, 12, 13, 14, 15, 16, 18, 19], "14": [0, 3, 4, 6, 7, 8, 9, 10, 11, 12, 13, 14, 15, 16, 18, 19], "15": [0, 3, 4, 5, 6, 7, 8, 9, 10, 11, 12, 13, 14, 15, 16, 18, 19], "16": [0, 1, 2, 3, 4, 5, 6, 7, 8, 9, 10, 11, 12, 13, 14, 15, 16, 17, 18, 19], "17": [1, 2, 17], "18": [1, 2]}, "join_predecessors": {"0": [], "1": [0], "2": [1], "3": [2], "4": [3], "5": [4], "6": [5], "7": [6], "8": [7], "9": [8], "10": [9], "11": [10], "12": [11], "13": [12], "14": [13], "15": [14], "16": [15, 17], "17": [18], "18": []}, "intermediate_costs": [[[14, 18], 202.0], [[14, 16, 18], 202.0], [[12, 14, 16, 18], 5262.082479591837], [[12, 14, 16, 18, 19], 4952.548216086435], [[0, 12, 14, 16, 18, 19], 80621.04423823628], [[0, 4, 12, 14, 16, 18, 19], 77261.83378497988], [[0, 4, 8, 12, 14, 16, 18, 19], 77261.83378497988], [[0, 4, 7, 8, 12, 14, 16, 18, 19], 77261.83378497988], [[0, 4, 7, 8, 12, 14, 15, 16, 18, 19], 77261.83378497988], [[0, 4, 7, 8, 12, 13, 14, 15, 16, 18, 19], 77261.8337849799], [[0, 4, 7, 8, 9, 12, 13, 14, 15, 16, 18, 19], 77261.83378497988], [[0, 4, 7, 8, 9, 11, 12, 13, 14, 15, 16, 18, 19], 77261.83378497988], [[0, 3, 4, 7, 8, 9, 11, 12, 13, 14, 15, 16, 18, 19], 77261.8337849799], [[0, 3, 4, 6, 7, 8, 9, 11, 12, 13, 14, 15, 16, 18, 19], 730830.7984978241], [[0, 3, 4, 6, 7, 8, 9, 10, 11, 12, 13, 14, 15, 16, 18, 19], 1335397.1233761145], [[0, 3, 4, 5, 6, 7, 8, 9, 10, 11, 12, 13, 14, 15, 16, 18, 19], 1335397.1233761145], [[1, 2, 17], 5566106.0], [[1, 2], 490000.00000000006]]}