{"costs": 235577398, "root_join": 28, "join_operands": {"0": [13, 23], "1": [3, 13, 23], "2": [3, 13, 21, 23], "3": [3, 8, 13, 21, 23], "4": [3, 5, 8, 13, 21, 23], "5": [3, 5, 8, 13, 21, 23, 28], "6": [3, 5, 8, 11, 13, 21, 23, 28], "7": [3, 5, 8, 11, 13, 15, 21, 23, 28], "8": [0, 3, 5, 8, 11, 13, 15, 21, 23, 28], "9": [0, 3, 5, 8, 11, 13, 15, 20, 21, 23, 28], "10": [0, 3, 5, 8, 11, 13, 15, 20, 21, 23, 28, 29], "11": [0, 3, 5, 8, 11, 13, 15, 16, 20, 21, 23, 28, 29], "12": [0, 3, 5, 8, 11, 12, 13, 15, 16, 20, 21, 23, 28, 29], "13": [0, 3, 4, 5, 8, 11, 12, 13, 15, 16, 20, 21, 23, 28, 29], "14": [0, 3, 4, 5, 8, 11, 12, 13, 15, 16, 20, 21, 22, 23, 28, 29], "15": [0, 3, 4, 5, 8, 11, 12, 13, 15, 16, 20, 21, 22, 23, 25, 28, 29], "16": [0, 3, 4, 5, 8, 9, 11, 12, 13, 15, 16, 20, 21, 22, 23, 25, 28, 29], "17": [0, 3, 4, 5, 8, 9, 11, 12, 13, 14, 15, 16, 20, 21, 22, 23, 25, 28, 29], "18": [0, 3, 4, 5, 8, 9, 11, 12, 13, 14, 15, 16, 20, 21, 22, 23, 24, 25, 28, 29], "19": [0, 2, 3, 4, 5, 8, 9, 11, 12, 13, 14, 15, 16, 20, 21, 22, 23, 24, 25, 28, 29], "20": [0, 2, 3, 4, 5, 8, 9, 11, 12, 13, 14, 15, 16, 17, 20, 21, 22, 23, 24, 25, 28, 29], "21": [0, 2, 3, 4, 5, 8, 9, 10, 11, 12, 13, 14, 15, 16, 17, 20, 21, 22, 23, 24, 25, 28, 29], "22": [0, 2, 3, 4, 5, 6, 8, 9, 10, 11, 12, 13, 14, 15, 16, 17, 20, 21, 22, 23, 24, 25, 28, 29], "23": [0, 2, 3, 4, 5, 6, 8, 9, 10, 11, 12, 13, 14, 15, 16, 17, 19, 20, 21, 22, 23, 24, 25, 28, 29], "24": [0, 1, 2, 3, 4, 5, 6, 8, 9, 10, 11, 12, 13, 14, 15, 16, 17, 19, 20, 21, 22, 23, 24, 25, 28, 29], "25": [0, 1, 2, 3, 4, 5, 6, 7, 8, 9, 10, 11, 12, 13, 14, 15, 16, 17, 19, 20, 21, 22, 23, 24, 25, 28, 29], "26": [0, 1, 2, 3, 4, 5, 6, 7, 8, 9, 10, 11, 12, 13, 14, 15, 16, 17, 18, 19, 20, 21, 22, 23, 24, 25, 28, 29], "27": [0, 1, 2, 3, 4, 5, 6, 7, 8, 9, 10, 11, 12, 13, 14, 15, 16, 17, 18, 19, 20, 21, 22, 23, 24, 25, 27, 28, 29], "28": [0, 1, 2, 3, 4, 5, 6, 7, 8, 9, 10, 11, 12, 13, 14, 15, 16, 17, 18, 19, 20, 21, 22, 23, 24, 25, 26, 27, 28, 29]}, "join_predecessors": {"0": [], "1": [0], "2": [1], "3": [2], "4": [3], "5": [4], "6": [5], "7": [6], "8": [7], "9": [8], "10": [9], "11": [10], "12": [11], "13": [12], "14": [13], "15": [14], "16": [15], "17": [16], "18": [17], "19": [18], "20": [19], "21": [20], "22": [21], "23": [22], "24": [23], "25": [24], "26": [25], "27": [26], "28": [27]}, "intermediate_costs": [[[13, 23], 6218.0], [[3, 13, 23], 10669.174619238682], [[3, 13, 21, 23], 18306.736419396406], [[3, 8, 13, 21, 23], 26338261.286230687], [[3, 5, 8, 13, 21, 23], 1201774.8593037606], [[3, 5, 8, 13, 21, 23, 28], 2047993.33708231], [[3, 5, 8, 11, 13, 21, 23, 28], 3514053.7116609723], [[3, 5, 8, 11, 13, 15, 21, 23, 28], 6029596.515206807], [[0, 3, 5, 8, 11, 13, 15, 21, 23, 28], 10345901.760730637], [[0, 3, 5, 8, 11, 13, 15, 20, 21, 23, 28], 17752047.542854957], [[0, 3, 5, 8, 11, 13, 15, 20, 21, 23, 28, 29], 83478854.71226414], [[0, 3, 5, 8, 11, 13, 15, 16, 20, 21, 23, 28, 29], 16589109.29247178], [[0, 3, 5, 8, 11, 12, 13, 15, 16, 20, 21, 23, 28, 29], 24906317.88365545], [[0, 3, 4, 5, 8, 11, 12, 13, 15, 16, 20, 21, 23, 28, 29], 42735492.15017671], [[0, 3, 4, 5, 8, 11, 12, 13, 15, 16, 20, 21, 22, 23, 28, 29], 87632.31953553479], [[0, 3, 4, 5, 8, 11, 12, 13, 15, 16, 20, 21, 22, 23, 25, 28, 29], 113912.26154150761], [[0, 3, 4, 5, 8, 9, 11, 12, 13, 15, 16, 20, 21, 22, 23, 25, 28, 29], 592.2820189526734], [[0, 3, 4, 5, 8, 9, 11, 12, 13, 14, 15, 16, 20, 21, 22, 23, 25, 28, 29], 1014.0739737359999], [[0, 3, 4, 5, 8, 9, 11, 12, 13, 14, 15, 16, 20, 21, 22, 23, 24, 25, 28, 29], 1739.9982826338544], [[0, 2, 3, 4, 5, 8, 9, 11, 12, 13, 14, 15, 16, 20, 21, 22, 23, 24, 25, 28, 29], 2985.5751177743514], [[0, 2, 3, 4, 5, 8, 9, 11, 12, 13, 14, 15, 16, 17, 20, 21, 22, 23, 24, 25, 28, 29], 5116.490811928171], [[0, 2, 3, 4, 5, 8, 9, 10, 11, 12, 13, 14, 15, 16, 17, 20, 21, 22, 23, 24, 25, 28, 29], 8779.143971242946], [[0, 2, 3, 4, 5, 6, 8, 9, 10, 11, 12, 13, 14, 15, 16, 17, 20, 21, 22, 23, 24, 25, 28, 29], 11640.144377728408], [[0, 2, 3, 4, 5, 6, 8, 9, 10, 11, 12, 13, 14, 15, 16, 17, 19, 20, 21, 22, 23, 24, 25, 28, 29], 19972.775179216027], [[0, 1, 2, 3, 4, 5, 6, 8, 9, 10, 11, 12, 13, 14, 15, 16, 17, 19, 20, 21, 22, 23, 24, 25, 28, 29], 34270.3476225317], [[0, 1, 2, 3, 4, 5, 6, 7, 8, 9, 10, 11, 12, 13, 14, 15, 16, 17, 19, 20, 21, 22, 23, 24, 25, 28, 29], 58802.88120357563], [[0, 1, 2, 3, 4, 5, 6, 7, 8, 9, 10, 11, 12, 13, 14, 15, 16, 17, 18, 19, 20, 21, 22, 23, 24, 25, 28, 29], 94387.5651206938], [[0, 1, 2, 3, 4, 5, 6, 7, 8, 9, 10, 11, 12, 13, 14, 15, 16, 17, 18, 19, 20, 21, 22, 23, 24, 25, 27, 28, 29], 161955.19589441115]]}