{"costs": 10049091, "root_join": 18, "join_operands": {"0": [0, 1, 3, 6, 9, 10, 12, 14, 18, 19], "1": [0, 1, 3, 9, 10, 12, 14, 18, 19], "2": [0, 1, 3, 9, 10, 12, 14, 18], "3": [0, 1, 3, 9, 10, 14, 18], "4": [0, 1, 9, 10, 14, 18], "5": [0, 9, 14, 18], "6": [0, 14, 18], "7": [0, 14], "8": [0, 9, 10, 14, 18], "9": [0, 1, 3, 6, 8, 9, 10, 12, 14, 18, 19], "10": [0, 1, 2, 3, 6, 8, 9, 10, 12, 14, 18, 19], "11": [0, 1, 2, 3, 6, 8, 9, 10, 12, 14, 17, 18, 19], "12": [0, 1, 2, 3, 6, 8, 9, 10, 11, 12, 14, 17, 18, 19], "13": [0, 1, 2, 3, 6, 8, 9, 10, 11, 12, 14, 15, 17, 18, 19], "14": [0, 1, 2, 3, 6, 7, 8, 9, 10, 11, 12, 14, 15, 17, 18, 19], "15": [0, 1, 2, 3, 4, 6, 7, 8, 9, 10, 11, 12, 14, 15, 17, 18, 19], "16": [0, 1, 2, 3, 4, 6, 7, 8, 9, 10, 11, 12, 14, 15, 16, 17, 18, 19], "17": [0, 1, 2, 3, 4, 5, 6, 7, 8, 9, 10, 11, 12, 14, 15, 16, 17, 18, 19], "18": [0, 1, 2, 3, 4, 5, 6, 7, 8, 9, 10, 11, 12, 13, 14, 15, 16, 17, 18, 19]}, "join_predecessors": {"0": [1], "1": [2], "3": [4], "5": [6], "6": [7], "7": [], "8": [5], "4": [8], "2": [3], "9": [0], "10": [9], "11": [10], "12": [11], "13": [12], "14": [13], "15": [14], "16": [15], "17": [16], "18": [17]}, "intermediate_costs": [[[0, 1, 3, 6, 9, 10, 12, 14, 18, 19], 6.3969038261088], [[0, 1, 3, 9, 10, 12, 14, 18, 19], 3.4966299175385323], [[0, 1, 3, 9, 10, 12, 14, 18], 1.45140019194046], [[0, 1, 3, 9, 10, 14, 18], 0.7858377810795364], [[0, 1, 9, 10, 14, 18], 0.010512513707672025], [[0, 9, 14, 18], 0.2771709259471335], [[0, 14, 18], 0.5135111858704794], [[0, 14], 1048.0], [[0, 9, 10, 14, 18], 10.701445344434072], [[0, 1, 3, 6, 8, 9, 10, 12, 14, 18, 19], 11.843803224215339], [[0, 1, 2, 3, 6, 8, 9, 10, 12, 14, 18, 19], 21.928682785788034], [[0, 1, 2, 3, 6, 8, 9, 10, 12, 14, 17, 18, 19], 321.72069167268313], [[0, 1, 2, 3, 6, 8, 9, 10, 11, 12, 14, 17, 18, 19], 691.4743525424361], [[0, 1, 2, 3, 6, 8, 9, 10, 11, 12, 14, 15, 17, 18, 19], 1264.2545696213142], [[0, 1, 2, 3, 6, 7, 8, 9, 10, 11, 12, 14, 15, 17, 18, 19], 2329.3548585489875], [[0, 1, 2, 3, 4, 6, 7, 8, 9, 10, 11, 12, 14, 15, 17, 18, 19], 4312.777044893619], [[0, 1, 2, 3, 4, 6, 7, 8, 9, 10, 11, 12, 14, 15, 16, 17, 18, 19], 14111.53436974616], [[0, 1, 2, 3, 4, 5, 6, 7, 8, 9, 10, 11, 12, 14, 15, 16, 17, 18, 19], 10024954.962442733]]}