{"costs": 2516017516.276783, "join_operands": {"0": [0, 1, 2, 3, 4, 5, 6, 7, 8, 9, 10, 11, 12, 13, 14, 15, 16, 17, 18, 19, 20, 21, 22, 23, 24, 25, 26, 27, 28, 29, 30, 31, 32, 33, 34, 35, 36, 37, 38, 39], "1": [1, 2, 4, 7, 8, 9, 10, 12, 13, 15, 16, 17, 18, 19, 24, 27, 28, 31, 33, 34, 35, 36, 39], "2": [0, 3, 5, 6, 11, 14, 20, 21, 22, 23, 25, 26, 29, 30, 32, 37, 38], "3": [1, 4, 7, 9, 12, 13, 15, 16, 17, 18, 19, 24, 27, 28, 31, 33, 36, 39], "4": [0, 3, 5, 14, 20, 23, 26, 29, 30, 32, 38], "5": [2, 8, 10, 34, 35], "6": [6, 11, 21, 22, 25, 37], "7": [1, 4, 7, 9, 12, 13, 15, 16, 17, 18, 19, 24, 27, 28, 31, 33, 39], "8": [0, 3, 5, 14, 23, 26, 29, 30, 32, 38], "9": [], "10": [11, 21, 22, 25, 37], "11": [], "12": [], "13": [2, 10, 34, 35], "14": [], "15": [1, 4, 7, 9, 12, 13, 15, 16, 17, 18, 19, 24, 27, 28, 31, 39], "16": [0, 3, 5, 14, 23, 26, 29, 32, 38], "17": [], "18": [11, 21, 25], "19": [], "20": [], "21": [2, 10], "22": [], "23": [], "24": [], "25": [], "26": [22, 37], "27": [], "28": [], "29": [34, 35], "30": [], "31": [1, 4, 9, 12, 13, 15, 16, 17, 18, 19, 24, 27, 28, 31, 39], "32": [0, 3, 5, 14, 23, 29, 32, 38], "33": [], "34": [11, 25], "35": [], "36": [], "37": [], "38": []}, "join_predecessors": {"0": [1, 2], "1": [3, 5], "2": [4, 6], "3": [7, 11], "4": [8, 12], "5": [9, 13], "6": [10, 14], "7": [15, 23], "8": [16, 24], "9": [17, 25], "10": [18, 26], "11": [19, 27], "12": [20, 28], "13": [21, 29], "14": [22, 30], "15": [31], "16": [32], "17": [33], "18": [34], "19": [35], "20": [36], "21": [37], "22": [38], "23": [], "24": [], "25": [], "26": [], "27": [], "28": [], "29": [], "30": [], "31": [], "32": [], "33": [], "34": [], "35": [], "36": [], "37": [], "38": []}, "leaf_joins": [31, 32], "opt_time": 13.21063494682312, "status": 2, "intermediate_costs": [[[1, 2, 4, 7, 8, 9, 10, 12, 13, 15, 16, 17, 18, 19, 24, 27, 28, 31, 33, 34, 35, 36, 39], 729821771.2990383], [[0, 3, 5, 6, 11, 14, 20, 21, 22, 23, 25, 26, 29, 30, 32, 37, 38], 337650513.7939477], [[1, 4, 7, 9, 12, 13, 15, 16, 17, 18, 19, 24, 27, 28, 31, 33, 36, 39], 1123803.8088849802], [[0, 3, 5, 14, 20, 23, 26, 29, 30, 32, 38], 168981000.31065288], [[2, 8, 10, 34, 35], 61694993.137743555], [[6, 11, 21, 22, 25, 37], 1098986.1714942392], [[1, 4, 7, 9, 12, 13, 15, 16, 17, 18, 19, 24, 27, 28, 31, 33, 39], 1123803.8088849802], [[0, 3, 5, 14, 23, 26, 29, 30, 32, 38], 464697752.09218216], [[11, 21, 22, 25, 37], 1122885.613439545], [[2, 10, 34, 35], 62068902.42284688], [[1, 4, 7, 9, 12, 13, 15, 16, 17, 18, 19, 24, 27, 28, 31, 39], 2161.466808296706], [[0, 3, 5, 14, 23, 26, 29, 32, 38], 464697752.09218216], [[11, 21, 25], 79622.8058271605], [[2, 10], 667000.0], [[22, 37], 7869230.0], [[34, 35], 63145242.0], [[1, 4, 9, 12, 13, 15, 16, 17, 18, 19, 24, 27, 28, 31, 39], 149393321.29927358], [[0, 3, 5, 14, 23, 29, 32, 38], 698168.1535764652], [[11, 25], 80606.0]]}