{"costs": 1486897, "root_join": 28, "join_operands": {"0": [0, 4, 9, 20, 29], "1": [4, 9, 20, 29], "2": [4, 20, 29], "3": [20, 29], "4": [0, 4, 9, 20, 28, 29], "5": [0, 4, 9, 20, 24, 28, 29], "6": [0, 4, 8, 9, 20, 24, 28, 29], "7": [0, 1, 4, 5, 7, 8, 9, 10, 12, 14, 16, 18, 20, 21, 22, 24, 26, 27, 28, 29], "8": [1, 5, 7, 10, 12, 14, 16, 18, 21, 22, 26, 27], "9": [10, 21], "10": [1, 10, 21], "11": [1, 7, 10, 21], "12": [1, 7, 10, 12, 21], "13": [1, 7, 10, 12, 16, 21], "14": [1, 7, 10, 12, 16, 18, 21], "15": [1, 7, 10, 12, 16, 18, 21, 22], "16": [1, 7, 10, 12, 14, 16, 18, 21, 22], "17": [1, 7, 10, 12, 14, 16, 18, 21, 22, 27], "18": [1, 5, 7, 10, 12, 14, 16, 18, 21, 22, 27], "19": [0, 1, 3, 4, 5, 6, 7, 8, 9, 10, 11, 12, 13, 14, 16, 18, 20, 21, 22, 24, 26, 27, 28, 29], "20": [3, 6, 11, 13], "21": [3, 11], "22": [3, 6, 11], "23": [0, 1, 3, 4, 5, 6, 7, 8, 9, 10, 11, 12, 13, 14, 15, 16, 18, 20, 21, 22, 24, 26, 27, 28, 29], "24": [0, 1, 3, 4, 5, 6, 7, 8, 9, 10, 11, 12, 13, 14, 15, 16, 17, 18, 20, 21, 22, 24, 26, 27, 28, 29], "25": [0, 1, 2, 3, 4, 5, 6, 7, 8, 9, 10, 11, 12, 13, 14, 15, 16, 17, 18, 19, 20, 21, 22, 24, 25, 26, 27, 28, 29], "26": [2, 19, 25], "27": [2, 25], "28": [0, 1, 2, 3, 4, 5, 6, 7, 8, 9, 10, 11, 12, 13, 14, 15, 16, 17, 18, 19, 20, 21, 22, 23, 24, 25, 26, 27, 28, 29]}, "join_predecessors": {"0": [1], "1": [2], "2": [3], "3": [], "4": [0], "5": [4], "6": [5], "7": [6, 8], "9": [], "10": [9], "11": [10], "12": [11], "13": [12], "14": [13], "15": [14], "16": [15], "17": [16], "18": [17], "8": [18], "19": [7, 20], "21": [], "22": [21], "20": [22], "23": [19], "24": [23], "25": [24, 26], "27": [], "26": [27], "28": [25]}, "intermediate_costs": [[[0, 4, 9, 20, 29], 40676.74866195762], [[4, 9, 20, 29], 27959.1520808714], [[4, 20, 29], 19217.714666666667], [[20, 29], 152.0], [[0, 4, 9, 20, 28, 29], 58317.28788324909], [[0, 4, 9, 20, 24, 28, 29], 84040.76071310791], [[0, 4, 8, 9, 20, 24, 28, 29], 122267.83728064716], [[0, 1, 4, 5, 7, 8, 9, 10, 12, 14, 16, 18, 20, 21, 22, 24, 26, 27, 28, 29], 3076.545937447495], [[1, 5, 7, 10, 12, 14, 16, 18, 21, 22, 26, 27], 81518.32485126462], [[10, 21], 9935.000000000002], [[1, 10, 21], 1329.4871235521239], [[1, 7, 10, 21], 1061.4865987869084], [[1, 7, 10, 12, 21], 1544.3181153609394], [[1, 7, 10, 12, 16, 21], 2209.9371109361227], [[1, 7, 10, 12, 16, 18, 21], 2594.045827125652], [[1, 7, 10, 12, 16, 18, 21, 22], 23987.43242274123], [[1, 7, 10, 12, 14, 16, 18, 21, 22], 34514.937317675336], [[1, 7, 10, 12, 14, 16, 18, 21, 22, 27], 49517.09744238339], [[1, 5, 7, 10, 12, 14, 16, 18, 21, 22, 27], 72040.62118046815], [[0, 1, 3, 4, 5, 6, 7, 8, 9, 10, 11, 12, 13, 14, 16, 18, 20, 21, 22, 24, 26, 27, 28, 29], 13783.08256263113], [[3, 6, 11, 13], 230952.11908868636], [[3, 11], 109114.0], [[3, 6, 11], 158744.86661333335], [[0, 1, 3, 4, 5, 6, 7, 8, 9, 10, 11, 12, 13, 14, 15, 16, 18, 20, 21, 22, 24, 26, 27, 28, 29], 19180.537694157483], [[0, 1, 3, 4, 5, 6, 7, 8, 9, 10, 11, 12, 13, 14, 15, 16, 17, 18, 20, 21, 22, 24, 26, 27, 28, 29], 27905.0621135492], [[0, 1, 2, 3, 4, 5, 6, 7, 8, 9, 10, 11, 12, 13, 14, 15, 16, 17, 18, 19, 20, 21, 22, 24, 25, 26, 27, 28, 29], 84351.1657001009], [[2, 19, 25], 122621.59462068966], [[2, 25], 84284.0]]}