{"costs": 610977, "root_join": 28, "join_operands": {"0": [0, 4, 8, 9, 10, 22, 23, 28], "1": [4, 8, 9, 10, 22, 23, 28], "2": [4, 10], "3": [4, 8, 9, 10, 22], "4": [8, 9, 22], "5": [9, 22], "6": [4, 8, 9, 10, 22, 23], "7": [0, 4, 5, 8, 9, 10, 22, 23, 24, 28], "8": [5, 24], "9": [0, 4, 5, 8, 9, 10, 18, 22, 23, 24, 28], "10": [0, 4, 5, 8, 9, 10, 17, 18, 22, 23, 24, 28], "11": [0, 1, 4, 5, 8, 9, 10, 17, 18, 22, 23, 24, 28], "12": [0, 1, 4, 5, 8, 9, 10, 17, 18, 20, 22, 23, 24, 28], "13": [0, 1, 2, 4, 5, 8, 9, 10, 17, 18, 20, 22, 23, 24, 28], "14": [0, 1, 2, 4, 5, 8, 9, 10, 17, 18, 20, 22, 23, 24, 27, 28], "15": [0, 1, 2, 4, 5, 8, 9, 10, 11, 12, 17, 18, 20, 22, 23, 24, 27, 28], "16": [11, 12], "17": [0, 1, 2, 4, 5, 6, 8, 9, 10, 11, 12, 17, 18, 20, 22, 23, 24, 27, 28], "18": [0, 1, 2, 4, 5, 6, 8, 9, 10, 11, 12, 17, 18, 20, 22, 23, 24, 27, 28, 29], "19": [0, 1, 2, 4, 5, 6, 8, 9, 10, 11, 12, 17, 18, 19, 20, 22, 23, 24, 27, 28, 29], "20": [0, 1, 2, 4, 5, 6, 8, 9, 10, 11, 12, 13, 17, 18, 19, 20, 22, 23, 24, 27, 28, 29], "21": [0, 1, 2, 4, 5, 6, 8, 9, 10, 11, 12, 13, 16, 17, 18, 19, 20, 22, 23, 24, 27, 28, 29], "22": [0, 1, 2, 4, 5, 6, 8, 9, 10, 11, 12, 13, 16, 17, 18, 19, 20, 22, 23, 24, 26, 27, 28, 29], "23": [0, 1, 2, 4, 5, 6, 7, 8, 9, 10, 11, 12, 13, 16, 17, 18, 19, 20, 22, 23, 24, 26, 27, 28, 29], "24": [0, 1, 2, 4, 5, 6, 7, 8, 9, 10, 11, 12, 13, 16, 17, 18, 19, 20, 22, 23, 24, 25, 26, 27, 28, 29], "25": [0, 1, 2, 4, 5, 6, 7, 8, 9, 10, 11, 12, 13, 14, 16, 17, 18, 19, 20, 22, 23, 24, 25, 26, 27, 28, 29], "26": [0, 1, 2, 4, 5, 6, 7, 8, 9, 10, 11, 12, 13, 14, 16, 17, 18, 19, 20, 21, 22, 23, 24, 25, 26, 27, 28, 29], "27": [0, 1, 2, 4, 5, 6, 7, 8, 9, 10, 11, 12, 13, 14, 15, 16, 17, 18, 19, 20, 21, 22, 23, 24, 25, 26, 27, 28, 29], "28": [0, 1, 2, 3, 4, 5, 6, 7, 8, 9, 10, 11, 12, 13, 14, 15, 16, 17, 18, 19, 20, 21, 22, 23, 24, 25, 26, 27, 28, 29]}, "join_predecessors": {"0": [1], "2": [], "3": [2, 4], "4": [5], "5": [], "6": [3], "1": [6], "7": [0, 8], "8": [], "9": [7], "10": [9], "11": [10], "12": [11], "13": [12], "14": [13], "15": [14, 16], "16": [], "17": [15], "18": [17], "19": [18], "20": [19], "21": [20], "22": [21], "23": [22], "24": [23], "25": [24], "26": [25], "27": [26], "28": [27]}, "intermediate_costs": [[[0, 4, 8, 9, 10, 22, 23, 28], 169.82744131025007], [[4, 8, 9, 10, 22, 23, 28], 117.10007875153107], [[4, 10], 956.0], [[4, 8, 9, 10, 22], 13.20662307876549], [[8, 9, 22], 800.8607157894738], [[9, 22], 292.0], [[4, 8, 9, 10, 22, 23], 42.81021865989944], [[0, 4, 5, 8, 9, 10, 22, 23, 24, 28], 1.511725745782676], [[5, 24], 1282.0], [[0, 4, 5, 8, 9, 10, 18, 22, 23, 24, 28], 3.4468158965915503], [[0, 4, 5, 8, 9, 10, 17, 18, 22, 23, 24, 28], 9.238637219584952], [[0, 1, 4, 5, 8, 9, 10, 17, 18, 22, 23, 24, 28], 24.851286642970432], [[0, 1, 4, 5, 8, 9, 10, 17, 18, 20, 22, 23, 24, 28], 67.40164021799671], [[0, 1, 2, 4, 5, 8, 9, 10, 17, 18, 20, 22, 23, 24, 28], 184.86070192994407], [[0, 1, 2, 4, 5, 8, 9, 10, 17, 18, 20, 22, 23, 24, 27, 28], 2054.194397380881], [[0, 1, 2, 4, 5, 8, 9, 10, 11, 12, 17, 18, 20, 22, 23, 24, 27, 28], 10.224640851932744], [[11, 12], 49.0], [[0, 1, 2, 4, 5, 6, 8, 9, 10, 11, 12, 17, 18, 20, 22, 23, 24, 27, 28], 28.042857861498387], [[0, 1, 2, 4, 5, 6, 8, 9, 10, 11, 12, 17, 18, 20, 22, 23, 24, 27, 28, 29], 47.545860235888725], [[0, 1, 2, 4, 5, 6, 8, 9, 10, 11, 12, 17, 18, 19, 20, 22, 23, 24, 27, 28, 29], 130.40271769759406], [[0, 1, 2, 4, 5, 6, 8, 9, 10, 11, 12, 13, 17, 18, 19, 20, 22, 23, 24, 27, 28, 29], 336.24338454389687], [[0, 1, 2, 4, 5, 6, 8, 9, 10, 11, 12, 13, 16, 17, 18, 19, 20, 22, 23, 24, 27, 28, 29], 922.2060229840356], [[0, 1, 2, 4, 5, 6, 8, 9, 10, 11, 12, 13, 16, 17, 18, 19, 20, 22, 23, 24, 26, 27, 28, 29], 2481.587102670131], [[0, 1, 2, 4, 5, 6, 7, 8, 9, 10, 11, 12, 13, 16, 17, 18, 19, 20, 22, 23, 24, 26, 27, 28, 29], 6791.945922650258], [[0, 1, 2, 4, 5, 6, 7, 8, 9, 10, 11, 12, 13, 16, 17, 18, 19, 20, 22, 23, 24, 25, 26, 27, 28, 29], 18628.058677113546], [[0, 1, 2, 4, 5, 6, 7, 8, 9, 10, 11, 12, 13, 14, 16, 17, 18, 19, 20, 22, 23, 24, 25, 26, 27, 28, 29], 51090.69411681293], [[0, 1, 2, 4, 5, 6, 7, 8, 9, 10, 11, 12, 13, 14, 16, 17, 18, 19, 20, 21, 22, 23, 24, 25, 26, 27, 28, 29], 140125.12364182694], [[0, 1, 2, 4, 5, 6, 7, 8, 9, 10, 11, 12, 13, 14, 15, 16, 17, 18, 19, 20, 21, 22, 23, 24, 25, 26, 27, 28, 29], 384317.55031961366]]}