{"costs": 7, "join_operands": {"0": [0, 1, 2, 3, 4], "1": [0, 1, 2, 3], "2": [], "3": [1, 2, 3], "4": [2, 3]}, "join_predecessors": {"0": [1, 2], "1": [3], "2": [], "3": [4], "4": []}, "leaf_joins": [], "opt_time": 0.03512001037597656, "status": 2, "intermediate_costs": [[[0, 1, 2, 3], 0.19499999999999998], [[1, 2, 3], 7.499999999999999], [[2, 3], 0.15]]}