{"costs": 2080543, "root_join": 1, "join_operands": {"0": [6, 18], "1": [0, 1, 2, 3, 4, 5, 6, 7, 8, 9, 10, 11, 12, 13, 14, 15, 16, 17, 18, 19, 20, 21, 22, 23, 24, 25, 26, 27, 28, 29], "2": [0, 1, 2, 3, 4, 5, 7, 8, 9, 10, 11, 12, 13, 14, 15, 16, 17, 19, 20, 21, 22, 23, 24, 25, 26, 27, 28, 29], "3": [1, 12, 19, 21, 25], "4": [1, 12, 21, 25], "5": [12, 21, 25], "6": [12, 25], "7": [1, 7, 9, 10, 12, 15, 19, 21, 25, 29], "8": [7, 9, 10, 15, 29], "9": [7, 9, 15, 29], "10": [7, 9, 15], "11": [7, 15], "12": [1, 3, 7, 9, 10, 12, 15, 19, 21, 25, 29], "13": [1, 3, 7, 9, 10, 12, 15, 19, 21, 25, 27, 29], "14": [1, 3, 5, 7, 9, 10, 12, 15, 19, 21, 25, 27, 29], "15": [1, 3, 5, 7, 9, 10, 12, 15, 17, 19, 21, 25, 27, 29], "16": [1, 3, 5, 7, 8, 9, 10, 12, 15, 17, 19, 21, 25, 27, 29], "17": [1, 3, 5, 7, 8, 9, 10, 12, 15, 17, 19, 21, 24, 25, 27, 29], "18": [1, 3, 5, 7, 8, 9, 10, 12, 15, 17, 19, 21, 24, 25, 26, 27, 29], "19": [1, 3, 5, 7, 8, 9, 10, 12, 15, 17, 19, 21, 22, 24, 25, 26, 27, 29], "20": [1, 3, 5, 7, 8, 9, 10, 12, 15, 17, 19, 21, 22, 23, 24, 25, 26, 27, 29], "21": [0, 1, 3, 5, 7, 8, 9, 10, 12, 15, 17, 19, 21, 22, 23, 24, 25, 26, 27, 29], "22": [0, 1, 3, 4, 5, 7, 8, 9, 10, 12, 15, 17, 19, 21, 22, 23, 24, 25, 26, 27, 29], "23": [0, 1, 3, 4, 5, 7, 8, 9, 10, 12, 15, 16, 17, 19, 21, 22, 23, 24, 25, 26, 27, 29], "24": [0, 1, 3, 4, 5, 7, 8, 9, 10, 12, 15, 16, 17, 19, 21, 22, 23, 24, 25, 26, 27, 28, 29], "25": [0, 1, 3, 4, 5, 7, 8, 9, 10, 12, 14, 15, 16, 17, 19, 21, 22, 23, 24, 25, 26, 27, 28, 29], "26": [0, 1, 3, 4, 5, 7, 8, 9, 10, 12, 14, 15, 16, 17, 19, 20, 21, 22, 23, 24, 25, 26, 27, 28, 29], "27": [0, 1, 2, 3, 4, 5, 7, 8, 9, 10, 12, 14, 15, 16, 17, 19, 20, 21, 22, 23, 24, 25, 26, 27, 28, 29], "28": [0, 1, 2, 3, 4, 5, 7, 8, 9, 10, 11, 12, 14, 15, 16, 17, 19, 20, 21, 22, 23, 24, 25, 26, 27, 28, 29]}, "join_predecessors": {"0": [], "1": [0, 2], "3": [4], "4": [5], "5": [6], "6": [], "7": [3, 8], "8": [9], "9": [10], "10": [11], "11": [], "12": [7], "13": [12], "14": [13], "15": [14], "16": [15], "17": [16], "18": [17], "19": [18], "20": [19], "21": [20], "22": [21], "23": [22], "24": [23], "25": [24], "26": [25], "27": [26], "28": [27], "2": [28]}, "intermediate_costs": [[[6, 18], 1119876.0], [[0, 1, 2, 3, 4, 5, 7, 8, 9, 10, 11, 12, 13, 14, 15, 16, 17, 19, 20, 21, 22, 23, 24, 25, 26, 27, 28, 29], 629873.2044558034], [[1, 12, 19, 21, 25], 1.6326474537081372], [[1, 12, 21, 25], 73.4095754583734], [[12, 21, 25], 25246.4078886619], [[12, 25], 813.0], [[1, 7, 9, 10, 12, 15, 19, 21, 25, 29], 0.05520528743601716], [[7, 9, 10, 15, 29], 262.66539139842126], [[7, 9, 15, 29], 7.625493933099452], [[7, 9, 15], 48.88293663060278], [[7, 15], 2835.0], [[1, 3, 7, 9, 10, 12, 15, 19, 21, 25, 29], 0.17056005329682564], [[1, 3, 7, 9, 10, 12, 15, 19, 21, 25, 27, 29], 0.0792991353838982], [[1, 3, 5, 7, 9, 10, 12, 15, 19, 21, 25, 27, 29], 0.3847442806065619], [[1, 3, 5, 7, 9, 10, 12, 15, 17, 19, 21, 25, 27, 29], 20.56058747487694], [[1, 3, 5, 7, 8, 9, 10, 12, 15, 17, 19, 21, 25, 27, 29], 0.33573712708307984], [[1, 3, 5, 7, 8, 9, 10, 12, 15, 17, 19, 21, 24, 25, 27, 29], 0.9762585841781608], [[1, 3, 5, 7, 8, 9, 10, 12, 15, 17, 19, 21, 24, 25, 26, 27, 29], 2.8501797134111393], [[1, 3, 5, 7, 8, 9, 10, 12, 15, 17, 19, 21, 22, 24, 25, 26, 27, 29], 8.546806853273399], [[1, 3, 5, 7, 8, 9, 10, 12, 15, 17, 19, 21, 22, 23, 24, 25, 26, 27, 29], 26.40587341172224], [[0, 1, 3, 5, 7, 8, 9, 10, 12, 15, 17, 19, 21, 22, 23, 24, 25, 26, 27, 29], 79.43561955179234], [[0, 1, 3, 4, 5, 7, 8, 9, 10, 12, 15, 17, 19, 21, 22, 23, 24, 25, 26, 27, 29], 240.56128982039903], [[0, 1, 3, 4, 5, 7, 8, 9, 10, 12, 15, 16, 17, 19, 21, 22, 23, 24, 25, 26, 27, 29], 741.0427227314808], [[0, 1, 3, 4, 5, 7, 8, 9, 10, 12, 15, 16, 17, 19, 21, 22, 23, 24, 25, 26, 27, 28, 29], 2254.0000059519484], [[0, 1, 3, 4, 5, 7, 8, 9, 10, 12, 14, 15, 16, 17, 19, 21, 22, 23, 24, 25, 26, 27, 28, 29], 6913.018018254626], [[0, 1, 3, 4, 5, 7, 8, 9, 10, 12, 14, 15, 16, 17, 19, 20, 21, 22, 23, 24, 25, 26, 27, 28, 29], 21358.13301045126], [[0, 1, 2, 3, 4, 5, 7, 8, 9, 10, 12, 14, 15, 16, 17, 19, 20, 21, 22, 23, 24, 25, 26, 27, 28, 29], 65987.22286024188], [[0, 1, 2, 3, 4, 5, 7, 8, 9, 10, 11, 12, 14, 15, 16, 17, 19, 20, 21, 22, 23, 24, 25, 26, 27, 28, 29], 203871.4842600889]]}