{"costs": 82184755, "root_join": 28, "join_operands": {"0": [2, 13], "1": [2, 7, 13], "2": [2, 7, 13, 15], "3": [2, 7, 9, 13, 15], "4": [2, 7, 9, 13, 15, 29], "5": [2, 4, 7, 9, 13, 15, 29], "6": [2, 4, 7, 9, 10, 13, 15, 29], "7": [2, 4, 7, 9, 10, 13, 15, 26, 29], "8": [2, 4, 7, 9, 10, 13, 15, 22, 26, 29], "9": [2, 3, 4, 7, 9, 10, 13, 15, 22, 26, 29], "10": [2, 3, 4, 7, 9, 10, 13, 15, 22, 26, 27, 29], "11": [2, 3, 4, 7, 9, 10, 13, 15, 22, 24, 26, 27, 29], "12": [2, 3, 4, 7, 9, 10, 13, 14, 15, 22, 24, 26, 27, 29], "13": [2, 3, 4, 7, 9, 10, 11, 13, 14, 15, 22, 24, 26, 27, 29], "14": [2, 3, 4, 7, 9, 10, 11, 13, 14, 15, 19, 22, 24, 26, 27, 29], "15": [1, 2, 3, 4, 7, 9, 10, 11, 13, 14, 15, 19, 22, 24, 26, 27, 29], "16": [1, 2, 3, 4, 7, 9, 10, 11, 13, 14, 15, 19, 21, 22, 24, 26, 27, 29], "17": [1, 2, 3, 4, 6, 7, 9, 10, 11, 13, 14, 15, 19, 21, 22, 24, 26, 27, 29], "18": [1, 2, 3, 4, 6, 7, 9, 10, 11, 13, 14, 15, 19, 21, 22, 24, 25, 26, 27, 29], "19": [1, 2, 3, 4, 6, 7, 9, 10, 11, 12, 13, 14, 15, 19, 21, 22, 24, 25, 26, 27, 29], "20": [1, 2, 3, 4, 6, 7, 9, 10, 11, 12, 13, 14, 15, 19, 21, 22, 23, 24, 25, 26, 27, 29], "21": [0, 1, 2, 3, 4, 6, 7, 9, 10, 11, 12, 13, 14, 15, 19, 21, 22, 23, 24, 25, 26, 27, 29], "22": [0, 1, 2, 3, 4, 5, 6, 7, 9, 10, 11, 12, 13, 14, 15, 19, 21, 22, 23, 24, 25, 26, 27, 29], "23": [0, 1, 2, 3, 4, 5, 6, 7, 9, 10, 11, 12, 13, 14, 15, 18, 19, 21, 22, 23, 24, 25, 26, 27, 29], "24": [0, 1, 2, 3, 4, 5, 6, 7, 9, 10, 11, 12, 13, 14, 15, 17, 18, 19, 21, 22, 23, 24, 25, 26, 27, 29], "25": [0, 1, 2, 3, 4, 5, 6, 7, 8, 9, 10, 11, 12, 13, 14, 15, 17, 18, 19, 21, 22, 23, 24, 25, 26, 27, 29], "26": [0, 1, 2, 3, 4, 5, 6, 7, 8, 9, 10, 11, 12, 13, 14, 15, 16, 17, 18, 19, 21, 22, 23, 24, 25, 26, 27, 29], "27": [0, 1, 2, 3, 4, 5, 6, 7, 8, 9, 10, 11, 12, 13, 14, 15, 16, 17, 18, 19, 21, 22, 23, 24, 25, 26, 27, 28, 29], "28": [0, 1, 2, 3, 4, 5, 6, 7, 8, 9, 10, 11, 12, 13, 14, 15, 16, 17, 18, 19, 20, 21, 22, 23, 24, 25, 26, 27, 28, 29]}, "join_predecessors": {"0": [], "1": [0], "2": [1], "3": [2], "4": [3], "5": [4], "6": [5], "7": [6], "8": [7], "9": [8], "10": [9], "11": [10], "12": [11], "13": [12], "14": [13], "15": [14], "16": [15], "17": [16], "18": [17], "19": [18], "20": [19], "21": [20], "22": [21], "23": [22], "24": [23], "25": [24], "26": [25], "27": [26], "28": [27]}, "intermediate_costs": [[[2, 13], 9355188.0], [[2, 7, 13], 6175860.725449142], [[2, 7, 13, 15], 27061.151710430164], [[2, 7, 9, 13, 15], 466.60619548927184], [[2, 7, 9, 13, 15, 29], 72.78823569332242], [[2, 4, 7, 9, 13, 15, 29], 220.43048145070784], [[2, 4, 7, 9, 10, 13, 15, 29], 7592.879778590139], [[2, 4, 7, 9, 10, 13, 15, 26, 29], 22167.35633574508], [[2, 4, 7, 9, 10, 13, 15, 22, 26, 29], 66473.04103591094], [[2, 3, 4, 7, 9, 10, 13, 15, 22, 26, 29], 205372.45522047795], [[2, 3, 4, 7, 9, 10, 13, 15, 22, 26, 27, 29], 95484.59803955369], [[2, 3, 4, 7, 9, 10, 13, 15, 22, 24, 26, 27, 29], 277650.730209079], [[2, 3, 4, 7, 9, 10, 13, 14, 15, 22, 24, 26, 27, 29], 851554.7895512453], [[2, 3, 4, 7, 9, 10, 11, 13, 14, 15, 22, 24, 26, 27, 29], 2630929.6156059457], [[2, 3, 4, 7, 9, 10, 11, 13, 14, 15, 19, 22, 24, 26, 27, 29], 8128415.162732848], [[1, 2, 3, 4, 7, 9, 10, 11, 13, 14, 15, 19, 22, 24, 26, 27, 29], 25113077.32922825], [[1, 2, 3, 4, 7, 9, 10, 11, 13, 14, 15, 19, 21, 22, 24, 26, 27, 29], 215517.50706175124], [[1, 2, 3, 4, 6, 7, 9, 10, 11, 13, 14, 15, 19, 21, 22, 24, 26, 27, 29], 665850.3179634081], [[1, 2, 3, 4, 6, 7, 9, 10, 11, 13, 14, 15, 19, 21, 22, 24, 25, 26, 27, 29], 2057184.548967656], [[1, 2, 3, 4, 6, 7, 9, 10, 11, 12, 13, 14, 15, 19, 21, 22, 24, 25, 26, 27, 29], 1708.366739847502], [[1, 2, 3, 4, 6, 7, 9, 10, 11, 12, 13, 14, 15, 19, 21, 22, 23, 24, 25, 26, 27, 29], 5278.1017106912195], [[0, 1, 2, 3, 4, 6, 7, 9, 10, 11, 12, 13, 14, 15, 19, 21, 22, 23, 24, 25, 26, 27, 29], 15877.879625826263], [[0, 1, 2, 3, 4, 5, 6, 7, 9, 10, 11, 12, 13, 14, 15, 19, 21, 22, 23, 24, 25, 26, 27, 29], 77036.4436462259], [[0, 1, 2, 3, 4, 5, 6, 7, 9, 10, 11, 12, 13, 14, 15, 18, 19, 21, 22, 23, 24, 25, 26, 27, 29], 395739.7447924811], [[0, 1, 2, 3, 4, 5, 6, 7, 9, 10, 11, 12, 13, 14, 15, 17, 18, 19, 21, 22, 23, 24, 25, 26, 27, 29], 21148180.883322302], [[0, 1, 2, 3, 4, 5, 6, 7, 8, 9, 10, 11, 12, 13, 14, 15, 17, 18, 19, 21, 22, 23, 24, 25, 26, 27, 29], 345332.0339934711], [[0, 1, 2, 3, 4, 5, 6, 7, 8, 9, 10, 11, 12, 13, 14, 15, 16, 17, 18, 19, 21, 22, 23, 24, 25, 26, 27, 29], 1063786.2430317828], [[0, 1, 2, 3, 4, 5, 6, 7, 8, 9, 10, 11, 12, 13, 14, 15, 16, 17, 18, 19, 21, 22, 23, 24, 25, 26, 27, 28, 29], 3235676.061006378]]}