{"costs": 32928373.759966124, "join_operands": {"0": [0, 1, 2, 3, 4, 5, 6, 7, 8, 9, 10, 11, 12, 13, 14, 15, 16, 17, 18, 19, 20, 21, 22, 23, 24, 25, 26, 27, 28, 29, 30, 31, 32, 33, 34, 35, 36, 37, 38, 39], "1": [1, 5, 6, 8, 9, 10, 12, 14, 15, 17, 18, 19, 20, 22, 23, 24, 26, 28, 29, 30, 31, 35, 37, 38, 39], "2": [0, 2, 3, 4, 7, 11, 13, 16, 21, 25, 27, 32, 33, 34, 36], "3": [1, 6, 8, 9, 10, 12, 14, 15, 17, 18, 19, 20, 22, 23, 24, 26, 28, 29, 30, 31, 35, 37, 38, 39], "4": [4, 7, 13, 16, 21, 25, 27, 33, 34, 36], "5": [], "6": [0, 2, 3, 11, 32], "7": [1, 8, 9, 10, 12, 14, 15, 17, 19, 20, 22, 23, 24, 28, 29, 30, 31, 35, 37, 39], "8": [4, 7, 13, 16, 21, 25, 33, 34, 36], "9": [], "10": [0, 3, 32], "11": [6, 18, 26, 38], "12": [], "13": [], "14": [2, 11], "15": [1, 8, 9, 10, 12, 14, 15, 17, 19, 20, 22, 23, 24, 28, 29, 30, 31, 35, 37], "16": [7, 13, 16, 25, 33, 34, 36], "17": [], "18": [0, 3], "19": [18, 26], "20": [], "21": [], "22": [], "23": [], "24": [4, 21], "25": [], "26": [], "27": [6, 38], "28": [], "29": [], "30": []}, "join_predecessors": {"0": [1, 2], "1": [3, 5], "2": [4, 6], "3": [7, 11], "4": [8, 12], "5": [9, 13], "6": [10, 14], "7": [15, 23], "8": [16, 24], "9": [17, 25], "10": [18, 26], "11": [19, 27], "12": [20, 28], "13": [21, 29], "14": [22, 30], "15": [], "16": [], "17": [], "18": [], "19": [], "20": [], "21": [], "22": [], "23": [], "24": [], "25": [], "26": [], "27": [], "28": [], "29": [], "30": []}, "leaf_joins": [15, 16], "opt_time": 44.62893319129944, "status": 2, "intermediate_costs": [[[1, 5, 6, 8, 9, 10, 12, 14, 15, 17, 18, 19, 20, 22, 23, 24, 26, 28, 29, 30, 31, 35, 37, 38, 39], 5162788.416467226], [[0, 2, 3, 4, 7, 11, 13, 16, 21, 25, 27, 32, 33, 34, 36], 1974433.751175475], [[1, 6, 8, 9, 10, 12, 14, 15, 17, 18, 19, 20, 22, 23, 24, 26, 28, 29, 30, 31, 35, 37, 38, 39], 5138391.155505368], [[4, 7, 13, 16, 21, 25, 27, 33, 34, 36], 1949507.3547537155], [[0, 2, 3, 11, 32], 561455.979759241], [[1, 8, 9, 10, 12, 14, 15, 17, 19, 20, 22, 23, 24, 28, 29, 30, 31, 35, 37, 39], 5041958.7928803135], [[4, 7, 13, 16, 21, 25, 33, 34, 36], 1952773.0090513378], [[0, 3, 32], 556188.6755547577], [[6, 18, 26, 38], 897664.3307774843], [[2, 11], 10047.0], [[1, 8, 9, 10, 12, 14, 15, 17, 19, 20, 22, 23, 24, 28, 29, 30, 31, 35, 37], 5404142.637101923], [[7, 13, 16, 25, 33, 34, 36], 2390966.656939281], [[0, 3], 559644.0], [[18, 26], 889202.0], [[4, 21], 173957.0], [[6, 38], 265253.0]]}