{"costs": 17, "join_operands": {"0": [0, 1, 2, 3, 4, 5], "1": [0, 1, 2, 3, 5], "2": [], "3": [0, 1, 2, 3], "4": [], "5": [0, 1, 3], "6": [0, 1]}, "join_predecessors": {"0": [1, 2], "1": [3], "2": [4], "3": [5], "4": [], "5": [6], "6": []}, "leaf_joins": [], "opt_time": 0.09695005416870117, "status": 2, "intermediate_costs": [[[0, 1, 2, 3, 5], 0.006366081643622243], [[0, 1, 2, 3], 0.006366081643622243], [[0, 1, 3], 5.4366337236533955], [[0, 1], 12.0282]]}