{"costs": 26780, "join_operands": {"0": [0, 1, 2, 3, 4, 5, 6, 7, 8, 9, 10, 11, 12, 13], "1": [0, 2, 3, 4, 7, 8, 9, 10, 11, 12, 13], "2": [1, 5, 6], "3": [0, 2, 4, 7, 8, 9, 10, 11, 12, 13], "4": [1, 5], "5": [], "6": [], "7": [0, 4, 7, 8, 9, 10, 11, 12, 13], "8": [], "9": [], "10": [], "11": [], "12": [], "13": [0, 7, 8, 9, 10, 11, 12, 13], "14": [0, 7, 9, 10, 11, 12, 13], "15": [0, 9, 10, 11, 12, 13], "16": [0, 9, 10, 12, 13], "17": [0, 9, 10, 13], "18": [0, 9, 13], "19": [0, 13], "20": [], "21": []}, "join_predecessors": {"0": [1, 2], "1": [3, 5], "2": [4, 6], "3": [7, 11], "4": [8, 12], "5": [9], "6": [10], "7": [13], "8": [], "9": [], "10": [], "11": [], "12": [], "13": [14], "14": [15], "15": [16], "16": [17], "17": [18], "18": [19], "19": [20], "20": [21], "21": []}, "leaf_joins": [], "opt_time": 5.427268028259277, "status": 2, "intermediate_costs": [[[0, 2, 3, 4, 7, 8, 9, 10, 11, 12, 13], 1.722923553787926e-59], [[1, 5, 6], 1.0], [[0, 2, 4, 7, 8, 9, 10, 11, 12, 13], 2.103615106530179e-59], [[1, 5], 1.0], [[0, 4, 7, 8, 9, 10, 11, 12, 13], 2.571804353908228e-59], [[0, 7, 8, 9, 10, 11, 12, 13], 2.571804353908228e-59], [[0, 7, 9, 10, 11, 12, 13], 2.9164865850665657e-59], [[0, 9, 10, 11, 12, 13], 3.5571920834650426e-57], [[0, 9, 10, 12, 13], 1.3252731400474692e-32], [[0, 9, 10, 13], 5.16590576577373e-16], [[0, 9, 13], 0.008996282544031514], [[0, 13], 26778.0]]}