{"costs": 10.0, "root_join": 0, "join_operands": {"0": [0, 1, 2, 3, 4, 5, 6, 7], "1": [0], "2": [1, 2, 3, 4, 5, 6, 7], "3": [1], "4": [2, 3, 4, 5, 6, 7], "5": [2], "6": [3, 4, 5, 6, 7], "7": [5], "8": [3, 4, 6, 7], "9": [4], "10": [3, 6, 7], "11": [7], "12": [3, 6], "13": [3], "14": [6]}, "join_predecessors": {"0": [1, 2], "2": [3, 4], "4": [5, 6], "6": [7, 8], "8": [9, 10], "10": [11, 12], "12": [13, 14]}, "intermediate_costs": [[[1, 2, 3, 4, 5, 6, 7], 4.8799302869314826e-21], [[2, 3, 4, 5, 6, 7], 4.8799302869314826e-21], [[3, 4, 5, 6, 7], 5.940866526987634e-19], [[3, 4, 6, 7], 3.3922821219890936e-08], [[3, 6, 7], 0.019166111127213704], [[3, 6], 10.0]]}