{"costs": 1834689.8602926359, "intermediate_costs": [[[12, 39], 52351.0], [[15, 21, 24, 29, 47], 7.111487629864354], [[21, 24, 29, 47], 2.4451295493694047], [[24, 29, 47], 7.02861244718882], [[29, 47], 1053.0], [[15, 21, 22, 24, 29, 47], 20.64453087699194], [[8, 15, 21, 22, 24, 29, 47], 0.009046479822502087], [[8, 15, 21, 22, 24, 29, 38, 47], 5.342282641534494e-07], [[8, 15, 21, 22, 24, 29, 38, 47, 48], 5.186492375731962e-05], [[8, 15, 21, 22, 24, 29, 36, 38, 47, 48], 3.503505423956646e-06], [[8, 15, 21, 22, 24, 29, 33, 36, 38, 47, 48], 1.210148008757972e-09], [[5, 8, 15, 21, 22, 24, 29, 33, 36, 38, 47, 48], 5.1506555675197535e-09], [[5, 8, 15, 21, 22, 24, 29, 30, 33, 36, 38, 47, 48], 1.4516951028535509e-08], [[5, 8, 10, 15, 21, 22, 24, 29, 30, 33, 36, 38, 47, 48], 1.4396852157565205e-11], [[3, 5, 8, 10, 15, 21, 22, 24, 29, 30, 33, 36, 38, 47, 48], 3.987808073877582e-11], [[3, 5, 8, 10, 13, 15, 21, 22, 24, 29, 30, 33, 36, 38, 47, 48], 1.1598260436911022e-10], [[3, 5, 8, 10, 13, 15, 21, 22, 24, 29, 30, 31, 33, 36, 38, 47, 48], 5.116751641940586e-09], [[3, 5, 8, 10, 13, 15, 16, 21, 22, 24, 29, 30, 31, 33, 36, 38, 47, 48], 1.5095815108697033e-09], [[3, 5, 8, 10, 13, 15, 16, 21, 22, 24, 29, 30, 31, 33, 36, 38, 43, 47, 48], 2.793961646399717e-09], [[3, 5, 8, 10, 13, 15, 16, 17, 21, 22, 24, 29, 30, 31, 33, 36, 38, 43, 47, 48], 1.5597723219828545e-07], [[3, 5, 8, 10, 13, 15, 16, 17, 21, 22, 24, 29, 30, 31, 33, 36, 37, 38, 43, 47, 48], 4.5364885246104486e-07], [[3, 5, 8, 10, 13, 15, 16, 17, 21, 22, 24, 28, 29, 30, 31, 33, 36, 37, 38, 43, 47, 48], 1.3194057723883034e-06], [[3, 5, 8, 10, 13, 15, 16, 17, 21, 22, 24, 28, 29, 30, 31, 33, 36, 37, 38, 41, 43, 47, 48], 3.4212937770578574e-06], [[3, 5, 8, 10, 13, 15, 16, 17, 21, 22, 24, 28, 29, 30, 31, 32, 33, 36, 37, 38, 41, 43, 47, 48], 9.950590327405463e-06], [[3, 5, 8, 10, 13, 15, 16, 17, 21, 22, 24, 27, 28, 29, 30, 31, 32, 33, 36, 37, 38, 41, 43, 47, 48], 2.7682306807352615e-05], [[3, 5, 8, 10, 13, 14, 15, 16, 17, 21, 22, 24, 27, 28, 29, 30, 31, 32, 33, 36, 37, 38, 41, 43, 47, 48], 7.866116884566348e-05], [[3, 5, 8, 10, 13, 14, 15, 16, 17, 21, 22, 24, 25, 27, 28, 29, 30, 31, 32, 33, 36, 37, 38, 41, 43, 47, 48], 0.00022551220178627544], [[3, 5, 8, 10, 13, 14, 15, 16, 17, 20, 21, 22, 24, 25, 27, 28, 29, 30, 31, 32, 33, 36, 37, 38, 41, 43, 47, 48], 0.0006466483060321322], [[3, 5, 8, 10, 13, 14, 15, 16, 17, 20, 21, 22, 24, 25, 27, 28, 29, 30, 31, 32, 33, 36, 37, 38, 40, 41, 43, 47, 48], 0.0018591136498002931], [[3, 5, 8, 10, 13, 14, 15, 16, 17, 20, 21, 22, 24, 25, 27, 28, 29, 30, 31, 32, 33, 36, 37, 38, 40, 41, 43, 47, 48, 49], 0.005359251289293523], [[3, 5, 8, 10, 13, 14, 15, 16, 17, 20, 21, 22, 24, 25, 27, 28, 29, 30, 31, 32, 33, 36, 37, 38, 40, 41, 43, 44, 47, 48, 49], 0.0155870061195631], [[3, 5, 8, 10, 13, 14, 15, 16, 17, 20, 21, 22, 24, 25, 27, 28, 29, 30, 31, 32, 33, 36, 37, 38, 40, 41, 43, 44, 46, 47, 48, 49], 0.04533369394116931], [[3, 5, 6, 8, 10, 13, 14, 15, 16, 17, 20, 21, 22, 24, 25, 27, 28, 29, 30, 31, 32, 33, 36, 37, 38, 40, 41, 43, 44, 46, 47, 48, 49], 0.1303343573245388], [[1, 3, 5, 6, 8, 10, 13, 14, 15, 16, 17, 20, 21, 22, 24, 25, 27, 28, 29, 30, 31, 32, 33, 36, 37, 38, 40, 41, 43, 44, 46, 47, 48, 49], 0.37716216246417483], [[1, 3, 5, 6, 8, 10, 11, 13, 14, 15, 16, 17, 20, 21, 22, 24, 25, 27, 28, 29, 30, 31, 32, 33, 36, 37, 38, 40, 41, 43, 44, 46, 47, 48, 49], 1.0969447193468471], [[1, 3, 5, 6, 8, 10, 11, 13, 14, 15, 16, 17, 20, 21, 22, 24, 25, 27, 28, 29, 30, 31, 32, 33, 36, 37, 38, 40, 41, 42, 43, 44, 46, 47, 48, 49], 3.190372304160359], [[1, 3, 5, 6, 8, 10, 11, 13, 14, 15, 16, 17, 19, 20, 21, 22, 24, 25, 27, 28, 29, 30, 31, 32, 33, 36, 37, 38, 40, 41, 42, 43, 44, 46, 47, 48, 49], 9.278959485501243], [[1, 2, 3, 5, 6, 8, 10, 11, 13, 14, 15, 16, 17, 19, 20, 21, 22, 24, 25, 27, 28, 29, 30, 31, 32, 33, 36, 37, 38, 40, 41, 42, 43, 44, 46, 47, 48, 49], 26.987181275211853], [[0, 1, 2, 3, 5, 6, 8, 10, 11, 13, 14, 15, 16, 17, 19, 20, 21, 22, 24, 25, 27, 28, 29, 30, 31, 32, 33, 36, 37, 38, 40, 41, 42, 43, 44, 46, 47, 48, 49], 78.49020705524168], [[0, 1, 2, 3, 5, 6, 8, 10, 11, 13, 14, 15, 16, 17, 19, 20, 21, 22, 24, 25, 27, 28, 29, 30, 31, 32, 33, 36, 37, 38, 40, 41, 42, 43, 44, 45, 46, 47, 48, 49], 228.283079524007], [[0, 1, 2, 3, 5, 6, 8, 10, 11, 13, 14, 15, 16, 17, 19, 20, 21, 22, 23, 24, 25, 27, 28, 29, 30, 31, 32, 33, 36, 37, 38, 40, 41, 42, 43, 44, 45, 46, 47, 48, 49], 663.9450308613226], [[0, 1, 2, 3, 5, 6, 8, 10, 11, 13, 14, 15, 16, 17, 19, 20, 21, 22, 23, 24, 25, 27, 28, 29, 30, 31, 32, 33, 35, 36, 37, 38, 40, 41, 42, 43, 44, 45, 46, 47, 48, 49], 1931.0370381870528], [[0, 1, 2, 3, 5, 6, 7, 8, 10, 11, 13, 14, 15, 16, 17, 19, 20, 21, 22, 23, 24, 25, 27, 28, 29, 30, 31, 32, 33, 35, 36, 37, 38, 40, 41, 42, 43, 44, 45, 46, 47, 48, 49], 5616.28586339149], [[0, 1, 2, 3, 5, 6, 7, 8, 10, 11, 13, 14, 15, 16, 17, 19, 20, 21, 22, 23, 24, 25, 27, 28, 29, 30, 31, 32, 33, 34, 35, 36, 37, 38, 40, 41, 42, 43, 44, 45, 46, 47, 48, 49], 16334.571555816849], [[0, 1, 2, 3, 5, 6, 7, 8, 10, 11, 13, 14, 15, 16, 17, 19, 20, 21, 22, 23, 24, 25, 26, 27, 28, 29, 30, 31, 32, 33, 34, 35, 36, 37, 38, 40, 41, 42, 43, 44, 45, 46, 47, 48, 49], 47507.95457372962], [[0, 1, 2, 3, 4, 5, 6, 7, 8, 10, 11, 13, 14, 15, 16, 17, 19, 20, 21, 22, 23, 24, 25, 26, 27, 28, 29, 30, 31, 32, 33, 34, 35, 36, 37, 38, 40, 41, 42, 43, 44, 45, 46, 47, 48, 49], 138173.55758528964], [[0, 1, 2, 3, 4, 5, 6, 7, 8, 9, 10, 11, 13, 14, 15, 16, 17, 19, 20, 21, 22, 23, 24, 25, 26, 27, 28, 29, 30, 31, 32, 33, 34, 35, 36, 37, 38, 40, 41, 42, 43, 44, 45, 46, 47, 48, 49], 401868.1123885386], [[0, 1, 2, 3, 4, 5, 6, 7, 8, 9, 10, 11, 13, 14, 15, 16, 17, 18, 19, 20, 21, 22, 23, 24, 25, 26, 27, 28, 29, 30, 31, 32, 33, 34, 35, 36, 37, 38, 40, 41, 42, 43, 44, 45, 46, 47, 48, 49], 1168805.254020152]]}