{"costs": 48768298, "root_join": 0, "join_operands": {"0": [0, 1, 2, 3, 4, 5, 6, 7, 8, 9, 10, 11, 12, 13, 14, 15, 16, 17, 18, 19], "1": [0, 1, 2, 4, 6, 7, 9, 10, 11, 12, 13, 15, 17, 18, 19], "2": [3, 5, 8, 14, 16], "3": [0, 1, 2, 4, 6, 7, 9, 10, 11, 13, 15, 17, 18, 19], "4": [3, 5, 14, 16], "5": [], "6": [], "7": [1, 2, 4, 6, 7, 9, 10, 11, 13, 15, 17, 18, 19], "8": [5, 14, 16], "9": [], "10": [], "11": [], "12": [], "13": [], "14": [], "15": [1, 2, 4, 6, 7, 9, 10, 11, 13, 15, 18, 19], "16": [5, 14], "17": [], "18": [], "19": [1, 9, 10], "20": [9, 10], "21": [1, 9, 10, 11], "22": [1, 7, 9, 10, 11], "23": [1, 7, 9, 10, 11, 15], "24": [1, 2, 7, 9, 10, 11, 15], "25": [1, 2, 4, 7, 9, 10, 11, 15], "26": [1, 2, 4, 6, 7, 9, 10, 11, 15], "27": [1, 2, 4, 6, 7, 9, 10, 11, 13, 15, 19], "28": [13, 19]}, "join_predecessors": {"0": [1, 2], "1": [3], "2": [4], "3": [7], "4": [8], "5": [], "6": [], "7": [15], "8": [16], "9": [], "10": [], "11": [], "12": [], "13": [], "14": [], "15": [27], "16": [], "17": [], "18": [], "19": [20], "20": [], "21": [19], "22": [21], "23": [22], "24": [23], "25": [24], "26": [25], "27": [26, 28], "28": []}, "intermediate_costs": [[[0, 1, 2, 4, 6, 7, 9, 10, 11, 12, 13, 15, 17, 18, 19], 25824437.540983856], [[3, 5, 8, 14, 16], 2077971.22829582], [[0, 1, 2, 4, 6, 7, 9, 10, 11, 13, 15, 17, 18, 19], 2471933.9865915896], [[3, 5, 14, 16], 2077971.2282958198], [[1, 2, 4, 6, 7, 9, 10, 11, 13, 15, 17, 18, 19], 2471933.9865915896], [[5, 14, 16], 2077971.22829582], [[1, 2, 4, 6, 7, 9, 10, 11, 13, 15, 18, 19], 2471933.9865915896], [[5, 14], 244606.0], [[1, 9, 10], 359.9997636632201], [[9, 10], 364.0], [[1, 9, 10, 11], 9645.371819156024], [[1, 7, 9, 10, 11], 7836.8640988629195], [[1, 7, 9, 10, 11, 15], 7787.575016744843], [[1, 2, 7, 9, 10, 11, 15], 1478643.3573124986], [[1, 2, 4, 7, 9, 10, 11, 15], 57252.765822600624], [[1, 2, 4, 6, 7, 9, 10, 11, 15], 59454.73562866264], [[1, 2, 4, 6, 7, 9, 10, 11, 13, 15, 19], 2471933.9865915896], [[13, 19], 4956261.0]], "time_in_s": 10}