{"costs": 1247.4544982770033, "int_costs": [[[0, 1, 2, 3, 4, 5, 6, 7, 8, 9, 10, 11, 12, 13, 14, 15, 16, 17, 18, 19, 20, 21, 22, 23, 24, 25, 26, 27, 28, 29, 30, 31, 32, 33, 35, 36, 37, 38, 39, 40, 41, 42, 43, 44, 45, 46, 47, 48, 49], 1213.6555743135689], [[0, 1, 2, 3, 4, 5, 6, 7, 8, 9, 10, 11, 12, 13, 14, 15, 16, 17, 18, 19, 20, 21, 22, 23, 24, 25, 26, 27, 28, 29, 30, 31, 32, 33, 35, 36, 37, 38, 39, 40, 41, 42, 43, 44, 45, 46, 48, 49], 1.1645014759585204], [[0, 1, 2, 3, 4, 5, 6, 7, 8, 9, 10, 11, 12, 13, 14, 15, 17, 18, 19, 20, 21, 22, 23, 24, 25, 26, 27, 28, 29, 30, 31, 32, 33, 35, 36, 37, 38, 39, 40, 41, 42, 43, 44, 45, 46, 48, 49], 0.3049293923629429], [[0, 1, 2, 3, 4, 5, 6, 7, 8, 9, 10, 11, 12, 13, 14, 17, 18, 19, 20, 21, 22, 23, 24, 25, 26, 27, 28, 29, 30, 31, 32, 33, 35, 36, 37, 38, 39, 40, 41, 42, 43, 44, 45, 46, 48, 49], 0.0798469839296069], [[0, 1, 2, 3, 4, 5, 6, 7, 8, 9, 10, 11, 12, 13, 14, 17, 18, 19, 20, 21, 23, 24, 25, 26, 27, 28, 29, 30, 31, 32, 33, 35, 36, 37, 38, 39, 40, 41, 42, 43, 44, 45, 46, 48, 49], 0.021229918631856245], [[0, 1, 2, 3, 4, 5, 6, 7, 8, 9, 10, 11, 12, 13, 14, 17, 18, 19, 20, 21, 23, 24, 25, 26, 27, 28, 30, 31, 32, 33, 35, 36, 37, 38, 39, 40, 41, 42, 43, 44, 45, 46, 48, 49], 0.00016896528679866086], [[0, 1, 2, 3, 4, 5, 6, 7, 8, 9, 10, 11, 12, 13, 14, 17, 18, 19, 20, 21, 23, 24, 25, 26, 28, 30, 31, 32, 33, 35, 36, 37, 38, 39, 40, 41, 42, 43, 44, 45, 46, 48, 49], 4.4244261974749936e-05], [[0, 1, 2, 3, 4, 5, 6, 7, 8, 9, 10, 11, 12, 13, 14, 17, 18, 20, 21, 23, 24, 25, 26, 28, 30, 31, 32, 33, 35, 36, 37, 38, 39, 40, 41, 42, 43, 44, 45, 46, 48, 49], 1.1585537516398455e-05], [[0, 1, 2, 3, 4, 5, 6, 7, 8, 9, 10, 11, 12, 13, 17, 18, 20, 21, 23, 24, 25, 26, 28, 30, 31, 32, 33, 35, 36, 37, 38, 39, 40, 41, 42, 43, 44, 45, 46, 48, 49], 3.0670576158152437e-06], [[0, 1, 2, 3, 4, 5, 6, 7, 8, 9, 10, 11, 12, 13, 17, 18, 20, 21, 23, 24, 25, 26, 28, 30, 31, 32, 35, 36, 37, 38, 39, 40, 41, 42, 43, 44, 45, 46, 48, 49], 8.085417227061426e-07], [[0, 1, 2, 3, 4, 5, 6, 7, 8, 9, 10, 11, 12, 13, 17, 18, 20, 21, 23, 24, 25, 26, 28, 30, 31, 32, 36, 37, 38, 39, 40, 41, 42, 43, 44, 45, 46, 48, 49], 2.1171994289368892e-07], [[0, 1, 2, 3, 4, 5, 6, 7, 8, 9, 10, 11, 12, 17, 18, 20, 21, 23, 24, 25, 26, 28, 30, 31, 32, 36, 37, 38, 39, 40, 41, 42, 43, 44, 45, 46, 48, 49], 5.64759749479982e-08], [[0, 1, 2, 3, 4, 5, 6, 7, 8, 9, 10, 11, 12, 17, 18, 20, 21, 23, 24, 25, 26, 28, 30, 31, 32, 36, 37, 38, 39, 40, 41, 42, 43, 45, 46, 48, 49], 1.4788460417808288e-08], [[11, 43], 32.0], [[11, 24, 43], 0.0021291585127201566], [[11, 24, 42, 43], 0.04689555800300369], [[11, 24, 25, 42, 43], 0.17909035411363214], [[11, 20, 24, 25, 42, 43], 7.120459862349229e-05], [[11, 20, 24, 25, 37, 42, 43], 4.1329192938220877e-07], [[11, 20, 24, 25, 37, 42, 43, 49], 1.1314552697309263e-07], [[11, 17, 20, 24, 25, 37, 42, 43, 49], 4.3209390914158097e-07], [[11, 17, 20, 24, 25, 37, 42, 43, 48, 49], 1.8888629425218516e-10], [[11, 17, 20, 24, 25, 30, 37, 42, 43, 48, 49], 1.5593963478502426e-13], [[11, 17, 18, 20, 24, 25, 30, 37, 42, 43, 48, 49], 5.955212564469782e-13], [[9, 11, 17, 18, 20, 24, 25, 30, 37, 42, 43, 48, 49], 2.2742491036765995e-12], [[2, 9, 11, 17, 18, 20, 24, 25, 30, 37, 42, 43, 48, 49], 5.295722758127933e-15], [[2, 7, 9, 11, 17, 18, 20, 24, 25, 30, 37, 42, 43, 48, 49], 1.2302868114919162e-17], [[2, 7, 9, 11, 17, 18, 20, 24, 25, 30, 37, 42, 43, 46, 48, 49], 3.0068025029162575e-16], [[1, 2, 7, 9, 11, 17, 18, 20, 24, 25, 30, 37, 42, 43, 46, 48, 49], 8.420678826382348e-16], [[1, 2, 7, 8, 9, 11, 17, 18, 20, 24, 25, 30, 37, 42, 43, 46, 48, 49], 3.2813664300785836e-18], [[1, 2, 7, 8, 9, 11, 17, 18, 20, 24, 25, 30, 36, 37, 42, 43, 46, 48, 49], 2.375344699106886e-20], [[1, 2, 7, 8, 9, 11, 17, 18, 20, 24, 25, 30, 36, 37, 38, 42, 43, 46, 48, 49], 7.383577015120194e-20], [[1, 2, 7, 8, 9, 11, 17, 18, 20, 24, 25, 30, 36, 37, 38, 42, 43, 45, 46, 48, 49], 2.819730341757165e-19], [[1, 2, 7, 8, 9, 11, 17, 18, 20, 24, 25, 30, 36, 37, 38, 39, 42, 43, 45, 46, 48, 49], 1.2372439532384294e-17], [[1, 2, 3, 7, 8, 9, 11, 17, 18, 20, 24, 25, 30, 36, 37, 38, 39, 42, 43, 45, 46, 48, 49], 4.724937928110893e-17], [[1, 2, 3, 7, 8, 9, 11, 17, 18, 20, 23, 24, 25, 30, 36, 37, 38, 39, 42, 43, 45, 46, 48, 49], 5.215071180815131e-20], [[1, 2, 3, 5, 7, 8, 9, 11, 17, 18, 20, 23, 24, 25, 30, 36, 37, 38, 39, 42, 43, 45, 46, 48, 49], 1.5440455183412082e-19], [[1, 2, 3, 5, 7, 8, 9, 11, 17, 18, 20, 23, 24, 25, 30, 36, 37, 38, 39, 41, 42, 43, 45, 46, 48, 49], 5.443005393954975e-19], [[1, 2, 3, 5, 7, 8, 9, 10, 11, 17, 18, 20, 23, 24, 25, 30, 36, 37, 38, 39, 41, 42, 43, 45, 46, 48, 49], 2.0062742301298878e-18], [[1, 2, 3, 4, 5, 7, 8, 9, 10, 11, 17, 18, 20, 23, 24, 25, 30, 36, 37, 38, 39, 41, 42, 43, 45, 46, 48, 49], 7.082340174029487e-18], [[1, 2, 3, 4, 5, 7, 8, 9, 10, 11, 17, 18, 20, 23, 24, 25, 26, 30, 36, 37, 38, 39, 41, 42, 43, 45, 46, 48, 49], 2.6726160716723612e-17], [[1, 2, 3, 4, 5, 7, 8, 9, 10, 11, 17, 18, 20, 23, 24, 25, 26, 30, 32, 36, 37, 38, 39, 41, 42, 43, 45, 46, 48, 49], 1.0206511872313715e-16], [[1, 2, 3, 4, 5, 7, 8, 9, 10, 11, 17, 18, 20, 21, 23, 24, 25, 26, 30, 32, 36, 37, 38, 39, 41, 42, 43, 45, 46, 48, 49], 6.251542172543687e-13], [[1, 2, 3, 4, 5, 6, 7, 8, 9, 10, 11, 17, 18, 20, 21, 23, 24, 25, 26, 30, 32, 36, 37, 38, 39, 41, 42, 43, 45, 46, 48, 49], 2.2227657985151185e-12], [[1, 2, 3, 4, 5, 6, 7, 8, 9, 10, 11, 17, 18, 20, 21, 23, 24, 25, 26, 30, 32, 36, 37, 38, 39, 40, 41, 42, 43, 45, 46, 48, 49], 8.48856289986888e-12], [[1, 2, 3, 4, 5, 6, 7, 8, 9, 10, 11, 17, 18, 20, 21, 23, 24, 25, 26, 28, 30, 32, 36, 37, 38, 39, 40, 41, 42, 43, 45, 46, 48, 49], 3.241715853483624e-11], [[1, 2, 3, 4, 5, 6, 7, 8, 9, 10, 11, 17, 18, 20, 21, 23, 24, 25, 26, 28, 30, 31, 32, 36, 37, 38, 39, 40, 41, 42, 43, 45, 46, 48, 49], 1.0140090984022055e-09], [[1, 2, 3, 4, 5, 6, 7, 8, 9, 10, 11, 12, 17, 18, 20, 21, 23, 24, 25, 26, 28, 30, 31, 32, 36, 37, 38, 39, 40, 41, 42, 43, 45, 46, 48, 49], 3.872421531659922e-09]]}