{"costs": 103547, "root_join": 28, "join_operands": {"0": [13, 26], "1": [13, 26, 29], "2": [2, 13, 26, 29], "3": [2, 8, 13, 26, 29], "4": [2, 8, 13, 26, 28, 29], "5": [2, 8, 13, 19, 26, 28, 29], "6": [2, 8, 13, 17, 19, 26, 28, 29], "7": [2, 8, 13, 15, 17, 19, 26, 28, 29], "8": [2, 8, 13, 15, 17, 18, 19, 26, 28, 29], "9": [2, 8, 13, 15, 17, 18, 19, 20, 26, 28, 29], "10": [0, 2, 8, 13, 15, 17, 18, 19, 20, 26, 28, 29], "11": [0, 2, 8, 13, 15, 17, 18, 19, 20, 23, 26, 28, 29], "12": [0, 2, 8, 13, 15, 17, 18, 19, 20, 21, 23, 26, 28, 29], "13": [0, 2, 7, 8, 13, 15, 17, 18, 19, 20, 21, 23, 26, 28, 29], "14": [0, 2, 7, 8, 12, 13, 15, 17, 18, 19, 20, 21, 23, 26, 28, 29], "15": [0, 2, 7, 8, 9, 12, 13, 15, 17, 18, 19, 20, 21, 23, 26, 28, 29], "16": [0, 2, 7, 8, 9, 12, 13, 15, 17, 18, 19, 20, 21, 23, 24, 26, 28, 29], "17": [0, 2, 7, 8, 9, 12, 13, 15, 17, 18, 19, 20, 21, 22, 23, 24, 26, 28, 29], "18": [0, 2, 7, 8, 9, 12, 13, 15, 17, 18, 19, 20, 21, 22, 23, 24, 26, 27, 28, 29], "19": [0, 1, 2, 7, 8, 9, 12, 13, 15, 17, 18, 19, 20, 21, 22, 23, 24, 26, 27, 28, 29], "20": [0, 1, 2, 3, 7, 8, 9, 12, 13, 15, 17, 18, 19, 20, 21, 22, 23, 24, 26, 27, 28, 29], "21": [0, 1, 2, 3, 6, 7, 8, 9, 12, 13, 15, 17, 18, 19, 20, 21, 22, 23, 24, 26, 27, 28, 29], "22": [0, 1, 2, 3, 6, 7, 8, 9, 12, 13, 15, 17, 18, 19, 20, 21, 22, 23, 24, 25, 26, 27, 28, 29], "23": [0, 1, 2, 3, 5, 6, 7, 8, 9, 12, 13, 15, 17, 18, 19, 20, 21, 22, 23, 24, 25, 26, 27, 28, 29], "24": [0, 1, 2, 3, 4, 5, 6, 7, 8, 9, 12, 13, 15, 17, 18, 19, 20, 21, 22, 23, 24, 25, 26, 27, 28, 29], "25": [0, 1, 2, 3, 4, 5, 6, 7, 8, 9, 10, 12, 13, 15, 17, 18, 19, 20, 21, 22, 23, 24, 25, 26, 27, 28, 29], "26": [0, 1, 2, 3, 4, 5, 6, 7, 8, 9, 10, 12, 13, 15, 16, 17, 18, 19, 20, 21, 22, 23, 24, 25, 26, 27, 28, 29], "27": [0, 1, 2, 3, 4, 5, 6, 7, 8, 9, 10, 11, 12, 13, 15, 16, 17, 18, 19, 20, 21, 22, 23, 24, 25, 26, 27, 28, 29], "28": [0, 1, 2, 3, 4, 5, 6, 7, 8, 9, 10, 11, 12, 13, 14, 15, 16, 17, 18, 19, 20, 21, 22, 23, 24, 25, 26, 27, 28, 29]}, "join_predecessors": {"0": [], "1": [0], "2": [1], "3": [2], "4": [3], "5": [4], "6": [5], "7": [6], "8": [7], "9": [8], "10": [9], "11": [10], "12": [11], "13": [12], "14": [13], "15": [14], "16": [15], "17": [16], "18": [17], "19": [18], "20": [19], "21": [20], "22": [21], "23": [22], "24": [23], "25": [24], "26": [25], "27": [26], "28": [27]}, "intermediate_costs": [[[13, 26], 1005.0], [[13, 26, 29], 121.61216461438755], [[2, 13, 26, 29], 123.01268099578805], [[2, 8, 13, 26, 29], 128.88478924961353], [[2, 8, 13, 26, 28, 29], 137.513169987657], [[2, 8, 13, 19, 26, 28, 29], 12.879929994658415], [[2, 8, 13, 17, 19, 26, 28, 29], 13.462247736325622], [[2, 8, 13, 15, 17, 19, 26, 28, 29], 14.418298989523723], [[2, 8, 13, 15, 17, 18, 19, 26, 28, 29], 15.442261967151667], [[2, 8, 13, 15, 17, 18, 19, 20, 26, 28, 29], 16.53895155096649], [[0, 2, 8, 13, 15, 17, 18, 19, 20, 26, 28, 29], 17.71353040711585], [[0, 2, 8, 13, 15, 17, 18, 19, 20, 23, 26, 28, 29], 18.971526612004737], [[0, 2, 8, 13, 15, 17, 18, 19, 20, 21, 23, 26, 28, 29], 68.56144747781886], [[0, 2, 7, 8, 13, 15, 17, 18, 19, 20, 21, 23, 26, 28, 29], 73.43011685400845], [[0, 2, 7, 8, 12, 13, 15, 17, 18, 19, 20, 21, 23, 26, 28, 29], 78.64451903437073], [[0, 2, 7, 8, 9, 12, 13, 15, 17, 18, 19, 20, 21, 23, 26, 28, 29], 79.2750764252922], [[0, 2, 7, 8, 9, 12, 13, 15, 17, 18, 19, 20, 21, 23, 24, 26, 28, 29], 84.90453949944589], [[0, 2, 7, 8, 9, 12, 13, 15, 17, 18, 19, 20, 21, 22, 23, 24, 26, 28, 29], 90.93436534621158], [[0, 2, 7, 8, 9, 12, 13, 15, 17, 18, 19, 20, 21, 22, 23, 24, 26, 27, 28, 29], 97.39242215855215], [[0, 1, 2, 7, 8, 9, 12, 13, 15, 17, 18, 19, 20, 21, 22, 23, 24, 26, 27, 28, 29], 104.06728137720435], [[0, 1, 2, 3, 7, 8, 9, 12, 13, 15, 17, 18, 19, 20, 21, 22, 23, 24, 26, 27, 28, 29], 100.31221558732986], [[0, 1, 2, 3, 6, 7, 8, 9, 12, 13, 15, 17, 18, 19, 20, 21, 22, 23, 24, 26, 27, 28, 29], 107.43627682389646], [[0, 1, 2, 3, 6, 7, 8, 9, 12, 13, 15, 17, 18, 19, 20, 21, 22, 23, 24, 25, 26, 27, 28, 29], 115.06608899594566], [[0, 1, 2, 3, 5, 6, 7, 8, 9, 12, 13, 15, 17, 18, 19, 20, 21, 22, 23, 24, 25, 26, 27, 28, 29], 123.23774825635005], [[0, 1, 2, 3, 4, 5, 6, 7, 8, 9, 12, 13, 15, 17, 18, 19, 20, 21, 22, 23, 24, 25, 26, 27, 28, 29], 131.98981603488681], [[0, 1, 2, 3, 4, 5, 6, 7, 8, 9, 10, 12, 13, 15, 17, 18, 19, 20, 21, 22, 23, 24, 25, 26, 27, 28, 29], 2483.428559509971], [[0, 1, 2, 3, 4, 5, 6, 7, 8, 9, 10, 12, 13, 15, 16, 17, 18, 19, 20, 21, 22, 23, 24, 25, 26, 27, 28, 29], 47408.47381329109], [[0, 1, 2, 3, 4, 5, 6, 7, 8, 9, 10, 11, 12, 13, 15, 16, 17, 18, 19, 20, 21, 22, 23, 24, 25, 26, 27, 28, 29], 50775.36782845047]]}