{"costs": 3775730, "root_join": 18, "join_operands": {"0": [0, 9], "1": [0, 5, 9], "2": [0, 5, 9, 12], "3": [0, 5, 9, 12, 14], "4": [0, 2, 5, 9, 12, 14], "5": [0, 2, 5, 9, 12, 14, 15], "6": [0, 2, 5, 9, 11, 12, 14, 15], "7": [0, 2, 5, 9, 11, 12, 14, 15, 16], "8": [0, 2, 5, 9, 11, 12, 14, 15, 16, 19], "9": [0, 2, 5, 8, 9, 11, 12, 14, 15, 16, 17, 19], "10": [8, 17], "11": [0, 2, 5, 7, 8, 9, 11, 12, 14, 15, 16, 17, 19], "12": [0, 2, 4, 5, 7, 8, 9, 11, 12, 14, 15, 16, 17, 19], "13": [0, 2, 4, 5, 7, 8, 9, 10, 11, 12, 14, 15, 16, 17, 19], "14": [0, 2, 4, 5, 7, 8, 9, 10, 11, 12, 14, 15, 16, 17, 18, 19], "15": [0, 2, 4, 5, 7, 8, 9, 10, 11, 12, 13, 14, 15, 16, 17, 18, 19], "16": [0, 2, 4, 5, 6, 7, 8, 9, 10, 11, 12, 13, 14, 15, 16, 17, 18, 19], "17": [0, 2, 3, 4, 5, 6, 7, 8, 9, 10, 11, 12, 13, 14, 15, 16, 17, 18, 19], "18": [0, 1, 2, 3, 4, 5, 6, 7, 8, 9, 10, 11, 12, 13, 14, 15, 16, 17, 18, 19]}, "join_predecessors": {"0": [], "1": [0], "2": [1], "3": [2], "4": [3], "5": [4], "6": [5], "7": [6], "8": [7], "9": [8, 10], "10": [], "11": [9], "12": [11], "13": [12], "14": [13], "15": [14], "16": [15], "17": [16], "18": [17]}, "intermediate_costs": [[[0, 9], 13.0], [[0, 5, 9], 0.00017037037037037034], [[0, 5, 9, 12], 0.010487469601677148], [[0, 5, 9, 12, 14], 0.031474452919633585], [[0, 2, 5, 9, 12, 14], 0.11125230202285846], [[0, 2, 5, 9, 12, 14, 15], 0.38882350191621207], [[0, 2, 5, 9, 11, 12, 14, 15], 1.3463188505984534], [[0, 2, 5, 9, 11, 12, 14, 15, 16], 4.758814133109657], [[0, 2, 5, 9, 11, 12, 14, 15, 16, 19], 16.82091277517037], [[0, 2, 5, 8, 9, 11, 12, 14, 15, 16, 17, 19], 3.310546743394459], [[8, 17], 1728.0], [[0, 2, 5, 7, 8, 9, 11, 12, 14, 15, 16, 17, 19], 11.70174258778502], [[0, 2, 4, 5, 7, 8, 9, 11, 12, 14, 15, 16, 17, 19], 1030.122332797436], [[0, 2, 4, 5, 7, 8, 9, 10, 11, 12, 14, 15, 16, 17, 19], 17850.210532139197], [[0, 2, 4, 5, 7, 8, 9, 10, 11, 12, 14, 15, 16, 17, 18, 19], 61366.27626313664], [[0, 2, 4, 5, 7, 8, 9, 10, 11, 12, 13, 14, 15, 16, 17, 18, 19], 216910.56421516908], [[0, 2, 4, 5, 6, 7, 8, 9, 10, 11, 12, 13, 14, 15, 16, 17, 18, 19], 766710.8427905599], [[0, 2, 3, 4, 5, 6, 7, 8, 9, 10, 11, 12, 13, 14, 15, 16, 17, 18, 19], 2710082.6647272212]]}