{"costs": 725570.3884034705, "int_costs": [[[0, 1, 2, 3, 4, 5, 6, 7, 8, 9, 10, 11, 12, 13, 14, 15, 16, 17, 18, 19, 20, 21, 22, 23, 24, 25, 26, 27, 28, 29, 30, 31, 32, 33, 34, 36, 37, 38, 39, 40, 41, 42, 43, 44, 45, 46, 47, 48, 49], 240263.91456145354], [[0, 1, 2, 3, 4, 5, 6, 7, 8, 9, 10, 11, 12, 13, 14, 15, 16, 17, 18, 19, 20, 21, 22, 23, 24, 25, 26, 27, 28, 29, 30, 31, 32, 33, 34, 36, 37, 38, 39, 40, 41, 42, 43, 44, 45, 46, 48, 49], 72465.96815027799], [[0, 1, 2, 3, 4, 5, 6, 7, 8, 9, 10, 11, 12, 13, 14, 15, 16, 17, 18, 19, 20, 21, 22, 23, 24, 25, 26, 27, 28, 29, 30, 31, 32, 33, 34, 36, 38, 39, 40, 41, 42, 43, 44, 45, 46, 48, 49], 1167.210516639293], [[0, 2, 3, 4, 5, 6, 7, 8, 9, 10, 11, 12, 13, 14, 15, 16, 17, 18, 19, 20, 21, 22, 23, 24, 25, 26, 27, 28, 29, 30, 31, 32, 33, 34, 36, 38, 39, 40, 41, 42, 43, 44, 45, 46, 48, 49], 1273.3205636065013], [[0, 2, 3, 4, 5, 6, 7, 8, 9, 10, 11, 12, 13, 14, 15, 16, 17, 18, 19, 20, 21, 22, 23, 24, 25, 26, 27, 28, 30, 31, 32, 33, 34, 36, 38, 39, 40, 41, 42, 43, 44, 45, 46, 48, 49], 1273.3205636065015], [[0, 2, 3, 4, 5, 6, 7, 8, 9, 10, 11, 12, 13, 14, 15, 16, 17, 18, 19, 20, 21, 22, 23, 24, 26, 27, 28, 30, 31, 32, 33, 34, 36, 38, 39, 40, 41, 42, 43, 44, 45, 46, 48, 49], 1273.3205636065013], [[0, 2, 3, 4, 5, 6, 7, 8, 9, 10, 11, 12, 13, 14, 15, 16, 17, 18, 19, 20, 21, 22, 23, 24, 26, 27, 28, 30, 32, 33, 34, 36, 38, 39, 40, 41, 42, 43, 44, 45, 46, 48, 49], 1591.6507045081266], [[0, 2, 3, 4, 5, 6, 7, 8, 9, 10, 11, 12, 13, 14, 15, 16, 17, 18, 19, 20, 21, 22, 23, 24, 26, 27, 28, 30, 32, 33, 34, 38, 39, 40, 41, 42, 43, 44, 45, 46, 48, 49], 1591.6507045081266], [[0, 2, 3, 4, 5, 6, 7, 8, 9, 10, 11, 12, 13, 14, 15, 16, 17, 18, 19, 20, 21, 22, 23, 24, 26, 27, 28, 30, 32, 33, 34, 39, 40, 41, 42, 43, 44, 45, 46, 48, 49], 1591.6507045081266], [[0, 2, 3, 4, 5, 6, 7, 8, 9, 10, 11, 12, 13, 14, 15, 16, 17, 18, 20, 21, 22, 23, 24, 26, 27, 28, 30, 32, 33, 34, 39, 40, 41, 42, 43, 44, 45, 46, 48, 49], 1740.8679673775805], [[0, 2, 3, 4, 5, 6, 7, 8, 9, 10, 11, 12, 13, 14, 15, 16, 18, 20, 21, 22, 23, 24, 26, 27, 28, 30, 32, 33, 34, 39, 40, 41, 42, 43, 44, 45, 46, 48, 49], 1740.8679673775805], [[0, 2, 3, 4, 5, 6, 7, 8, 9, 10, 11, 12, 13, 14, 15, 16, 18, 20, 21, 22, 23, 24, 26, 27, 28, 32, 33, 34, 39, 40, 41, 42, 43, 44, 45, 46, 48, 49], 1740.8679673775805], [[0, 2, 3, 4, 5, 6, 7, 8, 9, 10, 11, 12, 13, 14, 15, 16, 18, 20, 22, 23, 24, 26, 27, 28, 32, 33, 34, 39, 40, 41, 42, 43, 44, 45, 46, 48, 49], 1740.8679673775803], [[0, 4, 40, 42], 253.56921620348564], [[0, 4, 42], 201.0], [[4, 42], 201.0], [[0, 4, 22, 40, 42], 296.8615214089588], [[0, 4, 22, 40, 42, 49], 1490.4922220741473], [[0, 2, 3, 4, 11, 22, 27, 40, 42, 44, 46, 49], 62.253032146009886], [[2, 3, 11, 27, 44, 46], 20400.0], [[3, 11, 27, 44, 46], 20400.0], [[3, 27, 44, 46], 20400.0], [[3, 27, 46], 20400.0], [[3, 27], 149900.0], [[0, 2, 3, 4, 11, 13, 22, 27, 40, 42, 44, 46, 49], 55.70003588719587], [[0, 2, 3, 4, 11, 13, 22, 26, 27, 40, 42, 44, 46, 49], 55.70003588719587], [[0, 2, 3, 4, 11, 13, 22, 23, 26, 27, 40, 42, 44, 46, 49], 52.423468953114785], [[0, 2, 3, 4, 11, 13, 22, 23, 26, 27, 40, 41, 42, 44, 46, 49], 52.423468953114785], [[0, 2, 3, 4, 11, 13, 18, 22, 23, 26, 27, 40, 41, 42, 44, 46, 49], 49.66433894897979], [[0, 2, 3, 4, 11, 13, 18, 22, 23, 26, 27, 39, 40, 41, 42, 44, 46, 49], 49.44137738823778], [[0, 2, 3, 4, 11, 13, 18, 22, 23, 26, 27, 39, 40, 41, 42, 44, 45, 46, 49], 49.336849494488646], [[0, 2, 3, 4, 11, 13, 18, 22, 23, 26, 27, 33, 39, 40, 41, 42, 44, 45, 46, 49], 49.33684949448865], [[0, 2, 3, 4, 10, 11, 13, 18, 22, 23, 26, 27, 33, 39, 40, 41, 42, 44, 45, 46, 49], 49.33684949448865], [[0, 2, 3, 4, 10, 11, 13, 18, 22, 23, 26, 27, 33, 34, 39, 40, 41, 42, 44, 45, 46, 49], 49.33684949448866], [[0, 2, 3, 4, 8, 10, 11, 13, 18, 22, 23, 26, 27, 33, 34, 39, 40, 41, 42, 44, 45, 46, 49], 49.33684949448865], [[0, 2, 3, 4, 8, 10, 11, 13, 18, 22, 23, 26, 27, 28, 33, 34, 39, 40, 41, 42, 44, 45, 46, 49], 49.33684949448866], [[0, 2, 3, 4, 8, 9, 10, 11, 13, 18, 22, 23, 26, 27, 28, 33, 34, 39, 40, 41, 42, 44, 45, 46, 49], 49.33684949448866], [[0, 2, 3, 4, 8, 9, 10, 11, 13, 18, 22, 23, 26, 27, 28, 33, 34, 39, 40, 41, 42, 44, 45, 46, 48, 49], 49.33684949448866], [[0, 2, 3, 4, 8, 9, 10, 11, 13, 16, 18, 22, 23, 26, 27, 28, 33, 34, 39, 40, 41, 42, 44, 45, 46, 48, 49], 3375.6791382276315], [[0, 2, 3, 4, 7, 8, 9, 10, 11, 13, 16, 18, 22, 23, 26, 27, 28, 33, 34, 39, 40, 41, 42, 44, 45, 46, 48, 49], 1770.933209439419], [[0, 2, 3, 4, 5, 7, 8, 9, 10, 11, 13, 16, 18, 22, 23, 26, 27, 28, 33, 34, 39, 40, 41, 42, 44, 45, 46, 48, 49], 1705.8247980608535], [[0, 2, 3, 4, 5, 7, 8, 9, 10, 11, 13, 14, 16, 18, 22, 23, 26, 27, 28, 33, 34, 39, 40, 41, 42, 44, 45, 46, 48, 49], 3938.4478631075776], [[0, 2, 3, 4, 5, 7, 8, 9, 10, 11, 13, 14, 16, 18, 22, 23, 26, 27, 28, 32, 33, 34, 39, 40, 41, 42, 44, 45, 46, 48, 49], 30908.42039279457], [[0, 2, 3, 4, 5, 7, 8, 9, 10, 11, 13, 14, 16, 18, 22, 23, 26, 27, 28, 32, 33, 34, 39, 40, 41, 42, 43, 44, 45, 46, 48, 49], 39650.81524113075], [[0, 2, 3, 4, 5, 7, 8, 9, 10, 11, 13, 14, 15, 16, 18, 22, 23, 26, 27, 28, 32, 33, 34, 39, 40, 41, 42, 43, 44, 45, 46, 48, 49], 39650.81524113075], [[0, 2, 3, 4, 5, 7, 8, 9, 10, 11, 12, 13, 14, 15, 16, 18, 22, 23, 26, 27, 28, 32, 33, 34, 39, 40, 41, 42, 43, 44, 45, 46, 48, 49], 38579.149414027364], [[0, 2, 3, 4, 5, 6, 7, 8, 9, 10, 11, 12, 13, 14, 15, 16, 18, 22, 23, 26, 27, 28, 32, 33, 34, 39, 40, 41, 42, 43, 44, 45, 46, 48, 49], 78.73272214270463], [[0, 2, 3, 4, 5, 6, 7, 8, 9, 10, 11, 12, 13, 14, 15, 16, 18, 22, 23, 24, 26, 27, 28, 32, 33, 34, 39, 40, 41, 42, 43, 44, 45, 46, 48, 49], 1740.8679673775803]]}