{"costs": 1521034884, "root_join": 0, "join_operands": {"0": [0, 1, 2, 3, 4, 5, 6, 7, 8, 9, 10, 11, 12, 13, 14, 15, 16, 17, 18, 19], "1": [4, 11], "2": [0, 1, 2, 3, 5, 6, 7, 8, 9, 10, 12, 13, 14, 15, 16, 17, 18, 19], "3": [], "4": [0, 3, 5, 6, 7, 8, 9, 10, 12, 15, 16, 17, 18, 19], "5": [], "6": [1, 2, 13, 14], "7": [], "8": [0, 3, 5, 7, 8, 9, 10, 12, 15, 16, 17, 18, 19], "9": [], "10": [2, 13, 14], "11": [], "12": [], "13": [], "14": [], "15": [], "16": [0, 3, 5, 7, 8, 9, 12, 15, 16, 17, 18, 19], "17": [], "18": [2, 13], "19": [0, 3, 9, 15, 16, 17, 18, 19], "20": [3, 9, 15, 16, 17, 18, 19], "21": [3, 17, 19], "22": [17, 19], "23": [3, 9, 15, 16, 17, 19], "24": [9, 15, 16], "25": [9, 15], "26": [0, 3, 5, 9, 15, 16, 17, 18, 19], "27": [0, 3, 5, 7, 9, 15, 16, 17, 18, 19], "28": [0, 3, 5, 7, 9, 12, 15, 16, 17, 18, 19]}, "join_predecessors": {"0": [1, 2], "1": [], "2": [4, 6], "3": [], "4": [8], "5": [], "6": [10], "7": [], "8": [16], "9": [], "10": [18], "11": [], "12": [], "13": [], "14": [], "15": [], "16": [28], "17": [], "18": [], "19": [20], "21": [22], "22": [], "23": [21, 24], "25": [], "24": [25], "20": [23], "26": [19], "27": [26], "28": [27]}, "intermediate_costs": [[[4, 11], 54081730.0], [[0, 1, 2, 3, 5, 6, 7, 8, 9, 10, 12, 13, 14, 15, 16, 17, 18, 19], 1326850969.206513], [[0, 3, 5, 6, 7, 8, 9, 10, 12, 15, 16, 17, 18, 19], 843117.8584967632], [[1, 2, 13, 14], 62949726.699999996], [[0, 3, 5, 7, 8, 9, 10, 12, 15, 16, 17, 18, 19], 843117.8584967632], [[2, 13, 14], 62949726.699999996], [[0, 3, 5, 7, 8, 9, 12, 15, 16, 17, 18, 19], 843117.8584967632], [[2, 13], 5744900.0], [[0, 3, 9, 15, 16, 17, 18, 19], 446144.32593740424], [[3, 9, 15, 16, 17, 18, 19], 446144.32593740424], [[3, 17, 19], 31639.174976936258], [[17, 19], 31000.0], [[3, 9, 15, 16, 17, 19], 446144.32593740424], [[9, 15, 16], 1396000.0], [[9, 15], 1396000.0], [[0, 3, 5, 9, 15, 16, 17, 18, 19], 446144.32593740424], [[0, 3, 5, 7, 9, 15, 16, 17, 18, 19], 446144.32593740424], [[0, 3, 5, 7, 9, 12, 15, 16, 17, 18, 19], 843117.8584967632]], "time_in_s": 10}