{"costs": 728.0, "root_join": 0, "join_operands": {"0": [0, 1, 2, 3, 4, 5, 6, 7], "1": [1], "2": [0, 2, 3, 4, 5, 6, 7], "3": [3], "4": [0, 2, 4, 5, 6, 7], "5": [6], "6": [0, 2, 4, 5, 7], "7": [7], "8": [0, 2, 4, 5], "9": [4], "10": [0, 2, 5], "11": [0], "12": [2, 5], "13": [2], "14": [5]}, "join_predecessors": {"0": [1, 2], "2": [3, 4], "4": [5, 6], "6": [7, 8], "8": [9, 10], "10": [11, 12], "12": [13, 14]}, "intermediate_costs": [[[0, 2, 3, 4, 5, 6, 7], 4.2644129267892325e-12], [[0, 2, 4, 5, 6, 7], 4.649070373614407e-12], [[0, 2, 4, 5, 7], 1.460339658209883e-11], [[0, 2, 4, 5], 0.00013889276351257104], [[0, 2, 5], 0.0003872152288159332], [[2, 5], 728.0]]}