{"costs": 190958998, "root_join": 24, "join_operands": {"0": [0, 18, 23, 27, 29], "1": [18, 23, 27, 29], "2": [18, 23, 29], "3": [18, 29], "4": [0, 4, 18, 23, 27, 29], "5": [0, 4, 11, 18, 23, 27, 29], "6": [0, 4, 10, 11, 18, 23, 27, 29], "7": [0, 1, 2, 3, 4, 10, 11, 14, 15, 18, 19, 20, 23, 26, 27, 28, 29], "8": [1, 2, 3, 14, 15, 19, 20, 26, 28], "9": [19, 28], "10": [1, 19, 28], "11": [1, 19, 20, 28], "12": [1, 19, 20, 26, 28], "13": [1, 14, 19, 20, 26, 28], "14": [1, 14, 15, 19, 20, 26, 28], "15": [1, 2, 14, 15, 19, 20, 26, 28], "16": [0, 1, 2, 3, 4, 5, 10, 11, 14, 15, 18, 19, 20, 23, 26, 27, 28, 29], "17": [0, 1, 2, 3, 4, 5, 8, 10, 11, 14, 15, 18, 19, 20, 23, 26, 27, 28, 29], "18": [0, 1, 2, 3, 4, 5, 7, 8, 10, 11, 13, 14, 15, 17, 18, 19, 20, 23, 25, 26, 27, 28, 29], "19": [7, 13, 17, 25], "20": [7, 13, 17], "21": [7, 13], "22": [0, 1, 2, 3, 4, 5, 7, 8, 10, 11, 13, 14, 15, 17, 18, 19, 20, 21, 22, 23, 25, 26, 27, 28, 29], "23": [21, 22], "24": [0, 1, 2, 3, 4, 5, 6, 7, 8, 9, 10, 11, 12, 13, 14, 15, 16, 17, 18, 19, 20, 21, 22, 23, 24, 25, 26, 27, 28, 29], "25": [6, 9, 12, 16, 24], "26": [9, 12, 24], "27": [12, 24], "28": [6, 9, 12, 24]}, "join_predecessors": {"0": [1], "1": [2], "3": [], "2": [3], "4": [0], "5": [4], "6": [5], "7": [6, 8], "9": [], "10": [9], "11": [10], "12": [11], "13": [12], "14": [13], "15": [14], "8": [15], "16": [7], "17": [16], "18": [17, 19], "19": [20], "21": [], "20": [21], "22": [18, 23], "23": [], "24": [22, 25], "26": [27], "27": [], "28": [26], "25": [28]}, "intermediate_costs": [[[0, 18, 23, 27, 29], 3621.047178785378], [[18, 23, 27, 29], 2016.9049125250854], [[18, 23, 29], 1123.4035625085137], [[18, 29], 77527.0], [[0, 4, 18, 23, 27, 29], 6501.054551642462], [[0, 4, 11, 18, 23, 27, 29], 11671.68337612675], [[0, 4, 10, 11, 18, 23, 27, 29], 20954.790682547955], [[0, 1, 2, 3, 4, 10, 11, 14, 15, 18, 19, 20, 23, 26, 27, 28, 29], 4176196.863605554], [[1, 2, 3, 14, 15, 19, 20, 26, 28], 52617019.972345404], [[19, 28], 179.0], [[1, 19, 28], 2882.2736625000002], [[1, 19, 20, 28], 5174.69837946402], [[1, 19, 20, 26, 28], 9290.409743813683], [[1, 14, 19, 20, 26, 28], 93822.55107254745], [[1, 14, 15, 19, 20, 26, 28], 166593.40662999463], [[1, 2, 14, 15, 19, 20, 26, 28], 29307340.389017], [[0, 1, 2, 3, 4, 5, 10, 11, 14, 15, 18, 19, 20, 23, 26, 27, 28, 29], 16244249.725826006], [[0, 1, 2, 3, 4, 5, 8, 10, 11, 14, 15, 18, 19, 20, 23, 26, 27, 28, 29], 29164161.91409191], [[0, 1, 2, 3, 4, 5, 7, 8, 10, 11, 13, 14, 15, 17, 18, 19, 20, 23, 25, 26, 27, 28, 29], 35845.23890052318], [[7, 13, 17, 25], 1454.9435378705844], [[7, 13, 17], 43.08844635193133], [[7, 13], 24.0], [[0, 1, 2, 3, 4, 5, 7, 8, 10, 11, 13, 14, 15, 17, 18, 19, 20, 21, 22, 23, 25, 26, 27, 28, 29], 16114025.300396472], [[21, 22], 42316469.0], [[6, 9, 12, 16, 24], 284128.86252865853], [[9, 12, 24], 88151.74699192854], [[12, 24], 50269.0], [[6, 9, 12, 24], 158260.72034061627]]}