{"costs": 9925.0, "root_join": 0, "join_operands": {"0": [0, 1, 2, 3], "1": [0], "2": [1, 2, 3], "3": [1], "4": [2, 3], "5": [2], "6": [3]}, "join_predecessors": {"0": [1, 2], "2": [3, 4], "4": [5, 6]}, "intermediate_costs": [[[1, 2, 3], 7609.314606374114], [[2, 3], 2315.7309999999998]]}