{"costs": 9925, "join_operands": {"0": [0, 1, 2, 3], "1": [1, 2, 3], "2": [], "3": [2, 3]}, "join_predecessors": {"0": [1, 2], "1": [3], "2": [], "3": []}, "leaf_joins": [], "opt_time": 0.030714035034179688, "status": 2, "intermediate_costs": [[[1, 2, 3], 7609.314606374114], [[2, 3], 2315.7309999999998]]}