{"costs": 751527, "root_join": 2, "join_operands": {"0": [3, 10, 13], "1": [10, 13], "2": [0, 1, 2, 3, 4, 5, 6, 7, 8, 9, 10, 11, 12, 13, 14, 15, 16, 17, 18, 19], "3": [0, 1, 2, 4, 5, 6, 7, 8, 9, 11, 12, 14, 15, 16, 17, 18, 19], "4": [0, 1, 2, 4, 5, 6, 8, 9, 12, 16, 17, 18, 19], "5": [1, 2, 4, 5, 6, 8, 9, 12, 16, 17, 18, 19], "6": [4, 9, 16], "7": [4, 9], "8": [1, 4, 9, 12, 16, 18], "9": [1, 12, 18], "10": [1, 12], "11": [1, 4, 6, 9, 12, 16, 18], "12": [1, 4, 6, 9, 12, 16, 18, 19], "13": [1, 2, 4, 6, 9, 12, 16, 18, 19], "14": [1, 2, 4, 6, 9, 12, 16, 17, 18, 19], "15": [1, 2, 4, 6, 8, 9, 12, 16, 17, 18, 19], "16": [0, 1, 2, 4, 5, 6, 8, 9, 12, 14, 16, 17, 18, 19], "17": [0, 1, 2, 4, 5, 6, 8, 9, 11, 12, 14, 16, 17, 18, 19], "18": [0, 1, 2, 4, 5, 6, 7, 8, 9, 11, 12, 14, 16, 17, 18, 19]}, "join_predecessors": {"0": [1], "1": [], "2": [0, 3], "4": [5], "6": [7], "7": [], "8": [6, 9], "10": [], "9": [10], "11": [8], "12": [11], "13": [12], "14": [13], "15": [14], "5": [15], "16": [4], "17": [16], "18": [17], "3": [18]}, "intermediate_costs": [[[3, 10, 13], 89549.94834601044], [[10, 13], 28324.0], [[0, 1, 2, 4, 5, 6, 7, 8, 9, 11, 12, 14, 15, 16, 17, 18, 19], 381381.6782435484], [[0, 1, 2, 4, 5, 6, 8, 9, 12, 16, 17, 18, 19], 2504.3099487837326], [[1, 2, 4, 5, 6, 8, 9, 12, 16, 17, 18, 19], 760.4112915484291], [[4, 9, 16], 67527.66647572313], [[4, 9], 27204.0], [[1, 4, 9, 12, 16, 18], 0.2515953677807326], [[1, 12, 18], 5.803616926503341], [[1, 12], 5616.0], [[1, 4, 6, 9, 12, 16, 18], 0.8838343546810609], [[1, 4, 6, 9, 12, 16, 18, 19], 0.637599614294874], [[1, 2, 4, 6, 9, 12, 16, 18, 19], 1.928747944907118], [[1, 2, 4, 6, 9, 12, 16, 17, 18, 19], 4.065318480877979], [[1, 2, 4, 6, 8, 9, 12, 16, 17, 18, 19], 378.8073138794214], [[0, 1, 2, 4, 5, 6, 8, 9, 12, 14, 16, 17, 18, 19], 8797.423083994749], [[0, 1, 2, 4, 5, 6, 8, 9, 11, 12, 14, 16, 17, 18, 19], 30904.61417548322], [[0, 1, 2, 4, 5, 6, 7, 8, 9, 11, 12, 14, 16, 17, 18, 19], 108565.43467631935]]}