{"costs": 2569697, "root_join": 25, "join_operands": {"0": [0, 2, 3, 4, 5, 9, 10, 11, 12, 13, 14, 16, 18, 21, 23, 25, 27, 29], "1": [2, 3, 4, 5, 9, 10, 11, 12, 13, 14, 16, 18, 21, 23, 25, 27, 29], "2": [2, 3, 4, 9, 10, 11, 12, 13, 14, 16, 18, 21, 23, 25, 27, 29], "3": [3, 4, 9, 10, 11, 12, 13, 14, 16, 18, 21, 23, 25, 27, 29], "4": [3, 4, 9, 10, 14, 18, 25, 29], "5": [3, 4, 9, 10, 18, 25, 29], "6": [9, 29], "7": [3, 4, 9, 10, 29], "8": [3, 4, 10], "9": [3, 4], "10": [3, 4, 9, 10, 25, 29], "11": [3, 4, 9, 10, 13, 14, 18, 25, 29], "12": [3, 4, 9, 10, 11, 13, 14, 16, 18, 21, 23, 25, 29], "13": [11, 16, 21, 23], "14": [11, 21, 23], "15": [21, 23], "16": [3, 4, 9, 10, 11, 12, 13, 14, 16, 18, 21, 23, 25, 29], "17": [0, 2, 3, 4, 5, 9, 10, 11, 12, 13, 14, 16, 18, 21, 23, 25, 27, 28, 29], "18": [0, 1, 2, 3, 4, 5, 9, 10, 11, 12, 13, 14, 16, 18, 21, 23, 25, 27, 28, 29], "19": [0, 1, 2, 3, 4, 5, 9, 10, 11, 12, 13, 14, 16, 18, 21, 22, 23, 25, 27, 28, 29], "20": [0, 1, 2, 3, 4, 5, 7, 9, 10, 11, 12, 13, 14, 16, 18, 21, 22, 23, 25, 27, 28, 29], "21": [0, 1, 2, 3, 4, 5, 6, 7, 9, 10, 11, 12, 13, 14, 16, 18, 21, 22, 23, 25, 27, 28, 29], "22": [0, 1, 2, 3, 4, 5, 6, 7, 9, 10, 11, 12, 13, 14, 16, 18, 21, 22, 23, 25, 26, 27, 28, 29], "23": [0, 1, 2, 3, 4, 5, 6, 7, 9, 10, 11, 12, 13, 14, 15, 16, 18, 21, 22, 23, 25, 26, 27, 28, 29], "24": [0, 1, 2, 3, 4, 5, 6, 7, 8, 9, 10, 11, 12, 13, 14, 15, 16, 18, 21, 22, 23, 25, 26, 27, 28, 29], "25": [0, 1, 2, 3, 4, 5, 6, 7, 8, 9, 10, 11, 12, 13, 14, 15, 16, 17, 18, 19, 20, 21, 22, 23, 24, 25, 26, 27, 28, 29], "26": [17, 19, 20, 24], "27": [17, 20], "28": [19, 24]}, "join_predecessors": {"0": [1], "1": [2], "2": [3], "4": [5], "6": [], "7": [6, 8], "8": [9], "9": [], "10": [7], "5": [10], "11": [4], "12": [11, 13], "13": [14], "14": [15], "15": [], "16": [12], "3": [16], "17": [0], "18": [17], "19": [18], "20": [19], "21": [20], "22": [21], "23": [22], "24": [23], "25": [24, 26], "27": [], "26": [27, 28], "28": []}, "intermediate_costs": [[[0, 2, 3, 4, 5, 9, 10, 11, 12, 13, 14, 16, 18, 21, 23, 25, 27, 29], 46.79322254461965], [[2, 3, 4, 5, 9, 10, 11, 12, 13, 14, 16, 18, 21, 23, 25, 27, 29], 29.453167625078237], [[2, 3, 4, 9, 10, 11, 12, 13, 14, 16, 18, 21, 23, 25, 27, 29], 17.112779400806062], [[3, 4, 9, 10, 11, 12, 13, 14, 16, 18, 21, 23, 25, 27, 29], 9.942772522990062], [[3, 4, 9, 10, 14, 18, 25, 29], 263.9944365947204], [[3, 4, 9, 10, 18, 25, 29], 153.38605095884336], [[9, 29], 44716.0], [[3, 4, 9, 10, 29], 129.45064155978443], [[3, 4, 10], 296.0335], [[3, 4], 172.0], [[3, 4, 9, 10, 25, 29], 222.79893752900676], [[3, 4, 9, 10, 13, 14, 18, 25, 29], 449.77849930971894], [[3, 4, 9, 10, 11, 13, 14, 16, 18, 21, 23, 25, 29], 3.440073806165228], [[11, 16, 21, 23], 408.8310757152106], [[11, 21, 23], 237.5371200320782], [[21, 23], 181.0], [[3, 4, 9, 10, 11, 12, 13, 14, 16, 18, 21, 23, 25, 29], 5.77690320167917], [[0, 2, 3, 4, 5, 9, 10, 11, 12, 13, 14, 16, 18, 21, 23, 25, 27, 28, 29], 80.53710618683691], [[0, 1, 2, 3, 4, 5, 9, 10, 11, 12, 13, 14, 16, 18, 21, 23, 25, 27, 28, 29], 133.85370300952536], [[0, 1, 2, 3, 4, 5, 9, 10, 11, 12, 13, 14, 16, 18, 21, 22, 23, 25, 27, 28, 29], 230.12360778554213], [[0, 1, 2, 3, 4, 5, 7, 9, 10, 11, 12, 13, 14, 16, 18, 21, 22, 23, 25, 27, 28, 29], 396.07166399085963], [[0, 1, 2, 3, 4, 5, 6, 7, 9, 10, 11, 12, 13, 14, 16, 18, 21, 22, 23, 25, 27, 28, 29], 681.6890773258797], [[0, 1, 2, 3, 4, 5, 6, 7, 9, 10, 11, 12, 13, 14, 16, 18, 21, 22, 23, 25, 26, 27, 28, 29], 1173.2730495986], [[0, 1, 2, 3, 4, 5, 6, 7, 9, 10, 11, 12, 13, 14, 15, 16, 18, 21, 22, 23, 25, 26, 27, 28, 29], 721133.2468396415], [[0, 1, 2, 3, 4, 5, 6, 7, 8, 9, 10, 11, 12, 13, 14, 15, 16, 18, 21, 22, 23, 25, 26, 27, 28, 29], 1231578.0144069167], [[17, 19, 20, 24], 329433.6915178336], [[17, 20], 120478.0], [[19, 24], 117036.0]]}