{"costs": 8502475, "root_join": 25, "join_operands": {"0": [0, 5], "1": [0, 1, 2, 3, 4, 5, 6, 7, 8, 9, 10, 11, 12, 13, 14, 15, 16, 18, 21, 22, 23, 25, 27, 28, 29], "2": [1, 2, 3, 4, 6, 7, 8, 9, 10, 11, 12, 13, 14, 15, 16, 18, 21, 22, 23, 25, 27, 28, 29], "3": [2, 3, 4, 6, 8, 9, 10, 11, 12, 13, 14, 15, 16, 21, 23, 27, 29], "4": [3, 4, 6, 8, 9, 10, 11, 12, 13, 14, 15, 16, 21, 23, 27, 29], "5": [11, 13, 14, 16, 21, 23], "6": [11, 13, 16, 21, 23], "7": [11, 16, 21, 23], "8": [11, 21, 23], "9": [21, 23], "10": [3, 4, 6, 8, 9, 10, 12, 15, 27, 29], "11": [3, 4, 9, 10, 27, 29], "12": [3, 4, 9, 10, 27], "13": [3, 4, 10, 27], "14": [3, 4, 27], "15": [3, 4], "16": [3, 4, 9, 10, 12, 27, 29], "17": [3, 4, 9, 10, 12, 15, 27, 29], "18": [3, 4, 8, 9, 10, 12, 15, 27, 29], "19": [1, 2, 3, 4, 6, 8, 9, 10, 11, 12, 13, 14, 15, 16, 18, 21, 22, 23, 25, 27, 28, 29], "20": [1, 18, 22, 25, 28], "21": [18, 25], "22": [18, 25, 28], "23": [1, 18, 25, 28], "24": [0, 1, 2, 3, 4, 5, 6, 7, 8, 9, 10, 11, 12, 13, 14, 15, 16, 18, 21, 22, 23, 25, 26, 27, 28, 29], "25": [0, 1, 2, 3, 4, 5, 6, 7, 8, 9, 10, 11, 12, 13, 14, 15, 16, 17, 18, 19, 20, 21, 22, 23, 24, 25, 26, 27, 28, 29], "26": [17, 19, 20, 24], "27": [17, 20], "28": [19, 24]}, "join_predecessors": {"0": [], "1": [0, 2], "3": [4], "5": [6], "6": [7], "7": [8], "8": [9], "9": [], "4": [5, 10], "11": [12], "12": [13], "13": [14], "15": [], "14": [15], "16": [11], "17": [16], "18": [17], "10": [18], "19": [3, 20], "21": [], "22": [21], "23": [22], "20": [23], "2": [19], "24": [1], "25": [24, 26], "27": [], "26": [27, 28], "28": []}, "intermediate_costs": [[[0, 5], 2351325.0], [[0, 1, 2, 3, 4, 5, 6, 7, 8, 9, 10, 11, 12, 13, 14, 15, 16, 18, 21, 22, 23, 25, 27, 28, 29], 715565.1283246622], [[1, 2, 3, 4, 6, 7, 8, 9, 10, 11, 12, 13, 14, 15, 16, 18, 21, 22, 23, 25, 27, 28, 29], 261689.78159717293], [[2, 3, 4, 6, 8, 9, 10, 11, 12, 13, 14, 15, 16, 21, 23, 27, 29], 26092.41562155382], [[3, 4, 6, 8, 9, 10, 11, 12, 13, 14, 15, 16, 21, 23, 27, 29], 15160.071138894133], [[11, 13, 14, 16, 21, 23], 94421.59130701829], [[11, 13, 16, 21, 23], 3304.0972090576456], [[11, 16, 21, 23], 408.8310757152106], [[11, 21, 23], 237.5371200320782], [[21, 23], 181.0], [[3, 4, 6, 8, 9, 10, 12, 15, 27, 29], 675957.4286117565], [[3, 4, 9, 10, 27, 29], 222.800735454584], [[3, 4, 9, 10, 27], 467709.1474279082], [[3, 4, 10, 27], 509.51065768750004], [[3, 4, 27], 296.03350000000006], [[3, 4], 172.0], [[3, 4, 9, 10, 12, 27, 29], 374.14844986097376], [[3, 4, 9, 10, 12, 15, 27, 29], 229964.27518774976], [[3, 4, 8, 9, 10, 12, 15, 27, 29], 392741.48940082645], [[1, 2, 3, 4, 6, 8, 9, 10, 11, 12, 13, 14, 15, 16, 18, 21, 22, 23, 25, 27, 28, 29], 152045.7082310785], [[1, 18, 22, 25, 28], 616200.9419380806], [[18, 25], 125298.0], [[18, 25, 28], 215653.8443441439], [[1, 18, 25, 28], 358419.4540928434], [[0, 1, 2, 3, 4, 5, 6, 7, 8, 9, 10, 11, 12, 13, 14, 15, 16, 18, 21, 22, 23, 25, 26, 27, 28, 29], 1231578.0144069167], [[17, 19, 20, 24], 329433.6915178336], [[17, 20], 120478.0], [[19, 24], 117036.0]]}