{"costs": 5916631, "root_join": 28, "join_operands": {"0": [0, 2, 3, 4, 5, 7, 9, 10, 11, 12, 13, 14, 16, 18, 20, 21, 23, 24, 25, 29], "1": [2, 3, 4, 5, 7, 9, 10, 11, 12, 13, 14, 16, 18, 20, 21, 23, 24, 25, 29], "2": [2, 3, 4, 7, 9, 10, 11, 12, 13, 14, 16, 18, 20, 21, 23, 24, 25, 29], "3": [3, 4, 7, 9, 10, 11, 12, 13, 14, 16, 18, 20, 21, 23, 24, 25, 29], "4": [3, 4], "5": [3, 4, 10], "6": [3, 4, 9, 10, 29], "7": [9, 29], "8": [3, 4, 9, 10, 14, 29], "9": [3, 4, 7, 9, 10, 11, 13, 14, 16, 21, 23, 29], "10": [7, 11, 13, 16, 21, 23], "11": [7, 11, 16, 21, 23], "12": [11, 16, 21, 23], "13": [11, 21, 23], "14": [21, 23], "15": [3, 4, 7, 9, 10, 11, 13, 14, 16, 21, 23, 25, 29], "16": [3, 4, 7, 9, 10, 11, 13, 14, 16, 18, 21, 23, 25, 29], "17": [3, 4, 7, 9, 10, 11, 12, 13, 14, 16, 18, 21, 23, 25, 29], "18": [3, 4, 7, 9, 10, 11, 12, 13, 14, 16, 18, 20, 21, 23, 25, 29], "19": [0, 2, 3, 4, 5, 7, 9, 10, 11, 12, 13, 14, 16, 18, 20, 21, 23, 24, 25, 28, 29], "20": [0, 1, 2, 3, 4, 5, 7, 9, 10, 11, 12, 13, 14, 16, 18, 20, 21, 23, 24, 25, 28, 29], "21": [0, 1, 2, 3, 4, 5, 7, 9, 10, 11, 12, 13, 14, 16, 18, 20, 21, 22, 23, 24, 25, 28, 29], "22": [0, 1, 2, 3, 4, 5, 7, 9, 10, 11, 12, 13, 14, 16, 17, 18, 20, 21, 22, 23, 24, 25, 28, 29], "23": [0, 1, 2, 3, 4, 5, 7, 9, 10, 11, 12, 13, 14, 16, 17, 18, 19, 20, 21, 22, 23, 24, 25, 28, 29], "24": [0, 1, 2, 3, 4, 5, 7, 9, 10, 11, 12, 13, 14, 16, 17, 18, 19, 20, 21, 22, 23, 24, 25, 27, 28, 29], "25": [0, 1, 2, 3, 4, 5, 6, 7, 9, 10, 11, 12, 13, 14, 16, 17, 18, 19, 20, 21, 22, 23, 24, 25, 27, 28, 29], "26": [0, 1, 2, 3, 4, 5, 6, 7, 9, 10, 11, 12, 13, 14, 16, 17, 18, 19, 20, 21, 22, 23, 24, 25, 26, 27, 28, 29], "27": [0, 1, 2, 3, 4, 5, 6, 7, 9, 10, 11, 12, 13, 14, 15, 16, 17, 18, 19, 20, 21, 22, 23, 24, 25, 26, 27, 28, 29], "28": [0, 1, 2, 3, 4, 5, 6, 7, 8, 9, 10, 11, 12, 13, 14, 15, 16, 17, 18, 19, 20, 21, 22, 23, 24, 25, 26, 27, 28, 29]}, "join_predecessors": {"0": [1], "2": [3], "4": [], "5": [4], "6": [5, 7], "7": [], "8": [6], "9": [8, 10], "11": [12], "13": [14], "14": [], "12": [13], "10": [11], "15": [9], "16": [15], "17": [16], "18": [17], "3": [18], "1": [2], "19": [0], "20": [19], "21": [20], "22": [21], "23": [22], "24": [23], "25": [24], "26": [25], "27": [26], "28": [27]}, "intermediate_costs": [[[0, 2, 3, 4, 5, 7, 9, 10, 11, 12, 13, 14, 16, 18, 20, 21, 23, 24, 25, 29], 127.95165642971635], [[2, 3, 4, 5, 7, 9, 10, 11, 12, 13, 14, 16, 18, 20, 21, 23, 24, 25, 29], 80.53691068481821], [[2, 3, 4, 7, 9, 10, 11, 12, 13, 14, 16, 18, 20, 21, 23, 24, 25, 29], 46.79328226136946], [[3, 4, 7, 9, 10, 11, 12, 13, 14, 16, 18, 20, 21, 23, 24, 25, 29], 27.187574281881275], [[3, 4], 172.0], [[3, 4, 10], 296.0335], [[3, 4, 9, 10, 29], 129.45064155978443], [[9, 29], 44716.0], [[3, 4, 9, 10, 14, 29], 222.79893752900674], [[3, 4, 7, 9, 10, 11, 13, 14, 16, 21, 23, 29], 4.996877469135841], [[7, 11, 13, 16, 21, 23], 5686.766743195634], [[7, 11, 16, 21, 23], 703.6496863920185], [[11, 16, 21, 23], 408.8310757152106], [[11, 21, 23], 237.5371200320782], [[21, 23], 181.0], [[3, 4, 7, 9, 10, 11, 13, 14, 16, 21, 23, 25, 29], 8.600181332990463], [[3, 4, 7, 9, 10, 11, 13, 14, 16, 18, 21, 23, 25, 29], 5.920799564071643], [[3, 4, 7, 9, 10, 11, 12, 13, 14, 16, 18, 21, 23, 25, 29], 9.942776779058237], [[3, 4, 7, 9, 10, 11, 12, 13, 14, 16, 18, 20, 21, 23, 25, 29], 17.112787401711067], [[0, 2, 3, 4, 5, 7, 9, 10, 11, 12, 13, 14, 16, 18, 20, 21, 23, 24, 25, 28, 29], 220.22112563065195], [[0, 1, 2, 3, 4, 5, 7, 9, 10, 11, 12, 13, 14, 16, 18, 20, 21, 23, 24, 25, 28, 29], 366.0103341459081], [[0, 1, 2, 3, 4, 5, 7, 9, 10, 11, 12, 13, 14, 16, 18, 20, 21, 22, 23, 24, 25, 28, 29], 629.2513145822669], [[0, 1, 2, 3, 4, 5, 7, 9, 10, 11, 12, 13, 14, 16, 17, 18, 20, 21, 22, 23, 24, 25, 28, 29], 1083.0134268320337], [[0, 1, 2, 3, 4, 5, 7, 9, 10, 11, 12, 13, 14, 16, 17, 18, 19, 20, 21, 22, 23, 24, 25, 28, 29], 1863.993520922263], [[0, 1, 2, 3, 4, 5, 7, 9, 10, 11, 12, 13, 14, 16, 17, 18, 19, 20, 21, 22, 23, 24, 25, 27, 28, 29], 3208.16584869733], [[0, 1, 2, 3, 4, 5, 6, 7, 9, 10, 11, 12, 13, 14, 16, 17, 18, 19, 20, 21, 22, 23, 24, 25, 27, 28, 29], 5521.656346911378], [[0, 1, 2, 3, 4, 5, 6, 7, 9, 10, 11, 12, 13, 14, 16, 17, 18, 19, 20, 21, 22, 23, 24, 25, 26, 27, 28, 29], 9503.46836477063], [[0, 1, 2, 3, 4, 5, 6, 7, 9, 10, 11, 12, 13, 14, 15, 16, 17, 18, 19, 20, 21, 22, 23, 24, 25, 26, 27, 28, 29], 5841152.663030572]]}