{"costs": 124394555, "root_join": 0, "join_operands": {"0": [0, 1, 2, 3, 4, 5, 6, 7, 8, 9, 10, 11, 12, 13, 14, 15, 16, 17, 18, 19, 20, 21, 22, 23, 24, 25, 26, 27, 28, 29], "1": [1, 2, 3, 4, 5, 6, 7, 8, 9, 10, 11, 12, 13, 14, 15, 16, 17, 18, 19, 20, 21, 22, 23, 24, 25, 26, 27, 28, 29], "2": [11, 26], "3": [1, 2, 3, 4, 5, 6, 7, 8, 9, 10, 12, 13, 14, 15, 16, 17, 18, 19, 20, 21, 22, 23, 24, 25, 27, 28, 29], "4": [1, 2, 3, 4, 5, 6, 7, 8, 9, 10, 12, 13, 14, 15, 16, 17, 18, 19, 20, 21, 22, 24, 25, 27, 28, 29], "5": [2, 3, 6, 7, 8, 10, 12, 13, 15, 17, 18, 22, 25, 28, 29], "6": [2, 3, 6, 8, 10, 12, 13, 15, 17, 18, 22, 25, 28, 29], "7": [2, 3, 6, 8, 10, 12, 13, 15, 17, 18, 22, 25, 28], "8": [2, 3, 6, 8, 10, 12, 13, 15, 17, 18, 22, 25], "9": [2, 17], "10": [2, 3, 6, 10, 12, 15, 17, 22, 25], "11": [3, 6, 10, 12, 15, 22, 25], "12": [3, 6, 10, 12, 15, 25], "13": [3, 6, 12, 15, 25], "14": [6, 12], "15": [6, 12, 15], "16": [6, 12, 15, 25], "17": [2, 3, 6, 8, 10, 12, 15, 17, 22, 25], "18": [13, 18], "19": [2, 3, 6, 7, 8, 9, 10, 12, 13, 15, 17, 18, 22, 25, 28, 29], "20": [2, 3, 6, 7, 8, 9, 10, 12, 13, 15, 16, 17, 18, 22, 25, 28, 29], "21": [2, 3, 6, 7, 8, 9, 10, 12, 13, 14, 15, 16, 17, 18, 22, 25, 28, 29], "22": [1, 2, 3, 4, 6, 7, 8, 9, 10, 12, 13, 14, 15, 16, 17, 18, 19, 22, 24, 25, 27, 28, 29], "23": [1, 4, 19, 24, 27], "24": [1, 27], "25": [1, 4, 27], "26": [19, 24], "27": [1, 2, 3, 4, 5, 6, 7, 8, 9, 10, 12, 13, 14, 15, 16, 17, 18, 19, 22, 24, 25, 27, 28, 29], "28": [1, 2, 3, 4, 5, 6, 7, 8, 9, 10, 12, 13, 14, 15, 16, 17, 18, 19, 21, 22, 24, 25, 27, 28, 29]}, "join_predecessors": {"0": [1], "2": [], "1": [2, 3], "3": [4], "5": [6], "7": [8], "9": [], "10": [9, 11], "12": [13], "14": [], "15": [14], "16": [15], "13": [16], "11": [12], "17": [10], "8": [17, 18], "18": [], "6": [7], "19": [5], "20": [19], "21": [20], "22": [21, 23], "24": [], "25": [24], "23": [25, 26], "26": [], "27": [22], "28": [27], "4": [28]}, "intermediate_costs": [[[1, 2, 3, 4, 5, 6, 7, 8, 9, 10, 11, 12, 13, 14, 15, 16, 17, 18, 19, 20, 21, 22, 23, 24, 25, 26, 27, 28, 29], 5329920.09241075], [[11, 26], 13522388.0], [[1, 2, 3, 4, 5, 6, 7, 8, 9, 10, 12, 13, 14, 15, 16, 17, 18, 19, 20, 21, 22, 23, 24, 25, 27, 28, 29], 1795266.4336706304], [[1, 2, 3, 4, 5, 6, 7, 8, 9, 10, 12, 13, 14, 15, 16, 17, 18, 19, 20, 21, 22, 24, 25, 27, 28, 29], 10169.0442970174], [[2, 3, 6, 7, 8, 10, 12, 13, 15, 17, 18, 22, 25, 28, 29], 73064.63101692912], [[2, 3, 6, 8, 10, 12, 13, 15, 17, 18, 22, 25, 28, 29], 39119.41460582343], [[2, 3, 6, 8, 10, 12, 13, 15, 17, 18, 22, 25, 28], 28799.185900881395], [[2, 3, 6, 8, 10, 12, 13, 15, 17, 18, 22, 25], 128.20168325957073], [[2, 17], 732151.0], [[2, 3, 6, 10, 12, 15, 17, 22, 25], 19.916527358032205], [[3, 6, 10, 12, 15, 22, 25], 5.7093174068389], [[3, 6, 10, 12, 15, 25], 8470.049397401152], [[3, 6, 12, 15, 25], 4642.910841317895], [[6, 12], 4850.0], [[6, 12, 15], 107852.16389891696], [[6, 12, 15, 25], 2494.8606923229404], [[2, 3, 6, 8, 10, 12, 15, 17, 22, 25], 36.75056615489622], [[13, 18], 78427986.0], [[2, 3, 6, 7, 8, 9, 10, 12, 13, 15, 17, 18, 22, 25, 28, 29], 136465.2329397562], [[2, 3, 6, 7, 8, 9, 10, 12, 13, 15, 16, 17, 18, 22, 25, 28, 29], 254880.65177448664], [[2, 3, 6, 7, 8, 9, 10, 12, 13, 14, 15, 16, 17, 18, 22, 25, 28, 29], 442045.5587418036], [[1, 2, 3, 4, 6, 7, 8, 9, 10, 12, 13, 14, 15, 16, 17, 18, 19, 22, 24, 25, 27, 28, 29], 1560.7586264103634], [[1, 4, 19, 24, 27], 15778017.024611237], [[1, 27], 2583075.0], [[1, 4, 27], 4824494.906453363], [[19, 24], 278292.0], [[1, 2, 3, 4, 5, 6, 7, 8, 9, 10, 12, 13, 14, 15, 16, 17, 18, 19, 22, 24, 25, 27, 28, 29], 2915.079846469933], [[1, 2, 3, 4, 5, 6, 7, 8, 9, 10, 12, 13, 14, 15, 16, 17, 18, 19, 21, 22, 24, 25, 27, 28, 29], 5444.591528614178]]}