{"costs": 3645350, "root_join": 0, "join_operands": {"0": [0, 1, 2, 3, 4, 5, 6, 7, 8, 9, 10, 11, 12, 13, 14, 15, 16, 17, 18, 19], "1": [0, 1, 2, 3, 4, 5, 6, 7, 8, 9, 11, 12, 13, 14, 15, 16, 17, 18, 19], "2": [], "3": [1, 2, 3, 4, 5, 6, 7, 8, 9, 11, 12, 13, 14, 15, 16, 17, 18, 19], "4": [], "5": [], "6": [], "7": [1, 2, 3, 4, 5, 6, 7, 8, 9, 11, 12, 13, 14, 15, 16, 17, 19], "8": [], "9": [], "10": [], "11": [], "12": [], "13": [], "14": [], "15": [1, 2, 3, 4, 5, 6, 7, 8, 11, 12, 13, 14, 15, 16, 17, 19], "16": [], "17": [], "18": [], "20": [2, 3, 4, 5, 6, 7, 8, 11, 12, 13, 14, 15, 16, 17, 19], "21": [2, 3, 14, 17], "22": [3, 14, 17], "23": [3, 14], "24": [2, 3, 11, 14, 17, 19], "25": [11, 19], "26": [2, 3, 6, 11, 14, 17, 19], "27": [2, 3, 4, 6, 11, 13, 14, 17, 19], "28": [4, 13], "29": [2, 3, 4, 6, 11, 13, 14, 15, 17, 19], "30": [2, 3, 4, 5, 6, 11, 13, 14, 15, 17, 19], "31": [2, 3, 4, 5, 6, 7, 11, 13, 14, 15, 17, 19], "32": [2, 3, 4, 5, 6, 7, 8, 11, 13, 14, 15, 17, 19], "33": [2, 3, 4, 5, 6, 7, 8, 11, 13, 14, 15, 16, 17, 19]}, "join_predecessors": {"0": [1], "1": [3], "2": [], "3": [7], "4": [], "5": [], "6": [], "7": [15], "8": [], "9": [], "10": [], "11": [], "12": [], "13": [], "14": [], "15": [20], "16": [], "17": [], "18": [], "21": [22], "23": [], "22": [23], "24": [21, 25], "25": [], "26": [24], "27": [26, 28], "28": [], "29": [27], "30": [29], "31": [30], "32": [31], "33": [32], "20": [33]}, "intermediate_costs": [[[0, 1, 2, 3, 4, 5, 6, 7, 8, 9, 11, 12, 13, 14, 15, 16, 17, 18, 19], 2648520.6128937076], [[1, 2, 3, 4, 5, 6, 7, 8, 9, 11, 12, 13, 14, 15, 16, 17, 18, 19], 703212.6604280274], [[1, 2, 3, 4, 5, 6, 7, 8, 9, 11, 12, 13, 14, 15, 16, 17, 19], 186710.95576029585], [[1, 2, 3, 4, 5, 6, 7, 8, 11, 12, 13, 14, 15, 16, 17, 19], 70819.79960918278], [[2, 3, 4, 5, 6, 7, 8, 11, 12, 13, 14, 15, 16, 17, 19], 18803.452774341094], [[2, 3, 14, 17], 7452.178165547716], [[3, 14, 17], 4.184318537859008], [[3, 14], 322.0], [[2, 3, 11, 14, 17, 19], 44.96456461988303], [[11, 19], 1264.0], [[2, 3, 6, 11, 14, 17, 19], 169.35089050464256], [[2, 3, 4, 6, 11, 13, 14, 17, 19], 7.0059995534110575], [[4, 13], 1384.0], [[2, 3, 4, 6, 11, 13, 14, 15, 17, 19], 24.014975027941286], [[2, 3, 4, 5, 6, 11, 13, 14, 15, 17, 19], 90.44805290378652], [[2, 3, 4, 5, 6, 7, 11, 13, 14, 15, 17, 19], 322.24235796016643], [[2, 3, 4, 5, 6, 7, 8, 11, 13, 14, 15, 17, 19], 1206.1525239163877], [[2, 3, 4, 5, 6, 7, 8, 11, 13, 14, 15, 16, 17, 19], 4992.532807298125]], "time_in_s": 10}