{"costs": 1891892, "root_join": 28, "join_operands": {"0": [0, 2, 3, 4, 7, 8, 10, 11, 12, 14, 15, 20, 21, 22, 23, 26], "1": [2, 3, 4, 7, 8, 10, 11, 12, 14, 15, 20, 21, 22, 23, 26], "2": [2, 3, 4, 7, 10, 11, 12, 14, 15, 20, 21, 22, 23, 26], "3": [2, 3, 4, 7, 10, 11, 12, 14, 15, 20, 21, 22, 23], "4": [2, 4, 7, 11, 12, 14, 22, 23], "5": [2, 4, 7, 11, 12, 14, 22], "6": [2, 4, 7, 12, 14, 22], "7": [2, 4, 7, 12, 22], "8": [2, 4, 7, 12], "9": [2, 4, 7], "10": [2, 7], "11": [2, 4, 7, 10, 11, 12, 14, 22, 23], "12": [2, 4, 7, 10, 11, 12, 14, 21, 22, 23], "13": [2, 4, 7, 10, 11, 12, 14, 20, 21, 22, 23], "14": [2, 4, 7, 10, 11, 12, 14, 15, 20, 21, 22, 23], "15": [0, 2, 3, 4, 7, 8, 10, 11, 12, 13, 14, 15, 20, 21, 22, 23, 26], "16": [0, 2, 3, 4, 7, 8, 10, 11, 12, 13, 14, 15, 19, 20, 21, 22, 23, 26], "17": [0, 2, 3, 4, 7, 8, 9, 10, 11, 12, 13, 14, 15, 19, 20, 21, 22, 23, 26], "18": [0, 2, 3, 4, 5, 7, 8, 9, 10, 11, 12, 13, 14, 15, 17, 19, 20, 21, 22, 23, 26], "19": [5, 17], "20": [0, 1, 2, 3, 4, 5, 7, 8, 9, 10, 11, 12, 13, 14, 15, 17, 19, 20, 21, 22, 23, 26], "21": [0, 1, 2, 3, 4, 5, 7, 8, 9, 10, 11, 12, 13, 14, 15, 17, 19, 20, 21, 22, 23, 24, 26], "22": [0, 1, 2, 3, 4, 5, 7, 8, 9, 10, 11, 12, 13, 14, 15, 17, 18, 19, 20, 21, 22, 23, 24, 26], "23": [0, 1, 2, 3, 4, 5, 7, 8, 9, 10, 11, 12, 13, 14, 15, 17, 18, 19, 20, 21, 22, 23, 24, 26, 28], "24": [0, 1, 2, 3, 4, 5, 7, 8, 9, 10, 11, 12, 13, 14, 15, 17, 18, 19, 20, 21, 22, 23, 24, 25, 26, 28], "25": [0, 1, 2, 3, 4, 5, 7, 8, 9, 10, 11, 12, 13, 14, 15, 16, 17, 18, 19, 20, 21, 22, 23, 24, 25, 26, 28], "26": [0, 1, 2, 3, 4, 5, 6, 7, 8, 9, 10, 11, 12, 13, 14, 15, 16, 17, 18, 19, 20, 21, 22, 23, 24, 25, 26, 28], "27": [0, 1, 2, 3, 4, 5, 6, 7, 8, 9, 10, 11, 12, 13, 14, 15, 16, 17, 18, 19, 20, 21, 22, 23, 24, 25, 26, 28, 29], "28": [0, 1, 2, 3, 4, 5, 6, 7, 8, 9, 10, 11, 12, 13, 14, 15, 16, 17, 18, 19, 20, 21, 22, 23, 24, 25, 26, 27, 28, 29]}, "join_predecessors": {"0": [1], "1": [2], "2": [3], "4": [5], "6": [7], "7": [8], "8": [9], "10": [], "9": [10], "5": [6], "11": [4], "12": [11], "13": [12], "14": [13], "3": [14], "15": [0], "16": [15], "17": [16], "18": [17, 19], "19": [], "20": [18], "21": [20], "22": [21], "23": [22], "24": [23], "25": [24], "26": [25], "27": [26], "28": [27]}, "intermediate_costs": [[[0, 2, 3, 4, 7, 8, 10, 11, 12, 14, 15, 20, 21, 22, 23, 26], 0.00452758914356215], [[2, 3, 4, 7, 8, 10, 11, 12, 14, 15, 20, 21, 22, 23, 26], 0.004591198167669508], [[2, 3, 4, 7, 10, 11, 12, 14, 15, 20, 21, 22, 23, 26], 0.0001660750127669339], [[2, 3, 4, 7, 10, 11, 12, 14, 15, 20, 21, 22, 23], 2.5944220348776464e-05], [[2, 4, 7, 11, 12, 14, 22, 23], 0.012677985506643976], [[2, 4, 7, 11, 12, 14, 22], 0.001980553510228717], [[2, 4, 7, 12, 14, 22], 0.00034086645686986523], [[2, 4, 7, 12, 22], 1.5078583423421446e-06], [[2, 4, 7, 12], 0.010241656584627036], [[2, 4, 7], 0.23004619462324877], [[2, 7], 176.0], [[2, 4, 7, 10, 11, 12, 14, 22, 23], 0.08088602078775795], [[2, 4, 7, 10, 11, 12, 14, 21, 22, 23], 0.517770199116145], [[2, 4, 7, 10, 11, 12, 14, 20, 21, 22, 23], 3.3143679513150848], [[2, 4, 7, 10, 11, 12, 14, 15, 20, 21, 22, 23], 0.04714551291504223], [[0, 2, 3, 4, 7, 8, 10, 11, 12, 13, 14, 15, 20, 21, 22, 23, 26], 0.02898215536498726], [[0, 2, 3, 4, 7, 8, 10, 11, 12, 13, 14, 15, 19, 20, 21, 22, 23, 26], 0.1855212974762406], [[0, 2, 3, 4, 7, 8, 9, 10, 11, 12, 13, 14, 15, 19, 20, 21, 22, 23, 26], 1.1875648547999638], [[0, 2, 3, 4, 5, 7, 8, 9, 10, 11, 12, 13, 14, 15, 17, 19, 20, 21, 22, 23, 26], 0.30269303741111286], [[5, 17], 876.0], [[0, 1, 2, 3, 4, 5, 7, 8, 9, 10, 11, 12, 13, 14, 15, 17, 19, 20, 21, 22, 23, 26], 19.41359660838951], [[0, 1, 2, 3, 4, 5, 7, 8, 9, 10, 11, 12, 13, 14, 15, 17, 19, 20, 21, 22, 23, 24, 26], 123.6677093537128], [[0, 1, 2, 3, 4, 5, 7, 8, 9, 10, 11, 12, 13, 14, 15, 17, 18, 19, 20, 21, 22, 23, 24, 26], 6178.543608021595], [[0, 1, 2, 3, 4, 5, 7, 8, 9, 10, 11, 12, 13, 14, 15, 17, 18, 19, 20, 21, 22, 23, 24, 26, 28], 36522.23047073614], [[0, 1, 2, 3, 4, 5, 7, 8, 9, 10, 11, 12, 13, 14, 15, 17, 18, 19, 20, 21, 22, 23, 24, 25, 26, 28], 5970.365025784703], [[0, 1, 2, 3, 4, 5, 7, 8, 9, 10, 11, 12, 13, 14, 15, 16, 17, 18, 19, 20, 21, 22, 23, 24, 25, 26, 28], 38217.692953725425], [[0, 1, 2, 3, 4, 5, 6, 7, 8, 9, 10, 11, 12, 13, 14, 15, 16, 17, 18, 19, 20, 21, 22, 23, 24, 25, 26, 28], 244640.38231373802], [[0, 1, 2, 3, 4, 5, 6, 7, 8, 9, 10, 11, 12, 13, 14, 15, 16, 17, 18, 19, 20, 21, 22, 23, 24, 25, 26, 28, 29], 1559161.7948965365]]}