{"costs": 19265112, "root_join": 28, "join_operands": {"0": [5, 17], "1": [5, 16, 17], "2": [3, 5, 16, 17], "3": [3, 5, 15, 16, 17], "4": [3, 5, 15, 16, 17, 20], "5": [3, 5, 14, 15, 16, 17, 20], "6": [3, 5, 11, 14, 15, 16, 17, 20], "7": [3, 5, 11, 14, 15, 16, 17, 20, 21], "8": [3, 5, 11, 14, 15, 16, 17, 20, 21, 23], "9": [3, 5, 10, 11, 14, 15, 16, 17, 20, 21, 23], "10": [3, 5, 10, 11, 14, 15, 16, 17, 20, 21, 23, 26], "11": [3, 5, 10, 11, 14, 15, 16, 17, 20, 21, 22, 23, 26], "12": [3, 5, 10, 11, 12, 14, 15, 16, 17, 20, 21, 22, 23, 26], "13": [3, 5, 7, 10, 11, 12, 14, 15, 16, 17, 20, 21, 22, 23, 26], "14": [2, 3, 5, 7, 10, 11, 12, 14, 15, 16, 17, 20, 21, 22, 23, 26], "15": [2, 3, 4, 5, 7, 10, 11, 12, 14, 15, 16, 17, 20, 21, 22, 23, 26], "16": [2, 3, 4, 5, 7, 10, 11, 12, 13, 14, 15, 16, 17, 20, 21, 22, 23, 26], "17": [2, 3, 4, 5, 7, 10, 11, 12, 13, 14, 15, 16, 17, 19, 20, 21, 22, 23, 26], "18": [2, 3, 4, 5, 7, 8, 10, 11, 12, 13, 14, 15, 16, 17, 19, 20, 21, 22, 23, 26], "19": [0, 2, 3, 4, 5, 7, 8, 10, 11, 12, 13, 14, 15, 16, 17, 19, 20, 21, 22, 23, 26], "20": [0, 2, 3, 4, 5, 7, 8, 9, 10, 11, 12, 13, 14, 15, 16, 17, 19, 20, 21, 22, 23, 26], "21": [0, 1, 2, 3, 4, 5, 7, 8, 9, 10, 11, 12, 13, 14, 15, 16, 17, 19, 20, 21, 22, 23, 26], "22": [0, 1, 2, 3, 4, 5, 7, 8, 9, 10, 11, 12, 13, 14, 15, 16, 17, 19, 20, 21, 22, 23, 24, 26], "23": [0, 1, 2, 3, 4, 5, 6, 7, 8, 9, 10, 11, 12, 13, 14, 15, 16, 17, 19, 20, 21, 22, 23, 24, 26], "24": [0, 1, 2, 3, 4, 5, 6, 7, 8, 9, 10, 11, 12, 13, 14, 15, 16, 17, 18, 19, 20, 21, 22, 23, 24, 26], "25": [0, 1, 2, 3, 4, 5, 6, 7, 8, 9, 10, 11, 12, 13, 14, 15, 16, 17, 18, 19, 20, 21, 22, 23, 24, 26, 28], "26": [0, 1, 2, 3, 4, 5, 6, 7, 8, 9, 10, 11, 12, 13, 14, 15, 16, 17, 18, 19, 20, 21, 22, 23, 24, 25, 26, 28], "27": [0, 1, 2, 3, 4, 5, 6, 7, 8, 9, 10, 11, 12, 13, 14, 15, 16, 17, 18, 19, 20, 21, 22, 23, 24, 25, 26, 28, 29], "28": [0, 1, 2, 3, 4, 5, 6, 7, 8, 9, 10, 11, 12, 13, 14, 15, 16, 17, 18, 19, 20, 21, 22, 23, 24, 25, 26, 27, 28, 29]}, "join_predecessors": {"0": [], "1": [0], "2": [1], "3": [2], "4": [3], "5": [4], "6": [5], "7": [6], "8": [7], "9": [8], "10": [9], "11": [10], "12": [11], "13": [12], "14": [13], "15": [14], "16": [15], "17": [16], "18": [17], "19": [18], "20": [19], "21": [20], "22": [21], "23": [22], "24": [23], "25": [24], "26": [25], "27": [26], "28": [27]}, "intermediate_costs": [[[5, 17], 876.0], [[5, 16, 17], 5607.479422594142], [[3, 5, 16, 17], 35894.78514470246], [[3, 5, 15, 16, 17], 1044.2119314822532], [[3, 5, 15, 16, 17, 20], 5.402427507935269], [[3, 5, 14, 15, 16, 17, 20], 210.76338453522658], [[3, 5, 11, 14, 15, 16, 17, 20], 1224.6090885624808], [[3, 5, 11, 14, 15, 16, 17, 20, 21], 7839.007104678859], [[3, 5, 11, 14, 15, 16, 17, 20, 21, 23], 50179.3149977154], [[3, 5, 10, 11, 14, 15, 16, 17, 20, 21, 23], 320145.9028245158], [[3, 5, 10, 11, 14, 15, 16, 17, 20, 21, 23, 26], 2049328.6822307792], [[3, 5, 10, 11, 14, 15, 16, 17, 20, 21, 22, 23, 26], 13118231.442618916], [[3, 5, 10, 11, 12, 14, 15, 16, 17, 20, 21, 22, 23, 26], 115009.1523736453], [[3, 5, 7, 10, 11, 12, 14, 15, 16, 17, 20, 21, 22, 23, 26], 29.446787805812566], [[2, 3, 5, 7, 10, 11, 12, 14, 15, 16, 17, 20, 21, 22, 23, 26], 0.20730538615292046], [[2, 3, 4, 5, 7, 10, 11, 12, 14, 15, 16, 17, 20, 21, 22, 23, 26], 0.0002709648591442186], [[2, 3, 4, 5, 7, 10, 11, 12, 13, 14, 15, 16, 17, 20, 21, 22, 23, 26], 0.0017345093375656984], [[2, 3, 4, 5, 7, 10, 11, 12, 13, 14, 15, 16, 17, 19, 20, 21, 22, 23, 26], 0.011102984534358989], [[2, 3, 4, 5, 7, 8, 10, 11, 12, 13, 14, 15, 16, 17, 19, 20, 21, 22, 23, 26], 0.3069456470333108], [[0, 2, 3, 4, 5, 7, 8, 10, 11, 12, 13, 14, 15, 16, 17, 19, 20, 21, 22, 23, 26], 0.3026930505761858], [[0, 2, 3, 4, 5, 7, 8, 9, 10, 11, 12, 13, 14, 15, 16, 17, 19, 20, 21, 22, 23, 26], 1.9376084231111124], [[0, 1, 2, 3, 4, 5, 7, 8, 9, 10, 11, 12, 13, 14, 15, 16, 17, 19, 20, 21, 22, 23, 26], 124.27094006859319], [[0, 1, 2, 3, 4, 5, 7, 8, 9, 10, 11, 12, 13, 14, 15, 16, 17, 19, 20, 21, 22, 23, 24, 26], 791.6257253884676], [[0, 1, 2, 3, 4, 5, 6, 7, 8, 9, 10, 11, 12, 13, 14, 15, 16, 17, 19, 20, 21, 22, 23, 24, 26], 5067.381234731145], [[0, 1, 2, 3, 4, 5, 6, 7, 8, 9, 10, 11, 12, 13, 14, 15, 16, 17, 18, 19, 20, 21, 22, 23, 24, 26], 253170.66274517134], [[0, 1, 2, 3, 4, 5, 6, 7, 8, 9, 10, 11, 12, 13, 14, 15, 16, 17, 18, 19, 20, 21, 22, 23, 24, 26, 28], 1496526.9940319958], [[0, 1, 2, 3, 4, 5, 6, 7, 8, 9, 10, 11, 12, 13, 14, 15, 16, 17, 18, 19, 20, 21, 22, 23, 24, 25, 26, 28], 244640.38231373802], [[0, 1, 2, 3, 4, 5, 6, 7, 8, 9, 10, 11, 12, 13, 14, 15, 16, 17, 18, 19, 20, 21, 22, 23, 24, 25, 26, 28, 29], 1559161.7948965365]]}