{"costs": 320405778, "root_join": 24, "join_operands": {"0": [0, 8], "1": [0, 2, 3, 4, 5, 7, 8, 10, 11, 12, 13, 14, 15, 16, 17, 19, 20, 21, 22, 23, 26], "2": [2, 3, 4, 5, 7, 10, 11, 12, 13, 14, 15, 16, 17, 19, 20, 21, 22, 23, 26], "3": [2, 3, 4, 5, 7, 10, 11, 12, 13, 14, 15, 16, 17, 19, 20, 21, 22, 23], "4": [2, 7, 12, 14, 22, 23], "5": [2, 7, 12, 14, 22], "6": [2, 7, 12, 22], "7": [2, 7, 12], "8": [2, 7], "9": [2, 7, 11, 12, 14, 22, 23], "10": [2, 7, 11, 12, 13, 14, 22, 23], "11": [2, 3, 7, 11, 12, 13, 14, 15, 20, 22, 23], "12": [3, 15, 20], "13": [3, 15], "14": [2, 3, 7, 10, 11, 12, 13, 14, 15, 20, 22, 23], "15": [2, 3, 7, 10, 11, 12, 13, 14, 15, 19, 20, 22, 23], "16": [2, 3, 7, 10, 11, 12, 13, 14, 15, 17, 19, 20, 22, 23], "17": [2, 3, 4, 7, 10, 11, 12, 13, 14, 15, 17, 19, 20, 22, 23], "18": [2, 3, 4, 5, 7, 10, 11, 12, 13, 14, 15, 17, 19, 20, 22, 23], "19": [2, 3, 4, 5, 7, 10, 11, 12, 13, 14, 15, 17, 19, 20, 21, 22, 23], "20": [0, 2, 3, 4, 5, 7, 8, 9, 10, 11, 12, 13, 14, 15, 16, 17, 19, 20, 21, 22, 23, 26], "21": [0, 1, 2, 3, 4, 5, 6, 7, 8, 9, 10, 11, 12, 13, 14, 15, 16, 17, 19, 20, 21, 22, 23, 24, 26], "22": [1, 6, 24], "23": [1, 24], "24": [0, 1, 2, 3, 4, 5, 6, 7, 8, 9, 10, 11, 12, 13, 14, 15, 16, 17, 18, 19, 20, 21, 22, 23, 24, 25, 26, 27, 28, 29], "25": [18, 25, 27, 28, 29], "26": [18, 25, 28, 29], "27": [25, 28, 29], "28": [25, 28]}, "join_predecessors": {"0": [], "1": [0, 2], "2": [3], "4": [5], "5": [6], "6": [7], "7": [8], "8": [], "9": [4], "10": [9], "11": [10, 12], "12": [13], "13": [], "14": [11], "15": [14], "16": [15], "17": [16], "18": [17], "19": [18], "3": [19], "20": [1], "21": [20, 22], "23": [], "22": [23], "24": [21, 25], "26": [27], "28": [], "27": [28], "25": [26]}, "intermediate_costs": [[[0, 8], 1362853.0], [[0, 2, 3, 4, 5, 7, 8, 10, 11, 12, 13, 14, 15, 16, 17, 19, 20, 21, 22, 23, 26], 0.3026930505761858], [[2, 3, 4, 5, 7, 10, 11, 12, 13, 14, 15, 16, 17, 19, 20, 21, 22, 23, 26], 0.011102984534358989], [[2, 3, 4, 5, 7, 10, 11, 12, 13, 14, 15, 16, 17, 19, 20, 21, 22, 23], 0.0017345070308242077], [[2, 7, 12, 14, 22, 23], 1.6693428867731925], [[2, 7, 12, 14, 22], 0.2607845633236715], [[2, 7, 12, 22], 0.001153607729468599], [[2, 7, 12], 7.835520000000001], [[2, 7], 176.0], [[2, 7, 11, 12, 14, 22, 23], 9.699466895436483], [[2, 7, 11, 12, 13, 14, 22, 23], 62.08855256241782], [[2, 3, 7, 11, 12, 13, 14, 15, 20, 22, 23], 0.0031111081548643124], [[3, 15, 20], 3.3111607910576097], [[3, 15], 640.0], [[2, 3, 7, 10, 11, 12, 13, 14, 15, 20, 22, 23], 0.01984898616230803], [[2, 3, 7, 10, 11, 12, 13, 14, 15, 19, 20, 22, 23], 0.12705782644682023], [[2, 3, 7, 10, 11, 12, 13, 14, 15, 17, 19, 20, 22, 23], 101.9616071319857], [[2, 3, 4, 7, 10, 11, 12, 13, 14, 15, 17, 19, 20, 22, 23], 0.1332720438544546], [[2, 3, 4, 5, 7, 10, 11, 12, 13, 14, 15, 17, 19, 20, 22, 23], 4.233006178988478e-05], [[2, 3, 4, 5, 7, 10, 11, 12, 13, 14, 15, 17, 19, 20, 21, 22, 23], 0.0002709645536780383], [[0, 2, 3, 4, 5, 7, 8, 9, 10, 11, 12, 13, 14, 15, 16, 17, 19, 20, 21, 22, 23, 26], 1.9376084231111124], [[0, 1, 2, 3, 4, 5, 6, 7, 8, 9, 10, 11, 12, 13, 14, 15, 16, 17, 19, 20, 21, 22, 23, 24, 26], 5067.381234731145], [[1, 6, 24], 250084606.22774732], [[1, 24], 39068189.0], [[18, 25, 27, 28, 29], 25230243.938436158], [[18, 25, 28, 29], 3941465.9578396007], [[25, 28, 29], 615735.3822941814], [[25, 28], 96612.0]]}