{"costs": 25328, "root_join": 18, "join_operands": {"0": [0, 1, 2, 3, 4, 6, 7, 8, 9, 10, 12, 13, 14, 15, 17, 18, 19], "1": [1, 2, 3, 4, 6, 7, 8, 9, 10, 12, 13, 14, 15, 17, 18, 19], "2": [1, 2, 3, 4, 6, 7, 8, 9, 10, 12, 13, 14, 15, 18], "3": [1, 2, 3, 4, 6, 7, 8, 9, 10, 12, 13, 14, 18], "4": [3, 7, 8, 9, 12, 13, 14], "5": [3, 7, 8, 9, 13, 14], "6": [3, 7, 9, 13, 14], "7": [3, 9, 13, 14], "8": [9, 13, 14], "9": [9, 14], "10": [2, 3, 7, 8, 9, 12, 13, 14], "11": [1, 2, 3, 6, 7, 8, 9, 10, 12, 13, 14], "12": [1, 6, 10], "13": [1, 10], "14": [1, 2, 3, 6, 7, 8, 9, 10, 12, 13, 14, 18], "15": [1, 2, 3, 4, 6, 7, 8, 9, 10, 12, 13, 14, 15, 18, 19], "16": [0, 1, 2, 3, 4, 6, 7, 8, 9, 10, 11, 12, 13, 14, 15, 17, 18, 19], "17": [0, 1, 2, 3, 4, 6, 7, 8, 9, 10, 11, 12, 13, 14, 15, 16, 17, 18, 19], "18": [0, 1, 2, 3, 4, 5, 6, 7, 8, 9, 10, 11, 12, 13, 14, 15, 16, 17, 18, 19]}, "join_predecessors": {"0": [1], "2": [3], "4": [5], "5": [6], "7": [8], "9": [], "8": [9], "6": [7], "10": [4], "11": [10, 12], "13": [], "12": [13], "14": [11], "3": [14], "15": [2], "1": [15], "16": [0], "17": [16], "18": [17]}, "intermediate_costs": [[[0, 1, 2, 3, 4, 6, 7, 8, 9, 10, 12, 13, 14, 15, 17, 18, 19], 57.15142894795532], [[1, 2, 3, 4, 6, 7, 8, 9, 10, 12, 13, 14, 15, 17, 18, 19], 21.15757543867089], [[1, 2, 3, 4, 6, 7, 8, 9, 10, 12, 13, 14, 15, 18], 2.8996370663326676], [[1, 2, 3, 4, 6, 7, 8, 9, 10, 12, 13, 14, 18], 1.0734515908659412], [[3, 7, 8, 9, 12, 13, 14], 19.915364514889188], [[3, 7, 8, 9, 13, 14], 1.2861301353900634], [[3, 7, 9, 13, 14], 0.04840276211660037], [[3, 9, 13, 14], 0.01799107169969955], [[9, 13, 14], 0.005984668455346876], [[9, 14], 37.0], [[2, 3, 7, 8, 9, 12, 13, 14], 19.56215630560166], [[1, 2, 3, 6, 7, 8, 9, 10, 12, 13, 14], 0.14754910027533752], [[1, 6, 10], 248.51294579246257], [[1, 10], 92.0], [[1, 2, 3, 6, 7, 8, 9, 10, 12, 13, 14, 18], 0.39739407706006386], [[1, 2, 3, 4, 6, 7, 8, 9, 10, 12, 13, 14, 15, 18, 19], 7.832579814538662], [[0, 1, 2, 3, 4, 6, 7, 8, 9, 10, 11, 12, 13, 14, 15, 17, 18, 19], 6705.702956368109], [[0, 1, 2, 3, 4, 6, 7, 8, 9, 10, 11, 12, 13, 14, 15, 16, 17, 18, 19], 18113.630732876027]]}