{"costs": 11576170703, "root_join": 0, "join_operands": {"0": [0, 1, 2, 3, 4, 5, 6, 7, 8, 9, 10, 11, 12, 13, 14, 15, 16, 17, 18, 19, 20, 21, 22, 23, 24, 25, 26, 27, 28, 29], "1": [0, 1, 2, 3, 4, 5, 6, 7, 8, 9, 10, 11, 12, 16, 18, 19, 22, 25, 26, 27, 28, 29], "2": [13, 14, 15, 17, 20, 21, 23, 24], "3": [0, 1, 2, 3, 4, 5, 6, 7, 8, 9, 10, 11, 12, 16, 18, 19, 22, 25, 26, 28, 29], "4": [13, 14, 15, 17, 20, 21], "5": [], "6": [23, 24], "7": [0, 2, 3, 16, 18, 19, 22, 25, 26], "8": [2, 3, 16, 18, 19, 22, 25, 26], "9": [2, 18], "10": [2, 16, 18, 25, 26], "11": [16, 25, 26], "12": [25, 26], "13": [2, 16, 18, 22, 25, 26], "14": [2, 3, 16, 18, 22, 25, 26], "15": [0, 2, 3, 11, 16, 18, 19, 22, 25, 26], "16": [0, 2, 3, 11, 16, 18, 19, 22, 25, 26, 29], "17": [0, 2, 3, 8, 11, 16, 18, 19, 22, 25, 26, 29], "18": [0, 2, 3, 4, 8, 9, 11, 16, 18, 19, 22, 25, 26, 29], "19": [4, 9], "21": [1, 5, 6, 7, 10, 12, 28], "22": [1, 7], "23": [1, 5, 7], "24": [1, 5, 6, 7], "25": [1, 5, 6, 7, 12], "26": [1, 5, 6, 7, 12, 28], "27": [13, 14], "28": [13, 14, 20], "29": [13, 14, 17, 20], "31": [15, 21]}, "join_predecessors": {"0": [1, 2], "1": [3], "2": [4, 6], "3": [18, 21], "4": [29, 31], "5": [], "6": [], "7": [8], "9": [], "10": [9, 11], "11": [12], "12": [], "13": [10], "14": [13], "8": [14], "15": [7], "16": [15], "17": [16], "18": [17, 19], "19": [], "22": [], "23": [22], "24": [23], "25": [24], "26": [25], "21": [26], "27": [], "28": [27], "29": [28], "31": []}, "intermediate_costs": [[[0, 1, 2, 3, 4, 5, 6, 7, 8, 9, 10, 11, 12, 16, 18, 19, 22, 25, 26, 27, 28, 29], 1848495914.2553082], [[13, 14, 15, 17, 20, 21, 23, 24], 3859374064.7259297], [[0, 1, 2, 3, 4, 5, 6, 7, 8, 9, 10, 11, 12, 16, 18, 19, 22, 25, 26, 28, 29], 1848495914.2553082], [[13, 14, 15, 17, 20, 21], 3912252202.3648906], [[23, 24], 338364.0], [[0, 2, 3, 16, 18, 19, 22, 25, 26], 302292.4480796748], [[2, 3, 16, 18, 19, 22, 25, 26], 76300.542721519], [[2, 18], 329000.0], [[2, 16, 18, 25, 26], 79126.58227848102], [[16, 25, 26], 57000.0], [[25, 26], 57000.0], [[2, 16, 18, 22, 25, 26], 76300.54272151898], [[2, 3, 16, 18, 22, 25, 26], 76300.542721519], [[0, 2, 3, 11, 16, 18, 19, 22, 25, 26], 302292.4480796748], [[0, 2, 3, 11, 16, 18, 19, 22, 25, 26, 29], 242629.1067042796], [[0, 2, 3, 8, 11, 16, 18, 19, 22, 25, 26, 29], 242629.1067042796], [[0, 2, 3, 4, 8, 9, 11, 16, 18, 19, 22, 25, 26, 29], 8682939.998941679], [[4, 9], 2183000.0], [[1, 5, 6, 7, 10, 12, 28], 9579971.31750623], [[1, 7], 2032633.0], [[1, 5, 7], 2028398.2252620084], [[1, 5, 6, 7], 2028398.2252620084], [[1, 5, 6, 7, 12], 9600752.68094529], [[1, 5, 6, 7, 12, 28], 9579971.31750623], [[13, 14], 1701000.0], [[13, 14, 20], 1570153.7647058824], [[13, 14, 17, 20], 1570153.7647058824], [[15, 21], 54816000.0]]}