{"costs": 258064275, "root_join": 27, "join_operands": {"0": [0, 10], "1": [0, 2, 9, 10, 19, 21, 22, 23, 29], "2": [2, 9, 19, 21, 22, 23, 29], "3": [9, 22, 23, 29], "4": [9, 22, 29], "5": [22, 29], "6": [9, 21, 22, 23, 29], "7": [9, 19, 21, 22, 23, 29], "8": [0, 2, 5, 9, 10, 19, 21, 22, 23, 29], "9": [0, 2, 5, 9, 10, 11, 13, 16, 18, 19, 21, 22, 23, 29], "10": [11, 13, 16, 18], "11": [13, 18], "12": [13, 16, 18], "13": [0, 2, 5, 8, 9, 10, 11, 13, 16, 18, 19, 21, 22, 23, 29], "14": [0, 2, 5, 7, 8, 9, 10, 11, 13, 16, 18, 19, 21, 22, 23, 29], "15": [0, 1, 2, 5, 7, 8, 9, 10, 11, 12, 13, 16, 18, 19, 21, 22, 23, 24, 29], "16": [1, 12, 24], "17": [12, 24], "18": [0, 1, 2, 5, 7, 8, 9, 10, 11, 12, 13, 16, 18, 19, 21, 22, 23, 24, 27, 29], "19": [0, 1, 2, 5, 7, 8, 9, 10, 11, 12, 13, 16, 18, 19, 20, 21, 22, 23, 24, 27, 29], "20": [0, 1, 2, 4, 5, 7, 8, 9, 10, 11, 12, 13, 16, 18, 19, 20, 21, 22, 23, 24, 27, 28, 29], "21": [4, 28], "22": [0, 1, 2, 4, 5, 7, 8, 9, 10, 11, 12, 13, 16, 17, 18, 19, 20, 21, 22, 23, 24, 27, 28, 29], "23": [0, 1, 2, 4, 5, 6, 7, 8, 9, 10, 11, 12, 13, 16, 17, 18, 19, 20, 21, 22, 23, 24, 27, 28, 29], "24": [0, 1, 2, 4, 5, 6, 7, 8, 9, 10, 11, 12, 13, 16, 17, 18, 19, 20, 21, 22, 23, 24, 25, 27, 28, 29], "25": [0, 1, 2, 4, 5, 6, 7, 8, 9, 10, 11, 12, 13, 15, 16, 17, 18, 19, 20, 21, 22, 23, 24, 25, 27, 28, 29], "26": [0, 1, 2, 4, 5, 6, 7, 8, 9, 10, 11, 12, 13, 15, 16, 17, 18, 19, 20, 21, 22, 23, 24, 25, 26, 27, 28, 29], "27": [0, 1, 2, 3, 4, 5, 6, 7, 8, 9, 10, 11, 12, 13, 14, 15, 16, 17, 18, 19, 20, 21, 22, 23, 24, 25, 26, 27, 28, 29], "28": [3, 14]}, "join_predecessors": {"0": [], "1": [0, 2], "3": [4], "4": [5], "5": [], "6": [3], "7": [6], "2": [7], "8": [1], "9": [8, 10], "11": [], "12": [11], "10": [12], "13": [9], "14": [13], "15": [14, 16], "16": [17], "17": [], "18": [15], "19": [18], "20": [19, 21], "21": [], "22": [20], "23": [22], "24": [23], "25": [24], "26": [25], "27": [26, 28], "28": []}, "intermediate_costs": [[[0, 10], 52400.0], [[0, 2, 9, 10, 19, 21, 22, 23, 29], 0.0005928346377905925], [[2, 9, 19, 21, 22, 23, 29], 0.004446259783429444], [[9, 22, 23, 29], 3.8030497878003153], [[9, 22, 29], 28.077355473554736], [[22, 29], 1195.0], [[9, 21, 22, 23, 29], 3.2220282924419337], [[9, 19, 21, 22, 23, 29], 0.004475039295058241], [[0, 2, 5, 9, 10, 19, 21, 22, 23, 29], 0.0005928346377905925], [[0, 2, 5, 9, 10, 11, 13, 16, 18, 19, 21, 22, 23, 29], 0.15635629900181755], [[11, 13, 16, 18], 37979068.05879792], [[13, 18], 241000.0], [[13, 16, 18], 38447946.0], [[0, 2, 5, 8, 9, 10, 11, 13, 16, 18, 19, 21, 22, 23, 29], 0.14899835457959523], [[0, 2, 5, 7, 8, 9, 10, 11, 13, 16, 18, 19, 21, 22, 23, 29], 0.1335847271827703], [[0, 1, 2, 5, 7, 8, 9, 10, 11, 12, 13, 16, 18, 19, 21, 22, 23, 24, 29], 76.14932453419019], [[1, 12, 24], 82086500.18740849], [[12, 24], 2673872.0], [[0, 1, 2, 5, 7, 8, 9, 10, 11, 12, 13, 16, 18, 19, 21, 22, 23, 24, 27, 29], 177.37212339020178], [[0, 1, 2, 5, 7, 8, 9, 10, 11, 12, 13, 16, 18, 19, 20, 21, 22, 23, 24, 27, 29], 168.50351722069172], [[0, 1, 2, 4, 5, 7, 8, 9, 10, 11, 12, 13, 16, 18, 19, 20, 21, 22, 23, 24, 27, 28, 29], 198.23941554558743], [[4, 28], 8491764.0], [[0, 1, 2, 4, 5, 7, 8, 9, 10, 11, 12, 13, 16, 17, 18, 19, 20, 21, 22, 23, 24, 27, 28, 29], 39153.29598275684], [[0, 1, 2, 4, 5, 6, 7, 8, 9, 10, 11, 12, 13, 16, 17, 18, 19, 20, 21, 22, 23, 24, 27, 28, 29], 36543.076250573045], [[0, 1, 2, 4, 5, 6, 7, 8, 9, 10, 11, 12, 13, 16, 17, 18, 19, 20, 21, 22, 23, 24, 25, 27, 28, 29], 3133066.8219913323], [[0, 1, 2, 4, 5, 6, 7, 8, 9, 10, 11, 12, 13, 15, 16, 17, 18, 19, 20, 21, 22, 23, 24, 25, 27, 28, 29], 3118075.776818678], [[0, 1, 2, 4, 5, 6, 7, 8, 9, 10, 11, 12, 13, 15, 16, 17, 18, 19, 20, 21, 22, 23, 24, 25, 26, 27, 28, 29], 5060035.226702101], [[3, 14], 76703000.0]]}