{"costs": 8729787, "root_join": 27, "join_operands": {"0": [0, 1, 4, 5, 7, 8, 9, 10, 11, 12, 13, 14, 15, 18, 19, 20, 21, 22, 23, 26, 27, 29], "1": [1, 4, 5, 7, 8, 9, 10, 11, 12, 13, 14, 15, 18, 19, 20, 21, 22, 23, 26, 27, 29], "2": [1, 4, 7, 8, 10, 11, 15, 19, 23], "3": [4, 7, 8, 10, 11, 15, 19, 23], "4": [7, 8, 10, 11, 15, 19, 23], "5": [7, 11], "6": [7, 8, 10, 11, 23], "7": [8, 10, 23], "8": [8, 10], "9": [7, 8, 10, 11, 19, 23], "10": [1, 4, 7, 8, 10, 11, 14, 15, 19, 23], "11": [1, 4, 7, 8, 10, 11, 12, 13, 14, 15, 19, 21, 23, 27, 29], "12": [12, 13, 21, 27, 29], "13": [13, 21, 27, 29], "14": [13, 21], "15": [13, 21, 29], "16": [1, 4, 7, 8, 10, 11, 12, 13, 14, 15, 18, 19, 21, 23, 27, 29], "17": [1, 4, 7, 8, 9, 10, 11, 12, 13, 14, 15, 18, 19, 21, 23, 27, 29], "18": [1, 4, 7, 8, 9, 10, 11, 12, 13, 14, 15, 18, 19, 21, 22, 23, 27, 29], "19": [1, 4, 5, 7, 8, 9, 10, 11, 12, 13, 14, 15, 18, 19, 21, 22, 23, 27, 29], "20": [1, 4, 5, 7, 8, 9, 10, 11, 12, 13, 14, 15, 18, 19, 21, 22, 23, 26, 27, 29], "21": [0, 1, 4, 5, 6, 7, 8, 9, 10, 11, 12, 13, 14, 15, 18, 19, 20, 21, 22, 23, 26, 27, 29], "22": [0, 1, 4, 5, 6, 7, 8, 9, 10, 11, 12, 13, 14, 15, 18, 19, 20, 21, 22, 23, 24, 26, 27, 29], "23": [0, 1, 2, 4, 5, 6, 7, 8, 9, 10, 11, 12, 13, 14, 15, 18, 19, 20, 21, 22, 23, 24, 26, 27, 29], "24": [0, 1, 2, 4, 5, 6, 7, 8, 9, 10, 11, 12, 13, 14, 15, 18, 19, 20, 21, 22, 23, 24, 25, 26, 27, 29], "25": [0, 1, 2, 3, 4, 5, 6, 7, 8, 9, 10, 11, 12, 13, 14, 15, 18, 19, 20, 21, 22, 23, 24, 25, 26, 27, 29], "26": [0, 1, 2, 3, 4, 5, 6, 7, 8, 9, 10, 11, 12, 13, 14, 15, 16, 18, 19, 20, 21, 22, 23, 24, 25, 26, 27, 29], "27": [0, 1, 2, 3, 4, 5, 6, 7, 8, 9, 10, 11, 12, 13, 14, 15, 16, 17, 18, 19, 20, 21, 22, 23, 24, 25, 26, 27, 28, 29], "28": [17, 28]}, "join_predecessors": {"0": [1], "2": [3], "3": [4], "5": [], "6": [5, 7], "8": [], "7": [8], "9": [6], "4": [9], "10": [2], "11": [10, 12], "12": [13], "14": [], "15": [14], "13": [15], "16": [11], "17": [16], "18": [17], "19": [18], "20": [19], "1": [20], "21": [0], "22": [21], "23": [22], "24": [23], "25": [24], "26": [25], "27": [26, 28], "28": []}, "intermediate_costs": [[[0, 1, 4, 5, 7, 8, 9, 10, 11, 12, 13, 14, 15, 18, 19, 20, 21, 22, 23, 26, 27, 29], 1788.32209521302], [[1, 4, 5, 7, 8, 9, 10, 11, 12, 13, 14, 15, 18, 19, 20, 21, 22, 23, 26, 27, 29], 610.1909347120084], [[1, 4, 7, 8, 10, 11, 15, 19, 23], 0.055810711659887116], [[4, 7, 8, 10, 11, 15, 19, 23], 0.0008181865990503988], [[7, 8, 10, 11, 15, 19, 23], 0.00027828883919565217], [[7, 11], 1300.0], [[7, 8, 10, 11, 23], 0.00799374333953482], [[8, 10, 23], 1.029], [[8, 10], 294.0], [[7, 8, 10, 11, 19, 23], 0.059756682240742695], [[1, 4, 7, 8, 10, 11, 14, 15, 19, 23], 0.004212217705609594], [[1, 4, 7, 8, 10, 11, 12, 13, 14, 15, 19, 21, 23, 27, 29], 0.37454661918600307], [[12, 13, 21, 27, 29], 6593180.733133707], [[13, 21, 27, 29], 200611.27621491277], [[13, 21], 434.99999999999994], [[13, 21, 29], 1278.9272349586872], [[1, 4, 7, 8, 10, 11, 12, 13, 14, 15, 18, 19, 21, 23, 27, 29], 0.9990182140599386], [[1, 4, 7, 8, 9, 10, 11, 12, 13, 14, 15, 18, 19, 21, 23, 27, 29], 49.14330837482373], [[1, 4, 7, 8, 9, 10, 11, 12, 13, 14, 15, 18, 19, 21, 22, 23, 27, 29], 25.846477024100828], [[1, 4, 5, 7, 8, 9, 10, 11, 12, 13, 14, 15, 18, 19, 21, 22, 23, 27, 29], 75.99025948574594], [[1, 4, 5, 7, 8, 9, 10, 11, 12, 13, 14, 15, 18, 19, 21, 22, 23, 26, 27, 29], 209.87546413152646], [[0, 1, 4, 5, 6, 7, 8, 9, 10, 11, 12, 13, 14, 15, 18, 19, 20, 21, 22, 23, 26, 27, 29], 5257.773602987002], [[0, 1, 4, 5, 6, 7, 8, 9, 10, 11, 12, 13, 14, 15, 18, 19, 20, 21, 22, 23, 24, 26, 27, 29], 15458.183755110558], [[0, 1, 2, 4, 5, 6, 7, 8, 9, 10, 11, 12, 13, 14, 15, 18, 19, 20, 21, 22, 23, 24, 26, 27, 29], 45448.027705445755], [[0, 1, 2, 4, 5, 6, 7, 8, 9, 10, 11, 12, 13, 14, 15, 18, 19, 20, 21, 22, 23, 24, 25, 26, 27, 29], 133620.04854623336], [[0, 1, 2, 3, 4, 5, 6, 7, 8, 9, 10, 11, 12, 13, 14, 15, 18, 19, 20, 21, 22, 23, 24, 25, 26, 27, 29], 392851.30799583334], [[0, 1, 2, 3, 4, 5, 6, 7, 8, 9, 10, 11, 12, 13, 14, 15, 16, 18, 19, 20, 21, 22, 23, 24, 25, 26, 27, 29], 1155007.4526775915], [[17, 28], 182283.0]]}