{"costs": 4766617.719466647, "join_operands": {"0": [0, 1, 2, 3, 4, 5, 6, 7, 8, 9, 10, 11, 12, 13, 14, 15, 16, 17, 18, 19], "1": [0, 1, 2, 3, 4, 5, 6, 7, 8, 9, 11, 12, 13, 14, 15, 16, 18, 19], "2": [10, 17], "3": [0, 1, 2, 3, 4, 5, 6, 7, 8, 9, 11, 12, 13, 15, 16, 18, 19], "4": [], "5": [], "6": [], "7": [0, 1, 2, 4, 5, 6, 7, 8, 9, 11, 12, 13, 15, 16, 18, 19], "8": [], "9": [], "10": [], "11": [], "12": [], "13": [], "14": [], "15": [0, 1, 2, 4, 5, 6, 7, 8, 9, 11, 12, 13, 16, 18, 19], "16": [], "17": [], "18": []}, "join_predecessors": {"0": [1, 2], "1": [3, 5], "2": [4, 6], "3": [7, 11], "4": [8, 12], "5": [9, 13], "6": [10, 14], "7": [15], "8": [16], "9": [17], "10": [18], "11": [], "12": [], "13": [], "14": [], "15": [], "16": [], "17": [], "18": []}, "leaf_joins": [15, 16], "opt_time": 1.5140399932861328, "status": 2, "intermediate_costs": [[[0, 1, 2, 3, 4, 5, 6, 7, 8, 9, 11, 12, 13, 14, 15, 16, 18, 19], 2954543.558571115], [[10, 17], 60699.00000000001], [[0, 1, 2, 3, 4, 5, 6, 7, 8, 9, 11, 12, 13, 15, 16, 18, 19], 1606269.55723785], [[0, 1, 2, 4, 5, 6, 7, 8, 9, 11, 12, 13, 15, 16, 18, 19], 93476.32024054333], [[0, 1, 2, 4, 5, 6, 7, 8, 9, 11, 12, 13, 16, 18, 19], 51629.28341713852]]}