{"costs": 84518235, "root_join": 26, "join_operands": {"0": [0, 15], "1": [0, 1, 2, 3, 5, 6, 9, 10, 12, 13, 15, 21, 23, 24, 25, 27], "2": [1, 2, 3, 5, 6, 9, 10, 12, 13, 21, 23, 24, 25, 27], "3": [2, 3, 5, 6, 9, 10, 12, 13, 21, 23, 24, 25, 27], "4": [3, 5, 21, 25], "5": [3, 5, 21], "6": [3, 21], "7": [3, 5, 6, 9, 10, 12, 21, 23, 24, 25, 27], "8": [6, 9, 10, 12, 23, 24, 27], "9": [6, 27], "10": [6, 12, 27], "11": [6, 10, 12, 27], "12": [6, 9, 10, 12, 27], "13": [6, 9, 10, 12, 23, 27], "14": [3, 5, 6, 9, 10, 12, 13, 21, 23, 24, 25, 27], "15": [0, 1, 2, 3, 5, 6, 9, 10, 12, 13, 15, 21, 23, 24, 25, 26, 27], "16": [0, 1, 2, 3, 4, 5, 6, 7, 8, 9, 10, 11, 12, 13, 14, 15, 16, 17, 18, 21, 22, 23, 24, 25, 26, 27, 29], "17": [4, 7, 8, 11, 14, 16, 17, 18, 22, 29], "18": [4, 7, 11, 14, 16, 17, 22, 29], "19": [4, 7, 11, 16, 17, 22, 29], "20": [7, 11, 16, 17, 22, 29], "21": [16, 17, 29], "22": [16, 29], "23": [7, 16, 17, 29], "24": [7, 11, 16, 17, 29], "25": [8, 18], "26": [0, 1, 2, 3, 4, 5, 6, 7, 8, 9, 10, 11, 12, 13, 14, 15, 16, 17, 18, 19, 20, 21, 22, 23, 24, 25, 26, 27, 28, 29], "27": [19, 20, 28], "28": [19, 28]}, "join_predecessors": {"0": [], "1": [0, 2], "2": [3], "4": [5], "6": [], "5": [6], "7": [4, 8], "9": [], "10": [9], "11": [10], "12": [11], "13": [12], "8": [13], "14": [7], "3": [14], "15": [1], "16": [15, 17], "18": [19], "19": [20], "21": [22], "22": [], "23": [21], "24": [23], "20": [24], "17": [18, 25], "25": [], "26": [16, 27], "27": [28], "28": []}, "intermediate_costs": [[[0, 15], 88000.0], [[0, 1, 2, 3, 5, 6, 9, 10, 12, 13, 15, 21, 23, 24, 25, 27], 230959.3030709491], [[1, 2, 3, 5, 6, 9, 10, 12, 13, 21, 23, 24, 25, 27], 230959.3030709491], [[2, 3, 5, 6, 9, 10, 12, 13, 21, 23, 24, 25, 27], 4758.870905918352], [[3, 5, 21, 25], 149475.04761904763], [[3, 5, 21], 32.0], [[3, 21], 32.0], [[3, 5, 6, 9, 10, 12, 21, 23, 24, 25, 27], 4785.699897512345], [[6, 9, 10, 12, 23, 24, 27], 3137.638003310763], [[6, 27], 3178.0], [[6, 12, 27], 3154.2835633126606], [[6, 10, 12, 27], 3137.6380351588127], [[6, 9, 10, 12, 27], 3137.638003310763], [[6, 9, 10, 12, 23, 27], 3137.638003310763], [[3, 5, 6, 9, 10, 12, 13, 21, 23, 24, 25, 27], 4766.0056542317], [[0, 1, 2, 3, 5, 6, 9, 10, 12, 13, 15, 21, 23, 24, 25, 26, 27], 230959.30307094913], [[0, 1, 2, 3, 4, 5, 6, 7, 8, 9, 10, 11, 12, 13, 14, 15, 16, 17, 18, 21, 22, 23, 24, 25, 26, 27, 29], 5672575.422597138], [[4, 7, 8, 11, 14, 16, 17, 18, 22, 29], 1277168.405240328], [[4, 7, 11, 14, 16, 17, 22, 29], 1277168.4265958741], [[4, 7, 11, 16, 17, 22, 29], 1302210.9635500761], [[7, 11, 16, 17, 22, 29], 9299.996062972063], [[16, 17, 29], 544.4444444444445], [[16, 29], 588.0], [[7, 16, 17, 29], 535.4897230563897], [[7, 11, 16, 17, 29], 535.4897230563897], [[8, 18], 490000.0], [[19, 20, 28], 36761999.0], [[19, 28], 36761999.0]]}