{"costs": 81005298, "root_join": 2, "join_operands": {"0": [19, 28], "1": [19, 20, 28], "2": [0, 1, 2, 3, 4, 5, 6, 7, 8, 9, 10, 11, 12, 13, 14, 15, 16, 17, 18, 19, 20, 21, 22, 23, 24, 25, 26, 27, 28, 29], "3": [0, 1, 2, 3, 4, 5, 6, 7, 8, 9, 10, 11, 12, 13, 14, 15, 16, 17, 18, 21, 22, 23, 24, 25, 26, 27, 29], "4": [6, 9, 10, 12, 27], "5": [6, 10, 12, 27], "6": [6, 27], "7": [6, 12, 27], "8": [6, 9, 10, 12, 24, 27], "9": [6, 9, 10, 12, 23, 24, 27], "10": [3, 6, 9, 10, 12, 21, 23, 24, 25, 27], "11": [3, 21, 25], "12": [3, 21], "13": [3, 6, 9, 10, 12, 13, 21, 23, 24, 25, 27], "14": [2, 3, 6, 9, 10, 12, 13, 21, 23, 24, 25, 27], "15": [2, 3, 5, 6, 9, 10, 12, 13, 21, 23, 24, 25, 27], "16": [1, 2, 3, 5, 6, 9, 10, 12, 13, 21, 23, 24, 25, 27], "17": [0, 1, 2, 3, 5, 6, 9, 10, 12, 13, 21, 23, 24, 25, 27], "18": [0, 1, 2, 3, 5, 6, 9, 10, 12, 13, 21, 23, 24, 25, 26, 27], "19": [0, 1, 2, 3, 5, 6, 9, 10, 12, 13, 15, 21, 23, 24, 25, 26, 27], "20": [0, 1, 2, 3, 4, 5, 6, 7, 8, 9, 10, 11, 12, 13, 14, 15, 16, 17, 18, 21, 23, 24, 25, 26, 27, 29], "21": [4, 7, 8, 11, 14, 16, 17, 18, 29], "22": [4, 7, 14, 16, 17, 29], "23": [4, 7, 16, 17, 29], "24": [7, 16, 17, 29], "25": [16, 17, 29], "26": [16, 29], "27": [4, 7, 14, 16, 17, 18, 29], "28": [4, 7, 11, 14, 16, 17, 18, 29]}, "join_predecessors": {"0": [], "1": [0], "2": [1, 3], "4": [5], "6": [], "7": [6], "5": [7], "8": [4], "9": [8], "10": [9, 11], "11": [12], "12": [], "13": [10], "14": [13], "15": [14], "16": [15], "17": [16], "18": [17], "19": [18], "20": [19, 21], "22": [23], "23": [24], "25": [26], "26": [], "24": [25], "27": [22], "28": [27], "21": [28], "3": [20]}, "intermediate_costs": [[[19, 28], 36761999.0], [[19, 20, 28], 36761999.0], [[0, 1, 2, 3, 4, 5, 6, 7, 8, 9, 10, 11, 12, 13, 14, 15, 16, 17, 18, 21, 22, 23, 24, 25, 26, 27, 29], 5672575.422597138], [[6, 9, 10, 12, 27], 3137.638003310763], [[6, 10, 12, 27], 3137.6380351588127], [[6, 27], 3178.0], [[6, 12, 27], 3154.2835633126606], [[6, 9, 10, 12, 24, 27], 3137.6380033107625], [[6, 9, 10, 12, 23, 24, 27], 3137.638003310763], [[3, 6, 9, 10, 12, 21, 23, 24, 25, 27], 4785.699897512345], [[3, 21, 25], 149475.04761904763], [[3, 21], 32.0], [[3, 6, 9, 10, 12, 13, 21, 23, 24, 25, 27], 4766.0056542317], [[2, 3, 6, 9, 10, 12, 13, 21, 23, 24, 25, 27], 4758.870905918351], [[2, 3, 5, 6, 9, 10, 12, 13, 21, 23, 24, 25, 27], 4758.870905918352], [[1, 2, 3, 5, 6, 9, 10, 12, 13, 21, 23, 24, 25, 27], 230959.3030709491], [[0, 1, 2, 3, 5, 6, 9, 10, 12, 13, 21, 23, 24, 25, 27], 230959.3030709491], [[0, 1, 2, 3, 5, 6, 9, 10, 12, 13, 21, 23, 24, 25, 26, 27], 230959.3030709491], [[0, 1, 2, 3, 5, 6, 9, 10, 12, 13, 15, 21, 23, 24, 25, 26, 27], 230959.30307094913], [[0, 1, 2, 3, 4, 5, 6, 7, 8, 9, 10, 11, 12, 13, 14, 15, 16, 17, 18, 21, 23, 24, 25, 26, 27, 29], 326624.422364785], [[4, 7, 8, 11, 14, 16, 17, 18, 29], 73538.80055299209], [[4, 7, 14, 16, 17, 29], 73538.80178263514], [[4, 7, 16, 17, 29], 74980.7401541606], [[7, 16, 17, 29], 535.4897230563897], [[16, 17, 29], 544.4444444444445], [[16, 29], 588.0], [[4, 7, 14, 16, 17, 18, 29], 73538.80055299209], [[4, 7, 11, 14, 16, 17, 18, 29], 73538.80055299209]]}