{"costs": 84545322, "root_join": 0, "join_operands": {"0": [0, 1, 2, 3, 4, 5, 6, 7, 8, 9, 10, 11, 12, 13, 14, 15, 16, 17, 18, 19, 20, 21, 22, 23, 24, 25, 26, 27, 28, 29], "1": [0, 1, 2, 3, 4, 5, 6, 7, 8, 9, 10, 11, 12, 13, 14, 15, 16, 17, 18, 21, 22, 23, 24, 25, 26, 27, 29], "2": [19, 20, 28], "3": [0, 1, 2, 3, 4, 5, 6, 7, 8, 9, 10, 11, 12, 13, 14, 15, 16, 17, 18, 21, 23, 24, 25, 26, 27, 29], "4": [], "5": [], "6": [20, 28], "7": [1, 2, 3, 4, 5, 6, 7, 8, 9, 10, 11, 12, 13, 14, 16, 17, 18, 21, 23, 24, 25, 26, 27, 29], "8": [], "9": [], "10": [], "11": [0, 15], "12": [], "13": [], "14": [], "15": [1, 3, 4, 5, 6, 7, 8, 9, 10, 11, 12, 13, 14, 16, 17, 18, 21, 23, 24, 25, 26, 27, 29], "16": [], "17": [], "18": [], "19": [], "20": [], "21": [], "22": [], "23": [], "24": [], "25": [], "26": [], "27": [], "28": [], "29": [1, 3, 5, 6, 9, 10, 12, 13, 21, 23, 24, 25, 27], "30": [3, 5, 6, 9, 10, 12, 13, 21, 23, 24, 25, 27], "31": [3, 21], "32": [3, 5, 21], "33": [3, 5, 21, 25], "34": [3, 5, 6, 9, 10, 12, 21, 23, 24, 25, 27], "35": [6, 9, 10, 12, 23, 24, 27], "36": [6, 27], "37": [6, 12, 27], "38": [6, 10, 12, 27], "39": [6, 9, 10, 12, 27], "40": [6, 9, 10, 12, 23, 27], "41": [1, 3, 5, 6, 9, 10, 12, 13, 21, 23, 24, 25, 26, 27], "43": [4, 7, 8, 11, 14, 16, 17, 18, 29], "44": [4, 7, 11, 16, 17, 29], "45": [7, 11, 16, 17, 29], "46": [7, 16, 17, 29], "47": [16, 17, 29], "48": [16, 29], "49": [4, 7, 11, 14, 16, 17, 29], "50": [4, 7, 11, 14, 16, 17, 18, 29]}, "join_predecessors": {"0": [1, 2], "1": [3], "2": [6], "3": [7, 11], "4": [], "5": [], "6": [], "7": [15], "8": [], "9": [], "10": [], "11": [], "12": [], "13": [], "14": [], "15": [41, 43], "16": [], "17": [], "18": [], "19": [], "20": [], "21": [], "22": [], "23": [], "24": [], "25": [], "26": [], "27": [], "28": [], "29": [30], "31": [], "32": [31], "33": [32], "34": [33, 35], "36": [], "37": [36], "38": [37], "39": [38], "40": [39], "35": [40], "30": [34], "41": [29], "44": [45], "46": [47], "48": [], "47": [48], "45": [46], "49": [44], "50": [49], "43": [50]}, "intermediate_costs": [[[0, 1, 2, 3, 4, 5, 6, 7, 8, 9, 10, 11, 12, 13, 14, 15, 16, 17, 18, 21, 22, 23, 24, 25, 26, 27, 29], 5672575.422597138], [[19, 20, 28], 36761999.0], [[0, 1, 2, 3, 4, 5, 6, 7, 8, 9, 10, 11, 12, 13, 14, 15, 16, 17, 18, 21, 23, 24, 25, 26, 27, 29], 326624.422364785], [[20, 28], 40104000.0], [[1, 2, 3, 4, 5, 6, 7, 8, 9, 10, 11, 12, 13, 14, 16, 17, 18, 21, 23, 24, 25, 26, 27, 29], 326624.422364785], [[0, 15], 88000.0], [[1, 3, 4, 5, 6, 7, 8, 9, 10, 11, 12, 13, 14, 16, 17, 18, 21, 23, 24, 25, 26, 27, 29], 327114.1147923874], [[1, 3, 5, 6, 9, 10, 12, 13, 21, 23, 24, 25, 27], 231305.56934515887], [[3, 5, 6, 9, 10, 12, 13, 21, 23, 24, 25, 27], 4766.0056542317], [[3, 21], 32.0], [[3, 5, 21], 32.0], [[3, 5, 21, 25], 149475.04761904763], [[3, 5, 6, 9, 10, 12, 21, 23, 24, 25, 27], 4785.699897512345], [[6, 9, 10, 12, 23, 24, 27], 3137.638003310763], [[6, 27], 3178.0], [[6, 12, 27], 3154.2835633126606], [[6, 10, 12, 27], 3137.6380351588127], [[6, 9, 10, 12, 27], 3137.638003310763], [[6, 9, 10, 12, 23, 27], 3137.638003310763], [[1, 3, 5, 6, 9, 10, 12, 13, 21, 23, 24, 25, 26, 27], 231305.56934515887], [[4, 7, 8, 11, 14, 16, 17, 18, 29], 73538.80055299209], [[4, 7, 11, 16, 17, 29], 74980.74015416058], [[7, 11, 16, 17, 29], 535.4897230563897], [[7, 16, 17, 29], 535.4897230563897], [[16, 17, 29], 544.4444444444445], [[16, 29], 588.0], [[4, 7, 11, 14, 16, 17, 29], 73538.80178263513], [[4, 7, 11, 14, 16, 17, 18, 29], 73538.80055299209]], "time_in_s": 10}