{"costs": 5374169483, "root_join": 28, "join_operands": {"0": [3, 21], "1": [3, 5, 21], "2": [3, 5, 21, 25], "3": [3, 5, 13, 21, 25], "4": [2, 3, 5, 13, 21, 25], "5": [2, 3, 5, 13, 21, 25, 27], "6": [2, 3, 5, 6, 13, 21, 25, 27], "7": [2, 3, 5, 6, 12, 13, 21, 25, 27], "8": [2, 3, 5, 6, 10, 12, 13, 21, 25, 27], "9": [2, 3, 5, 6, 9, 10, 12, 13, 21, 25, 27], "10": [2, 3, 5, 6, 9, 10, 12, 13, 21, 24, 25, 27], "11": [2, 3, 5, 6, 9, 10, 12, 13, 21, 23, 24, 25, 27], "12": [1, 2, 3, 5, 6, 9, 10, 12, 13, 21, 23, 24, 25, 27], "13": [0, 1, 2, 3, 5, 6, 9, 10, 12, 13, 21, 23, 24, 25, 27], "14": [0, 1, 2, 3, 5, 6, 9, 10, 12, 13, 21, 23, 24, 25, 26, 27], "15": [0, 1, 2, 3, 5, 6, 9, 10, 12, 13, 15, 21, 23, 24, 25, 26, 27], "16": [0, 1, 2, 3, 5, 6, 9, 10, 12, 13, 14, 15, 21, 23, 24, 25, 26, 27], "17": [0, 1, 2, 3, 4, 5, 6, 9, 10, 12, 13, 14, 15, 21, 23, 24, 25, 26, 27], "18": [0, 1, 2, 3, 4, 5, 6, 9, 10, 12, 13, 14, 15, 17, 21, 23, 24, 25, 26, 27], "19": [0, 1, 2, 3, 4, 5, 6, 9, 10, 12, 13, 14, 15, 17, 18, 21, 23, 24, 25, 26, 27], "20": [0, 1, 2, 3, 4, 5, 6, 9, 10, 12, 13, 14, 15, 17, 18, 21, 23, 24, 25, 26, 27, 29], "21": [0, 1, 2, 3, 4, 5, 6, 9, 10, 12, 13, 14, 15, 16, 17, 18, 21, 23, 24, 25, 26, 27, 29], "22": [0, 1, 2, 3, 4, 5, 6, 7, 9, 10, 12, 13, 14, 15, 16, 17, 18, 21, 23, 24, 25, 26, 27, 29], "23": [0, 1, 2, 3, 4, 5, 6, 7, 8, 9, 10, 12, 13, 14, 15, 16, 17, 18, 21, 23, 24, 25, 26, 27, 29], "24": [0, 1, 2, 3, 4, 5, 6, 7, 8, 9, 10, 11, 12, 13, 14, 15, 16, 17, 18, 21, 23, 24, 25, 26, 27, 29], "25": [0, 1, 2, 3, 4, 5, 6, 7, 8, 9, 10, 11, 12, 13, 14, 15, 16, 17, 18, 21, 22, 23, 24, 25, 26, 27, 29], "26": [0, 1, 2, 3, 4, 5, 6, 7, 8, 9, 10, 11, 12, 13, 14, 15, 16, 17, 18, 20, 21, 22, 23, 24, 25, 26, 27, 29], "27": [0, 1, 2, 3, 4, 5, 6, 7, 8, 9, 10, 11, 12, 13, 14, 15, 16, 17, 18, 20, 21, 22, 23, 24, 25, 26, 27, 28, 29], "28": [0, 1, 2, 3, 4, 5, 6, 7, 8, 9, 10, 11, 12, 13, 14, 15, 16, 17, 18, 19, 20, 21, 22, 23, 24, 25, 26, 27, 28, 29]}, "join_predecessors": {"0": [], "1": [0], "2": [1], "3": [2], "4": [3], "5": [4], "6": [5], "7": [6], "8": [7], "9": [8], "10": [9], "11": [10], "12": [11], "13": [12], "14": [13], "15": [14], "16": [15], "17": [16], "18": [17], "19": [18], "20": [19], "21": [20], "22": [21], "23": [22], "24": [23], "25": [24], "26": [25], "27": [26], "28": [27]}, "intermediate_costs": [[[3, 21], 32.0], [[3, 5, 21], 32.0], [[3, 5, 21, 25], 149475.04761904763], [[3, 5, 13, 21, 25], 148859.92380952384], [[2, 3, 5, 13, 21, 25], 148637.07932141834], [[2, 3, 5, 13, 21, 25, 27], 148637.07932141834], [[2, 3, 5, 6, 13, 21, 25, 27], 4820.088143708851], [[2, 3, 5, 6, 12, 13, 21, 25, 27], 4784.117308187245], [[2, 3, 5, 6, 10, 12, 13, 21, 25, 27], 4758.870954222444], [[2, 3, 5, 6, 9, 10, 12, 13, 21, 25, 27], 4758.870905918352], [[2, 3, 5, 6, 9, 10, 12, 13, 21, 24, 25, 27], 4758.870905918352], [[2, 3, 5, 6, 9, 10, 12, 13, 21, 23, 24, 25, 27], 4758.870905918352], [[1, 2, 3, 5, 6, 9, 10, 12, 13, 21, 23, 24, 25, 27], 230959.3030709491], [[0, 1, 2, 3, 5, 6, 9, 10, 12, 13, 21, 23, 24, 25, 27], 230959.3030709491], [[0, 1, 2, 3, 5, 6, 9, 10, 12, 13, 21, 23, 24, 25, 26, 27], 230959.3030709491], [[0, 1, 2, 3, 5, 6, 9, 10, 12, 13, 15, 21, 23, 24, 25, 26, 27], 230959.30307094913], [[0, 1, 2, 3, 5, 6, 9, 10, 12, 13, 14, 15, 21, 23, 24, 25, 26, 27], 2620499.759937713], [[0, 1, 2, 3, 4, 5, 6, 9, 10, 12, 13, 14, 15, 21, 23, 24, 25, 26, 27], 260517219.0350336], [[0, 1, 2, 3, 4, 5, 6, 9, 10, 12, 13, 14, 15, 17, 21, 23, 24, 25, 26, 27], 259230711.3456014], [[0, 1, 2, 3, 4, 5, 6, 9, 10, 12, 13, 14, 15, 17, 18, 21, 23, 24, 25, 26, 27], 259230707.0110021], [[0, 1, 2, 3, 4, 5, 6, 9, 10, 12, 13, 14, 15, 17, 18, 21, 23, 24, 25, 26, 27, 29], 259230707.0110021], [[0, 1, 2, 3, 4, 5, 6, 9, 10, 12, 13, 14, 15, 16, 17, 18, 21, 23, 24, 25, 26, 27, 29], 332086.39590951905], [[0, 1, 2, 3, 4, 5, 6, 7, 9, 10, 12, 13, 14, 15, 16, 17, 18, 21, 23, 24, 25, 26, 27, 29], 326624.422364785], [[0, 1, 2, 3, 4, 5, 6, 7, 8, 9, 10, 12, 13, 14, 15, 16, 17, 18, 21, 23, 24, 25, 26, 27, 29], 326624.422364785], [[0, 1, 2, 3, 4, 5, 6, 7, 8, 9, 10, 11, 12, 13, 14, 15, 16, 17, 18, 21, 23, 24, 25, 26, 27, 29], 326624.422364785], [[0, 1, 2, 3, 4, 5, 6, 7, 8, 9, 10, 11, 12, 13, 14, 15, 16, 17, 18, 21, 22, 23, 24, 25, 26, 27, 29], 5672575.422597138], [[0, 1, 2, 3, 4, 5, 6, 7, 8, 9, 10, 11, 12, 13, 14, 15, 16, 17, 18, 20, 21, 22, 23, 24, 25, 26, 27, 29], 770229381.2454244], [[0, 1, 2, 3, 4, 5, 6, 7, 8, 9, 10, 11, 12, 13, 14, 15, 16, 17, 18, 20, 21, 22, 23, 24, 25, 26, 27, 28, 29], 3554577572.5508056]]}