{"costs": 1633536.8823420655, "int_costs": [[[0, 3, 4, 5, 6, 7, 8, 9, 10, 11, 13, 14, 15, 17, 18, 19, 20, 21, 22, 23, 24, 25, 28, 29, 30, 31, 32, 33, 34, 35, 36, 37, 38, 39, 40, 41, 42, 43, 44, 45, 46, 47, 48, 49], 195177.94661938553], [[1, 2, 12, 16, 26, 27], 832575.3225177994], [[0, 3, 4, 5, 6, 7, 8, 9, 10, 11, 13, 14, 15, 17, 18, 19, 20, 21, 22, 23, 24, 25, 28, 30, 31, 32, 33, 34, 35, 36, 37, 38, 39, 40, 41, 42, 43, 44, 45, 46, 47, 48, 49], 80057.49442238898], [[1, 2, 12, 16, 26], 341503.2123651308], [[0, 3, 4, 5, 6, 7, 8, 9, 10, 11, 13, 15, 17, 19, 20, 21, 22, 23, 24, 25, 28, 30, 31, 32, 33, 34, 35, 36, 37, 38, 39, 40, 41, 42, 43, 44, 45, 46, 47, 48, 49], 23687.863237725833], [[1, 2, 12, 16], 19693.07679424307], [[14, 18], 124335.99999999999], [[0, 3, 4, 5, 6, 7, 8, 9, 10, 11, 13, 15, 17, 19, 20, 21, 22, 23, 24, 28, 30, 31, 32, 33, 34, 35, 36, 37, 38, 39, 40, 41, 42, 43, 44, 45, 46, 47, 48, 49], 9716.21548359033], [[1, 12, 16], 118.41577825159915], [[0, 3, 4, 5, 6, 7, 8, 9, 10, 11, 13, 15, 17, 19, 20, 21, 22, 23, 24, 28, 30, 31, 32, 33, 34, 35, 36, 37, 39, 40, 41, 42, 43, 44, 45, 46, 47, 48, 49], 3985.3700143992537], [[1, 16], 49.99999999999999], [[0, 3, 4, 5, 6, 8, 9, 10, 11, 13, 15, 17, 19, 20, 21, 22, 23, 24, 28, 30, 31, 32, 33, 34, 35, 36, 37, 39, 40, 41, 42, 43, 44, 45, 46, 47, 48, 49], 1659.1055190285895], [[0, 3, 5, 8, 10, 13, 17, 20, 22, 23, 24, 28, 30, 33, 34, 35, 36, 39, 42, 45, 46, 47, 48], 9.507133519915836e-09], [[17, 23, 30, 33, 34, 35, 36], 3.5673954923428693e-06], [[17, 23, 30, 33, 34, 36], 0.5770188502346154], [[17, 34], 15.0], [[17, 30, 34], 0.0017026015680684247], [[17, 23, 30, 34], 0.02174079318269954], [[17, 23, 30, 33, 34], 0.00016930320308313352], [[17, 23, 30, 33, 34, 35, 36, 45], 8.697211052722748e-06], [[5, 17, 23, 30, 33, 34, 35, 36, 45], 2.3975757812828928e-05], [[5, 17, 22, 23, 30, 33, 34, 35, 36, 45], 0.005141948250870756], [[3, 5, 17, 22, 23, 30, 33, 34, 35, 36, 45], 6.985754444811626e-08], [[3, 5, 17, 22, 23, 30, 33, 34, 35, 36, 42, 45], 5.611415555914719e-08], [[3, 5, 17, 20, 22, 23, 30, 33, 34, 35, 36, 42, 45], 1.031390277778295e-05], [[3, 5, 10, 17, 20, 22, 23, 30, 33, 34, 35, 36, 42, 45], 3.6442036929356657e-10], [[3, 5, 10, 17, 20, 22, 23, 30, 33, 34, 35, 36, 42, 45, 48], 8.884467290567599e-10], [[3, 5, 10, 17, 20, 22, 23, 30, 33, 34, 35, 36, 42, 45, 46, 48], 3.4697707581531934e-11], [[3, 5, 10, 17, 20, 22, 23, 30, 33, 34, 35, 36, 39, 42, 45, 46, 48], 4.865516375784285e-11], [[3, 5, 8, 10, 17, 20, 22, 23, 30, 33, 34, 35, 36, 39, 42, 45, 46, 48], 1.1430633537488367e-10], [[3, 5, 8, 10, 17, 20, 22, 23, 30, 33, 34, 35, 36, 39, 42, 45, 46, 47, 48], 2.6911318887619377e-10], [[0, 3, 5, 8, 10, 17, 20, 22, 23, 30, 33, 34, 35, 36, 39, 42, 45, 46, 47, 48], 6.560901766423317e-10], [[0, 3, 5, 8, 10, 17, 20, 22, 23, 28, 30, 33, 34, 35, 36, 39, 42, 45, 46, 47, 48], 1.5995292381667238e-09], [[0, 3, 5, 8, 10, 13, 17, 20, 22, 23, 28, 30, 33, 34, 35, 36, 39, 42, 45, 46, 47, 48], 3.899607798135177e-09], [[0, 3, 5, 8, 10, 13, 17, 20, 22, 23, 24, 28, 30, 33, 34, 35, 36, 39, 42, 45, 46, 47, 48, 49], 2.3178125587750052e-08], [[0, 3, 5, 8, 10, 13, 17, 20, 21, 22, 23, 24, 28, 30, 33, 34, 35, 36, 39, 42, 45, 46, 47, 48, 49], 5.650762580923596e-08], [[0, 3, 5, 8, 10, 13, 17, 20, 21, 22, 23, 24, 28, 30, 32, 33, 34, 35, 36, 39, 42, 45, 46, 47, 48, 49], 1.3776402139845715e-07], [[0, 3, 5, 8, 10, 13, 17, 20, 21, 22, 23, 24, 28, 30, 32, 33, 34, 35, 36, 39, 40, 42, 45, 46, 47, 48, 49], 2.0151889837822707e-06], [[0, 3, 5, 8, 10, 13, 17, 19, 20, 21, 22, 23, 24, 28, 30, 32, 33, 34, 35, 36, 39, 40, 42, 45, 46, 47, 48, 49], 0.0019507466547066918], [[0, 3, 5, 8, 10, 11, 13, 17, 19, 20, 21, 22, 23, 24, 28, 30, 32, 33, 34, 35, 36, 39, 40, 42, 45, 46, 47, 48, 49], 0.004755866096745644], [[0, 3, 5, 8, 10, 11, 13, 17, 19, 20, 21, 22, 23, 24, 28, 30, 32, 33, 34, 35, 36, 39, 40, 42, 44, 45, 46, 47, 48, 49], 0.01116203198142503], [[0, 3, 5, 8, 10, 11, 13, 15, 17, 19, 20, 21, 22, 23, 24, 28, 30, 32, 33, 34, 35, 36, 39, 40, 42, 44, 45, 46, 47, 48, 49], 0.026564801041631825], [[0, 3, 5, 8, 10, 11, 13, 15, 17, 19, 20, 21, 22, 23, 24, 28, 30, 32, 33, 34, 35, 36, 37, 39, 40, 42, 44, 45, 46, 47, 48, 49], 0.06476424303154783], [[0, 3, 5, 8, 9, 10, 11, 13, 15, 17, 19, 20, 21, 22, 23, 24, 28, 30, 32, 33, 34, 35, 36, 37, 39, 40, 42, 44, 45, 46, 47, 48, 49], 0.15789342351144262], [[0, 3, 5, 8, 9, 10, 11, 13, 15, 17, 19, 20, 21, 22, 23, 24, 28, 30, 32, 33, 34, 35, 36, 37, 39, 40, 41, 42, 44, 45, 46, 47, 48, 49], 0.38493977573426996], [[0, 3, 5, 6, 8, 9, 10, 11, 13, 15, 17, 19, 20, 21, 22, 23, 24, 28, 30, 32, 33, 34, 35, 36, 37, 39, 40, 41, 42, 44, 45, 46, 47, 48, 49], 0.9384724727338286], [[0, 3, 5, 6, 8, 9, 10, 11, 13, 15, 17, 19, 20, 21, 22, 23, 24, 28, 30, 31, 32, 33, 34, 35, 36, 37, 39, 40, 41, 42, 44, 45, 46, 47, 48, 49], 279.1364236012039], [[0, 3, 5, 6, 8, 9, 10, 11, 13, 15, 17, 19, 20, 21, 22, 23, 24, 28, 30, 31, 32, 33, 34, 35, 36, 37, 39, 40, 41, 42, 43, 44, 45, 46, 47, 48, 49], 680.5268407334567]]}