{"costs": 6333830, "root_join": 18, "join_operands": {"0": [0, 1, 4, 10, 11, 14, 15, 16], "1": [1, 4, 10, 11, 14, 15, 16], "2": [1, 11, 14, 15], "3": [11, 14, 15], "4": [11, 14], "5": [1, 11, 14, 15, 16], "6": [1, 4, 11, 14, 15, 16], "7": [0, 1, 4, 7, 10, 11, 14, 15, 16], "8": [0, 1, 4, 5, 7, 10, 11, 14, 15, 16], "9": [0, 1, 4, 5, 7, 9, 10, 11, 14, 15, 16], "10": [0, 1, 3, 4, 5, 7, 9, 10, 11, 14, 15, 16], "11": [0, 1, 3, 4, 5, 7, 8, 9, 10, 11, 14, 15, 16], "12": [0, 1, 2, 3, 4, 5, 7, 8, 9, 10, 11, 14, 15, 16, 18], "13": [2, 18], "14": [0, 1, 2, 3, 4, 5, 6, 7, 8, 9, 10, 11, 14, 15, 16, 17, 18], "15": [6, 17], "16": [0, 1, 2, 3, 4, 5, 6, 7, 8, 9, 10, 11, 12, 14, 15, 16, 17, 18, 19], "17": [12, 19], "18": [0, 1, 2, 3, 4, 5, 6, 7, 8, 9, 10, 11, 12, 13, 14, 15, 16, 17, 18, 19]}, "join_predecessors": {"0": [1], "2": [3], "3": [4], "4": [], "5": [2], "6": [5], "1": [6], "7": [0], "8": [7], "9": [8], "10": [9], "11": [10], "12": [11, 13], "13": [], "14": [12, 15], "15": [], "16": [14, 17], "17": [], "18": [16]}, "intermediate_costs": [[[0, 1, 4, 10, 11, 14, 15, 16], 8384.146616232909], [[1, 4, 10, 11, 14, 15, 16], 6866.763808487115], [[1, 11, 14, 15], 55343.17715785942], [[11, 14, 15], 44823.40377275105], [[11, 14], 38061.0], [[1, 11, 14, 15, 16], 5088.543918627849], [[1, 4, 11, 14, 15, 16], 5880.050223878889], [[0, 1, 4, 7, 10, 11, 14, 15, 16], 10340.364370364074], [[0, 1, 4, 5, 7, 10, 11, 14, 15, 16], 12767.183217980335], [[0, 1, 4, 5, 7, 9, 10, 11, 14, 15, 16], 15763.561575993555], [[0, 1, 3, 4, 5, 7, 9, 10, 11, 14, 15, 16], 109980.75234016078], [[0, 1, 3, 4, 5, 7, 8, 9, 10, 11, 14, 15, 16], 1483829.6724129752], [[0, 1, 2, 3, 4, 5, 7, 8, 9, 10, 11, 14, 15, 16, 18], 565512.8925678455], [[2, 18], 1711594.0], [[0, 1, 2, 3, 4, 5, 6, 7, 8, 9, 10, 11, 14, 15, 16, 17, 18], 849603.7136079189], [[6, 17], 85193.0], [[0, 1, 2, 3, 4, 5, 6, 7, 8, 9, 10, 11, 12, 14, 15, 16, 17, 18, 19], 1295165.836818787], [[12, 19], 29632.0]]}