{"costs": 728, "join_operands": {"0": [0, 1, 2, 3, 4, 5, 6, 7], "1": [0, 1, 2, 4, 5, 6, 7], "2": [], "3": [0, 2, 4, 5, 6, 7], "4": [], "5": [], "6": [], "7": [0, 2, 4, 5, 6], "8": [0, 2, 5, 6], "9": [0, 2, 5], "10": [2, 5]}, "join_predecessors": {"0": [1, 2], "1": [3, 5], "2": [4, 6], "3": [7], "4": [], "5": [], "6": [], "7": [8], "8": [9], "9": [10], "10": []}, "leaf_joins": [], "opt_time": 0.12190604209899902, "status": 2, "intermediate_costs": [[[0, 1, 2, 4, 5, 6, 7], 4.294188178466871e-12], [[0, 2, 4, 5, 6, 7], 4.649070373614407e-12], [[0, 2, 4, 5, 6], 4.421726331443104e-05], [[0, 2, 5, 6], 0.00012327206471316357], [[0, 2, 5], 0.0003872152288159332], [[2, 5], 728.0]]}