{"costs": 908036, "root_join": 18, "join_operands": {"0": [0, 17, 18], "1": [17, 18], "2": [0, 5, 17, 18], "3": [0, 1, 3, 5, 7, 8, 13, 14, 16, 17, 18, 19], "4": [1, 3, 7, 8, 13, 14, 16, 19], "5": [3, 7, 8, 13, 14, 16, 19], "6": [3, 7, 8, 13, 14, 19], "7": [7, 8, 13, 14, 19], "8": [7, 8, 13, 19], "9": [7, 19], "10": [7, 13, 19], "11": [0, 1, 3, 5, 6, 7, 8, 13, 14, 16, 17, 18, 19], "12": [0, 1, 3, 5, 6, 7, 8, 12, 13, 14, 16, 17, 18, 19], "13": [0, 1, 3, 5, 6, 7, 8, 10, 12, 13, 14, 16, 17, 18, 19], "14": [0, 1, 3, 5, 6, 7, 8, 10, 11, 12, 13, 14, 16, 17, 18, 19], "15": [0, 1, 3, 5, 6, 7, 8, 9, 10, 11, 12, 13, 14, 16, 17, 18, 19], "16": [0, 1, 2, 3, 4, 5, 6, 7, 8, 9, 10, 11, 12, 13, 14, 16, 17, 18, 19], "17": [2, 4], "18": [0, 1, 2, 3, 4, 5, 6, 7, 8, 9, 10, 11, 12, 13, 14, 15, 16, 17, 18, 19]}, "join_predecessors": {"0": [1], "1": [], "2": [0], "3": [2, 4], "5": [6], "6": [7], "7": [8], "9": [], "10": [9], "8": [10], "4": [5], "11": [3], "12": [11], "13": [12], "14": [13], "15": [14], "16": [15, 17], "17": [], "18": [16]}, "intermediate_costs": [[[0, 17, 18], 40654.51854545455], [[17, 18], 29736.0], [[0, 5, 17, 18], 50838.379970854956], [[0, 1, 3, 5, 7, 8, 13, 14, 16, 17, 18, 19], 28155.569851468117], [[1, 3, 7, 8, 13, 14, 16, 19], 33216.28050952037], [[3, 7, 8, 13, 14, 16, 19], 24294.979202049453], [[3, 7, 8, 13, 14, 19], 17769.780522501325], [[7, 8, 13, 14, 19], 12997.104770441729], [[7, 8, 13, 19], 6678.864382973098], [[7, 19], 4764.0], [[7, 13, 19], 4885.036585365854], [[0, 1, 3, 5, 6, 7, 8, 13, 14, 16, 17, 18, 19], 38493.783181475366], [[0, 1, 3, 5, 6, 7, 8, 12, 13, 14, 16, 17, 18, 19], 52628.00047874619], [[0, 1, 3, 5, 6, 7, 8, 10, 12, 13, 14, 16, 17, 18, 19], 67511.95676262394], [[0, 1, 3, 5, 6, 7, 8, 10, 11, 12, 13, 14, 16, 17, 18, 19], 92303.06974681251], [[0, 1, 3, 5, 6, 7, 8, 9, 10, 11, 12, 13, 14, 16, 17, 18, 19], 126197.75075631919], [[0, 1, 2, 3, 4, 5, 6, 7, 8, 9, 10, 11, 12, 13, 14, 16, 17, 18, 19], 235895.2022884651], [[2, 4], 41016.0]]}