{"costs": 2681884, "root_join": 27, "join_operands": {"0": [0, 5, 9, 20], "1": [5, 9, 20], "2": [9, 20], "3": [0, 5, 9, 20, 22], "4": [0, 5, 9, 20, 22, 25], "5": [0, 5, 9, 18, 20, 22, 25], "6": [0, 5, 9, 11, 18, 20, 22, 24, 25, 27], "7": [11, 24, 27], "8": [24, 27], "9": [0, 5, 8, 9, 11, 18, 20, 22, 24, 25, 27], "10": [0, 5, 8, 9, 11, 15, 18, 20, 22, 24, 25, 27], "11": [0, 5, 8, 9, 11, 14, 15, 18, 20, 22, 24, 25, 27], "12": [0, 5, 8, 9, 11, 14, 15, 18, 20, 22, 23, 24, 25, 27], "13": [0, 5, 8, 9, 11, 14, 15, 18, 20, 21, 22, 23, 24, 25, 27], "14": [0, 5, 8, 9, 11, 14, 15, 16, 18, 20, 21, 22, 23, 24, 25, 27], "15": [0, 5, 6, 8, 9, 11, 14, 15, 16, 18, 20, 21, 22, 23, 24, 25, 27], "16": [0, 4, 5, 6, 8, 9, 11, 14, 15, 16, 18, 20, 21, 22, 23, 24, 25, 27], "17": [0, 4, 5, 6, 8, 9, 11, 12, 14, 15, 16, 18, 20, 21, 22, 23, 24, 25, 27], "18": [0, 4, 5, 6, 8, 9, 11, 12, 14, 15, 16, 18, 20, 21, 22, 23, 24, 25, 27, 28], "19": [0, 2, 4, 5, 6, 8, 9, 11, 12, 14, 15, 16, 18, 20, 21, 22, 23, 24, 25, 27, 28], "20": [0, 2, 4, 5, 6, 8, 9, 11, 12, 14, 15, 16, 18, 20, 21, 22, 23, 24, 25, 26, 27, 28], "21": [0, 2, 4, 5, 6, 8, 9, 10, 11, 12, 14, 15, 16, 18, 20, 21, 22, 23, 24, 25, 26, 27, 28], "22": [0, 1, 2, 4, 5, 6, 8, 9, 10, 11, 12, 14, 15, 16, 18, 20, 21, 22, 23, 24, 25, 26, 27, 28], "23": [0, 1, 2, 4, 5, 6, 7, 8, 9, 10, 11, 12, 14, 15, 16, 18, 20, 21, 22, 23, 24, 25, 26, 27, 28], "24": [0, 1, 2, 4, 5, 6, 7, 8, 9, 10, 11, 12, 14, 15, 16, 18, 19, 20, 21, 22, 23, 24, 25, 26, 27, 28], "25": [0, 1, 2, 4, 5, 6, 7, 8, 9, 10, 11, 12, 14, 15, 16, 17, 18, 19, 20, 21, 22, 23, 24, 25, 26, 27, 28], "26": [0, 1, 2, 4, 5, 6, 7, 8, 9, 10, 11, 12, 14, 15, 16, 17, 18, 19, 20, 21, 22, 23, 24, 25, 26, 27, 28, 29], "27": [0, 1, 2, 3, 4, 5, 6, 7, 8, 9, 10, 11, 12, 13, 14, 15, 16, 17, 18, 19, 20, 21, 22, 23, 24, 25, 26, 27, 28, 29], "28": [3, 13]}, "join_predecessors": {"0": [1], "1": [2], "2": [], "3": [0], "4": [3], "5": [4], "6": [5, 7], "7": [8], "8": [], "9": [6], "10": [9], "11": [10], "12": [11], "13": [12], "14": [13], "15": [14], "16": [15], "17": [16], "18": [17], "19": [18], "20": [19], "21": [20], "22": [21], "23": [22], "24": [23], "25": [24], "26": [25], "27": [26, 28], "28": []}, "intermediate_costs": [[[0, 5, 9, 20], 5.6637673570016975], [[5, 9, 20], 0.03849639546858908], [[9, 20], 356.0], [[0, 5, 9, 20, 22], 0.8210811220086355], [[0, 5, 9, 20, 22, 25], 0.00022721741741119474], [[0, 5, 9, 18, 20, 22, 25], 0.0047086105959302646], [[0, 5, 9, 11, 18, 20, 22, 24, 25, 27], 0.0004952209363392866], [[11, 24, 27], 31604.681963828134], [[24, 27], 82860.0], [[0, 5, 8, 9, 11, 18, 20, 22, 24, 25, 27], 0.0012984084784753926], [[0, 5, 8, 9, 11, 15, 18, 20, 22, 24, 25, 27], 0.003431741244141643], [[0, 5, 8, 9, 11, 14, 15, 18, 20, 22, 24, 25, 27], 0.008977666859189841], [[0, 5, 8, 9, 11, 14, 15, 18, 20, 22, 23, 24, 25, 27], 0.02358830624386106], [[0, 5, 8, 9, 11, 14, 15, 18, 20, 21, 22, 23, 24, 25, 27], 7.129817826037669], [[0, 5, 8, 9, 11, 14, 15, 16, 18, 20, 21, 22, 23, 24, 25, 27], 18.844372093434785], [[0, 5, 6, 8, 9, 11, 14, 15, 16, 18, 20, 21, 22, 23, 24, 25, 27], 49.80637851828793], [[0, 4, 5, 6, 8, 9, 11, 14, 15, 16, 18, 20, 21, 22, 23, 24, 25, 27], 131.64011594665394], [[0, 4, 5, 6, 8, 9, 11, 12, 14, 15, 16, 18, 20, 21, 22, 23, 24, 25, 27], 231.95311703643125], [[0, 4, 5, 6, 8, 9, 11, 12, 14, 15, 16, 18, 20, 21, 22, 23, 24, 25, 27, 28], 613.0607594718499], [[0, 2, 4, 5, 6, 8, 9, 11, 12, 14, 15, 16, 18, 20, 21, 22, 23, 24, 25, 27, 28], 1620.341606479619], [[0, 2, 4, 5, 6, 8, 9, 11, 12, 14, 15, 16, 18, 20, 21, 22, 23, 24, 25, 26, 27, 28], 4282.622878577725], [[0, 2, 4, 5, 6, 8, 9, 10, 11, 12, 14, 15, 16, 18, 20, 21, 22, 23, 24, 25, 26, 27, 28], 11319.126086293958], [[0, 1, 2, 4, 5, 6, 8, 9, 10, 11, 12, 14, 15, 16, 18, 20, 21, 22, 23, 24, 25, 26, 27, 28], 29916.87080808451], [[0, 1, 2, 4, 5, 6, 7, 8, 9, 10, 11, 12, 14, 15, 16, 18, 20, 21, 22, 23, 24, 25, 26, 27, 28], 78769.58005464061], [[0, 1, 2, 4, 5, 6, 7, 8, 9, 10, 11, 12, 14, 15, 16, 18, 19, 20, 21, 22, 23, 24, 25, 26, 27, 28], 208190.94652972202], [[0, 1, 2, 4, 5, 6, 7, 8, 9, 10, 11, 12, 14, 15, 16, 17, 18, 19, 20, 21, 22, 23, 24, 25, 26, 27, 28], 550256.439191865], [[0, 1, 2, 4, 5, 6, 7, 8, 9, 10, 11, 12, 14, 15, 16, 17, 18, 19, 20, 21, 22, 23, 24, 25, 26, 27, 28, 29], 1454348.3516093693], [[3, 13], 227301.0]]}