{"costs": 5325276, "root_join": 28, "join_operands": {"0": [0, 22, 25], "1": [22, 25], "2": [0, 5, 9, 20, 22, 25], "3": [5, 9, 20], "4": [9, 20], "5": [0, 5, 8, 9, 20, 22, 25], "6": [0, 5, 8, 9, 18, 20, 22, 25], "7": [0, 5, 8, 9, 11, 18, 20, 22, 24, 25, 27], "8": [11, 24, 27], "9": [24, 27], "10": [0, 5, 8, 9, 11, 16, 18, 20, 22, 24, 25, 27], "11": [0, 4, 5, 8, 9, 11, 16, 18, 20, 22, 24, 25, 27], "12": [0, 4, 5, 8, 9, 11, 12, 16, 18, 20, 22, 24, 25, 27], "13": [0, 3, 4, 5, 8, 9, 11, 12, 16, 18, 20, 22, 24, 25, 27], "14": [0, 3, 4, 5, 8, 9, 11, 12, 14, 16, 18, 20, 22, 24, 25, 27], "15": [0, 3, 4, 5, 8, 9, 11, 12, 14, 16, 18, 20, 22, 23, 24, 25, 27], "16": [0, 1, 3, 4, 5, 8, 9, 11, 12, 14, 16, 18, 20, 22, 23, 24, 25, 27], "17": [0, 1, 3, 4, 5, 7, 8, 9, 11, 12, 14, 16, 18, 20, 22, 23, 24, 25, 27], "18": [0, 1, 3, 4, 5, 7, 8, 9, 11, 12, 13, 14, 16, 18, 20, 22, 23, 24, 25, 27], "19": [0, 1, 3, 4, 5, 6, 7, 8, 9, 11, 12, 13, 14, 16, 18, 20, 22, 23, 24, 25, 27], "20": [0, 1, 3, 4, 5, 6, 7, 8, 9, 11, 12, 13, 14, 16, 18, 20, 22, 23, 24, 25, 27, 28], "21": [0, 1, 2, 3, 4, 5, 6, 7, 8, 9, 11, 12, 13, 14, 16, 18, 20, 22, 23, 24, 25, 27, 28], "22": [0, 1, 2, 3, 4, 5, 6, 7, 8, 9, 10, 11, 12, 13, 14, 16, 18, 20, 22, 23, 24, 25, 27, 28], "23": [0, 1, 2, 3, 4, 5, 6, 7, 8, 9, 10, 11, 12, 13, 14, 15, 16, 18, 20, 22, 23, 24, 25, 27, 28], "24": [0, 1, 2, 3, 4, 5, 6, 7, 8, 9, 10, 11, 12, 13, 14, 15, 16, 18, 20, 22, 23, 24, 25, 26, 27, 28], "25": [0, 1, 2, 3, 4, 5, 6, 7, 8, 9, 10, 11, 12, 13, 14, 15, 16, 17, 18, 20, 22, 23, 24, 25, 26, 27, 28], "26": [0, 1, 2, 3, 4, 5, 6, 7, 8, 9, 10, 11, 12, 13, 14, 15, 16, 17, 18, 20, 21, 22, 23, 24, 25, 26, 27, 28], "27": [0, 1, 2, 3, 4, 5, 6, 7, 8, 9, 10, 11, 12, 13, 14, 15, 16, 17, 18, 19, 20, 21, 22, 23, 24, 25, 26, 27, 28], "28": [0, 1, 2, 3, 4, 5, 6, 7, 8, 9, 10, 11, 12, 13, 14, 15, 16, 17, 18, 19, 20, 21, 22, 23, 24, 25, 26, 27, 28, 29]}, "join_predecessors": {"0": [1], "1": [], "2": [0, 3], "3": [4], "4": [], "5": [2], "6": [5], "7": [6, 8], "8": [9], "9": [], "10": [7], "11": [10], "12": [11], "13": [12], "14": [13], "15": [14], "16": [15], "17": [16], "18": [17], "19": [18], "20": [19], "21": [20], "22": [21], "23": [22], "24": [23], "25": [24], "26": [25], "27": [26], "28": [27]}, "intermediate_costs": [[[0, 22, 25], 683.8064905660378], [[22, 25], 264.0], [[0, 5, 9, 20, 22, 25], 0.00022721741741119474], [[5, 9, 20], 0.03849639546858908], [[9, 20], 356.0], [[0, 5, 8, 9, 20, 22, 25], 0.0005957361645587863], [[0, 5, 8, 9, 18, 20, 22, 25], 0.012345398732105092], [[0, 5, 8, 9, 11, 18, 20, 22, 24, 25, 27], 0.0012984084784753926], [[11, 24, 27], 31604.681963828134], [[24, 27], 82860.0], [[0, 5, 8, 9, 11, 16, 18, 20, 22, 24, 25, 27], 0.0034317416089238995], [[0, 4, 5, 8, 9, 11, 16, 18, 20, 22, 24, 25, 27], 0.009070221058771082], [[0, 4, 5, 8, 9, 11, 12, 16, 18, 20, 22, 24, 25, 27], 0.015981952246562944], [[0, 3, 4, 5, 8, 9, 11, 12, 16, 18, 20, 22, 24, 25, 27], 0.041472880285979064], [[0, 3, 4, 5, 8, 9, 11, 12, 14, 16, 18, 20, 22, 24, 25, 27], 0.10849585572169504], [[0, 3, 4, 5, 8, 9, 11, 12, 14, 16, 18, 20, 22, 23, 24, 25, 27], 0.2850666560804036], [[0, 1, 3, 4, 5, 8, 9, 11, 12, 14, 16, 18, 20, 22, 23, 24, 25, 27], 0.7534417636690872], [[0, 1, 3, 4, 5, 7, 8, 9, 11, 12, 14, 16, 18, 20, 22, 23, 24, 25, 27], 1.98377335987305], [[0, 1, 3, 4, 5, 7, 8, 9, 11, 12, 13, 14, 16, 18, 20, 22, 23, 24, 25, 27], 5.243182191540746], [[0, 1, 3, 4, 5, 6, 7, 8, 9, 11, 12, 13, 14, 16, 18, 20, 22, 23, 24, 25, 27], 13.85792615309295], [[0, 1, 3, 4, 5, 6, 7, 8, 9, 11, 12, 13, 14, 16, 18, 20, 22, 23, 24, 25, 27, 28], 36.6270168759388], [[0, 1, 2, 3, 4, 5, 6, 7, 8, 9, 11, 12, 13, 14, 16, 18, 20, 22, 23, 24, 25, 27, 28], 96.80652112923222], [[0, 1, 2, 3, 4, 5, 6, 7, 8, 9, 10, 11, 12, 13, 14, 16, 18, 20, 22, 23, 24, 25, 27, 28], 255.86311232736128], [[0, 1, 2, 3, 4, 5, 6, 7, 8, 9, 10, 11, 12, 13, 14, 15, 16, 18, 20, 22, 23, 24, 25, 27, 28], 676.2555928926743], [[0, 1, 2, 3, 4, 5, 6, 7, 8, 9, 10, 11, 12, 13, 14, 15, 16, 18, 20, 22, 23, 24, 25, 26, 27, 28], 1787.3685785187788], [[0, 1, 2, 3, 4, 5, 6, 7, 8, 9, 10, 11, 12, 13, 14, 15, 16, 17, 18, 20, 22, 23, 24, 25, 26, 27, 28], 4724.0818389706465], [[0, 1, 2, 3, 4, 5, 6, 7, 8, 9, 10, 11, 12, 13, 14, 15, 16, 17, 18, 20, 21, 22, 23, 24, 25, 26, 27, 28], 1427904.2572596557], [[0, 1, 2, 3, 4, 5, 6, 7, 8, 9, 10, 11, 12, 13, 14, 15, 16, 17, 18, 19, 20, 21, 22, 23, 24, 25, 26, 27, 28], 3774004.3639498083]]}